Init Fwd Win Byts,Fwd IAT Tot,Fwd IAT Max,Dst Port,Fwd IAT Mean,Fwd Header Len,Flow IAT Max,Flow Duration,Fwd Pkts/s,TotLen Fwd Pkts,Subflow Fwd Byts,Fwd Pkt Len Mean,Fwd Seg Size Avg,Fwd Pkt Len Max,Flow IAT Mean,Flow Pkts/s,Pkt Len Max,Pkt Len Mean,Fwd IAT Min,Bwd Pkt Len Mean,Pkt Size Avg,Bwd Seg Size Avg,Bwd Pkt Len Max,TotLen Bwd Pkts,Subflow Bwd Byts,Pkt Len Var,Pkt Len Std,Flow IAT Min,Fwd Seg Size Min,Fwd Pkt Len Std
8192,495341,101411,445,82556.8333333333,152,98662,495341,14.1316789848,364,364,52.0,52.0,103,45031.0,24.2257354025,409,72.7692307692,75,116.4,78.8333333333,116.4,409,582,582,11997.5256410256,109.5332170669,32,20,49.2172056636
8192,381742,98249,443,47717.75,192,75299,381742,23.576132571213016,581,581,64.55555555555556,64.55555555555556,198,23858.875000000004,44.532694856735695,1460,247.38888888888889,14,484.0,261.94117647058823,484.0,1460,3872,3872,215980.2516339869,464.7367552001745,1,20,90.31764931494718
-1,0,0,53,0.0,8,241,241,4149.377593360996,54,54,54.0,54.0,54,241.0,8298.755186721992,70,59.333333333333336,0,70.0,89.0,70.0,70,70,70,85.33333333333333,9.237604307034012,241,8,0.0
-1,0,0,53,0.0,8,1416,1416,706.2146892655368,42,42,42.0,42.0,42,1416.0,1412.4293785310736,102,62.0,0,102.0,93.0,102.0,102,102,102,1200.0,34.64101615137755,1416,8,0.0
-1,0,0,53,0.0,8,1557,1557,642.2607578676943,42,42,42.0,42.0,42,1557.0,1284.521515735389,102,62.0,0,102.0,93.0,102.0,102,102,102,1200.0,34.64101615137755,1557,8,0.0
-1,0,0,53,0.0,8,574,574,1742.1602787457,38,38,38.0,38.0,38,574.0,3484.3205574913,166,80.6666666667,0,166.0,121.0,166.0,166,166,166,5461.3333333333,73.9008344563,574,8,0.0
8192,1667202,1115778,3389,238171.7142857143,172,953464,1667202,4.7984587350543,1148,1148,143.5,143.5,677,111146.8,9.5969174701086,1173,160.5294117647059,0,197.625,170.5625,197.625,1173,1581,1581,97371.51470588232,312.04409096453395,0,20,228.12966237897004
8192,62219,61872,80,20739.6666666667,92,5793292,5855511,0.6831171524,97,97,24.25,24.25,97,836501.571428571,1.3662343047,232,36.5555555556,108,58.0,41.125,58.0,232,232,232,6400.7777777778,80.0048609634,41,20,48.5
8192,2499154,1259617,3389,357022.0,168,953146,2499154,3.20108324657064,1148,1148,143.5,143.5,677,178511.0,6.002031087319949,1173,170.56250000000003,17604,225.8571428571429,181.9333333333333,225.8571428571429,1173,1581,1581,102037.59583333335,319.4332415909987,57,20,228.12966237897004
219,4424656,4360948,51774,1106164.0,168,4360940,4424656,1.130031352,935,935,187.0,187.0,935,632093.7143,1.808050163,935,145.1111111,23,123.6666667,163.25,123.6666667,371,371,371,102793.8611,320.6148174,4,32,418.1447118
-1,0,0,53,0.0,8,385,385,2597.4025974025976,32,32,32.0,32.0,32,385.0,5194.805194805195,128,64.0,0,128.0,96.0,128.0,128,128,128,3072.0,55.42562584220407,385,8,0.0
219,5424259,5321972,36742,1808086.333,136,5321963,5447967,0.734218838,935,935,233.75,233.75,935,680995.875,1.651992385,935,123.7,9543,60.4,137.4444444,60.4,302,302,302,90268.01111,300.4463531,8,32,467.5
8192,2477267,1189020,3389,309658.375,192,953133,2477267,3.6330359222,1262,1262,140.2222222222,140.2222222222,661,145721.588235294,7.2660718445,1173,152.7368421053,179,182.2222222222,161.2222222222,182.2222222222,1173,1640,1640,86175.5380116959,293.5567032307,28,20,208.2581197563
64768,133,133,50204,133.0,40,133,133,15037.5939849624,0,0,0.0,0.0,0,133.0,15037.5939849624,0,0.0,133,0.0,0.0,0.0,0,0,0,0.0,0.0,133,20,0.0
8192,1929844,1171800,3389,241230.5,192,968845,1929844,4.6635893885723405,1032,1032,114.66666666666669,114.66666666666669,565,128656.26666666666,8.290825579684162,1149,144.76470588235296,97,204.1428571428571,153.8125,204.14285714285717,1149,1429,1429,86540.69117647059,294.177992338772,46,20,183.6926781338875
8192,1058993,265048,445,211798.6,200,264941,1059059,5.665406743155953,455,455,75.83333333333333,75.83333333333333,140,105905.9,10.386579029119249,147,64.24999999999999,4,63.2,70.0909090909091,63.2,147,316,316,3805.659090909091,61.69002424143705,4,32,62.9362110923963
-1,0,0,53,0.0,8,428,428,2336.448598,44,44,44.0,44.0,44,428.0,4672.897196,60,49.33333333,0,60.0,74.0,60.0,60,60,60,85.33333333,9.237604307,428,8,0.0
-1,0,0,53,0.0,8,1293,1293,773.3952049497,30,30,30.0,30.0,30,1293.0,1546.7904098995,46,35.3333333333,0,46.0,53.0,46.0,46,46,46,85.3333333333,9.237604307,1293,8,0.0
-1,85153,85153,53,85153.0,16,84950,85496,23.39290727051558,78,78,39.0,39.0,39,28498.666666666664,46.78581454103116,55,45.4,85153,55.0,56.75,55.0,55,110,110,76.8,8.763560920082657,203,8,0.0
-1,0,0,53,0.0,8,1514,1514,660.5019815059445,32,32,32.0,32.0,32,1514.0,1321.003963011889,76,46.66666666666666,0,76.0,70.0,76.0,76,76,76,645.3333333333333,25.40341184434353,1514,8,0.0
-1,0,0,53,0.0,8,377,377,2652.5198938992044,51,51,51.0,51.0,51,377.0,5305.039787798409,67,56.333333333333336,0,67.0,84.5,67.0,67,67,67,85.33333333333333,9.237604307034012,377,8,0.0
-1,0,0,53,0.0,8,21050,21050,47.50593824228029,41,41,41.0,41.0,41,21050.0,95.01187648456056,211,97.66666666666666,0,211.0,146.5,211.0,211,211,211,9633.333333333332,98.14954576223636,21050,8,0.0
-1,0,0,53,0.0,8,455,455,2197.802197802198,31,31,31.0,31.0,31,455.0,4395.604395604396,95,52.33333333333333,0,95.0,78.5,95.0,95,95,95,1365.3333333333333,36.95041722813605,455,8,0.0
255,143,143,21368,143.0,52,143,143,13986.013986013986,0,0,0.0,0.0,0,143.0,13986.013986013986,0,0.0,143,0.0,0.0,0.0,0,0,0,0.0,0.0,143,20,0.0
257,133,133,21324,133.0,40,133,133,15037.5939849624,0,0,0.0,0.0,0,133.0,15037.5939849624,0,0.0,133,0.0,0.0,0.0,0,0,0,0.0,0.0,133,20,0.0
-1,0,0,53,0.0,8,1513,1513,660.9385327165,30,30,30.0,30.0,30,1513.0,1321.8770654329,119,59.6666666667,0,119.0,89.5,119.0,119,119,119,2640.3333333333,51.3841739579,1513,8,0.0
180,0,0,50749,0.0,20,57,57,17543.8596491228,0,0,0.0,0.0,0,57.0,35087.7192982456,0,0.0,0,0.0,0.0,0.0,0,0,0,0.0,0.0,57,20,0.0
259,34,34,63399,34.0,40,34,34,58823.5294117647,0,0,0.0,0.0,0,34.0,58823.5294117647,0,0.0,34,0.0,0.0,0.0,0,0,0,0.0,0.0,34,20,0.0
-1,21057,21057,53,21057.0,16,19591,21503,93.01027763567872,104,104,52.0,52.0,52,7167.666666666666,186.02055527135747,108,74.4,21057,108.0,93.0,108.0,108,216,216,940.8000000000002,30.672463220289305,446,8,0.0
-1,0,0,53,0.0,8,18575,18575,53.835800807537005,33,33,33.0,33.0,33,18575.0,107.671601615074,89,51.66666666666667,0,89.0,77.5,89.0,89,89,89,1045.3333333333337,32.331615074619044,18575,8,0.0
8192,5603600,5557048,443,1120720.0,132,5494522,5603600,1.0707402384181597,599,599,99.83333333333331,99.83333333333331,517,622622.2222222222,1.7845670640302662,517,68.27272727272727,15,38.0,75.1,38.0,152,152,152,24268.21818181818,155.78259909828884,15,20,205.4511296310309
8192,1433328,1060815,3389,204761.14285714287,172,969073,1433328,5.581416116897179,1148,1148,143.5,143.5,677,102380.57142857143,10.465155219182211,1173,170.56250000000003,66,225.8571428571429,181.9333333333333,225.8571428571429,1173,1581,1581,102037.59583333335,319.4332415909987,44,20,228.12966237897004
64240,2982701,1348849,3389,426100.142857143,172,953140,2982701,2.6821327381,1128,1128,141.0,141.0,661,213050.071428571,5.0289988839,1173,169.3125,3,225.8571428571,180.6,225.8571428571,1173,1581,1581,100953.1625,317.7312740352,3,20,222.62332056
8192,118435887,10015310,80,7402242.937499999,352,10004037,118447235,0.143523823076157,883,883,51.94117647058823,51.94117647058823,436,3701476.09375,0.2786050683243048,788,72.3235294117647,187,98.5,74.51515151515152,98.5,788,1576,1576,43765.07397504458,209.20103722267865,24,20,144.555123823161
8192,28322,28173,80,14161.0,72,28173,28630,104.7851903597625,148,148,49.333333333333336,49.333333333333336,148,4771.666666666667,244.49877750611248,243,48.875,149,60.75,55.85714285714285,60.75,243,243,243,8834.69642857143,93.99306585366512,10,20,85.44783984006462
8192,2384924,1263920,3389,340703.4285714286,172,953171,2384924,3.3544045848001867,1148,1148,143.5,143.5,677,170351.7142857143,6.28950859650035,1173,170.56250000000003,4,225.8571428571429,181.9333333333333,225.8571428571429,1173,1581,1581,102037.59583333335,319.4332415909987,4,20,228.12966237897004
2239,65,65,80,65.0,40,65,65,30769.230769230773,0,0,0.0,0.0,0,65.0,30769.230769230773,0,0.0,65,0.0,0.0,0.0,0,0,0,0.0,0.0,65,20,0.0
8192,1724424,1125892,3389,172442.4,232,942650,1724424,6.378941606008731,1412,1412,128.36363636363637,128.36363636363637,702,107776.5,9.858364300195312,702,100.22222222222224,0,65.33333333333334,106.11764705882354,65.33333333333333,291,392,392,31833.006535947712,178.41806673077622,0,20,212.6284424658529
219,5331901,5271542,55860,1332975.25,168,5271535,5331901,0.937751845,935,935,187.0,187.0,935,761700.1429,1.500402952,935,144.4444444,26,121.6666667,162.5,121.6666667,365,365,365,102459.0278,320.0922176,7,32,418.1447118
8192,117302579,58881614,443,11730257.9,232,58778403,117302579,0.0937745793295815,875,875,79.54545454545455,79.54545454545455,517,5865128.950000002,0.1790241969019283,517,55.90909090909091,224,35.50000000000001,58.57142857142857,35.5,156,355,355,12995.22943722944,113.99662028862716,2,20,154.04308724273457
-1,0,0,53,0.0,8,609,609,1642.036125,33,33,33.0,33.0,33,609.0,3284.07225,193,86.33333333,0,193.0,129.5,193.0,193,193,193,8533.333333,92.37604307,609,8,0.0
-1,57175,57175,53,57175.0,16,57175,71186,28.095412019217264,66,66,33.0,33.0,33,23728.666666666664,56.19082403843453,165,85.8,57175,165.0,107.25,165.0,165,330,330,5227.2,72.29937759068193,22,8,0.0
-1,0,0,53,0.0,8,274,274,3649.6350364963514,33,33,33.0,33.0,33,274.0,7299.270072992701,49,38.333333333333336,0,49.0,57.5,49.0,49,49,49,85.33333333333333,9.237604307034012,274,8,0.0
253,320,297,443,160.0,60,297,320,9375.0,77,77,25.666666666666664,25.666666666666668,46,160.0,9375.0,46,30.75,23,0.0,41.0,0.0,0,0,0,470.25,21.68524844220144,23,20,23.45918441321721
-1,0,0,53,0.0,8,14908,14908,67.07807888382077,32,32,32.0,32.0,32,14908.0,134.15615776764153,121,61.66666666666667,0,121.0,92.5,121.0,121,121,121,2640.333333333333,51.3841739578767,14908,8,0.0
-1,0,0,53,0.0,8,375,375,2666.6666666666665,47,47,47.0,47.0,47,375.0,5333.333333333333,79,57.66666666666666,0,79.0,86.5,79.0,79,79,79,341.3333333333333,18.475208614068023,375,8,0.0
180,0,0,51300,0.0,20,48,48,20833.33333333333,0,0,0.0,0.0,0,48.0,41666.66666666666,0,0.0,0,0.0,0.0,0.0,0,0,0,0.0,0.0,48,20,0.0
258,575,557,443,287.5,60,557,575,5217.391304347826,77,77,25.666666666666664,25.666666666666668,46,287.5,5217.391304347826,46,30.75,18,0.0,41.0,0.0,0,0,0,470.25,21.68524844220144,18,20,23.45918441321721
8192,301870,268384,443,75467.5,112,251885,325944,15.3400584149,1212,1212,242.4,242.4,917,27162.0,39.8841518789,917,123.8571428571,250,65.25,133.3846153846,65.25,357,522,522,64216.9010989011,253.41053865,0,20,387.6613212586
8192,115674091,10030766,443,5508290.04761905,452,10020372,115674091,0.1901895214,750,750,34.0909090909,34.0909090909,381,2891852.275,0.354444108,1460,150.1666666667,24,292.4736842105,153.8292682927,292.4736842105,1460,5557,5557,159578.678861789,399.4730014179,1,20,91.7662190626
254,452,333,443,226.0,60,333,452,6637.168141592921,46,46,15.333333333333332,15.333333333333334,46,226.0,6637.168141592921,46,11.5,119,0.0,15.333333333333334,0.0,0,0,0,529.0,23.0,119,20,26.558112382722783
8192,309,198,80,154.5,72,172,589,5093.378608,161,161,53.66666667,53.66666667,161,98.16666667,11884.55008,488,81.125,111,122.0,92.71428571,122.0,488,488,488,30202.125,173.7875859,23,20,92.95339334
8192,118000000,59000000,443,6558990.222,392,59000000,118061824,0.160932631,1251,1251,65.84210526,65.84210526,415,3190860.108,0.321865263,1430,156.3333333,44,255.0526316,160.4473684,255.0526316,1430,4846,4846,106761.7018,326.7440921,1,20,108.9950372
-1,0,0,53,0.0,8,35779,35779,27.94935576734956,40,40,40.0,40.0,40,35779.0,55.898711534699125,102,60.66666666666667,0,102.0,91.0,102.0,102,102,102,1281.3333333333337,35.7957166897568,35779,8,0.0
-1,0,0,53,0.0,8,257,257,3891.050583657587,38,38,38.0,38.0,38,257.0,7782.101167315174,54,43.333333333333336,0,54.0,65.0,54.0,54,54,54,85.33333333333333,9.237604307034012,257,8,0.0
214,116444541,58078113,443,19407423.5,140,57996541,116444541,0.0601144539699804,223,223,31.85714285714285,31.857142857142858,85,9703711.750000002,0.1116411288013922,188,45.285714285714285,38,54.333333333333336,48.76923076923077,54.333333333333336,188,326,326,2598.3736263736264,50.97424473568614,9,20,32.83508576420743
5327,1,1,50165,1.0,40,1,1,2000000.0,0,0,0.0,0.0,0,1.0,2000000.0,0,0.0,1,0.0,0.0,0.0,0,0,0,0.0,0.0,1,20,0.0
260,18,18,55113,18.0,40,18,18,111111.11111111112,0,0,0.0,0.0,0,18.0,111111.11111111112,0,0.0,18,0.0,0.0,0.0,0,0,0,0.0,0.0,18,20,0.0
8192,3189404,1268058,3389,354378.22222222225,212,953152,3189404,3.135382033759285,1322,1322,132.2,132.2,565,159470.19999999998,6.584302270894499,1149,184.7727272727273,42,249.3636363636364,193.57142857142856,249.3636363636364,1149,2743,2743,113642.46969696968,337.1089878614477,20,20,170.8675900612323
1023,0,0,50356,0.0,20,35,35,28571.4285714286,0,0,0.0,0.0,0,35.0,57142.8571428571,0,0.0,0,0.0,0.0,0.0,0,0,0,0.0,0.0,35,20,0.0
8192,1657718,951641,19037,207214.75,204,951641,1657758,5.429019193392522,1731,1731,192.3333333333333,192.33333333333331,1179,97515.17647058822,10.858038386785044,1179,169.63157894736844,47,165.77777777777777,179.05555555555554,165.77777777777777,773,1492,1492,93006.91228070174,304.9703465596315,1,20,386.0744746807279
5144,999745,999745,51224,999745.0,40,999745,999745,2.000510130083171,0,0,0.0,0.0,0,999745.0,2.000510130083171,0,0.0,999745,0.0,0.0,0.0,0,0,0,0.0,0.0,999745,20,0.0
8192,420,291,80,210.0,72,240,746,4021.4477211796,161,161,53.6666666667,53.6666666667,161,124.3333333333,9383.3780160858,488,81.125,129,122.0,92.7142857143,122.0,488,488,488,30202.125,173.7875858627,1,20,92.9533933395
279,93,93,80,93.0,40,93,93,21505.376344086,0,0,0.0,0.0,0,93.0,21505.376344086,0,0.0,93,0.0,0.0,0.0,0,0,0,0.0,0.0,93,20,0.0
-1,0,0,53,0.0,8,284,284,3521.12676056338,40,40,40.0,40.0,40,284.0,7042.2535211267605,56,45.333333333333336,0,56.0,68.0,56.0,56,56,56,85.33333333333333,9.237604307034012,284,8,0.0
259,39,39,17392,39.0,40,39,73,27397.260273972603,0,0,0.0,0.0,0,36.5,41095.890410958906,0,0.0,39,0.0,0.0,0.0,0,0,0,0.0,0.0,34,20,0.0
258,251,195,443,125.5,60,195,251,11952.19124,31,31,10.33333333,10.33333333,31,125.5,11952.19124,31,7.75,56,0.0,10.33333333,0.0,0,0,0,240.25,15.5,56,20,17.89785834
8192,1662892,1117004,3389,237556.0,172,953138,1662892,4.810895717,1128,1128,141.0,141.0,661,118778.0,9.020429469,1173,169.3125,4,225.8571429,180.6,225.8571429,1173,1581,1581,100953.1625,317.731274,4,20,222.6233206
980,1,1,50389,1.0,40,1,1,2000000.0,31,31,15.5,15.5,31,1.0,2000000.0,31,20.666666666666664,1,0.0,31.0,0.0,0,0,0,320.33333333333337,17.8978583448784,1,20,21.920310216782973
237,4972627,4972627,49593,4972627.0,40,4972627,4972627,0.4022018944915836,0,0,0.0,0.0,0,4972627.0,0.4022018944915836,0,0.0,4972627,0.0,0.0,0.0,0,0,0,0.0,0.0,4972627,20,0.0
8192,3853573,1387892,3389,385357.3000000001,232,1387892,3853573,2.8544937386679843,1052,1052,95.63636363636364,95.63636363636364,581,226680.76470588235,4.670989754183974,1149,130.57894736842107,2451,204.1428571428571,137.83333333333334,204.14285714285717,1149,1429,1429,79830.1461988304,282.5422909916857,77,20,175.4031201132253
8192,2061222,1156863,3389,294460.2857,172,953137,2061222,3.881192807,1144,1144,143.0,143.0,677,147230.1429,7.277236513,1173,170.3125,123,225.8571429,181.6666667,225.8571429,1173,1581,1581,102018.0958,319.4027173,89,20,227.9699228
258,253,221,443,126.5,60,221,253,11857.7075098814,77,77,25.6666666667,25.6666666667,46,126.5,11857.7075098814,46,30.75,32,0.0,41.0,0.0,0,0,0,470.25,21.6852484422,32,20,23.4591844132
64,80,48,51726,40.0,60,48,80,37500.0,31,31,10.333333333333332,10.333333333333334,31,26.666666666666668,49999.99999999999,31,6.2,32,0.0,7.75,0.0,0,0,0,192.2,13.863621460498695,14,20,17.8978583448784
-1,0,0,53,0.0,8,505,505,1980.198019802,36,36,36.0,36.0,36,505.0,3960.396039604,52,41.3333333333,0,52.0,62.0,52.0,52,52,52,85.3333333333,9.237604307,505,8,0.0
8192,69259,68898,80,23086.3333333333,92,5745395,5814654,0.6879171142,97,97,24.25,24.25,97,830664.857142857,1.3758342285,232,36.5555555556,109,58.0,41.125,58.0,232,232,232,6400.7777777778,80.0048609634,42,20,48.5
8192,493,347,80,246.5,72,287,839,3575.6853396901074,161,161,53.66666666666666,53.66666666666666,161,139.83333333333331,8343.265792610251,488,81.125,146,122.0,92.71428571428572,122.0,488,488,488,30202.125,173.78758586274222,1,20,92.95339333952974
256,108,108,80,108.0,40,108,108,18518.51852,0,0,0.0,0.0,0,108.0,18518.51852,0,0.0,108,0.0,0.0,0.0,0,0,0,0.0,0.0,108,20,0.0
8192,1058740,214060,445,176456.6666666667,152,211179,1058740,6.611632695468198,364,364,52.0,52.0,103,96249.0909090909,11.334227477945484,409,72.76923076923076,209,116.4,78.83333333333333,116.4,409,582,582,11997.52564102564,109.5332170669046,35,20,49.21720566360237
8192,117125002,58123644,443,3660156.3125,672,58123644,117125002,0.281750262,1108,1108,33.5757575758,33.5757575758,324,1411144.60240964,0.7171824851,1430,633.3294117647,21,1033.8235294118,640.869047619,1033.8235294118,1430,52725,52725,471392.223529412,686.5800925816,0,20,71.7852832685
181,0,0,50209,0.0,20,19,19,52631.57895,0,0,0.0,0.0,0,19.0,105263.1579,0,0.0,0,0.0,0.0,0.0,0,0,0,0.0,0.0,19,20,0.0
8192,1336170,532172,445,267234.0,132,532048,1336239,4.4902146996,455,455,75.8333333333,75.8333333333,140,133623.9,8.2320602826,145,66.0833333333,3,67.6,72.0909090909,67.6,145,338,338,4019.9015151515,63.40269328,3,20,62.9362110924
1087,894,894,53356,447.0,60,894,902,3325.9423503325943,31,31,10.333333333333332,10.333333333333334,31,300.66666666666663,4434.589800443458,31,6.2,0,0.0,7.75,0.0,0,0,0,192.2,13.863621460498695,0,20,17.8978583448784
-1,0,0,53,0.0,8,630,630,1587.3015873015872,44,44,44.0,44.0,44,630.0,3174.6031746031745,72,53.333333333333336,0,72.0,80.0,72.0,72,72,72,261.33333333333337,16.165807537309522,630,8,0.0
176,2026,2026,50313,2026.0,40,1996,2026,987.1668311945,38,38,19.0,19.0,38,1013.0,1480.7502467917,38,19.0,2026,0.0,25.3333333333,0.0,0,0,0,481.3333333333,21.9393102292,30,20,26.8700576851
8192,1116224,1028582,3389,159460.57142857142,172,953184,1116224,7.167020239665156,1148,1148,143.5,143.5,677,79730.28571428571,13.438162949372169,1173,170.56250000000003,864,225.8571428571429,181.9333333333333,225.8571428571429,1173,1581,1581,102037.59583333335,319.4332415909987,54,20,228.12966237897004
8192,2867068,1411782,3389,409581.1428571429,172,1078655,2867068,2.790307031434204,1144,1144,143.0,143.0,677,191137.86666666667,5.580614062868407,1173,160.2941176470588,3,197.625,170.3125,197.625,1173,1581,1581,97348.2205882353,312.0067636898843,3,20,227.96992282817865
8192,70860,20589,443,7873.333333333333,212,20182,70860,141.12334180073384,549,549,54.9,54.9,198,3936.6666666666665,268.1343494213943,1460,318.45,18,646.6666666666666,335.2105263157895,646.6666666666666,1460,5820,5820,304174.5763157895,551.5202410753294,1,20,84.02175644174285
8192,162480,162479,445,81240.0,72,162411,162480,18.46381093057607,0,0,0.0,0.0,0,54160.0,24.618414574101426,0,0.0,1,0.0,0.0,0.0,0,0,0,0.0,0.0,1,20,0.0
219,4169135,4068784,44920,1042283.75,168,4068780,4169135,1.199289541,935,935,187.0,187.0,935,521141.875,2.158721174,935,123.0,15763,73.75,136.6666667,73.75,295,295,295,89995.55556,299.9925925,3,32,418.1447118
-1,30698,30698,53,30698.0,16,30698,43320,46.1680517082,68,68,34.0,34.0,34,14440.0,92.3361034164,50,40.4,30698,50.0,50.5,50.0,50,100,100,76.8,8.7635609201,1,8,0.0
-1,113000000,56300000,0,56300000.0,0,56300000,112639906,0.026633545,0,0,0.0,0.0,0,56300000.0,0.026633545,0,0.0,56300000,0.0,0.0,0.0,0,0,0,0.0,0.0,56300000,0,0.0
-1,0,0,53,0.0,8,280,280,3571.428571,38,38,38.0,38.0,38,280.0,7142.857143,166,80.66666667,0,166.0,121.0,166.0,166,166,166,5461.333333,73.90083446,280,8,0.0
-1,0,0,53,0.0,8,248,248,4032.258064516129,53,53,53.0,53.0,53,248.0,8064.516129032258,117,74.33333333333333,0,117.0,111.5,117.0,117,117,117,1365.3333333333333,36.95041722813605,248,8,0.0
5464,13,13,52058,13.0,40,13,13,153846.15384615384,0,0,0.0,0.0,0,13.0,153846.15384615384,0,0.0,13,0.0,0.0,0.0,0,0,0,0.0,0.0,13,20,0.0
8192,2303784,1174718,3389,287973.0,204,953111,2303784,3.906616245,1128,1128,125.3333333,125.3333333,661,143986.5,7.379164019,1173,215.6666667,3,344.25,228.3529412,344.25,1173,2754,2754,147745.6471,384.3769596,3,20,213.4830204
-1,0,0,53,0.0,8,859,859,1164.1443538999,66,66,66.0,66.0,66,859.0,2328.2887077998,148,93.3333333333,0,148.0,140.0,148.0,148,148,148,2241.3333333333,47.3427220735,859,8,0.0
279,143,143,80,143.0,40,143,143,13986.013986014,0,0,0.0,0.0,0,143.0,13986.013986014,0,0.0,143,0.0,0.0,0.0,0,0,0,0.0,0.0,143,20,0.0
-1,0,0,53,0.0,8,12566,12566,79.57981855801368,35,35,35.0,35.0,35,12566.0,159.15963711602737,95,55.0,0,95.0,82.5,95.0,95,95,95,1200.0,34.64101615137755,12566,8,0.0
114,0,0,51549,0.0,20,67,67,14925.373134328358,0,0,0.0,0.0,0,67.0,29850.74626865672,0,0.0,0,0.0,0.0,0.0,0,0,0,0.0,0.0,67,20,0.0
97,240014,240014,51116,240014.0,40,240014,240014,8.33284725057705,31,31,15.5,15.5,31,240014.0,8.33284725057705,31,10.333333333333334,240014,0.0,15.5,0.0,0,0,0,320.33333333333337,17.8978583448784,240014,20,21.920310216782973
2051,147,147,443,147.0,40,147,147,13605.442176870749,0,0,0.0,0.0,0,147.0,13605.442176870749,0,0.0,147,0.0,0.0,0.0,0,0,0,0.0,0.0,147,20,0.0
65,55,55,52227,27.5,60,55,55,54545.454545454544,31,31,10.333333333333332,10.333333333333334,31,27.5,54545.454545454544,31,7.75,0,0.0,10.333333333333334,0.0,0,0,0,240.25000000000003,15.500000000000002,0,20,17.8978583448784
8192,4609178,2296285,3389,512130.8888888888,212,2296285,4609178,2.16958425124827,1148,1148,114.8,114.8,677,288073.625,3.68829322712206,1173,151.61111111111114,119,225.8571428571429,160.52941176470588,225.8571428571429,1173,1581,1581,93075.42810457516,305.08265782337605,65,20,210.0924664152536
-1,0,0,53,0.0,8,431,431,2320.185614849188,36,36,36.0,36.0,36,431.0,4640.371229698376,68,46.66666666666666,0,68.0,70.0,68.0,68,68,68,341.3333333333333,18.475208614068023,431,8,0.0
8192,818144,207126,445,163628.8,132,206995,818248,7.3327401961,455,455,75.8333333333,75.8333333333,140,81824.8,13.4433570262,145,66.0833333333,5868,67.6,72.0909090909,67.6,145,338,338,4019.9015151515,63.40269328,86,20,62.9362110924
8192,822019,287260,445,205504.75,112,287129,822085,6.082096133611488,286,286,57.2,57.2,103,102760.625,10.947773040500678,131,45.6,3460,42.5,50.66666666666666,42.5,131,170,170,2807.3777777777777,52.98469380658699,32,20,52.48523601928451
66,0,0,52362,0.0,20,47,47,21276.595744680853,0,0,0.0,0.0,0,47.0,42553.19148936171,0,0.0,0,0.0,0.0,0.0,0,0,0,0.0,0.0,47,20,0.0
195,0,0,50256,0.0,20,36,36,27777.777777777777,0,0,0.0,0.0,0,36.0,55555.55555555556,0,0.0,0,0.0,0.0,0.0,0,0,0,0.0,0.0,36,20,0.0
8192,78291,35110,443,9786.375,192,35110,78291,114.95574203931488,515,515,57.22222222222224,57.22222222222222,197,5592.214285714285,191.5929033988581,1430,212.00000000000003,18,479.5,226.13333333333333,479.5,1430,2877,2877,179606.9333333333,423.8005820351517,5,20,84.10228560773152
-1,112638503,56319274,0,56319251.5,0,56319274,112638503,0.0266338766948989,0,0,0.0,0.0,0,56319251.5,0.0266338766948989,0,0.0,56319229,0.0,0.0,0.0,0,0,0,0.0,0.0,56319229,0,0.0
256,98,98,80,98.0,40,98,98,20408.163265306124,0,0,0.0,0.0,0,98.0,20408.163265306124,0,0.0,98,0.0,0.0,0.0,0,0,0,0.0,0.0,98,20,0.0
65535,48699,47948,52078,12174.75,124,47637,48699,102.6715128,935,935,187.0,187.0,935,8116.5,143.7401179,935,147.875,7,124.0,169.0,124.0,248,248,248,108684.6964,329.6736211,3,20,418.1447118
-1,0,0,53,0.0,8,364,364,2747.252747252747,42,42,42.0,42.0,42,364.0,5494.505494505494,58,47.333333333333336,0,58.0,71.0,58.0,58,58,58,85.33333333333333,9.237604307034012,364,8,0.0
8192,5768993,5578695,443,721124.125,192,5578695,5768993,1.5600642954,350,350,38.8888888889,38.8888888889,193,360562.0625,2.9467881136,1460,385.5,15,823.625,408.1764705882,823.625,1460,6589,6589,342592.147058824,585.3137167868,1,20,71.1291860709
-1,0,0,53,0.0,8,12492,12492,80.05123278898495,40,40,40.0,40.0,40,12492.0,160.1024655779699,101,60.33333333333333,0,101.0,90.5,101.0,101,101,101,1240.3333333333333,35.21836642056717,12492,8,0.0
65535,1318,1093,62132,329.5,124,720,1318,3793.626707,935,935,187.0,187.0,935,219.6666667,5311.07739,935,153.25,4,145.5,175.1428571,145.5,291,291,291,110145.9286,331.8824017,4,20,418.1447118
209,0,0,50451,0.0,40,0,0,0.0,0,0,0.0,0.0,0,0.0,163.3353070363789,0,0.0,0,0.0,0.0,0.0,0,0,0,0.0,0.0,0,20,0.0
278,65,65,80,65.0,40,65,65,30769.2307692308,0,0,0.0,0.0,0,65.0,30769.2307692308,0,0.0,65,0.0,0.0,0.0,0,0,0,0.0,0.0,65,20,0.0
251,717,703,443,358.5,60,703,717,4184.100418,77,77,25.66666667,25.66666667,46,358.5,4184.100418,46,30.75,14,0.0,41.0,0.0,0,0,0,470.25,21.68524844,14,20,23.45918441
136,114348866,31031220,443,22869773.2,120,31019314,114360502,0.0524656668610986,396,396,66.0,66.0,80,12706722.444444444,0.087442778101831,80,42.909090909090914,53153,0.0,47.2,0.0,0,0,0,1689.8909090909092,41.10828273098877,11571,20,32.37282811247729
8192,5220196,1248762,3389,401553.5384615385,292,951635,5220196,2.681891637785248,1460,1460,104.28571428571428,104.28571428571428,741,237281.63636363635,4.405964833504336,1179,132.95833333333331,75111,192.33333333333331,138.7391304347826,192.33333333333331,1179,1731,1731,76005.60688405795,275.69114400730746,41,20,195.0906805215811
8192,11793932,10240969,3389,1474241.5,192,9943456,11793932,0.7631042810828483,1148,1148,127.55555555555556,127.55555555555556,677,737120.75,1.4414191976009358,1173,151.61111111111114,4,197.625,160.52941176470588,197.625,1173,1581,1581,93075.42810457514,305.08265782337605,4,20,218.69105555046775
-1,0,0,53,0.0,8,1672,1672,598.0861244019138,40,40,40.0,40.0,40,1672.0,1196.1722488038276,103,61.0,0,103.0,91.5,103.0,103,103,103,1323.0,36.37306695894642,1672,8,0.0
-1,0,0,53,0.0,8,24459,24459,40.88474590130422,38,38,38.0,38.0,38,24459.0,81.76949180260844,88,54.66666666666667,0,88.0,82.0,88.0,88,88,88,833.3333333333334,28.867513459481287,24459,8,0.0
278,85,85,80,85.0,40,85,85,23529.4117647059,0,0,0.0,0.0,0,85.0,23529.4117647059,0,0.0,85,0.0,0.0,0.0,0,0,0,0.0,0.0,85,20,0.0
64000,88438504,88438504,2264,88438504.0,40,88438504,88438504,0.0226145842539353,0,0,0.0,0.0,0,88438504.0,0.0226145842539353,0,0.0,88438504,0.0,0.0,0.0,0,0,0,0.0,0.0,88438504,20,0.0
259,39,39,63569,39.0,40,39,39,51282.0512820513,0,0,0.0,0.0,0,39.0,51282.0512820513,0,0.0,39,0.0,0.0,0.0,0,0,0,0.0,0.0,39,20,0.0
255,155,155,58798,155.0,40,155,155,12903.2258064516,0,0,0.0,0.0,0,155.0,12903.2258064516,0,0.0,155,0.0,0.0,0.0,0,0,0,0.0,0.0,155,20,0.0
8192,4103548,1867367,3389,373049.8181818182,248,1867367,4103548,2.9242986800690525,1148,1148,95.66666666666666,95.66666666666669,677,227974.88888888893,4.630139576776,1173,136.45,834,225.8571428571429,143.6315789473684,225.8571428571429,1173,1581,1581,85455.62894736844,292.3279475988713,94,20,195.21891363908424
-1,0,0,53,0.0,8,260,260,3846.153846153847,35,35,35.0,35.0,35,260.0,7692.307692307693,51,40.333333333333336,0,51.0,60.5,51.0,51,51,51,85.33333333333333,9.237604307034012,260,8,0.0
64000,84080758,84080758,9564,84080758.0,40,84080758,84080758,0.023786655205939,0,0,0.0,0.0,0,84080758.0,0.023786655205939,0,0.0,84080758,0.0,0.0,0.0,0,0,0,0.0,0.0,84080758,20,0.0
8192,2668228,1106938,3389,296469.7777777777,212,936010,2668228,3.747805659786195,1128,1128,112.8,112.8,661,166764.25,6.371269621636531,1173,150.5,41,225.8571428571429,159.35294117647058,225.8571428571429,1173,1581,1581,92074.14705882354,303.43722095158915,41,20,205.1388689535836
257,1472,1454,443,736.0,60,1454,1472,2038.0434782609,77,77,25.6666666667,25.6666666667,46,736.0,2038.0434782609,46,30.75,18,0.0,41.0,0.0,0,0,0,470.25,21.6852484422,18,20,23.4591844132
62559,85377006,85377006,35026,85377006.0,40,85377006,85377006,0.0234255111,0,0,0.0,0.0,0,85377006.0,0.0234255111,0,0.0,85377006,0.0,0.0,0.0,0,0,0,0.0,0.0,85377006,20,0.0
-1,0,0,53,0.0,8,304,304,3289.4736842105262,42,42,42.0,42.0,42,304.0,6578.9473684210525,58,47.333333333333336,0,58.0,71.0,58.0,58,58,58,85.33333333333333,9.237604307034012,304,8,0.0
260,45,45,54304,45.0,40,45,45,44444.44444,0,0,0.0,0.0,0,45.0,44444.44444,0,0.0,45,0.0,0.0,0.0,0,0,0,0.0,0.0,45,20,0.0
8192,5646011,5208823,443,705751.375,192,5208823,5646011,1.5940457785151323,441,441,49.0,49.0,206,403286.5,2.656742964191887,1460,376.6875,13,931.0,401.8,931.0,1460,5586,5586,365843.9625,604.8503637264344,2,20,84.23182296495786
8192,380585,127160,445,95146.25,112,126795,380616,13.13659961746222,286,286,57.2,57.2,103,47577.0,23.645879311431997,131,45.6,361,42.5,50.66666666666666,42.5,131,170,170,2807.3777777777777,52.98469380658699,22,20,52.48523601928451
8192,411,286,80,205.5,72,232,830,3614.4578313253,161,161,53.6666666667,53.6666666667,161,138.3333333333,8433.734939759,488,81.125,125,122.0,92.7142857143,122.0,488,488,488,30202.125,173.7875858627,30,20,92.9533933395
8192,23967,23723,80,11983.5,72,23700,47951,62.56386728,436,436,145.3333333,145.3333333,436,7991.833333,145.982357,859,161.875,244,214.75,185.0,214.75,859,859,859,102621.2679,320.3455445,23,20,251.7247174
8192,4079011,1241466,3389,313770.0769,292,953153,4079011,3.432204522,1456,1456,104.0,104.0,741,185409.5909,5.638621715,1179,132.7916667,5,192.3333333,138.5652174,192.3333333,1179,1731,1731,75998.60688,275.6784483,5,20,195.013609
8192,118458891,59000440,443,6968170.058823531,372,59000440,118458891,0.1519514478655722,1528,1528,84.88888888888889,84.88888888888889,635,3384539.7428571437,0.3039028957311444,1460,280.48648648648646,28,491.6666666666667,288.27777777777777,491.6666666666667,1460,8850,8850,241542.2567567568,491.4694871065311,1,20,154.1103076633895
8192,4229486,1636864,443,352457.1666666667,272,5919453,10148983,1.2809165213893845,1029,1029,79.15384615384616,79.15384615384616,269,281916.1944444445,3.645685483954402,1460,427.2631578947369,100,633.6250000000001,438.8108108108109,633.625,1460,15207,15207,356632.6856330014,597.1873120160888,0,20,97.29238249887652
-1,0,0,53,0.0,8,360,360,2777.777777777778,45,45,45.0,45.0,45,360.0,5555.555555555556,61,50.333333333333336,0,61.0,75.5,61.0,61,61,61,85.33333333333333,9.237604307034012,360,8,0.0
8192,2885446,1192819,3389,320605.1111111111,212,953191,2885446,3.465668738905528,1144,1144,114.4,114.4,677,180340.375,5.891636856139398,1173,151.38888888888889,45,225.8571428571429,160.2941176470588,225.8571428571429,1173,1581,1581,93049.31045751636,305.0398506056485,45,20,209.89690591123804
-1,0,0,53,0.0,8,28546,28546,35.0311777482,40,40,40.0,40.0,40,28546.0,70.0623554964,101,60.3333333333,0,101.0,90.5,101.0,101,101,101,1240.3333333333,35.2183664206,28546,8,0.0
8192,3891056,1253978,3389,299312.0,292,979489,3891056,3.5979949916,1440,1440,102.8571428571,102.8571428571,725,185288.380952381,5.6539921296,1179,137.8695652174,200,216.375,144.1363636364,216.375,1179,1731,1731,77790.8458498024,278.9101035276,33,20,191.1728405006
279,77490,77490,80,77490.0,40,77490,77490,25.8097819073,0,0,0.0,0.0,0,77490.0,25.8097819073,0,0.0,77490,0.0,0.0,0.0,0,0,0,0.0,0.0,77490,20,0.0
8192,2387804,1175779,3389,298475.5,192,951633,2387804,3.769153582119805,1213,1213,134.77777777777777,134.77777777777777,661,140459.0588235294,7.538307164239611,1173,162.4736842105263,3,208.22222222222223,171.5,208.22222222222223,1173,1874,1874,86915.70760233917,294.8147004515534,3,20,209.07999532342745
8192,904729,183931,445,150788.166666667,152,181244,904729,7.7371234922,364,364,52.0,52.0,103,82248.0909090909,13.2636402724,409,72.7692307692,2552,116.4,78.8333333333,116.4,409,582,582,11997.5256410256,109.5332170669,40,20,49.2172056636
127,0,0,50131,0.0,20,27,27,37037.037037037,0,0,0.0,0.0,0,27.0,74074.0740740741,0,0.0,0,0.0,0.0,0.0,0,0,0,0.0,0.0,27,20,0.0
62541,86061079,86061079,44808,86061079.0,40,86061079,86061079,0.0232393089,0,0,0.0,0.0,0,86061079.0,0.0232393089,0,0.0,86061079,0.0,0.0,0.0,0,0,0,0.0,0.0,86061079,20,0.0
8192,835953,278712,445,208988.25,112,278608,836020,5.98071816463721,373,373,74.6,74.6,140,92891.11111111112,11.96143632927442,140,49.54545454545455,0,34.4,54.5,34.4,133,172,172,3979.272727272727,63.08147689514512,0,20,70.2837107728384
8192,531,381,80,265.5,72,327,1097,2734.7310847767,148,148,49.3333333333,49.3333333333,148,182.8333333333,6381.0391978122,243,48.875,150,60.75,55.8571428571,60.75,243,243,243,8834.6964285714,93.9930658537,54,20,85.4478398401
8192,6650707,2721714,3389,831338.375,188,2549682,6650707,1.3532395879114807,1148,1148,127.55555555555556,127.55555555555556,677,350037.21052631584,3.007199084247735,1173,129.9523809523809,3,143.72727272727272,136.45,143.72727272727272,1173,1581,1581,82069.44761904763,286.47765640455737,3,20,218.69105555046775
8192,1137666,600005,443,568833.0,92,588472,1149432,2.609984757689015,0,0,0.0,0.0,0,229886.4,5.21996951537803,0,0.0,537661,0.0,0.0,0.0,0,0,0,0.0,0.0,11533,28,0.0
-1,0,0,53,0.0,8,339,339,2949.8525073746314,46,46,46.0,46.0,46,339.0,5899.705014749263,62,51.333333333333336,0,62.0,77.0,62.0,62,62,62,85.33333333333333,9.237604307034012,339,8,0.0
8192,1409269,1072390,3389,201324.1429,168,969324,1409269,5.676701893,1132,1132,141.5,141.5,661,100662.0714,10.64381605,1173,169.5625,47,225.8571429,180.8666667,225.8571429,1173,1581,1581,100973.1958,317.7627981,47,20,222.7920235
256,682,666,443,341.0,60,666,682,4398.826979472141,77,77,25.666666666666664,25.666666666666668,46,341.0,4398.826979472141,46,30.75,16,0.0,41.0,0.0,0,0,0,470.25,21.68524844220144,16,20,23.45918441321721
-1,0,0,53,0.0,8,319,319,3134.796238244514,42,42,42.0,42.0,42,319.0,6269.592476489028,58,47.333333333333336,0,58.0,71.0,58.0,58,58,58,85.33333333333333,9.237604307034012,319,8,0.0
-1,0,0,53,0.0,8,1685,1685,593.4718100890208,40,40,40.0,40.0,40,1685.0,1186.9436201780416,139,73.0,0,139.0,109.5,139.0,139,139,139,3267.0,57.15767664977295,1685,8,0.0
-1,409905,409905,5355,409905.0,16,409905,409905,4.879179322,44,44,22.0,22.0,22,409905.0,4.879179322,22,22.0,409905,0.0,33.0,0.0,0,0,0,0.0,0.0,409905,8,0.0
-1,16219,16219,53,16219.0,16,15670,16750,119.40298507462686,82,82,41.0,41.0,41,5583.333333333334,238.8059701492537,169,92.2,16219,169.0,115.25,169.0,169,338,338,4915.199999999999,70.10848736066126,531,8,0.0
-1,0,0,53,0.0,8,12651,12651,79.04513477195478,37,37,37.0,37.0,37,12651.0,158.09026954390956,92,55.33333333333333,0,92.0,83.0,92.0,92,92,92,1008.3333333333331,31.75426480542941,12651,8,0.0
8192,2233670,1087671,3389,279208.75,192,953139,2233670,4.029243352867702,1148,1148,127.55555555555556,127.55555555555556,677,148911.3333333333,7.163099293987026,1173,160.5294117647059,156,225.8571428571429,170.5625,225.8571428571429,1173,1581,1581,97371.51470588232,312.04409096453395,82,20,218.69105555046775
62560,86194126,86194126,59942,86194126.0,40,86194126,86194126,0.0232034373,0,0,0.0,0.0,0,86194126.0,0.0232034373,0,0.0,86194126,0.0,0.0,0.0,0,0,0,0.0,0.0,86194126,20,0.0
-1,32986,32986,53,32986.0,16,32986,40634,49.2198651376,62,62,31.0,31.0,31,13544.6666666667,98.4397302751,94,56.2,32986,94.0,70.25,94.0,94,188,188,1190.7,34.5065211228,35,8,0.0
8192,5308323,5246612,443,1061664.6,132,5176959,5308323,1.130300473426353,599,599,99.83333333333331,99.83333333333331,517,589813.6666666666,1.883834122377256,517,68.27272727272727,14,38.0,75.1,38.0,152,152,152,24268.21818181818,155.78259909828884,12,20,205.4511296310309
-1,0,0,53,0.0,8,855,855,1169.5906432748538,37,37,37.0,37.0,37,855.0,2339.181286549708,97,57.0,0,97.0,85.5,97.0,97,97,97,1200.0,34.64101615137755,855,8,0.0
8192,3960571,1227699,3389,330047.583333333,272,953272,3960571,3.2823549938,1460,1460,112.3076923077,112.3076923077,741,198028.55,5.3022657592,1179,145.0454545455,4,216.375,151.9523809524,216.375,1179,1731,1731,81407.5692640693,285.3201171738,4,20,200.6391390097
-1,31931,31931,53,31931.0,16,31931,37888,52.78716216216216,74,74,37.0,37.0,37,12629.333333333332,105.57432432432432,222,111.0,31931,222.0,138.75,222.0,222,444,444,10267.5,101.32867313845573,1,8,0.0
8192,1247736,1037703,3389,178248.0,172,953201,1247736,6.411612713,1132,1132,141.5,141.5,661,89124.0,12.02177384,1173,169.5625,760,225.8571429,180.8666667,225.8571429,1173,1581,1581,100973.1958,317.7627981,64,20,222.7920235
8192,1592084,1074237,3389,227440.57142857145,172,960975,1592084,5.024860497310443,1052,1052,131.5,131.5,581,113720.28571428572,9.42161343245708,1149,155.06249999999997,3,204.1428571428571,165.4,204.14285714285717,1149,1429,1429,91746.59583333335,302.89700532249134,3,20,196.37209577737872
-1,0,0,53,0.0,8,539,539,1855.287569573284,51,51,51.0,51.0,51,539.0,3710.575139146568,79,60.333333333333336,0,79.0,90.5,79.0,79,79,79,261.33333333333337,16.165807537309522,539,8,0.0
-1,0,0,53,0.0,8,283,283,3533.56890459364,41,41,41.0,41.0,41,283.0,7067.137809187279,105,62.33333333333333,0,105.0,93.5,105.0,105,105,105,1365.3333333333333,36.95041722813605,283,8,0.0
252,5299209,5299209,80,5299209.0,40,5268861,5299209,0.377414818,1,1,0.5,0.5,1,2649604.5,0.566122227,1,0.5,5299209,0.0,0.666666667,0.0,0,0,0,0.333333333,0.577350269,30348,20,0.707106781
62558,86343521,86343521,9987,86343521.0,40,86343521,86343521,0.0231632898,0,0,0.0,0.0,0,86343521.0,0.0231632898,0,0.0,86343521,0.0,0.0,0.0,0,0,0,0.0,0.0,86343521,20,0.0
8192,115707321,10031067,80,7713821.399999999,332,10014814,115707321,0.1382799278534847,455,455,28.437500000000004,28.4375,444,3989907.620689655,0.2592748647252839,971,46.00000000000001,365,69.35714285714283,47.53333333333333,69.35714285714286,971,971,971,35813.06666666666,189.24340587367016,67,20,110.81754900135029
8192,410,282,80,205.0,72,229,799,3754.6933667084,161,161,53.6666666667,53.6666666667,161,133.1666666667,8760.9511889862,488,81.125,128,122.0,92.7142857143,122.0,488,488,488,30202.125,173.7875858627,53,20,92.9533933395
8192,62066,61757,80,20688.666666666668,92,5739426,5801492,0.6894778101908957,97,97,24.25,24.25,97,828784.5714285715,1.3789556203817914,231,36.44444444444444,108,57.75,41.0,57.75,231,231,231,6352.027777777778,79.6996096463325,39,20,48.5
219,5485732,4841572,41078,1371433.0,168,4841565,5485732,0.91145539,935,935,187.0,187.0,935,609525.7778,1.82291078,935,187.8181818,21,226.2,206.6,226.2,377,1131,1131,91257.96364,302.0893306,5,32,418.1447118
8192,3614740,1243378,3389,301228.3333333334,272,951669,3614740,3.5963859088067194,1492,1492,114.76923076923076,114.76923076923076,773,172130.47619047618,6.086191537980602,1179,140.1304347826087,35847,192.33333333333331,146.5,192.33333333333331,1179,1731,1731,80418.4822134387,283.58152657293937,46,20,209.0164083854638
278,78,78,80,78.0,40,78,78,25641.0256410256,0,0,0.0,0.0,0,78.0,25641.0256410256,0,0.0,78,0.0,0.0,0.0,0,0,0,0.0,0.0,78,20,0.0
62561,86100000,86100000,50110,86100000.0,40,86100000,86100641,0.023228631,0,0,0.0,0.0,0,86100000.0,0.023228631,0,0.0,86100000,0.0,0.0,0.0,0,0,0,0.0,0.0,86100000,20,0.0
8192,259159,82277,443,32394.875000000004,192,75426,259159,34.72771541794806,581,581,64.55555555555556,64.55555555555556,198,17277.26666666667,61.73816074301877,1460,259.7058823529412,18,547.7142857142857,275.9375,547.7142857142857,1460,3834,3834,226577.5955882353,476.0016760351116,1,20,90.31764931494718
176,0,0,53802,0.0,20,13,13,76923.07692,0,0,0.0,0.0,0,13.0,153846.1538,0,0.0,0,0.0,0.0,0.0,0,0,0,0.0,0.0,13,20,0.0
219,5070044,5007115,55210,1267511.0,168,4000779,5070044,0.986184735,935,935,187.0,187.0,935,633755.5,1.775132524,935,130.2,29,91.75,144.6666667,91.75,367,367,367,93265.95556,305.3947536,6,32,418.1447118
8192,445,330,80,222.5,72,302,973,3083.247687564234,148,148,49.333333333333336,49.333333333333336,148,162.16666666666666,7194.244604316546,243,48.875,115,60.75,55.85714285714285,60.75,243,243,243,8834.69642857143,93.99306585366512,22,20,85.44783984006462
-1,34368,34368,53,34368.0,16,33788,34790,57.4877838459,102,102,51.0,51.0,51,11596.6666666667,114.9755676919,179,102.2,34368,179.0,127.75,179.0,179,358,358,4915.2,70.1084873607,422,8,0.0
8192,2224764,1196581,3389,317823.4285714285,172,953532,2224764,3.595887024421467,1148,1148,143.5,143.5,677,158911.7142857143,6.74228817079025,1173,170.56250000000003,3,225.8571428571429,181.9333333333333,225.8571428571429,1173,1581,1581,102037.59583333335,319.4332415909987,3,20,228.12966237897004
-1,0,0,53,0.0,8,241,241,4149.377593360996,44,44,44.0,44.0,44,241.0,8298.755186721992,60,49.333333333333336,0,60.0,74.0,60.0,60,60,60,85.33333333333333,9.237604307034012,241,8,0.0
8192,5823776,5674021,443,831968.0,172,5674021,5823776,1.3736792074420443,351,351,43.875,43.875,194,447982.7692307693,2.403938613023578,1460,231.53333333333336,43,520.3333333333334,248.07142857142856,520.3333333333334,1460,3122,3122,252782.83809523805,502.7751367114707,1,20,74.71170782223015
-1,0,0,53,0.0,8,275,275,3636.363636363636,42,42,42.0,42.0,42,275.0,7272.727272727272,58,47.333333333333336,0,58.0,71.0,58.0,58,58,58,85.33333333333333,9.237604307034012,275,8,0.0
-1,0,0,53,0.0,8,305,305,3278.6885245902,46,46,46.0,46.0,46,305.0,6557.3770491803,174,88.6666666667,0,174.0,133.0,174.0,174,174,174,5461.3333333333,73.9008344563,305,8,0.0
119,0,0,54303,0.0,20,20,20,49999.99999999999,0,0,0.0,0.0,0,20.0,100000.0,0,0.0,0,0.0,0.0,0.0,0,0,0,0.0,0.0,20,20,0.0
115,0,0,51288,0.0,20,25,25,40000.0,0,0,0.0,0.0,0,25.0,80000.0,0,0.0,0,0.0,0.0,0.0,0,0,0,0.0,0.0,25,20,0.0
176,0,0,49835,0.0,20,45,45,22222.222222222223,0,0,0.0,0.0,0,45.0,44444.444444444445,0,0.0,0,0.0,0.0,0.0,0,0,0,0.0,0.0,45,20,0.0
8192,6370357,1301212,3389,455025.5,312,1002437,6370357,2.354656104830545,1460,1460,97.33333333333331,97.33333333333331,741,276972.0434782609,3.767449767728873,1179,127.64000000000004,127788,192.33333333333331,132.95833333333334,192.33333333333331,1179,1731,1731,73545.82333333335,271.1933320222556,48,20,189.91263655641643
256,857,840,443,428.5,60,840,857,3500.5834305718,77,77,25.6666666667,25.6666666667,46,428.5,3500.5834305718,46,30.75,17,0.0,41.0,0.0,0,0,0,470.25,21.6852484422,17,20,23.4591844132
279,53810707,53810707,80,53810707.0,40,53810707,53810707,0.0371673243393735,0,0,0.0,0.0,0,53810707.0,0.0371673243393735,0,0.0,53810707,0.0,0.0,0.0,0,0,0,0.0,0.0,53810707,20,0.0
8192,116092276,10031157,443,6110119.78947368,412,10019928,116092276,0.1722767499,1109,1109,55.45,55.45,780,3137629.08108108,0.3273258248,1460,155.2820512821,35,274.8333333333,159.3684210526,274.8333333333,1460,4947,4947,158496.155195682,398.1157560254,1,20,176.8381582423
62562,86159458,86159458,30608,86159458.0,40,86159458,86159458,0.0232127737,0,0,0.0,0.0,0,86159458.0,0.0232127737,0,0.0,86159458,0.0,0.0,0.0,0,0,0,0.0,0.0,86159458,20,0.0
237,3995610,3902076,50772,998902.5,168,3902069,3995610,1.251373382,935,935,187.0,187.0,935,570801.4286,2.002197412,935,145.0,52,123.3333333,163.125,123.3333333,370,370,370,102737.5,320.5269099,5,32,418.1447118
8192,2482135,1152935,3389,310266.875,204,960030,2482135,3.625910758278659,1048,1048,116.44444444444444,116.44444444444444,581,155133.43749999997,6.848942543415245,1149,140.8888888888889,66,186.0,149.1764705882353,186.0,1149,1488,1488,82672.92810457516,287.5290039362554,66,20,188.607470100677
184,0,0,55381,0.0,40,0,0,0.0,0,0,0.0,0.0,0,0.0,146.03470149594298,0,0.0,0,0.0,0.0,0.0,0,0,0,0.0,0.0,0,20,0.0
8192,3535084,1337782,3389,271929.538461538,292,953220,3535084,3.9603019334,1439,1439,102.7857142857,102.7857142857,725,168337.333333333,6.2233316097,1179,137.8260869565,27265,216.375,144.0909090909,216.375,1179,1731,1731,77799.5138339921,278.9256421235,43,20,191.1971107649
946,21,21,55072,21.0,40,13,21,95238.0952380952,31,31,15.5,15.5,31,10.5,142857.142857143,31,15.5,21,0.0,20.6666666667,0.0,0,0,0,320.3333333333,17.8978583449,8,20,21.9203102168
8192,60332780,10013820,443,4309484.285714285,312,10001275,60332780,0.2486210647014773,685,685,45.66666666666666,45.66666666666666,361,2080440.6896551729,0.4972421294029547,1460,208.22580645161287,258,384.66666666666674,215.16666666666663,384.6666666666667,1460,5770,5770,198437.71397849455,445.46348220532576,1,20,104.12401031370968
7371,999761,999761,52555,999761.0,40,999761,999761,2.0004781143,0,0,0.0,0.0,0,999761.0,2.0004781143,0,0.0,999761,0.0,0.0,0.0,0,0,0,0.0,0.0,999761,20,0.0
119,1,1,50491,0.5,60,1,1,3000000.0,86,86,28.6666666667,28.6666666667,55,0.5,3000000.0,55,35.25,0,0.0,47.0,0.0,0,0,0,680.25,26.0816027115,0,20,27.5741424768
8192,692,466,80,346.0,72,378,1031,2909.796314258,161,161,53.6666666667,53.6666666667,161,171.8333333333,6789.5247332687,488,81.125,226,122.0,92.7142857143,122.0,488,488,488,30202.125,173.7875858627,0,20,92.9533933395
8192,519352,180424,443,64919.0,192,180424,519352,17.329287265669524,509,509,56.55555555555555,56.55555555555556,194,34623.46666666667,30.80762180563471,1430,236.1176470588235,27,500.71428571428567,250.875,500.7142857142857,1430,3505,3505,212276.98529411765,460.73526595444986,5,20,82.87054831348576
8192,2287686,1214609,3389,326812.2857142857,172,937701,2287686,3.4969834146819103,1148,1148,143.5,143.5,677,163406.14285714284,6.556843902528581,1173,170.56250000000003,58,225.8571428571429,181.9333333333333,225.8571428571429,1173,1581,1581,102037.59583333335,319.4332415909987,58,20,228.12966237897004
63958,60,60,18932,60.0,40,60,60,33333.3333333333,0,0,0.0,0.0,0,60.0,33333.3333333333,0,0.0,60,0.0,0.0,0.0,0,0,0,0.0,0.0,60,20,0.0
8192,62186,61815,80,20728.6666666667,92,5060638,5122824,0.7808193293,97,97,24.25,24.25,97,731832.0,1.5616386587,232,36.5555555556,138,58.0,41.125,58.0,232,232,232,6400.7777777778,80.0048609634,40,20,48.5
8192,1742060,1115506,3389,217757.5,192,953091,1742060,5.166297372076737,1128,1128,125.33333333333331,125.33333333333331,661,116137.33333333334,9.184528661469754,1173,159.35294117647058,69,225.8571428571429,169.3125,225.8571428571429,1173,1581,1581,96329.86764705884,310.3705328265859,69,20,213.48302040209197
65535,16214,15703,49409,4053.5,124,15326,16214,308.375478,935,935,187.0,187.0,935,2702.333333,431.7256692,935,151.0,3,136.5,172.5714286,136.5,273,273,273,109478.0,330.8745986,3,20,418.1447118
258,31,31,61393,31.0,40,31,31,64516.1290322581,0,0,0.0,0.0,0,31.0,64516.1290322581,0,0.0,31,0.0,0.0,0.0,0,0,0,0.0,0.0,31,20,0.0
0,0,0,443,0.0,20,55,55,18181.81818181818,0,0,0.0,0.0,0,55.0,36363.63636363636,0,0.0,0,0.0,0.0,0.0,0,0,0,0.0,0.0,55,20,0.0
65535,1200,971,60815,300.0,124,687,1200,4166.666667,935,935,187.0,187.0,935,200.0,5833.333333,935,153.25,6,145.5,175.1428571,145.5,291,291,291,110145.9286,331.8824017,6,20,418.1447118
-1,31857,31857,53,31857.0,16,31857,34877,57.34438168,66,66,33.0,33.0,33,11625.66667,114.6887634,89,55.4,31857,89.0,69.25,89.0,89,178,178,940.8,30.67246322,24,8,0.0
8192,1566299,1096869,3389,223757.0,172,953169,1566299,5.107581630327287,1132,1132,141.5,141.5,661,111878.5,9.576715556863665,1173,169.56250000000003,4,225.8571428571429,180.86666666666667,225.8571428571429,1173,1581,1581,100973.19583333336,317.7627980637969,4,20,222.79202345300808
8192,117385157,58780492,443,5869257.850000001,432,58780492,117385157,0.1788982571280285,1781,1781,84.80952380952382,84.80952380952381,461,2794884.6904761903,0.3663154788812013,1430,136.3863636363636,30,191.8181818181818,139.5581395348837,191.8181818181818,1430,4220,4220,93344.01004228323,305.5225196974574,1,20,131.97182238933397
-1,0,0,53,0.0,8,528,528,1893.9393939393935,31,31,31.0,31.0,31,528.0,3787.878787878788,159,73.66666666666666,0,159.0,110.5,159.0,159,159,159,5461.333333333333,73.9008344562721,528,8,0.0
8192,47610,14312,443,5290.0,212,11372,47610,210.03990758244063,553,553,55.3,55.3,202,2800.588235294118,378.0718336483932,1460,335.57894736842104,18,727.875,354.22222222222223,727.875,1460,5823,5823,314844.81286549714,561.1103392965568,1,20,84.78476016098385
-1,26508,26508,53,26508.0,16,26508,46069,43.41314115782848,80,80,40.0,40.0,40,15356.333333333332,86.82628231565695,139,79.6,26508,139.0,99.5,139.0,139,278,278,2940.3,54.224533193011446,1,8,0.0
8192,351,230,80,175.5,72,178,618,4854.3689320388,161,161,53.6666666667,53.6666666667,161,103.0,11326.860841424,488,81.125,121,122.0,92.7142857143,122.0,488,488,488,30202.125,173.7875858627,0,20,92.9533933395
65535,924399,231333,445,184879.8,128,231110,924476,6.490163076164228,453,453,75.5,75.5,140,92447.6,11.898632306301083,145,65.91666666666667,94,67.6,71.9090909090909,67.6,145,338,338,4009.356060606061,63.31947615549311,69,20,62.813215170057966
-1,0,0,53,0.0,8,1175,1175,851.063829787234,38,38,38.0,38.0,38,1175.0,1702.127659574468,97,57.66666666666667,0,97.0,86.5,97.0,97,97,97,1160.3333333333337,34.06366588218792,1175,8,0.0
-1,0,0,53,0.0,8,17311,17311,57.76673791231009,75,75,75.0,75.0,75,17311.0,115.53347582462018,131,93.66666666666669,0,131.0,140.5,131.0,131,131,131,1045.3333333333337,32.331615074619044,17311,8,0.0
-1,0,0,53,0.0,8,269,269,3717.472118959108,32,32,32.0,32.0,32,269.0,7434.944237918216,128,64.0,0,128.0,96.0,128.0,128,128,128,3072.0,55.42562584220407,269,8,0.0
64,57451241,28927578,50776,7181405.125,180,28927578,57451241,0.1566545795,464,464,51.5555555556,51.5555555556,58,7181405.125,0.1566545795,58,46.4,223986,0.0,51.5555555556,0.0,0,0,0,598.0444444444,24.4549472386,223986,20,19.3333333333
180,0,0,49529,0.0,20,31,31,32258.06451612903,0,0,0.0,0.0,0,31.0,64516.12903225806,0,0.0,0,0.0,0.0,0.0,0,0,0,0.0,0.0,31,20,0.0
8192,351450,117286,445,87862.5,112,117178,351522,14.223860810987649,373,373,74.6,74.6,140,43940.25,25.602949459777765,140,54.5,4,43.0,60.55555555555556,43.0,133,172,172,4121.388888888889,64.19804427619964,4,20,70.2837107728384
8192,5796640,3543882,3389,644071.111111111,212,3543882,5796640,1.7251373209,1148,1148,114.8,114.8,677,362290.0,2.9327334456,1173,151.6111111111,4,225.8571428571,160.5294117647,225.8571428571,1173,1581,1581,93075.4281045752,305.0826578234,4,20,210.0924664153
8192,2515904,1189274,3389,314488.0,192,954683,2515904,3.5772430109,1262,1262,140.2222222222,140.2222222222,661,147994.352941176,7.1544860217,1173,152.7368421053,2,182.2222222222,161.2222222222,182.2222222222,1173,1640,1640,86175.5380116959,293.5567032307,2,20,208.2581197563
-1,0,0,53,0.0,8,293,293,3412.9692832764504,41,41,41.0,41.0,41,293.0,6825.938566552901,105,62.33333333333333,0,105.0,93.5,105.0,105,105,105,1365.3333333333333,36.95041722813605,293,8,0.0
-1,0,0,53,0.0,8,427,427,2341.92037470726,42,42,42.0,42.0,42,427.0,4683.840749414519,182,88.66666666666666,0,182.0,133.0,182.0,182,182,182,6533.333333333333,80.82903768654761,427,8,0.0
-1,25578,25578,53,25578.0,16,43816,69395,28.8205202103898,64,64,32.0,32.0,32,23131.666666666664,57.6410404207796,121,67.6,25578,121.0,84.5,121.0,121,242,242,2376.3,48.74730761795978,1,8,0.0
8192,60100000,60000000,443,7516093.125,192,60000000,60128745,0.149678827,1898,1898,210.8888889,210.8888889,788,4008583.0,0.266095692,1460,348.2941176,257,574.7142857,370.0625,574.7142857,1460,4023,4023,256383.5956,506.3433574,0,20,332.8980491
-1,15876,15876,53,15876.0,16,21319,37235,53.7129045253,94,94,47.0,47.0,47,12411.6666666667,107.4258090506,107,71.0,15876,107.0,88.75,107.0,107,214,214,1080.0,32.8633534503,40,8,0.0
-1,0,0,53,0.0,8,12933,12933,77.32158045310446,32,32,32.0,32.0,32,12933.0,154.64316090620892,121,61.66666666666667,0,121.0,92.5,121.0,121,121,121,2640.333333333333,51.3841739578767,12933,8,0.0
-1,0,0,53,0.0,8,314,314,3184.7133757961783,32,32,32.0,32.0,32,314.0,6369.426751592357,128,64.0,0,128.0,96.0,128.0,128,128,128,3072.0,55.42562584220407,314,8,0.0
237,4154561,4095771,48142,1038640.25,168,4095762,4154561,1.203496591,935,935,187.0,187.0,935,593508.7143,1.925594545,935,139.2222222,33,106.0,156.625,106.0,318,318,318,100112.9444,316.4062965,9,32,418.1447118
-1,0,0,53,0.0,8,361,361,2770.0831024931,42,42,42.0,42.0,42,361.0,5540.1662049862,58,47.3333333333,0,58.0,71.0,58.0,58,58,58,85.3333333333,9.237604307,361,8,0.0
65535,1484,942,52514,371.0,124,613,1484,3369.272237,935,935,187.0,187.0,935,247.3333333,4716.981132,935,158.5,4,166.5,181.1428571,166.5,333,333,333,112019.4286,334.6930363,4,20,418.1447118
8192,197207,82712,443,24650.875,192,50269,197207,45.63732524707541,549,549,61.0,61.0,198,13147.133333333331,81.1330226614674,1460,263.5882352941176,20,561.7142857142857,280.0625,561.7142857142857,1460,3932,3932,231660.0073529412,481.3107180948095,1,20,86.73811157732223
64,0,0,443,0.0,20,1,1,1000000.0,31,31,31.0,31.0,31,1.0,2000000.0,31,20.666666666666664,0,0.0,31.0,0.0,0,0,0,320.33333333333337,17.8978583448784,1,20,0.0
-1,0,0,53,0.0,8,433,433,2309.4688221709007,31,31,31.0,31.0,31,433.0,4618.937644341801,47,36.333333333333336,0,47.0,54.5,47.0,47,47,47,85.33333333333333,9.237604307034012,433,8,0.0
219,4322315,4150224,53304,1440771.667,136,4150215,4325123,0.92482919,935,935,233.75,233.75,935,540640.375,2.080865677,935,129.0,61091,71.0,143.3333333,71.0,355,355,355,92648.88889,304.3827999,5,32,467.5
-1,0,0,53,0.0,8,543,543,1841.620626151013,45,45,45.0,45.0,45,543.0,3683.241252302026,61,50.333333333333336,0,61.0,75.5,61.0,61,61,61,85.33333333333333,9.237604307034012,543,8,0.0
8192,5378502,2504073,3389,537850.2,232,2504073,5378502,2.0451791224,1132,1132,102.9090909091,102.9090909091,661,316382.470588235,3.3466567457,1173,142.7894736842,53,225.8571428571,150.7222222222,225.8571428571,1173,1581,1581,88179.619883041,296.9505344044,53,20,197.7723208872
-1,0,0,53,0.0,8,40012,40012,24.9925022493252,44,44,44.0,44.0,44,40012.0,49.985004498650405,252,113.33333333333331,0,252.0,170.0,252.0,252,252,252,14421.333333333332,120.08885599144216,40012,8,0.0
-1,0,0,53,0.0,8,947,947,1055.9662090813094,38,38,38.0,38.0,38,947.0,2111.932418162619,86,54.0,0,86.0,81.0,86.0,86,86,86,768.0,27.712812921102035,947,8,0.0
8192,62065,61761,80,20688.3333333333,92,5012202,5074267,0.7882911956,97,97,24.25,24.25,97,724895.285714286,1.5765823911,231,36.4444444444,106,57.75,41.0,57.75,231,231,231,6352.0277777778,79.6996096463,39,20,48.5
278,84,84,80,84.0,40,84,84,23809.52380952381,0,0,0.0,0.0,0,84.0,23809.52380952381,0,0.0,84,0.0,0.0,0.0,0,0,0,0.0,0.0,84,20,0.0
8192,25788,25535,445,12894.0,68,25464,25788,116.3331782,0,0,0.0,0.0,0,8596.0,155.1109043,0,0.0,253,0.0,0.0,0.0,0,0,0,0.0,0.0,71,20,0.0
-1,39222,39222,53,39222.0,16,37693,39773,50.2853694718,72,72,36.0,36.0,36,13257.6666666667,100.5707389435,52,42.4,39222,52.0,53.0,52.0,52,104,104,76.8,8.7635609201,551,8,0.0
-1,48459,48459,53,48459.0,16,48459,79650,25.1098556183,90,90,45.0,45.0,45,26550.0,50.2197112367,111,71.4,48459,111.0,89.25,111.0,111,222,222,1306.8,36.1496887953,33,8,0.0
253,207,185,443,103.5,60,185,207,14492.7536231884,77,77,25.6666666667,25.6666666667,46,103.5,14492.7536231884,46,30.75,22,0.0,41.0,0.0,0,0,0,470.25,21.6852484422,22,20,23.4591844132
278,225,225,80,225.0,40,225,225,8888.8888888889,0,0,0.0,0.0,0,225.0,8888.8888888889,0,0.0,225,0.0,0.0,0.0,0,0,0,0.0,0.0,225,20,0.0
237,4227818,4132578,38694,1056954.5,168,4132571,4227818,1.182643151,935,935,187.0,187.0,935,603974.0,1.892229041,935,142.2222222,23,115.0,160.0,115.0,345,345,345,101400.6944,318.434757,7,32,418.1447118
8192,118487834,58905044,443,7899188.933333333,332,58904875,118487834,0.1350349606357054,972,972,60.750000000000014,60.75,329,3702744.8125,0.2785096063111424,1430,195.4117647058824,31,333.6470588235294,201.33333333333331,333.6470588235294,1430,5672,5672,157428.91622103387,396.7731294090288,7,20,95.13884590428874
176,0,0,49905,0.0,40,0,0,0.0,0,0,0.0,0.0,0,0.0,150.31378022804697,0,0.0,0,0.0,0.0,0.0,0,0,0,0.0,0.0,0,20,0.0
-1,0,0,53,0.0,8,1340,1340,746.2686567164179,40,40,40.0,40.0,40,1340.0,1492.5373134328358,139,73.0,0,139.0,109.5,139.0,139,139,139,3267.0,57.15767664977295,1340,8,0.0
8192,432,311,80,216.0,72,250,764,3926.7015706806,161,161,53.6666666667,53.6666666667,161,127.3333333333,9162.3036649215,488,81.125,121,122.0,92.7142857143,122.0,488,488,488,30202.125,173.7875858627,0,20,92.9533933395
8192,26681,23758,80,13340.5,72,23723,50628,59.25574780753733,437,437,145.66666666666666,145.66666666666666,437,8438.0,138.26341155092044,859,162.00000000000003,2923,214.75,185.14285714285717,214.75,859,859,859,102699.71428571428,320.4679614028745,30,20,252.30206763586645
127,0,0,50637,0.0,60,0,0,0.0,0,0,0.0,0.0,0,0.0,7.0019764669936375,0,0.0,0,0.0,0.0,0.0,0,0,0,0.0,0.0,0,20,0.0
8192,2170729,1207918,3389,310104.1429,172,953547,2170729,3.685397855,1128,1128,141.0,141.0,661,155052.0714,6.910120978,1173,169.3125,64,225.8571429,180.6,225.8571429,1173,1581,1581,100953.1625,317.731274,64,20,222.6233206
255,342,320,443,171.0,60,320,342,8771.929825,77,77,25.66666667,25.66666667,46,171.0,8771.929825,46,30.75,22,0.0,41.0,0.0,0,0,0,470.25,21.68524844,22,20,23.45918441
-1,0,0,53,0.0,8,2414,2414,414.2502071,30,30,30.0,30.0,30,2414.0,828.5004143,132,64.0,0,132.0,96.0,132.0,132,132,132,3468.0,58.88972746,2414,8,0.0
-1,0,0,53,0.0,8,2591,2591,385.9513701274,51,51,51.0,51.0,51,2591.0,771.9027402547,161,87.6666666667,0,161.0,131.5,161.0,161,161,161,4033.3333333333,63.5085296109,2591,8,0.0
256,0,0,443,0.0,20,21,21,47619.04761904762,0,0,0.0,0.0,0,21.0,95238.09523809524,0,0.0,0,0.0,0.0,0.0,0,0,0,0.0,0.0,21,20,0.0
8192,1701638,1135694,3389,243091.1429,172,953280,1701638,4.701352462,1144,1144,143.0,143.0,677,121545.5714,8.815035865,1173,170.3125,38,225.8571429,181.6666667,225.8571429,1173,1581,1581,102018.0958,319.4027173,38,20,227.9699228
8192,1402031,1076383,3389,200290.1429,168,968795,1402031,5.706007927,1132,1132,141.5,141.5,661,100145.0714,10.69876486,1173,169.5625,41,225.8571429,180.8666667,225.8571429,1173,1581,1581,100973.1958,317.7627981,41,20,222.7920235
8192,3936623,1278602,3389,302817.153846154,292,953234,3936623,3.5563476614,1441,1441,102.9285714286,102.9285714286,725,187458.238095238,5.5885463251,1179,137.9130434783,28613,216.375,144.1818181818,216.375,1179,1731,1731,77782.2648221344,278.894719961,97,20,191.1489408352
123,34,33,54450,17.0,60,22,34,88235.29411764706,77,77,25.666666666666664,25.666666666666668,46,11.333333333333332,117647.0588235294,46,24.6,1,0.0,30.75,0.0,0,0,0,541.8,23.276597689524987,1,20,23.45918441321721
176,0,0,52685,0.0,20,30,30,33333.33333,0,0,0.0,0.0,0,30.0,66666.66667,0,0.0,0,0.0,0.0,0.0,0,0,0,0.0,0.0,30,20,0.0
278,81,81,80,81.0,40,81,81,24691.3580246914,0,0,0.0,0.0,0,81.0,24691.3580246914,0,0.0,81,0.0,0.0,0.0,0,0,0,0.0,0.0,81,20,0.0
-1,0,0,53,0.0,8,319,319,3134.7962382445,38,38,38.0,38.0,38,319.0,6269.592476489,70,48.6666666667,0,70.0,73.0,70.0,70,70,70,341.3333333333,18.4752086141,319,8,0.0
8192,4180546,2509852,3389,522568.25,192,2509852,4180546,2.152828841017417,1148,1148,127.55555555555556,127.55555555555556,677,278703.06666666665,3.827251272919853,1173,160.5294117647059,4,225.8571428571429,170.5625,225.8571428571429,1173,1581,1581,97371.51470588232,312.04409096453395,4,20,218.69105555046775
64240,3748554,1313131,3389,468569.25,192,953255,3748554,2.4009257969873183,1075,1075,119.44444444444444,119.44444444444444,565,220503.17647058825,4.801851593974637,1149,132.78947368421055,4,160.88888888888889,140.16666666666666,160.88888888888889,1149,1448,1448,78227.73099415202,279.6922076035584,4,20,180.8750335944068
8192,281776,86329,443,31308.44444444444,212,85156,281776,35.48918289705298,547,547,54.7,54.7,196,16575.058823529416,63.88052921469536,1460,308.2631578947368,16,663.75,325.3888888888889,663.75,1460,5310,5310,284284.76023391815,533.183608369498,5,20,83.64481786432172
-1,0,0,53,0.0,8,247,247,4048.582995951417,33,33,33.0,33.0,33,247.0,8097.165991902834,97,54.33333333333333,0,97.0,81.5,97.0,97,97,97,1365.3333333333333,36.95041722813605,247,8,0.0
8192,115196945,10015404,443,6062997.105263159,412,10004229,115196945,0.1736157152431429,1216,1216,60.79999999999998,60.8,886,3113430.9459459456,0.3298698589619716,1460,144.94871794871793,14,246.5,148.76315789473685,246.5,1460,4437,4437,135155.68151147096,367.6352560779107,1,20,199.8300857175784
8192,5361654,5234674,443,765950.5714285715,172,5234674,5361654,1.4920768852298192,355,355,44.375,44.375,198,412434.9230769231,2.611134549152184,1460,277.33333333333337,30,634.1666666666666,297.1428571428572,634.1666666666666,1460,3805,3805,258944.8095238096,508.8662000209972,1,20,75.86442324492894
256,26,26,62113,26.0,40,26,26,76923.07692307692,0,0,0.0,0.0,0,26.0,76923.07692307692,0,0.0,26,0.0,0.0,0.0,0,0,0,0.0,0.0,26,20,0.0
-1,109315983,13234381,0,1792065.295081967,0,13234381,109315983,0.5671631750317792,0,0,0.0,0.0,0,1792065.295081967,0.5671631750317792,0,0.0,405163,0.0,0.0,0.0,0,0,0,0.0,0.0,405163,0,0.0
8192,116919309,58139595,443,8993793.0,304,58139595,116919309,0.1197407008281241,588,588,41.99999999999999,42.0,188,4496896.5,0.2309284944542393,1430,144.3214285714286,166,265.61538461538464,149.66666666666666,265.61538461538464,1430,3453,3453,136493.18915343913,369.4498466009143,1,20,65.809749102417
8192,283640,283437,445,141820.0,68,283378,283640,10.576787477083627,0,0,0.0,0.0,0,94546.66666666666,14.10238330277817,0,0.0,203,0.0,0.0,0.0,0,0,0,0.0,0.0,59,20,0.0
237,4308979,4232539,45400,1077244.75,168,4232534,4308979,1.160367688,935,935,187.0,187.0,935,615568.4286,1.856588301,935,146.1111111,67,126.6666667,164.375,126.6666667,380,380,380,103311.1111,321.4204585,5,32,418.1447118
-1,0,0,53,0.0,8,234,234,4273.5042735043,31,31,31.0,31.0,31,234.0,8547.0085470086,146,69.3333333333,0,146.0,104.0,146.0,146,146,146,4408.3333333333,66.3952809568,234,8,0.0
-1,0,0,53,0.0,8,900,900,1111.111111111111,39,39,39.0,39.0,39,900.0,2222.222222222222,126,68.0,0,126.0,102.0,126.0,126,126,126,2523.0,50.22947341949744,900,8,0.0
8192,300243,94850,443,42891.857142857145,172,94518,300243,26.645084148506378,518,518,64.75,64.75,200,25020.25,43.29826174132286,1430,237.6428571428572,30,561.8,255.92307692307693,561.8,1430,2809,2809,201629.93956043955,449.0322255255624,10,20,87.59117698555195
8192,2566791,1159653,3389,320848.875,192,953187,2566791,3.506323654711272,1144,1144,127.11111111111111,127.11111111111111,677,171119.4,6.2334642750422615,1173,160.2941176470588,41,225.8571428571429,170.3125,225.8571428571429,1173,1581,1581,97348.2205882353,312.0067636898843,41,20,218.5088353159
-1,0,0,53,0.0,8,305,305,3278.688524590164,28,28,28.0,28.0,28,305.0,6557.377049180328,76,44.0,0,76.0,66.0,76.0,76,76,76,768.0,27.712812921102035,305,8,0.0
255,223,206,443,111.5,60,206,223,13452.91479820628,77,77,25.666666666666664,25.666666666666668,46,111.5,13452.91479820628,46,30.75,17,0.0,41.0,0.0,0,0,0,470.25,21.68524844220144,17,20,23.45918441321721
8192,1688048,1131432,3389,241149.7143,172,953208,1688048,4.739201729,1128,1128,141.0,141.0,661,120574.8571,8.886003242,1173,169.3125,4,225.8571429,180.6,225.8571429,1173,1581,1581,100953.1625,317.731274,4,20,222.6233206
987,71,67,53654,35.5,60,38,71,42253.52112676056,31,31,10.333333333333332,10.333333333333334,31,23.666666666666668,56338.02816901408,31,6.2,4,0.0,7.75,0.0,0,0,0,192.2,13.863621460498695,4,20,17.8978583448784
8192,8388,8130,80,4194.0,72,8130,8759,342.5048521520722,161,161,53.66666666666666,53.66666666666666,161,1459.8333333333333,799.1779883548351,488,81.125,258,122.0,92.71428571428572,122.0,488,488,488,30202.125,173.78758586274222,31,20,92.95339333952974
-1,0,0,53,0.0,8,348,348,2873.563218,31,31,31.0,31.0,31,348.0,5747.126437,63,41.66666667,0,63.0,62.5,63.0,63,63,63,341.3333333,18.47520861,348,8,0.0
8192,119000000,10100000,80,7007604.059,372,10000000,119129269,0.151096369,875,875,48.61111111,48.61111111,432,3609977.848,0.285404253,706,65.34285714,145,88.25,67.26470588,88.25,706,1412,1412,35902.70252,189.4800848,28,20,139.4789206
-1,0,0,53,0.0,8,354,354,2824.8587570622,42,42,42.0,42.0,42,354.0,5649.7175141243,58,47.3333333333,0,58.0,71.0,58.0,58,58,58,85.3333333333,9.237604307,354,8,0.0
-1,0,0,53,0.0,8,23822,23822,41.9780035261523,30,30,30.0,30.0,30,23822.0,83.9560070523046,119,59.66666666666667,0,119.0,89.5,119.0,119,119,119,2640.333333333333,51.3841739578767,23822,8,0.0
8192,4500321,1276451,3389,500035.6666666667,212,953137,4500321,2.222063715010552,1095,1095,109.5,109.5,581,250017.8333333333,4.221921058520048,1149,127.15000000000002,4,160.88888888888889,133.8421052631579,160.88888888888889,1149,1448,1448,75777.71315789474,275.2775202552776,4,20,179.57310489045958
279,54609337,54609337,80,54609337.0,40,54609337,54609337,0.0366237737,0,0,0.0,0.0,0,54609337.0,0.0366237737,0,0.0,54609337,0.0,0.0,0.0,0,0,0,0.0,0.0,54609337,20,0.0
-1,0,0,53,0.0,8,223,223,4484.3049327354,53,53,53.0,53.0,53,223.0,8968.6098654709,85,63.6666666667,0,85.0,95.5,85.0,85,85,85,341.3333333333,18.4752086141,223,8,0.0
8192,5344199,3094345,3389,593799.888888889,224,3002697,5344199,1.8711878056936129,1213,1213,121.3,121.3,661,281273.6315789474,3.7423756113872257,1173,147.00000000000003,192,187.4,154.35,187.4,1173,1874,1874,80612.5,283.9234051641393,29,20,201.67743772888647
31,62,62,51649,62.0,40,62,62,32258.06451612903,0,0,0.0,0.0,0,62.0,32258.06451612903,0,0.0,62,0.0,0.0,0.0,0,0,0,0.0,0.0,62,20,0.0
-1,0,0,53,0.0,8,336,336,2976.1904761905,36,36,36.0,36.0,36,336.0,5952.380952381,68,46.6666666667,0,68.0,70.0,68.0,68,68,68,341.3333333333,18.4752086141,336,8,0.0
-1,0,0,53,0.0,8,369,369,2710.027100271,36,36,36.0,36.0,36,369.0,5420.054200542,52,41.3333333333,0,52.0,62.0,52.0,52,52,52,85.3333333333,9.237604307,369,8,0.0
8192,24100,12080,80,8033.333333333333,92,11680,24118,165.85123144539347,427,427,106.75,106.75,427,3014.75,373.1652707521353,1460,269.4,292,453.4,299.3333333333333,453.4,1460,2267,2267,248823.82222222225,498.8224355642218,17,20,213.5
8192,5747002,5376406,3389,718375.2499999999,192,5320576,5747002,1.566033907766171,424,424,47.11111111111111,47.11111111111112,131,442077.07692307694,2.4360527454140435,145,41.66666666666666,3,40.2,44.642857142857146,40.2,145,201,201,2325.6666666666665,48.225166320777646,3,20,44.54055580155136
256,120,102,443,60.0,60,102,120,25000.0,31,31,10.333333333333332,10.333333333333334,31,60.0,25000.0,31,7.75,18,0.0,10.333333333333334,0.0,0,0,0,240.25000000000003,15.500000000000002,18,20,17.8978583448784
-1,0,0,53,0.0,8,1798,1798,556.1735261401558,35,35,35.0,35.0,35,1798.0,1112.3470522803116,83,51.0,0,83.0,76.5,83.0,83,83,83,768.0,27.712812921102035,1798,8,0.0
172,0,0,49876,0.0,20,17,17,58823.52941176471,0,0,0.0,0.0,0,17.0,117647.0588235294,0,0.0,0,0.0,0.0,0.0,0,0,0,0.0,0.0,17,20,0.0
-1,0,0,53,0.0,8,321,321,3115.264798,43,43,43.0,43.0,43,321.0,6230.529595,59,48.33333333,0,59.0,72.5,59.0,59,59,59,85.33333333,9.237604307,321,8,0.0
-1,0,0,53,0.0,8,938,938,1066.098081023454,29,29,29.0,29.0,29,938.0,2132.1961620469083,45,34.333333333333336,0,45.0,51.5,45.0,45,45,45,85.33333333333333,9.237604307034012,938,8,0.0
256,211,191,443,105.5,60,191,211,14218.009478672986,77,77,25.666666666666664,25.666666666666668,46,105.5,14218.009478672986,46,30.75,20,0.0,41.0,0.0,0,0,0,470.25,21.68524844220144,20,20,23.45918441321721
62562,85800000,85800000,25091,85800000.0,40,85800000,85840548,0.023299012,0,0,0.0,0.0,0,85800000.0,0.023299012,0,0.0,85800000,0.0,0.0,0.0,0,0,0,0.0,0.0,85800000,20,0.0
66,0,0,50891,0.0,20,48,48,20833.3333333333,0,0,0.0,0.0,0,48.0,41666.6666666667,0,0.0,0,0.0,0.0,0.0,0,0,0,0.0,0.0,48,20,0.0
65535,24699433,8658514,135,1176163.47619048,456,8658514,24699433,0.8907087057,400,400,18.1818181818,18.1818181818,116,726453.911764706,1.4170365773,232,67.3333333333,85,155.6923076923,69.2571428571,155.6923076923,232,2024,2024,8926.6285714286,94.4808370593,67,20,33.5738508843
256,128,128,80,128.0,40,128,128,15625.0,0,0,0.0,0.0,0,128.0,15625.0,0,0.0,128,0.0,0.0,0.0,0,0,0,0.0,0.0,128,20,0.0
8192,2827521,951637,29508,314169.0,224,951637,2861359,3.4948428351702807,1731,1731,173.1,173.1,1179,130061.77272727276,8.038138520891646,1179,134.29166666666669,34,114.76923076923076,140.1304347826087,114.76923076923076,773,1492,1492,77740.21557971011,278.8193242580401,34,20,369.04093419444825
-1,0,0,53,0.0,8,1242,1242,805.1529791,40,40,40.0,40.0,40,1242.0,1610.305958,125,68.33333333,0,125.0,102.5,125.0,125,125,125,2408.333333,49.07477288,1242,8,0.0
8192,3368924,1527240,3389,421115.5,192,1527240,3368924,2.671476115222546,1148,1148,127.55555555555556,127.55555555555556,677,224594.93333333332,4.749290871506749,1173,160.5294117647059,3,225.8571428571429,170.5625,225.8571428571429,1173,1581,1581,97371.51470588232,312.04409096453395,3,20,218.69105555046775
-1,0,0,53,0.0,8,1067,1067,937.207122774133,36,36,36.0,36.0,36,1067.0,1874.414245548266,104,58.66666666666667,0,104.0,88.0,104.0,104,104,104,1541.3333333333337,39.25981830489455,1067,8,0.0
-1,0,0,53,0.0,8,311,311,3215.434083601286,38,38,38.0,38.0,38,311.0,6430.868167202572,70,48.66666666666666,0,70.0,73.0,70.0,70,70,70,341.3333333333333,18.475208614068023,311,8,0.0
8192,409,273,80,204.5,72,210,827,3627.569528415961,161,161,53.66666666666666,53.66666666666666,161,137.83333333333334,8464.328899637243,488,81.125,136,122.0,92.71428571428572,122.0,488,488,488,30202.125,173.78758586274222,52,20,92.95339333952974
64208,169,169,64611,169.0,40,169,169,11834.31952662722,0,0,0.0,0.0,0,169.0,11834.31952662722,0,0.0,169,0.0,0.0,0.0,0,0,0,0.0,0.0,169,20,0.0
-1,112640664,56320377,0,56320332.0,0,56320377,112640664,0.0266333657,0,0,0.0,0.0,0,56320332.0,0.0266333657,0,0.0,56320287,0.0,0.0,0.0,0,0,0,0.0,0.0,56320287,0,0.0
253,160,160,443,160.0,40,160,160,12499.999999999998,0,0,0.0,0.0,0,160.0,12499.999999999998,0,0.0,160,0.0,0.0,0.0,0,0,0,0.0,0.0,160,20,0.0
8192,115855440,10156442,443,1838975.238095238,1292,10156442,115855440,0.5524125582708934,809,809,12.640624999999998,12.640625,444,669684.6242774569,1.5018716427989915,1460,802.3771428571428,17,1269.154545454545,806.9885057471264,1269.1545454545455,1460,139607,139607,518581.914417077,720.1263183755174,0,20,62.05050866028413
-1,0,0,53,0.0,8,1838,1838,544.0696409,38,38,38.0,38.0,38,1838.0,1088.139282,90,55.33333333,0,90.0,83.0,90.0,90,90,90,901.3333333,30.022214,1838,8,0.0
-1,0,0,53,0.0,8,1024,1024,976.5625,32,32,32.0,32.0,32,1024.0,1953.125,76,46.6666666667,0,76.0,70.0,76.0,76,76,76,645.3333333333,25.4034118443,1024,8,0.0
-1,115261561,5024964,0,5011372.21739131,0,5024964,115261561,0.2082220629,0,0,0.0,0.0,0,5011372.21739131,0.2082220629,0,0.0,4990728,0.0,0.0,0.0,0,0,0,0.0,0.0,4990728,0,0.0
8192,2196537,1095495,3389,274567.125,192,937567,2196537,4.097358705999489,1148,1148,127.55555555555556,127.55555555555556,677,146435.8,7.284193255110202,1173,160.5294117647059,43,225.8571428571429,170.5625,225.8571428571429,1173,1581,1581,97371.51470588232,312.04409096453395,43,20,218.69105555046775
253,369,369,80,369.0,40,369,369,5420.054200542005,0,0,0.0,0.0,0,369.0,5420.054200542005,0,0.0,369,0.0,0.0,0.0,0,0,0,0.0,0.0,369,20,0.0
8192,24016,11956,80,8005.3333333333,92,11754,24038,166.4031949413,427,427,106.75,106.75,427,3004.75,374.407188618,1460,269.3,254,453.2,299.2222222222,453.2,1460,2266,2266,248704.455555556,498.702772757,15,20,213.5
-1,0,0,53,0.0,8,348,348,2873.5632183908,69,69,69.0,69.0,69,348.0,5747.1264367816,117,85.0,0,117.0,127.5,117.0,117,117,117,768.0,27.7128129211,348,8,0.0
-1,0,0,53,0.0,8,2094,2094,477.5549188156638,42,42,42.0,42.0,42,2094.0,955.1098376313277,102,62.0,0,102.0,93.0,102.0,102,102,102,1200.0,34.64101615137755,2094,8,0.0
8192,61016387,10015368,443,4358313.35714286,312,10003920,61016387,0.2458355982,1718,1718,114.5333333333,114.5333333333,1394,2179156.67857143,0.4752821566,1460,166.9666666667,273,235.0714285714,172.724137931,235.0714285714,1460,3291,3291,189399.61954023,435.2006658316,0,20,358.4902602117
-1,0,0,53,0.0,8,445,445,2247.191011236,42,42,42.0,42.0,42,445.0,4494.3820224719,58,47.3333333333,0,58.0,71.0,58.0,58,58,58,85.3333333333,9.237604307,445,8,0.0
-1,0,0,53,0.0,8,19025,19025,52.56241787122208,39,39,39.0,39.0,39,19025.0,105.12483574244416,95,57.66666666666667,0,95.0,86.5,95.0,95,95,95,1045.3333333333337,32.331615074619044,19025,8,0.0
-1,0,0,53,0.0,8,323,323,3095.9752321981423,36,36,36.0,36.0,36,323.0,6191.950464396285,68,46.66666666666666,0,68.0,70.0,68.0,68,68,68,341.3333333333333,18.475208614068023,323,8,0.0
8192,2228004,920045,445,557001.0,112,920000,2228071,2.244093657697623,373,373,74.6,74.6,140,278508.875,4.039368583855721,140,54.5,12228,43.0,60.55555555555556,43.0,133,172,172,4121.388888888889,64.19804427619964,45,20,70.2837107728384
31,5441,5441,53629,5441.0,40,5396,5441,367.5794890645,38,38,19.0,19.0,38,2720.5,551.3692335968,38,19.0,5441,0.0,25.3333333333,0.0,0,0,0,481.3333333333,21.9393102292,45,20,26.8700576851
8192,2189024,1212465,3389,312717.7143,172,953099,2189024,3.654596752,1128,1128,141.0,141.0,661,156358.8571,6.85236891,1173,169.3125,5,225.8571429,180.6,225.8571429,1173,1581,1581,100953.1625,317.731274,5,20,222.6233206
278,94,94,80,94.0,40,94,94,21276.595744680853,0,0,0.0,0.0,0,94.0,21276.595744680853,0,0.0,94,0.0,0.0,0.0,0,0,0,0.0,0.0,94,20,0.0
946,0,0,50105,0.0,40,0,0,0.0,31,31,15.5,15.5,31,0.0,921.6589861751152,31,20.666666666666664,0,0.0,31.0,0.0,0,0,0,320.33333333333337,17.8978583448784,0,20,21.920310216782973
-1,0,0,53,0.0,8,1637,1637,610.8735491753,45,45,45.0,45.0,45,1637.0,1221.7470983507,86,58.6666666667,0,86.0,88.0,86.0,86,86,86,560.3333333333,23.6713610368,1637,8,0.0
-1,0,0,53,0.0,8,1017,1017,983.2841691248772,35,35,35.0,35.0,35,1017.0,1966.5683382497543,87,52.33333333333333,0,87.0,78.5,87.0,87,87,87,901.3333333333331,30.02221399786054,1017,8,0.0
64240,2462955,1244868,3389,351850.714285714,172,953091,2462955,3.2481308022,1128,1128,141.0,141.0,661,175925.357142857,6.0902452542,1173,169.3125,4,225.8571428571,180.6,225.8571428571,1173,1581,1581,100953.1625,317.7312740352,4,20,222.62332056
-1,0,0,53,0.0,8,405,405,2469.1358024691,35,35,35.0,35.0,35,405.0,4938.2716049383,131,67.0,0,131.0,100.5,131.0,131,131,131,3072.0,55.4256258422,405,8,0.0
8192,3759206,1137620,3389,341746.0,252,951704,3759206,3.1921634515373727,2111,2111,175.91666666666666,175.91666666666666,677,156633.58333333334,6.650340524036193,1173,243.4999999999999,3,324.6153846153846,253.24,324.61538461538464,1173,4220,4220,151922.41999999998,389.7722668430888,3,20,245.61664821177715
8192,859649,287054,445,214912.25,112,286857,859710,5.815914668899978,286,286,57.2,57.2,103,107463.75,10.46864640401996,131,45.6,40,42.5,50.66666666666666,42.5,131,170,170,2807.3777777777777,52.98469380658699,32,20,52.48523601928451
-1,60561,60561,53,60561.0,16,48434,61030,32.77076847452073,90,90,45.0,45.0,45,20343.333333333336,65.54153694904146,106,69.4,60561,106.0,86.75,106.0,106,212,212,1116.3,33.41107600781513,469,8,0.0
8192,9014840,6015462,443,4507420.0,92,6015462,9014840,0.3327846084900009,0,0,0.0,0.0,0,4507420.0,0.3327846084900009,0,0.0,2999378,0.0,0.0,0.0,0,0,0,0.0,0.0,2999378,28,0.0
8192,238530,135993,80,59632.5,112,135993,238530,20.9617238922,512,512,102.4,102.4,512,34075.7142857143,33.5387582275,512,90.0,3218,99.3333333333,101.25,99.3333333333,298,298,298,34756.0,186.4296113819,30,20,228.973360896
8192,758943,258264,445,189735.75,112,258170,758981,6.587780195,286,286,57.2,57.2,103,94872.625,11.85800435,131,45.6,5563,42.5,50.66666667,42.5,131,170,170,2807.377778,52.98469381,38,20,52.48523602
62563,86186586,86186586,19104,86186586.0,40,86186586,86186586,0.0232054673,0,0,0.0,0.0,0,86186586.0,0.0232054673,0,0.0,86186586,0.0,0.0,0.0,0,0,0,0.0,0.0,86186586,20,0.0
-1,0,0,53,0.0,8,313,313,3194.8881789137376,43,43,43.0,43.0,43,313.0,6389.776357827475,59,48.333333333333336,0,59.0,72.5,59.0,59,59,59,85.33333333333333,9.237604307034012,313,8,0.0
-1,37382,37382,53,37382.0,16,36768,37769,52.95348036749716,60,60,30.0,30.0,30,12589.666666666668,105.90696073499431,122,66.8,37382,122.0,83.5,122.0,122,244,244,2539.2000000000003,50.39047529047529,387,8,0.0
8192,2217630,1163702,3389,277203.75,192,953148,2217630,4.058386656024674,1148,1148,127.55555555555556,127.55555555555556,677,147842.0,7.214909610710532,1173,160.5294117647059,5,225.8571428571429,170.5625,225.8571428571429,1173,1581,1581,97371.51470588232,312.04409096453395,5,20,218.69105555046775
258,51507052,51351219,443,25753526.0,60,51351219,51507052,0.0582444517,46,46,15.3333333333,15.3333333333,46,17169017.3333333,0.0776592689,46,27.6,155833,46.0,34.5,46.0,46,46,46,634.8,25.1952376452,60757,20,26.5581123827
-1,26795,26795,53,26795.0,16,73193,99989,20.002200242026625,104,104,52.0,52.0,52,33329.66666666667,40.00440048405325,112,76.0,26795,112.0,95.0,112.0,112,224,224,1080.0,32.863353450309965,1,8,0.0
8192,60406540,10078103,443,5033878.333333333,272,10049789,60406540,0.2152084857037003,1209,1209,93.0,93.0,874,2416261.6,0.4304169714074006,1460,170.5555555555555,261,261.2307692307692,177.1153846153846,261.2307692307692,1460,3396,3396,168610.48717948716,410.6220734196923,1,20,243.05966345734947
8192,56921,56637,80,18973.6666666667,92,5322629,5379550,0.7435566172,97,97,24.25,24.25,97,768507.142857143,1.4871132344,231,36.4444444444,105,57.75,41.0,57.75,231,231,231,6352.0277777778,79.6996096463,42,20,48.5
8192,24192,23898,80,12096.0,72,23849,48262,62.1607061456,436,436,145.3333333333,145.3333333333,436,8043.6666666667,145.0416476731,859,161.875,294,214.75,185.0,214.75,859,859,859,102621.267857143,320.3455444628,1,20,251.7247173667
8192,186879,109739,445,46719.75,112,109739,186879,26.7552801545,53,53,10.6,10.6,53,31146.5,37.4573922164,131,23.0,1177,65.5,26.2857142857,65.5,131,131,131,2248.2857142857,47.4160913012,58,20,23.7023205615
8192,1339514,334993,445,267902.8,132,334871,1339589,4.4789857188,455,455,75.8333333333,75.8333333333,140,133958.9,8.2114738177,145,66.0833333333,85,67.6,72.0909090909,67.6,145,338,338,4019.9015151515,63.40269328,69,20,62.9362110924
-1,0,0,53,0.0,8,318,318,3144.6540880503,48,48,48.0,48.0,48,318.0,6289.3081761006,64,53.3333333333,0,64.0,80.0,64.0,64,64,64,85.3333333333,9.237604307,318,8,0.0
181,305869,305869,50998,305869.0,40,305869,305869,6.5387469799,0,0,0.0,0.0,0,305869.0,6.5387469799,0,0.0,305869,0.0,0.0,0.0,0,0,0,0.0,0.0,305869,20,0.0
8192,62115,61760,80,20705.0,92,5185515,5247630,0.7622488628,97,97,24.25,24.25,97,749661.428571429,1.5244977256,232,36.5555555556,143,58.0,41.125,58.0,232,232,232,6400.7777777778,80.0048609634,40,20,48.5
-1,0,0,53,0.0,8,12842,12842,77.8694907335,88,88,88.0,88.0,88,12842.0,155.7389814671,170,115.3333333333,0,170.0,173.0,170.0,170,170,170,2241.3333333333,47.3427220735,12842,8,0.0
8192,454,336,80,227.0,72,314,872,3440.366972477064,148,148,49.333333333333336,49.333333333333336,148,145.33333333333331,8027.522935779816,243,48.875,118,60.75,55.85714285714285,60.75,243,243,243,8834.69642857143,93.99306585366512,1,20,85.44783984006462
946,39,38,53155,19.5,60,38,39,76923.07692307692,31,31,10.333333333333332,10.333333333333334,31,19.5,76923.07692307692,31,7.75,1,0.0,10.333333333333334,0.0,0,0,0,240.25000000000003,15.500000000000002,1,20,17.8978583448784
1024,0,0,2717,0.0,24,2,2,500000.0,0,0,0.0,0.0,0,2.0,1000000.0,0,0.0,0,0.0,0.0,0.0,0,0,0,0.0,0.0,2,24,0.0
8192,375270,243352,443,62545.0,152,1998914,2374184,2.948381423,329,329,47.0,47.0,203,139657.8824,7.58155223,1460,335.8421053,320,550.1818182,354.5,550.1818182,1460,6052,6052,327376.5848,572.1683186,0,20,83.28865469
251,256,239,443,128.0,60,239,256,11718.75,77,77,25.666666666666664,25.666666666666668,46,128.0,11718.75,46,30.75,17,0.0,41.0,0.0,0,0,0,470.25,21.68524844220144,17,20,23.45918441321721
237,4973190,4924251,50186,1243297.5,168,4924242,4973190,1.005390906,935,935,187.0,187.0,935,710455.7143,1.60862545,935,140.4444444,26,109.6666667,158.0,109.6666667,329,329,329,100618.0278,317.2034486,9,32,418.1447118
-1,0,0,53,0.0,8,303,303,3300.3300330033003,42,42,42.0,42.0,42,303.0,6600.660066006601,58,47.333333333333336,0,58.0,71.0,58.0,58,58,58,85.33333333333333,9.237604307034012,303,8,0.0
-1,0,0,53,0.0,8,1066,1066,938.0863039399624,40,40,40.0,40.0,40,1066.0,1876.1726078799247,139,73.0,0,139.0,109.5,139.0,139,139,139,3267.0,57.15767664977295,1066,8,0.0
-1,0,0,53,0.0,8,705,705,1418.4397163120568,32,32,32.0,32.0,32,705.0,2836.8794326241136,128,64.0,0,128.0,96.0,128.0,128,128,128,3072.0,55.42562584220407,705,8,0.0
8192,297652,297628,445,148826.0,72,297554,297652,10.078884065956217,0,0,0.0,0.0,0,99217.33333333334,13.43851208794162,0,0.0,24,0.0,0.0,0.0,0,0,0,0.0,0.0,24,20,0.0
-1,106626,106626,53,106626.0,16,106371,119355,16.75673411,84,84,42.0,42.0,43,39785.0,33.51346823,105,65.8,106626,102.0,82.25,102.0,105,204,204,1097.2,33.12400942,255,8,1.414213562
8192,124053,31087,445,24810.6,132,30989,124083,48.3547303015,455,455,75.8333333333,75.8333333333,140,12408.3,88.6503388861,145,66.0833333333,63,67.6,72.0909090909,67.6,145,338,338,4019.9015151515,63.40269328,30,20,62.9362110924
65535,1975,1749,60488,493.75,124,1406,1975,2531.64557,935,935,187.0,187.0,935,329.1666667,3544.303797,935,155.75,6,155.5,178.0,155.5,311,311,311,110983.0714,333.1412184,6,20,418.1447118
219,5423738,5341955,48528,1355934.5,168,5341948,5423738,0.921873439,935,935,187.0,187.0,935,774819.7143,1.474997502,935,143.8888889,26,120.0,161.875,120.0,360,360,360,102186.1111,319.6656239,7,32,418.1447118
62564,86339487,86339487,34202,86339487.0,40,86339487,86339487,0.0231643721,0,0,0.0,0.0,0,86339487.0,0.0231643721,0,0.0,86339487,0.0,0.0,0.0,0,0,0,0.0,0.0,86339487,20,0.0
-1,30381,30381,53,30381.0,16,120291,150673,13.273778314628368,78,78,39.0,39.0,39,50224.33333333333,26.547556629256736,55,45.4,30381,55.0,56.75,55.0,55,110,110,76.8,8.763560920082657,1,8,0.0
279,52796039,52796039,80,52796039.0,40,52796039,52796039,0.0378816297,0,0,0.0,0.0,0,52796039.0,0.0378816297,0,0.0,52796039,0.0,0.0,0.0,0,0,0,0.0,0.0,52796039,20,0.0
8192,3982233,1201804,3389,306325.615384615,292,953190,3982233,3.5156154851,1440,1440,102.8571428571,102.8571428571,725,189630.142857143,5.5245386194,1179,137.8695652174,4,216.375,144.1363636364,216.375,1179,1731,1731,77790.8458498024,278.9101035276,4,20,191.1728405006
0,1,1,52335,1.0,40,1,1,2000000.0,0,0,0.0,0.0,0,1.0,2000000.0,0,0.0,1,0.0,0.0,0.0,0,0,0,0.0,0.0,1,20,0.0
1013,1,1,50095,0.5,60,1,1,3000000.0,31,31,10.333333333333332,10.333333333333334,31,0.5,3000000.0,31,7.75,0,0.0,10.333333333333334,0.0,0,0,0,240.25000000000003,15.500000000000002,0,20,17.8978583448784
65535,17361,17050,62131,4340.25,124,16722,17361,288.0018432,935,935,187.0,187.0,935,2893.5,403.2025805,935,154.25,4,149.5,176.2857143,149.5,299,299,299,110468.7857,332.3684487,4,20,418.1447118
-1,0,0,53,0.0,8,269,269,3717.472118959108,41,41,41.0,41.0,41,269.0,7434.944237918216,57,46.333333333333336,0,57.0,69.5,57.0,57,57,57,85.33333333333333,9.237604307034012,269,8,0.0
237,4450869,4359159,39214,1112717.25,168,4359152,4450869,1.123376132,935,935,187.0,187.0,935,635838.4286,1.797401811,935,145.4444444,20,124.6666667,163.625,124.6666667,374,374,374,102964.2778,320.8804727,7,32,418.1447118
-1,101258,101258,53,101258.0,16,101258,117504,17.0206971678,78,78,39.0,39.0,39,39168.0,34.0413943355,55,45.4,101258,55.0,56.75,55.0,55,110,110,76.8,8.7635609201,34,8,0.0
63,111,86,51418,55.5,60,86,111,27027.027027027027,31,31,10.333333333333332,10.333333333333334,31,37.0,36036.03603603604,31,6.2,25,0.0,7.75,0.0,0,0,0,192.2,13.863621460498695,10,20,17.8978583448784
8192,92226,91312,445,46113.0,80,91232,92226,32.5287879774,0,0,0.0,0.0,0,30742.0,43.3717173031,0,0.0,914,0.0,0.0,0.0,0,0,0,0.0,0.0,80,20,0.0
278,79,79,80,79.0,40,79,79,25316.4556962025,0,0,0.0,0.0,0,79.0,25316.4556962025,0,0.0,79,0.0,0.0,0.0,0,0,0,0.0,0.0,79,20,0.0
256,129,129,80,129.0,40,129,129,15503.8759689923,0,0,0.0,0.0,0,129.0,15503.8759689923,0,0.0,129,0.0,0.0,0.0,0,0,0,0.0,0.0,129,20,0.0
219,4184359,4081987,57254,1046089.75,168,4071139,4184359,1.194926152,935,935,187.0,187.0,935,523044.875,2.150867074,935,124.6,45,77.75,138.4444444,77.75,311,311,311,90632.71111,301.0526717,6,32,418.1447118
-1,0,0,53,0.0,8,2524,2524,396.1965134707,32,32,32.0,32.0,32,2524.0,792.3930269414,222,95.3333333333,0,222.0,143.0,222.0,222,222,222,12033.3333333333,109.696551146,2524,8,0.0
31,1,1,51672,1.0,40,1,1,2000000.0,0,0,0.0,0.0,0,1.0,2000000.0,0,0.0,1,0.0,0.0,0.0,0,0,0,0.0,0.0,1,20,0.0
8192,2918992,1221072,3389,416998.8571428571,172,1034456,2918992,2.740672122431305,1144,1144,143.0,143.0,677,171705.41176470587,6.166512275470437,1173,143.42105263157893,3,158.1,151.38888888888889,158.1,1173,1581,1581,89086.14619883039,298.4730242397634,3,20,227.96992282817865
65535,677645,225928,445,169411.25,108,225860,677645,7.378494639523644,277,277,55.4,55.4,140,96806.42857142857,11.80559142323783,140,49.888888888888886,3,57.333333333333336,56.125,57.333333333333336,133,172,172,4397.361111111111,66.31260145033606,3,20,75.86698886867727
219,4364283,4310539,60660,1454761.0,136,4310532,4378437,0.913568015,935,935,233.75,233.75,935,547304.625,2.055528034,935,130.2,12415,73.4,144.6666667,73.4,367,367,367,93265.95556,305.3947536,4,32,467.5
-1,0,0,53,0.0,8,18484,18484,54.10084397316598,32,32,32.0,32.0,32,18484.0,108.20168794633196,48,37.333333333333336,0,48.0,56.0,48.0,48,48,48,85.33333333333333,9.237604307034012,18484,8,0.0
176,2372,2372,50215,2372.0,40,2363,2372,843.1703204047218,38,38,19.0,19.0,38,1186.0,1264.7554806070827,38,19.0,2372,0.0,25.33333333333333,0.0,0,0,0,481.3333333333333,21.939310229205777,9,20,26.87005768508881
-1,28347,28347,53,28347.0,16,19797,28619,69.88364373318426,62,62,31.0,31.0,31,9539.666666666668,139.76728746636851,146,77.0,28347,146.0,96.25,146.0,146,292,292,3967.500000000001,62.98809411309411,272,8,0.0
180,0,0,50202,0.0,40,0,0,0.0,0,0,0.0,0.0,0,0.0,169.664065151001,0,0.0,0,0.0,0.0,0.0,0,0,0,0.0,0.0,0,20,0.0
8192,428,299,80,214.0,72,240,781,3841.2291933419,161,161,53.6666666667,53.6666666667,161,130.1666666667,8962.8681177977,488,81.125,129,122.0,92.7142857143,122.0,488,488,488,30202.125,173.7875858627,27,20,92.9533933395
-1,0,0,53,0.0,8,251,251,3984.0637450199206,42,42,42.0,42.0,42,251.0,7968.127490039841,58,47.333333333333336,0,58.0,71.0,58.0,58,58,58,85.33333333333333,9.237604307034012,251,8,0.0
-1,0,0,53,0.0,8,346,346,2890.17341,58,58,58.0,58.0,58,346.0,5780.346821,74,63.33333333,0,74.0,95.0,74.0,74,74,74,85.33333333,9.237604307,346,8,0.0
-1,0,0,53,0.0,8,1719,1719,581.7335660268,30,30,30.0,30.0,30,1719.0,1163.4671320535,132,64.0,0,132.0,96.0,132.0,132,132,132,3468.0,58.8897274573,1719,8,0.0
8192,1784415,1149781,3389,254916.42857142855,172,953149,1784415,4.483262021446804,1148,1148,143.5,143.5,677,127458.21428571428,8.406116290212758,1173,170.56250000000003,69,225.8571428571429,181.9333333333333,225.8571428571429,1173,1581,1581,102037.59583333335,319.4332415909987,69,20,228.12966237897004
255,28835764,28688906,443,14417882.0,60,28688906,28835764,0.1040374724,46,46,15.3333333333,15.3333333333,46,9611921.33333333,0.1387166298,46,27.6,146858,46.0,34.5,46.0,46,46,46,634.8,25.1952376452,49918,20,26.5581123827
-1,111124815,111124815,138,111124815.0,16,111124815,111124815,0.0179977802,417,417,208.5,208.5,216,111124815.0,0.0179977802,216,211.0,111124815,0.0,316.5,0.0,0,0,0,75.0,8.6602540378,111124815,8,10.6066017178
8192,2120992,1201174,3389,302998.857142857,172,953118,2120992,3.7718199786,1144,1144,143.0,143.0,677,151499.428571429,7.0721624598,1173,170.3125,2,225.8571428571,181.6666666667,225.8571428571,1173,1581,1581,102018.095833333,319.402717323,2,20,227.9699228282
1013,89,53,52314,44.5,60,53,89,33707.86516853933,31,31,10.333333333333332,10.333333333333334,31,29.666666666666668,44943.8202247191,31,6.2,36,0.0,7.75,0.0,0,0,0,192.2,13.863621460498695,16,20,17.8978583448784
-1,0,0,53,0.0,8,18922,18922,52.84853609555015,31,31,31.0,31.0,31,18922.0,105.6970721911003,87,49.66666666666667,0,87.0,74.5,87.0,87,87,87,1045.3333333333337,32.331615074619044,18922,8,0.0
-1,25881,25881,53,25881.0,16,13541,26198,76.34170547370029,94,94,47.0,47.0,47,8732.666666666668,152.68341094740055,134,81.8,25881,134.0,102.25,134.0,134,268,268,2270.7,47.65186250294945,317,8,0.0
255,60415172,59921013,443,15103793.000000002,112,59921013,60415172,0.0827606681315084,148,148,29.6,29.6,74,8630738.857142856,0.1324170690104134,126,66.66666666666667,93462,126.0,75.0,126.0,126,378,378,3007.0,54.83611948342078,26,20,40.53146925538229
8192,121507,66400,80,40502.333333333336,92,3829830,3951337,1.012315578246047,457,457,114.25,114.25,457,564476.7142857143,2.024631156492094,457,73.77777777777777,16537,51.75,83.0,51.75,207,207,207,25338.69444444445,159.18132567749413,18,20,228.50000000000003
-1,0,0,53,0.0,8,434,434,2304.1474654378,40,40,40.0,40.0,40,434.0,4608.2949308756,72,50.6666666667,0,72.0,76.0,72.0,72,72,72,341.3333333333,18.4752086141,434,8,0.0
1129,15678,15678,49776,15678.0,40,15659,15678,127.56729174639622,0,0,0.0,0.0,0,7839.0,191.35093761959436,0,0.0,15678,0.0,0.0,0.0,0,0,0,0.0,0.0,19,20,0.0
128,0,0,443,0.0,20,12419684,29999792,0.0333335644,46,46,46.0,46.0,46,3333310.22222222,0.3333356445,92,69.7272727273,0,75.0,76.7,75.0,92,675,675,672.8181818182,25.9387390175,1,20,0.0
256,117,117,80,117.0,40,117,117,17094.017094017094,0,0,0.0,0.0,0,117.0,17094.017094017094,0,0.0,117,0.0,0.0,0.0,0,0,0,0.0,0.0,117,20,0.0
-1,112639507,56319760,0,56319753.5,0,56319760,112639507,0.0266336393,0,0,0.0,0.0,0,56319753.5,0.0266336393,0,0.0,56319747,0.0,0.0,0.0,0,0,0,0.0,0.0,56319747,0,0.0
-1,0,0,53,0.0,8,254,254,3937.0078740158,45,45,45.0,45.0,45,254.0,7874.0157480315,61,50.3333333333,0,61.0,75.5,61.0,61,61,61,85.3333333333,9.237604307,254,8,0.0
-1,0,0,53,0.0,8,389,389,2570.6940874036,36,36,36.0,36.0,36,389.0,5141.3881748072,68,46.6666666667,0,68.0,70.0,68.0,68,68,68,341.3333333333,18.4752086141,389,8,0.0
255,223,204,443,111.5,60,204,223,13452.91479820628,77,77,25.666666666666664,25.666666666666668,46,111.5,13452.91479820628,46,30.75,19,0.0,41.0,0.0,0,0,0,470.25,21.68524844220144,19,20,23.45918441321721
180,309578,309578,50660,309578.0,40,309578,309578,6.460407393290221,0,0,0.0,0.0,0,309578.0,6.460407393290221,0,0.0,309578,0.0,0.0,0.0,0,0,0,0.0,0.0,309578,20,0.0
-1,0,0,53,0.0,8,18537,18537,53.9461617306,37,37,37.0,37.0,37,18537.0,107.8923234612,69,47.6666666667,0,69.0,71.5,69.0,69,69,69,341.3333333333,18.4752086141,18537,8,0.0
-1,0,0,53,0.0,8,20918,20918,47.80571756382064,39,39,39.0,39.0,39,20918.0,95.61143512764129,127,68.33333333333333,0,127.0,102.5,127.0,127,127,127,2581.333333333333,50.80682368868706,20918,8,0.0
-1,0,0,53,0.0,8,249,249,4016.064257028113,36,36,36.0,36.0,36,249.0,8032.128514056226,52,41.333333333333336,0,52.0,62.0,52.0,52,52,52,85.33333333333333,9.237604307034012,249,8,0.0
-1,26958,26958,53,26958.0,16,26958,49711,40.23254410492648,66,66,33.0,33.0,33,16570.333333333336,80.46508820985295,122,68.6,26958,122.0,85.75,122.0,122,244,244,2376.3,48.74730761795978,0,8,0.0
-1,24968,24968,53,24968.0,16,24968,27295,73.27349331379374,88,88,44.0,44.0,44,9098.333333333332,146.54698662758747,105,68.4,24968,105.0,85.5,105.0,105,210,210,1116.3,33.41107600781513,1,8,0.0
-1,0,0,53,0.0,8,981,981,1019.3679918451,30,30,30.0,30.0,30,981.0,2038.7359836901,100,53.3333333333,0,100.0,80.0,100.0,100,100,100,1633.3333333333,40.4145188433,981,8,0.0
-1,0,0,53,0.0,8,932,932,1072.961373,77,77,77.0,77.0,77,932.0,2145.922747,155,103.0,0,155.0,154.5,155.0,155,155,155,2028.0,45.033321,932,8,0.0
8192,1062015,531237,443,531007.5,92,506032,1087321,2.759074827029001,0,0,0.0,0.0,0,217464.2,5.518149654058002,0,0.0,530778,0.0,0.0,0.0,0,0,0,0.0,0.0,25205,28,0.0
181,0,0,51971,0.0,20,44,44,22727.272727272728,0,0,0.0,0.0,0,44.0,45454.545454545456,0,0.0,0,0.0,0.0,0.0,0,0,0,0.0,0.0,44,20,0.0
255,213,213,50870,213.0,40,213,213,9389.671361502347,0,0,0.0,0.0,0,213.0,9389.671361502347,0,0.0,213,0.0,0.0,0.0,0,0,0,0.0,0.0,213,20,0.0
172,0,0,50720,0.0,20,44,44,22727.2727272727,0,0,0.0,0.0,0,44.0,45454.5454545455,0,0.0,0,0.0,0.0,0.0,0,0,0,0.0,0.0,44,20,0.0
8192,172570,171446,445,86285.0,72,171381,172570,17.384249869618127,0,0,0.0,0.0,0,57523.33333333333,23.1789998261575,0,0.0,1124,0.0,0.0,0.0,0,0,0,0.0,0.0,65,20,0.0
14600,1001298,1001298,3128,1001298.0,80,1001298,1001298,1.9974073652,0,0,0.0,0.0,0,1001298.0,1.9974073652,0,0.0,1001298,0.0,0.0,0.0,0,0,0,0.0,0.0,1001298,40,0.0
65535,17794,17330,49489,4448.5,124,17074,17794,280.9935933,935,935,187.0,187.0,935,2965.666667,393.3910307,935,156.375,4,158.0,178.7142857,158.0,316,316,316,111207.9821,333.4786082,4,20,418.1447118
8192,62080,61708,80,20693.3333333333,92,4943437,5005517,0.7991182529,97,97,24.25,24.25,97,715073.857142857,1.5982365058,231,36.4444444444,107,57.75,41.0,57.75,231,231,231,6352.0277777778,79.6996096463,39,20,48.5
258,332,313,443,166.0,60,313,332,9036.144578313251,77,77,25.666666666666664,25.666666666666668,46,166.0,9036.144578313251,46,30.75,19,0.0,41.0,0.0,0,0,0,470.25,21.68524844220144,19,20,23.45918441321721
-1,0,0,53,0.0,8,283,283,3533.56890459364,40,40,40.0,40.0,40,283.0,7067.137809187279,56,45.333333333333336,0,56.0,68.0,56.0,56,56,56,85.33333333333333,9.237604307034012,283,8,0.0
259,37,37,61099,37.0,40,37,37,54054.05405405405,0,0,0.0,0.0,0,37.0,54054.05405405405,0,0.0,37,0.0,0.0,0.0,0,0,0,0.0,0.0,37,20,0.0
-1,14551,14551,53,14551.0,16,14551,27666,72.29089857586929,86,86,43.0,43.0,43,9222.0,144.58179715173858,99,65.4,14551,99.0,81.75,99.0,99,198,198,940.8,30.672463220289305,26,8,0.0
8192,161978,161676,80,53992.6666666667,92,6207892,6369870,0.6279563005,97,97,24.25,24.25,97,909981.428571429,1.255912601,232,36.5555555556,108,58.0,41.125,58.0,232,232,232,6400.7777777778,80.0048609634,39,20,48.5
8192,4377958,1482902,3389,625422.5714285714,168,951116,4377958,1.8273359406371648,1148,1148,143.5,143.5,677,291863.86666666664,3.6546718812743295,1173,177.76470588235293,3,234.25,188.875,234.25,1173,1874,1874,96542.0661764706,310.7121918696957,3,20,228.12966237897004
256,46,46,50876,46.0,40,46,46,43478.260869565216,0,0,0.0,0.0,0,46.0,43478.260869565216,0,0.0,46,0.0,0.0,0.0,0,0,0,0.0,0.0,46,20,0.0
8192,872929,182569,445,145488.166666667,232,179164,872929,8.0189797796,364,364,52.0,52.0,103,79357.1818181818,13.7468224793,409,72.7692307692,3,116.4,78.8333333333,116.4,409,582,582,11997.5256410256,109.5332170669,3,32,49.2172056636
-1,0,0,53,0.0,8,301,301,3322.2591362126,45,45,45.0,45.0,45,301.0,6644.5182724253,61,50.3333333333,0,61.0,75.5,61.0,61,61,61,85.3333333333,9.237604307,301,8,0.0
-1,0,0,53,0.0,8,302,302,3311.258278145695,31,31,31.0,31.0,31,302.0,6622.51655629139,47,36.333333333333336,0,47.0,54.5,47.0,47,47,47,85.33333333333333,9.237604307034012,302,8,0.0
237,4215049,4107174,44100,1053762.25,168,4107167,4215049,1.18622583,935,935,187.0,187.0,935,602149.8571,1.897961329,935,147.3333333,31,130.3333333,165.75,130.3333333,391,391,391,103967.75,322.4403046,5,32,418.1447118
-1,36913,36913,53,36913.0,16,36913,42567,46.98475345,70,70,35.0,35.0,35,14189.0,93.9695069,82,53.8,36913,82.0,67.25,82.0,82,164,164,662.7,25.7429602,34,8,0.0
279,54144122,54144122,80,54144122.0,40,54144122,54144122,0.0369384510473731,0,0,0.0,0.0,0,54144122.0,0.0369384510473731,0,0.0,54144122,0.0,0.0,0.0,0,0,0,0.0,0.0,54144122,20,0.0
219,3992487,3920624,39612,998121.75,168,3920618,3992487,1.252352231,935,935,187.0,187.0,935,570355.2857,2.003763569,935,145.1111111,31,123.6666667,163.25,123.6666667,371,371,371,102793.8611,320.6148174,6,32,418.1447118
219,4645712,4375492,38492,1161428.0,168,4375486,4645712,1.076261292,935,935,187.0,187.0,935,580714.0,1.937270326,935,162.9,25,173.5,181.0,173.5,347,694,694,94408.76667,307.2600961,6,32,418.1447118
62924,159198,159198,445,159198.0,52,159198,159198,12.562971896631868,1,1,0.5,0.5,1,159198.0,12.562971896631868,1,0.6666666666666667,159198,0.0,1.0,0.0,0,0,0,0.3333333333333333,0.5773502691896257,159198,20,0.7071067811865476
8192,98653,25390,443,14093.2857142857,172,23367,98653,81.0923134623,1634,1634,204.25,204.25,808,7046.6428571429,152.0480877419,1460,401.875,91,685.1428571429,428.6666666667,685.1428571429,1460,4796,4796,287295.716666667,535.9997356965,13,20,297.016954783
-1,0,0,53,0.0,8,15054,15054,66.42752756742394,45,45,45.0,45.0,45,15054.0,132.85505513484787,163,84.33333333333334,0,163.0,126.5,163.0,163,163,163,4641.333333333334,68.12733176437584,15054,8,0.0
8192,21175112,20949194,443,3025016.0,172,20859103,21175112,0.3778020159,708,708,88.5,88.5,388,1411674.13333333,0.7556040318,1460,259.0,65,461.875,275.1875,461.875,1460,3695,3695,234212.125,483.9546724643,1,20,139.3413075868
258,282,263,443,141.0,60,263,282,10638.297872340425,77,77,25.666666666666664,25.666666666666668,46,141.0,10638.297872340425,46,30.75,19,0.0,41.0,0.0,0,0,0,470.25,21.68524844220144,19,20,23.45918441321721
-1,0,0,53,0.0,8,1105,1105,904.9773755656108,39,39,39.0,39.0,39,1105.0,1809.9547511312217,97,58.33333333333333,0,97.0,87.5,97.0,97,97,97,1121.3333333333333,33.48631561299829,1105,8,0.0
-1,0,0,53,0.0,8,439,439,2277.904328018223,35,35,35.0,35.0,35,439.0,4555.808656036446,131,67.0,0,131.0,100.5,131.0,131,131,131,3072.0,55.42562584220407,439,8,0.0
8192,664139,344633,443,94877.0,172,344633,664139,12.045671162211525,350,350,43.75,43.75,193,51087.61538461538,21.07992453387017,1460,236.53333333333336,110,533.0,253.42857142857144,533.0,1460,3198,3198,253796.98095238092,503.7826723423315,9,20,74.42493821677938
-1,0,0,53,0.0,8,12989,12989,76.98822080221726,44,44,44.0,44.0,44,12989.0,153.9764416044345,125,71.0,0,125.0,106.5,125.0,125,125,125,2187.0,46.76537180435969,12989,8,0.0
-1,0,0,53,0.0,8,350,350,2857.1428571428573,42,42,42.0,42.0,42,350.0,5714.285714285715,58,47.333333333333336,0,58.0,71.0,58.0,58,58,58,85.33333333333333,9.237604307034012,350,8,0.0
8192,127341,31972,443,21223.5,152,31349,127341,54.9705122466,622,622,88.8571428571,88.8571428571,289,9095.7857142857,117.7939548142,1460,426.0625,319,774.375,454.4666666667,774.375,1460,6195,6195,329938.595833333,574.4028167004,2,20,120.3999288087
8192,5901465,5878437,443,1180293.0,132,5826795,5901465,1.016696701581726,599,599,99.83333333333331,99.83333333333331,517,655718.3333333334,1.69449450263621,517,68.99999999999999,49,40.0,75.9,40.0,160,160,160,24408.0,156.23059879549845,49,20,205.4511296310309
-1,4648423,4648423,0,4648423.0,0,4648423,4648423,0.4302534429418321,0,0,0.0,0.0,0,4648423.0,0.4302534429418321,0,0.0,4648423,0.0,0.0,0.0,0,0,0,0.0,0.0,4648423,0,0.0
8192,2089499,1208004,3389,298499.8571428572,172,953233,2089499,3.8286689775874505,1128,1128,141.00000000000003,141.0,661,149249.92857142855,7.178754332976469,1173,169.3125,280,225.8571428571429,180.6,225.8571428571429,1173,1581,1581,100953.1625,317.73127403515065,55,20,222.62332055996032
-1,0,0,53,0.0,8,1003,1003,997.0089730807578,34,34,34.0,34.0,34,1003.0,1994.0179461615155,79,49.0,0,79.0,73.5,79.0,79,79,79,675.0,25.98076211353316,1003,8,0.0
8192,109155698,10015375,80,7796835.57142857,324,10004113,109155698,0.1374183874,446,446,29.7333333333,29.7333333333,436,3898417.78571429,0.2656755491,788,67.4,156,112.5714285714,69.724137931,112.5714285714,788,1576,1576,44679.6965517242,211.3757236575,36,20,112.3911960626
180,0,0,52144,0.0,40,0,0,0.0,0,0,0.0,0.0,0,0.0,144.7596988998,0,0.0,0,0.0,0.0,0.0,0,0,0,0.0,0.0,0,20,0.0
8192,12504794,9757644,3389,1563099.25,192,9463293,12504794,0.7197239714624647,1148,1148,127.55555555555556,127.55555555555556,677,781549.625,1.3594786127624332,1173,151.61111111111114,4,197.625,160.52941176470588,197.625,1173,1581,1581,93075.42810457516,305.08265782337605,4,20,218.69105555046775
65535,15198,14953,63309,3799.5,124,14638,15198,328.9906567,935,935,187.0,187.0,935,2533.0,460.5869193,935,158.875,8,168.0,181.5714286,168.0,336,336,336,112170.125,334.918087,8,20,418.1447118
-1,39483,39483,53,39483.0,16,38483,40875,48.92966360856269,136,136,68.0,68.0,68,13625.0,97.85932721712538,150,100.8,39483,150.0,126.0,150.0,150,300,300,2017.2,44.91324971542362,1000,8,0.0
8192,190259,86327,443,31709.8333333333,152,9931344,10121604,0.6915899891,867,867,123.8571428571,123.8571428571,552,674773.6,1.5807771179,1460,321.2941176471,186,510.5555555556,341.375,510.5555555556,1460,4595,4595,243972.970588235,493.9362009291,1,20,203.6814740155
946,642,642,55508,321.0,60,642,642,4672.897196261682,31,31,10.333333333333332,10.333333333333334,31,321.0,4672.897196261682,31,7.75,0,0.0,10.333333333333334,0.0,0,0,0,240.25000000000003,15.500000000000002,0,20,17.8978583448784
-1,0,0,53,0.0,8,854,854,1170.96018735363,31,31,31.0,31.0,31,854.0,2341.92037470726,112,58.0,0,112.0,87.0,112.0,112,112,112,2187.0,46.76537180435969,854,8,0.0
8192,194170,193180,445,97085.0,72,193152,194170,15.450378534274089,0,0,0.0,0.0,0,64723.33333333333,20.600504712365453,0,0.0,990,0.0,0.0,0.0,0,0,0,0.0,0.0,28,20,0.0
-1,0,0,53,0.0,8,1012,1012,988.1422924901184,42,42,42.0,42.0,42,1012.0,1976.284584980237,102,62.0,0,102.0,93.0,102.0,102,102,102,1200.0,34.64101615137755,1012,8,0.0
8192,126041,126041,3389,126041.0,52,125982,126041,15.867852524178645,0,0,0.0,0.0,0,63020.5,23.801778786267963,0,0.0,126041,0.0,0.0,0.0,0,0,0,0.0,0.0,59,20,0.0
-1,0,0,53,0.0,8,287,287,3484.3205574913,40,40,40.0,40.0,40,287.0,6968.6411149826,56,45.3333333333,0,56.0,68.0,56.0,56,56,56,85.3333333333,9.237604307,287,8,0.0
8192,115361528,10109275,80,7690768.53333333,332,10013658,115361528,0.1386944181,445,445,27.8125,27.8125,434,3977983.72413793,0.260052034,706,37.1290322581,143,50.4285714286,38.3666666667,50.4285714286,706,706,706,21468.9161290322,146.5227495273,29,20,108.3175693659
-1,0,0,53,0.0,8,1371,1371,729.3946024799417,31,31,31.0,31.0,31,1371.0,1458.7892049598834,158,73.33333333333334,0,158.0,110.0,158.0,158,158,158,5376.333333333334,73.32348418708247,1371,8,0.0
29200,1736554,1121685,3389,217069.25,296,953441,1736554,5.1826778781,1118,1118,124.2222222222,124.2222222222,677,115770.266666667,9.2136495611,1173,158.7647058824,6765,225.8571428571,168.6875,225.8571428571,1173,1581,1581,97722.6911764706,312.606287807,72,32,219.7155990012
-1,0,0,53,0.0,8,1824,1824,548.2456140350877,34,34,34.0,34.0,34,1824.0,1096.491228070175,64,44.0,0,64.0,66.0,64.0,64,64,64,300.0,17.320508075688775,1824,8,0.0
279,54498292,54498292,80,54498292.0,40,54498292,54498292,0.0366983978,0,0,0.0,0.0,0,54498292.0,0.0366983978,0,0.0,54498292,0.0,0.0,0.0,0,0,0,0.0,0.0,54498292,20,0.0
8192,4223581,1777156,3389,422358.1,228,1777156,4223581,2.6044250128031163,1148,1148,104.36363636363636,104.36363636363636,677,248445.94117647057,4.261786384586918,1173,143.63157894736844,321,225.8571428571429,151.61111111111111,225.8571428571429,1173,1581,1581,89114.35672514621,298.52027858278944,37,20,202.2944748268092
219,5359952,5288570,51818,1339988.0,168,5288564,5359952,0.932844175,935,935,187.0,187.0,935,765707.4286,1.49255068,935,143.7777778,23,119.6666667,161.75,119.6666667,359,359,359,102132.1944,319.5812799,6,32,418.1447118
