Init Fwd Win Byts,Fwd IAT Tot,Fwd IAT Max,Dst Port,Fwd IAT Mean,Fwd Header Len,Flow IAT Max,Flow Duration,Fwd Pkts/s,TotLen Fwd Pkts,Subflow Fwd Byts,Fwd Pkt Len Mean,Fwd Seg Size Avg,Fwd Pkt Len Max,Flow IAT Mean,Flow Pkts/s,Pkt Len Max,Pkt Len Mean,Fwd IAT Min,Bwd Pkt Len Mean,Pkt Size Avg,Bwd Seg Size Avg,Bwd Pkt Len Max,TotLen Bwd Pkts,Subflow Bwd Byts,Pkt Len Var,Pkt Len Std,Flow IAT Min,Fwd Seg Size Min,Fwd Pkt Len Std
8243.369401517812,57331211.33716951,1104228.6660044135,78.2310348043984,272247.13976969075,4142.730063286101,917826.0041918159,57610386.068463996,16.80302687566395,55042.679693841885,57362.543484830196,270.7292538292683,274.5032259497552,672.3343549129609,129895.93967440451,425.8351998437973,1963.5612115559306,801.2511086933204,0.0,1816.924699248308,801.6771412308491,1806.2801798500209,1940.1907461963174,192026.70370530777,191615.76477041704,633674.5853654984,792.8746581984291,8809.818019988124,20.02851199459936,291.8326675870101
8278.515018319218,55765957.685875155,1079820.2557027242,80.1335747378346,234470.12068979777,4071.566240782819,1162916.3834439153,56735495.798069276,0.0,56332.23638983262,55343.86919809488,274.156801166438,275.8683180818045,688.3325665566351,205115.9628608956,0.0,1941.8859286411732,785.8921966686532,0.0,1837.0284929115312,808.9788803733269,1846.495817001729,1940.6204193274868,190816.55106898086,188711.97428231715,630858.0155975492,787.0049310504725,0.0,20.009495739173744,288.2141324322066
8226.758121306168,56630165.30982619,971146.2860544758,79.96455301378464,375281.1551725336,4051.1315918694017,1014236.7417190183,56904920.96440387,159.4417538626485,56255.84636404569,55971.11544990937,280.84385501906183,272.11441378412314,678.1045584870362,211117.19038536362,0.0,1912.502189267838,807.8968243726821,5869.733429362659,1827.8076340899615,809.299923578608,1816.7727477905412,1906.09901027537,189413.79903536855,188883.33141700618,634437.7395251468,786.6178223974107,1667.720869423123,20.026274704065283,295.4742982674027
2073.8484471952443,250369.7519078769,0.0,78.0357448149181,0.0,0.0,59416.48155143838,833909.6646563108,20127.28005248327,0.0,0.0,0.0,0.0,4.9194041424781645,0.0,20959.77518911924,0.0,0.0,0.0,0.0,0.0,0.0,0.0,683.319277348121,2148.0947353793977,0.0,0.0,2242.1861038483103,20.006954391394885,0.0
1990.4279089133645,0.0,0.0,80.64846110506252,0.0,3.4079960392199453,0.0,326010.1710228988,3146.970668911845,27.910791015417487,0.0,0.0,5.301482446031739,0.0,21495.000360576705,3814.7312154116494,24.14370523552914,0.0,0.0,17.532845160848407,6.54295239150686,1.6808774156288566,0.0,0.0,1084.8471051729562,2075.809749252063,9.425796151344107,0.0,20.033799692580402,0.5871151721035832
8189.01079988811,57718487.288356625,1070507.800949832,79.6743590388849,218878.9285080962,4031.240041566742,1002146.2725348744,56762750.59465419,122.09957046275439,56016.343404815394,55927.132144218944,276.26450691372287,279.9056384514211,674.6030335816725,174770.57427571373,161.31159741544357,1927.0634561991506,789.6401148666141,15506.657596018533,1799.2771036446811,800.2362129976972,1800.95352367182,1941.1706592268993,189162.72571097728,190228.93177924634,626839.906919004,798.3535734060033,1204.5097274794264,19.967824907038636,295.5505835651674
8144.35931759732,58440915.672419846,935982.1362619055,81.9397551856489,327354.5025157997,4032.444637208838,993764.3958060633,55821069.85561321,266.29120556091823,56485.51077668931,57093.61228132665,275.91093004981894,276.94439600815906,673.3806986455096,250852.56915612504,471.404395255568,1925.1652718972807,790.3338157255968,0.0,1843.698145070008,796.3046343736223,1838.974042036532,1907.6055446128928,191101.04514822728,190675.4965428787,629554.8758032102,792.8878990862179,7382.473338380622,19.971128167010836,291.70054977760566
2006.572015936223,0.0,0.0,78.00417393788193,35331.74531280829,62.50359917440335,0.0,0.0,3609.7453490972143,244.0273543615199,0.0,0.0,0.0,0.0,44729.97377469642,4351.870182104182,30.957052911593205,24.701430991871767,0.0,18.833918142898114,3.5527722757889193,0.0,2.2541060948933636,0.0,2187.9338130141864,0.0,0.0,0.0,19.969355420007723,1.819519152769067
8153.0133683146405,59685594.62678615,1150831.1517107128,77.46874098415276,357616.63210342237,4081.957314896535,1102736.3694474632,60352479.6615268,0.0,56426.4678601683,56315.36691286495,280.29325292812405,272.58534121739774,677.3612220209055,226817.45405739459,154.8407961882599,1904.9568289745341,798.2300299798645,15124.26228651786,1832.2071223107728,793.1797342048485,1830.0364840480245,1956.6783104875033,191392.58625690555,191194.5755289806,637388.431454538,793.0540877700147,3228.5091749737344,19.96979542398708,291.0550579826621
2009.2223462018633,294610.012942307,0.0,79.60630102409907,0.0,0.0,38484.05034493764,373284.4822692723,8351.219381266983,0.0,0.0,0.43450430546567276,3.49048303401705,0.0,19987.3085451241,9170.95901895177,0.0,0.0,0.0,8.907028172806806,6.108673411959707,17.006735961346195,0.0,550.0190310570604,1313.641527980434,0.0,6.538780699230442,0.0,19.959775671745014,1.134551412616481
8192.0,57189651.0,1014418.0,80.0,283117.084158416,4072.0,1014418.0,57191866.0,3.5494557915,56330.0,56330.0,277.4876847291,277.4876847291,680.0,186901.522875817,5.367896197,1936.0,799.7337662338,458.0,1826.8076923077,802.338762215,1826.8076923077,1936.0,189988.0,189988.0,630675.492406616,794.1507995379,25.0,20.0,292.8687801257
1958.4967053249768,16765.792357020062,0.0,81.27893139647131,36113.368287750374,93.00617158333671,211468.65462612946,1565.3559996435781,8484.618960568469,591.3376896865552,0.0,0.0,7.683207673536849,0.0,9319.703000096973,9102.964757279951,12.400067249640967,9.793546832620075,50.28569350025249,0.4627955460353014,0.0,0.0,7.968434904871587,0.0,1532.5766894335395,5293.876085980612,0.0,0.0,19.979131382592477,0.0
8230.594737601867,56755249.767438106,1284181.8203656885,80.49721037894145,272894.50067463407,4065.241168270567,1062209.2532076123,57346747.875142336,0.0,55744.60915267053,56527.00046395573,278.4775650403179,277.95282774441756,667.8025293499954,225262.84627395865,0.0,1907.024187924594,806.8713503482327,0.0,1845.2460019483833,792.5910294153689,1831.387363488929,1951.7335882840118,188230.94622037752,189480.32149987188,632325.1313853607,799.5306950727173,16155.329182939144,19.97306526823412,285.50345883292783
8161.099086530351,56456263.348077424,1031269.2706524571,78.61622353528004,266326.94719229947,4035.911033949306,1089564.100560315,57087844.49694617,0.0,56157.75072212101,56371.22720666108,278.60345287008727,273.6861847875862,681.1885257034177,173340.5667517038,0.0,1944.036154484352,796.896251597733,0.0,1830.8807889675575,792.8754984676366,1833.8593036414356,1933.71165387098,190267.590703998,190231.14849978272,626200.3861352378,797.9415995569375,0.0,19.99670226219909,299.166012696785
8156.451470124675,55723142.66937003,889896.0664720916,79.75556444386693,259510.2399526353,4088.2329461494437,982859.8719461093,56587556.11077966,30.267016267724124,55215.65880433668,56023.386784617054,275.50187142282834,277.0435725341252,678.9786849321249,168130.2245237291,0.0,1941.1546501016471,791.5976122077375,22234.955245955774,1843.1494820644944,803.8588529088838,1810.6500251873285,1936.1370188053274,190910.15968564633,188601.31516938057,640561.619650264,797.1563224186413,0.0,19.997815570078888,288.01828268098774
8269.92049858058,57156699.95488998,978306.739819379,82.49610158048782,307737.4500642165,4080.3788914566517,1154389.2138407668,57794325.08219819,509.4904430227191,55418.2041604399,55432.16428932326,282.7745540964038,281.41452656251334,679.2062174514972,142333.7785316854,108.63579541528897,1974.7457615659268,798.2611585958242,0.0,1833.9479534730951,792.3009348765995,1797.4530418564575,1982.2996044934027,189052.6580252573,187417.40044471406,625341.4933975711,792.722185388076,12606.309534557622,19.97915989708544,291.3574289972704
2158.8028319268333,49980.61886541981,0.0,80.39309774843046,18707.478300602004,125.2983231448369,0.0,220090.97983216413,57973.148459702694,1115.276855897172,0.0,0.0,0.0,0.0,0.0,57028.54363790743,0.0,0.0,3255.5861104676005,9.517418044977171,9.85592785421694,0.0,0.0,0.0,0.0,6110.863834576658,0.0,0.0,19.958900119383635,0.0
8192.0,59037939.0,1026136.0,80.0,292267.024752475,4072.0,1026136.0,59040225.0,3.4383337801,56330.0,56330.0,277.4876847291,277.4876847291,680.0,192941.911764706,5.1998446822,1935.0,799.7727272727,444.0,1826.9230769231,802.3778501629,1826.9230769231,1935.0,190000.0,190000.0,630749.114302635,794.1971507772,17.0,20.0,292.8687801257
1963.0799989033055,1091285.6442224176,128266.75152156624,79.12216526348591,43632.15258057933,74.06045335165545,19543.71571829029,0.0,4188.122044582107,231.7904282925107,11.846679974318956,0.0,1.89609208178984,4.490326256753776,24189.67967637385,4533.440023426077,0.0,6.981072500647246,13704.619074013928,2.500585486660899,7.51035688410446,21.56284219928376,4.809025531035804,1064.661348851305,743.608294538538,2230.0381153020794,0.0,11781.62654481485,20.02836334962342,0.5043782441998959
1886.8415741714261,0.0,0.0,81.70969035279917,47286.21931623243,52.596380553294345,20202.213929852827,0.0,25470.1631782818,418.3548237262196,0.0,0.9864032505749017,0.8787518147577488,8.77081857494782,101462.31363253994,24595.489096684796,11.621260295641616,0.0,0.0,0.0,2.648427301701247,0.0,0.0,1142.64791677221,1615.7755293032028,13883.716626641235,0.0,0.0,20.0091053335858,0.5268356799512535
2094.72953456448,468589.30281994364,0.0,80.31717449488886,0.0,35.90324299361721,0.0,14583.6849449181,3204.0058920237825,272.4735942721206,68.83653917404772,1.3406328928842115,4.9022213584845,13.898153351956395,21540.74908424455,3223.04562285839,3.465197263687216,16.769763827567967,0.0,38.559954246280746,0.0,14.333495875638617,0.0,0.0,0.0,0.0,13.83863812160962,0.0,19.946045706741774,0.10784110644350965
8133.654875915911,56561669.97527756,903908.8269075012,80.55761583914774,261767.81966449364,4082.9889483104735,1133726.5070852193,58223544.69398063,0.0,55943.506895551065,56436.85614964603,275.278592099801,272.2851745866869,678.0045551099744,238845.13318688277,0.0,1922.5228543260516,786.6894977290559,0.0,1834.0048528868442,813.8133146487816,1845.8066748568122,1939.6313428027045,187778.69995090735,189497.15907733788,638358.2522204916,794.3348989552908,0.0,20.002744622965146,293.45127495625957
1950.2168041111288,207216.01737113635,173334.04103357933,81.08892405431025,43747.43211442372,38.70627766467662,22031.59500817326,0.0,14187.492983828082,320.7412613014887,0.0,0.0,0.0,0.0,38930.37237029382,13049.82893321211,23.68386589550251,0.0,0.0,28.783950587293457,0.0,14.511682766337664,9.103456239197259,0.0,0.0,6646.190395973248,0.0,0.0,20.007695912361534,0.1737677220569412
2001.7578223240362,0.0,78174.37776508229,80.0671401778868,0.0,41.03979314633434,0.0,433660.0516133863,4922.833949796071,0.0,224.81760916042856,0.0,4.916238843531336,2.00267698753,0.0,5236.014439825421,5.931602928254732,0.0,0.0,17.690670417896705,1.4524847218246344,10.356826978052528,19.45120334791357,0.0,0.0,2309.510603669764,0.0,0.0,20.04110509374963,2.23493139053901
8244.547186560321,57197252.9266481,1139574.657547472,79.42485829733411,311077.5794783085,4086.186188122305,1055756.525258105,55735627.48009143,0.0,56140.02905040391,55892.023929707204,274.97618257934687,274.8650622502596,689.8612248474932,187131.64631544426,0.0,1923.6658788725815,794.5586759839101,0.0,1850.2442634915312,788.1745335165059,1836.0972884413472,1936.46810012119,192462.83884781005,190130.52514316735,636252.6741144002,776.5990078195979,6341.137076845177,20.03176707741493,292.0327627078032
8201.58438269892,56278302.96050293,886253.0699984247,80.29545070218056,358261.37469045183,4059.259000566594,946510.936021228,57218951.22768148,309.5832426176102,56526.13218303438,56225.5147990172,278.60838897733106,277.2313255788092,674.0587496492468,224324.11991145991,302.10910063516974,1903.484314883592,808.6420369260186,0.0,1794.0718369486228,793.9259095145503,1829.8924310263642,1937.8910158832102,186494.1802336923,190720.33622453976,628707.5568215486,802.0446051562135,519.4268443008766,20.017771053081336,294.80142716485295
1981.1542937586044,0.0,13527.524686911327,80.01037814581481,25624.784966938438,11.128862737489094,139497.72433889887,0.0,16678.573327327384,0.0,65.53764279030146,0.0,0.0,8.17855597958439,26227.83136354205,17658.812699093385,8.386233253516915,0.0,1037.1378716185313,14.90032462130854,1.257833669916089,0.0,0.0,0.0,0.0,0.0,4.550774519160558,0.0,19.987352871635643,0.9520087530423902
8192.0,57078279.0,1023135.0,80.0,282565.737623763,4072.0,1023135.0,57080501.0,3.5563808384,56330.0,56330.0,277.4876847291,277.4876847291,680.0,186537.58496732,5.3783690511,1937.0,799.7857142857,195.0,1826.9615384615,802.3908794788,1826.9615384615,1937.0,190004.0,190004.0,630782.957189391,794.2184568426,16.0,20.0,292.8687801257
8211.52537723097,57826031.664539516,1006903.8815504365,82.77171121124903,242231.2052280623,4128.805490378981,1100407.371951902,56634796.093453854,535.7860677050991,56295.16820731791,56141.13288000833,280.03727498383773,274.53881267863414,689.112132581512,212793.6488442502,78.85428608159691,1962.2596169041403,798.4918373723377,3282.3455726650973,1818.4205919936255,813.9630340544071,1819.3339803890528,1930.9693229985605,189247.6488715841,190151.2578932117,636442.4064274287,788.9865840372908,9383.205257220323,19.943467593760865,295.8169862397369
2004.6469504983086,340911.38483288675,0.0,80.01463304748371,30842.385603497587,53.38248069098483,0.0,448231.2875863456,16066.931965041635,1041.4297236618218,0.0,0.0,3.7583370587939475,9.109361065576229,22454.38071094937,16770.208692980494,61.073755437460704,0.0,0.0,0.0,0.0,10.36536323225436,13.087212299856404,0.0,2720.344557864229,0.0,0.0,10894.656863441234,20.02765316417594,6.113291687854375
8219.114448355216,61598874.72627114,1358407.2630941179,78.7003366357345,287191.0509285257,4018.2032698970493,1273507.1250613562,61946562.67651432,0.0,56825.35621749479,55025.062056107134,272.13638017405174,276.5707892062045,683.896719768827,285363.0482460109,0.0,1954.5278551761262,776.0460635720041,0.0,1848.7932769891463,808.9475418002423,1811.3466465281003,1931.8456936797484,189726.07982446367,188575.4618945927,627332.258975045,802.5061800675016,4460.8147753982375,19.990668851616856,292.29165608446766
8247.591924416149,56572576.07102525,999711.7165919123,78.97258178796436,299314.5984517774,4170.28600539174,963942.0315739707,56929103.4238457,407.81465133326043,56658.37175102959,55500.43109461052,276.8852856027645,280.90087411099665,682.465593344886,220070.87903460182,0.0,1889.9212719352174,805.5136620066365,19269.453421443748,1857.835575361756,813.7909253956643,1833.7489777874405,1961.9749546443209,189799.2354374872,191738.0580756505,627700.4715317499,800.7192441812434,27174.866871935155,19.9489339524715,288.59845489165906
8229.714781286484,57303402.53734865,1149258.0842320365,82.02789391205134,354143.07506225473,4064.998855336057,1246987.0083684905,57998239.089609325,903.2297654694852,55776.65059610022,54846.93760690311,271.7972894371497,276.51380243588136,673.9676329880417,200835.3770516982,298.97208139480927,1968.4043729011044,791.1797206643589,10332.813441997194,1825.3854883690324,797.938170115044,1809.0899950853088,1907.886736828562,187165.08011508346,190478.97657056275,631100.7218295645,782.5715092777075,0.0,19.987479929457525,295.82298709603094
8304.282183787127,57931212.14613875,980998.376371792,81.14575633916637,271246.91444627725,4041.212176135017,1004617.5721972268,56974407.590867035,419.65118567308303,56238.04931074991,56369.45907841045,276.68504057757553,276.9901912838951,682.8132689846336,257641.0671652582,0.0,1956.081374650422,802.7107419917013,0.0,1841.0573071092203,808.301112834474,1836.6022138061137,1966.0030652096023,191029.44570282026,187398.65861077062,630986.7914203417,803.5158873712218,0.0,20.03974376683885,293.5295902808806
8192.0,57776296.0,1024018.0,80.0,286021.267326733,4072.0,1024018.0,57778511.0,3.5134169518,56330.0,56330.0,277.4876847291,277.4876847291,680.0,188818.663398693,5.3133941094,1936.0,799.7857142857,445.0,1826.9615384615,802.3908794788,1826.9615384615,1936.0,190004.0,190004.0,630786.227547697,794.220515693,26.0,20.0,292.8687801257
8121.595080481809,58134182.764353596,998158.6317450634,82.06414661900364,321672.53540565626,4072.92205929698,961244.7719725064,58479869.599690974,0.0,55607.918030579734,55752.84465337385,279.1090872470776,277.96385673532745,683.4162480946223,184808.19752411032,0.0,1922.3586016254358,804.8163638759248,0.0,1838.5069604067298,789.0888652560801,1830.353939926745,1936.848369871041,186212.39753702673,188512.90147789865,637304.7458871887,803.0662452518177,0.0,19.92963622694812,293.37345302519634
8203.138031399565,57714235.28379372,937481.7809666137,80.35501523679604,233043.87401499753,4069.8165460107525,874370.7624501578,56813967.58013499,0.0,56730.359634978144,55381.81091776735,281.4336611121397,279.1963772936827,665.6684993823012,187141.94303232015,0.0,1934.32503713369,793.3688486220733,0.0,1798.99078293461,804.5542782304772,1816.849605178593,1979.34182079596,190887.18072062903,189838.65920707167,635822.7174459365,799.6014895282968,0.0,19.92510247061237,283.2574824955534
2153.7124249473536,0.0,0.0,79.1744855503589,0.0,29.564081513927494,10126.21844121263,0.0,12301.420388442231,0.0,0.0,2.836979014143401,0.0,0.0,0.0,12335.874380288122,0.0,0.0,0.0,39.081335568101764,0.0,0.0,9.27786805372213,0.0,453.0564092092245,0.0,0.0,0.0,20.037804387881025,0.0
2087.892422891186,0.0,17350.57506169393,79.16711082839731,0.0,60.88247775240328,42994.54881067698,155670.82024670378,3724.8032152369296,0.0,0.0,0.0,2.3080959570057518,5.805278035024884,10742.037563502146,4845.957815760518,5.616417754797556,14.57577010096298,16997.206135261888,19.563244683603383,10.803357351483458,0.0,28.248612647231734,157.78747366253094,0.0,16157.409696632647,0.0,0.0,20.016695140935187,0.0
8089.480238107171,57764187.787468724,953354.2852796471,80.55758816733278,243060.62512107746,3974.9947098176826,995187.7421072202,56336830.33745828,0.0,55994.81837124771,55219.670369832,276.26722094299583,270.0950595111682,675.1678337701757,193574.96981968352,0.0,1923.0993780320987,791.2849493788494,0.0,1807.3004183036714,804.4858491482768,1820.1343677237671,1969.2019090807582,193327.27236948017,185453.21086071912,630919.4181741559,800.7934757120867,4032.067200311544,19.973615962166345,290.4581563379365
75.57414863348981,89783110.76857825,42101547.05649261,500.26986800523065,18004776.49116086,0.0,42054173.37209704,89057385.50119196,263.1312086248902,2883.4772259945153,2083.788957718855,493.69556694387944,496.0139815327942,507.28521362418815,17915282.96710206,539.9868695096919,509.6563727447606,507.556416313332,3993453.610796499,26.222891326249343,588.8765498904235,8.682499486025765,37.000626370346616,0.0,1616.1635171196763,14133.547636872037,6.960383262707392,3998965.806203829,8.022248657564429,0.0
8240.18838467079,56066620.09575499,1070900.1702148258,79.1982011860681,334195.8842050454,4039.4592364924156,925628.1223252418,57212766.087691635,0.0,56655.487940648825,56430.65238183998,279.3933494196602,274.26474389762313,686.8074420163448,175603.5388643142,0.0,1917.650993701188,796.1037128746264,0.0,1808.5800833285061,789.4816558283203,1858.0517184385383,1972.0623065474022,192675.84026982685,192277.4712636289,623785.7649599315,796.3309874803878,5549.278771028872,20.02577659691793,286.32402736389207
8201.488847941157,57019740.801203,1222710.5152918908,80.47555189039412,311322.1072697221,4166.511881644209,1107414.760627476,57512279.911152035,458.10077608370347,56389.88966462985,56957.64729808487,275.66149421508254,276.9817256240766,680.8000401890981,244754.63910588884,0.0,1928.9507378780718,798.2445422194579,9170.499636512182,1822.2911520105147,798.6247075606356,1838.0155422931912,1956.5852615498025,185735.29709423461,186814.275801187,617988.9440942802,797.9887041950719,0.0,19.95108141926825,295.2214741323331
8108.0403344955275,58409549.065624796,1031278.8633316715,80.863080287294,247617.02504321368,4107.266704614985,1276064.0858473503,57919105.95691729,0.0,56826.92871637044,55629.885579087626,279.3112552797646,277.1787215620509,688.4053928446166,183913.4830589702,517.9048557907569,1959.8421754950666,806.1588943992388,8083.714132078962,1801.5245082301215,798.8837763683745,1830.8631362097724,1947.6089266033262,191559.88658944707,189495.76965344942,635156.9055952529,801.2196442842804,0.0,20.031121199139644,289.7057900111216
2053.0,88.0,88.0,80.0,88.0,40.0,88.0,88.0,22727.2727272727,0.0,0.0,0.0,0.0,0.0,88.0,22727.2727272727,0.0,0.0,88.0,0.0,0.0,0.0,0.0,0.0,0.0,0.0,0.0,88.0,20.0,0.0
8260.380019594742,58617537.7479954,1029776.7586925606,78.99759018320563,263841.3997641388,4165.476531918187,1255760.1951379147,57881055.352956265,79.55950932393256,55798.20385727753,56325.44725171181,272.66756517894044,275.07086499740836,679.0678468754681,186411.2020786196,151.18542198174094,1920.4801709497474,797.243757265075,17851.175240857014,1833.668736183938,790.1540651267422,1840.9514629039797,1982.1169189220743,188800.18396917352,188251.67944829754,629671.2892921556,803.9673635769414,0.0,19.971032986864078,292.583937923886
8192.0,56967849.0,1012628.0,80.0,282019.054455445,4072.0,1012628.0,56970108.0,3.5632721637,56330.0,56330.0,277.4876847291,277.4876847291,680.0,186176.823529412,5.3887909077,1935.0,799.788961039,403.0,1826.9711538462,802.3941368078,1826.9711538462,1935.0,190005.0,190005.0,630787.000920089,794.221002568,26.0,20.0,292.8687801257
2053.0,412.0,412.0,80.0,412.0,40.0,412.0,412.0,4854.3689320388,0.0,0.0,0.0,0.0,0.0,412.0,4854.3689320388,0.0,0.0,412.0,0.0,0.0,0.0,0.0,0.0,0.0,0.0,0.0,412.0,20.0,0.0
2053.688747798846,119244.32291646408,70479.62326959369,79.65067504235573,0.0,75.36546780818497,56667.775121594634,0.0,6616.490193712106,312.7751559538861,1339.7731541593298,0.0,0.0,3.1215241192694885,0.0,5990.142711577951,50.886387167828715,0.0,0.0,0.0,2.668665040792854,4.8044238028080075,29.297143855944107,0.0,427.7225163184351,0.0,10.62956474401753,0.0,19.970514363170903,0.0
2053.0,152.0,129.0,80.0,76.0,60.0,129.0,152.0,19736.8421052632,0.0,0.0,0.0,0.0,0.0,76.0,19736.8421052632,0.0,0.0,23.0,0.0,0.0,0.0,0.0,0.0,0.0,0.0,0.0,23.0,20.0,0.0
8283.683831286073,57288640.44416278,1308101.294545403,80.15274289946765,344804.04766088654,4057.0830242453135,1170884.6825335317,58065373.44588324,42.911125005374295,56329.38428777773,56415.71288528445,277.46342421353904,278.1622596856642,674.7864916148175,188249.86642849134,0.0,1944.4901405399535,802.1457302450084,12921.24928612556,1812.5174392672768,800.2852685443833,1858.0169563803988,1939.395150865418,187314.8777117551,190554.27111226445,625707.0224906778,785.4106390112152,0.0,19.976627417498808,294.1778213834049
8192.0,56961341.0,1018152.0,80.0,281986.836633663,4072.0,1018152.0,56963541.0,3.5636829529,56330.0,56330.0,277.4876847291,277.4876847291,680.0,186155.362745098,5.3894121505,1935.0,799.7694805195,422.0,1826.9134615385,802.3745928339,1826.9134615385,1935.0,189999.0,189999.0,630741.806622531,794.1925500926,24.0,20.0,292.8687801257
2051.2800383194044,1842.6901199166484,253641.92970704808,78.46420255211866,0.0,9.426779293523225,0.0,0.0,12072.928232406226,914.1422344633405,0.0,2.5898760253755557,0.0,0.0,21240.608536280437,11254.29335553256,0.0,2.4675095087475793,0.0,0.0,7.703414693901914,0.0,15.228125534117414,0.0,0.0,1461.3317673586923,0.0,0.0,19.9884362500685,0.0
2107.412363344999,0.0,259323.23629594373,78.83216545329911,0.0,30.501302701228134,3315.2239793170997,542893.1151590685,15941.186552393798,1297.4167183367022,99.26162139664693,0.0,0.0,0.0,0.0,14406.942315989916,0.8764459094138859,0.0,0.0,3.528022463512952,0.0,0.0,10.766500052243707,0.0,568.2501793422506,0.0,6.927117722403197,0.0,19.974555993820562,1.9110832750203286
8123.452963153772,56171859.54872789,749945.3282710845,79.69289200085387,332926.88945685205,4143.134204152364,1029680.6846507847,56277667.25892469,0.0,56947.24377263217,56525.894817177585,276.6799410678917,276.3597212419185,680.5528914987976,142292.3114713084,120.21696271106246,1921.6868929898367,807.425467511418,1854.883040684791,1831.144550686865,791.9392204277218,1816.7974103700114,1921.5265750570811,190509.18687463325,188415.66811040102,629749.4123198261,795.7545224804619,0.0,20.009348649538452,292.45643158110033
8240.735959691965,58536580.70645728,943698.3254523467,80.42097045176311,317601.0058415228,4101.376275607461,1039644.0678717998,58199981.82745917,0.0,56151.56173082393,56293.25282338346,280.7727534968203,278.0296597542779,681.1890107127172,199955.9358991453,349.37927047204914,1931.6077053333502,803.99560276405,0.0,1829.218633751879,795.6188790983775,1821.8295900451349,1974.8895690268748,188501.44896016942,187668.83336417616,623698.9277979367,782.3013730157141,0.0,19.963730700809197,292.61731731185773
2062.70485516468,0.0,94549.0675892885,79.73418959227656,29656.00857665018,76.07233052136247,198045.2381631773,0.0,20657.864998495417,0.0,0.0,1.939908378236149,3.2985284220025592,0.0,40933.23779007796,20570.86065980924,7.797463793107447,2.8479503420310386,0.0,0.0,6.4612184841970235,0.0,0.0,0.0,992.2075801602886,317.63161434247525,5.027489276650211,3728.0418497961496,20.02071382437155,3.1908628475023275
8192.0,61220853.0,1251151.0,80.0,303073.52970297,4072.0,1251151.0,61223155.0,3.3157389553,56083.0,56083.0,276.2709359606,276.2709359606,680.0,200075.66993464,5.0144426565,1935.0,798.5941558442,423.0,1825.8076923077,801.1954397394,1825.8076923077,1935.0,189884.0,189884.0,630348.502506451,793.9448989108,18.0,20.0,291.6989844299
8176.043800965821,56154034.30149462,1028255.9858046898,80.19222691575635,295825.3406958612,4059.8365711236156,1094238.6039882398,56098519.174161755,0.0,57050.59663971827,55673.06701502386,275.6452511504046,276.96056519340686,677.7960316670388,130286.50145502758,0.0,1944.5376660176316,800.4596564694234,0.0,1844.0497898412164,801.6873709162693,1867.5182531527942,1934.4745182740821,188689.54283556333,189688.50708189342,620924.1612902482,781.7933959923627,0.0,20.047978401508697,289.23340641723166
8056.686370750558,56822306.72390643,1069768.507067487,80.26033615526883,262405.41919574555,4098.777359808201,850521.7091980178,57078687.32037546,323.28053823260643,56758.80392765837,55510.68674495195,276.09256779028465,276.3230273745401,687.8403357539544,199812.95001294735,0.0,1955.5214781884026,800.0972740032587,0.0,1801.9099470737629,804.137913267176,1804.4001599078954,1909.429615026462,188118.32502280324,186242.70393003308,637995.0142688387,792.0708577789145,3789.751156320255,20.02946099360596,290.3245285561628
8233.546508256508,60136318.866392314,1537397.4801165932,81.99270124432871,338087.9969999261,4097.081052124632,1356632.0519214035,58560363.21099216,137.2745402385727,56997.39300009671,56312.77360438146,276.87423084294574,279.10562650528,671.9489334628706,146511.43565019552,0.0,1948.6013819709494,806.064860869716,0.0,1802.8162459746493,810.3783546522687,1845.7411743328464,1933.241265123083,190667.604651998,192011.959379899,628817.0787960499,794.2270582633416,0.0,19.936155213982172,292.86441156065604
2019.6220362898277,0.0,0.0,80.39604850303142,0.0,104.3572818381169,0.0,278306.3673515033,11009.147620485433,231.587630239554,0.0,3.877431238562613,0.0,1.2169684848326836,0.0,11402.859391218994,0.0,0.0,19602.60505357336,17.06894650179514,0.0,0.0,0.0,0.0,0.0,4123.882891674858,2.722345221127551,11840.84079280046,19.962156353735615,0.0
2085.175577351216,184472.8777161528,0.0,79.74912568143723,24791.33805060523,139.47014884849045,0.0,593459.1691662556,5388.795697233446,160.89388345378677,0.0,0.0,0.0,14.572877123910407,4991.14988651471,5218.7428997396655,0.0,0.0,8216.963897654563,0.7443800395841486,0.0,14.853353165850757,0.0,0.0,0.0,6401.096795049577,0.0,9352.983728837806,19.96756647848313,0.0
8305.888983614781,56539575.48141669,1014397.9811422713,80.99378370847434,349630.8259687112,3987.0593674958404,1106786.8776298366,56761826.86923409,339.6737830551295,56716.84357169855,56001.16699523876,277.6981547161708,279.24679648756177,678.1469448545682,239980.91606672842,130.98100857878907,1926.76927426111,793.2266059202831,1721.115524188289,1818.012865819332,798.0929080055053,1847.0206717018784,1960.8162218862058,186059.02672048716,191702.63037702796,626033.1272005709,793.073604532276,0.0,19.99170193351025,291.41059283081375
8215.072758679313,61485156.263541766,1709135.2535764482,80.8009946349972,318510.9803351755,4070.7470153242884,1723153.6582405516,62173435.710098766,0.0,56784.47364393827,56770.98040302747,278.00901458692243,280.59353408076373,683.7652588649086,224795.52285090543,100.72733339979109,1953.2313158872191,796.6679401623707,0.0,1840.4170285537605,804.3370707983235,1855.18931258731,1944.1953352416708,189683.3871884074,191188.04580934037,629090.1389839314,795.901227464492,0.0,19.996378696000622,295.08052694564145
8192.0,57739715.0,1059687.0,80.0,285840.173267327,4072.0,1059687.0,57742118.0,3.5156313456,56083.0,56083.0,276.2709359606,276.2709359606,680.0,188699.732026144,5.3167429709,1936.0,798.6753246753,456.0,1826.0480769231,801.2768729642,1826.0480769231,1936.0,189909.0,189909.0,630532.39587123,794.0607003695,22.0,20.0,291.6989844299
2077.43211267232,309718.5802301097,0.0,81.56886970766003,0.0,41.341956692679574,32681.20634194269,0.0,2309.9636283155955,1009.7688182752532,0.0,2.816536141568725,0.0,0.7300357343856877,0.0,1345.6298555325998,0.0,6.906962291782198,0.0,0.0,0.0,6.386559478963651,0.0,0.0,2579.3883922178,8656.593351734611,0.0,2646.1415302130076,20.00396056585993,0.0
1980.71054313008,0.0,0.0,80.0906441009408,110153.51347256875,75.78488611549614,25966.22139583861,0.0,14154.729900440454,0.0,582.8276543338685,6.029949331165528,3.6224099988439824,3.370114143541972,0.0,13948.126254395107,6.787777507395593,0.1444371035947671,0.0,12.803940196565419,0.0,5.674270421462932,11.145431084139592,0.0,505.1293858055839,887.861089655779,20.348139463880365,108.45215296621872,20.024856539458323,1.07036141035987
254.7612611428898,735895.1438941048,124175.50891063374,78.92972088651045,2101.5661860022074,12.01963678931228,0.0,0.0,2914.878690772263,332.06864988047147,0.0,0.0643313889867557,1.6307989130774665,0.0,0.0,2648.8712148900495,0.0,0.0,12709.12041289487,42.234829350068864,0.0,0.0,6.9486026587453456,0.0,0.0,2503.457061870589,5.740207212225717,1300.849287426529,20.01869525986035,2.7192217401739325
8216.484707785688,55402598.16063692,985574.4899790052,79.69763250240716,227966.25776219895,4058.895327966798,895643.2277401593,57073415.76878404,57.52807011651347,56707.23940485036,55993.392242539856,275.2741741229162,276.12999081811523,695.7737547253026,145778.98487824632,336.5009122914642,1939.0814666022166,809.5020062467685,0.0,1822.438517554607,789.6021733364114,1793.0647530784408,1934.5078766658298,188752.1514805173,188404.67732180902,632744.6903610161,798.7487569064061,0.0,19.963374731954715,290.9993780789347
8175.2861930368745,5447609.115720326,5052763.129664266,76.50870689378249,2482697.1619489104,46.44591202073258,4794756.521650904,4987250.017541868,657.8650142230517,458.0629451101187,0.0,6.681500175971705,0.0,0.0,1673613.0488155931,40.6799223973545,0.0,0.0,0.0,23.91531359448394,0.0,8.374381329259167,0.0,3347.1251050059554,294.3239868382651,0.0,8.326668574569982,0.0,20.01869240150242,0.0
2160.299370457884,0.0,0.0,81.94925074511681,0.0,22.80940681130363,0.0,33841.17606252332,2926.030984746361,260.02156674694504,0.0,0.2872008244511917,1.9374317837867214,0.0,0.0,1794.0221067807456,0.0,3.152216200719716,731.858020802209,5.008777581909186,0.0,0.0,0.0,0.0,28.37135552504722,0.0,1.0158689477262364,1673.0019753436793,20.021889375265243,0.0
2072.7871725325413,0.0,0.0,78.46570091271798,0.0,63.96222919369006,0.0,0.0,56641.90925814551,146.3036950519603,15.515109922593926,1.497031395510941,0.3880455835535905,0.0,0.0,56753.75505339104,14.294519922379807,1.8086715721896116,2054.2678600950685,18.858662889197507,11.581926437808157,0.0,0.0,0.0,860.8764269738368,0.0,0.0,8916.680280352912,20.02202005773237,0.0
-9.839377766501043,88960062.9367197,42018612.27394142,503.0397715307092,17982817.773725033,3.177255509197728,41989930.14773332,90431563.79443027,179.10075809714348,2997.762937218078,2959.3058455977985,502.0660204842403,502.71925947992224,504.571729928364,17969139.045721125,184.5929965502743,520.5267327118441,499.34341837721706,3992348.2115327623,8.164083052861137,584.4761028109842,2.8292771037037228,0.0,0.0,118.64509810024101,12343.779627407202,1.5833279479340776,4017871.1102155503,7.979079537531048,2.531042800527504
8190.466968676766,56731387.78046625,1015973.1458333494,80.44648346648096,230141.46576482823,4016.8250425964443,1091167.4303147197,58588300.146161936,393.6046656171823,56849.82595760647,55613.510969619754,272.8425514737612,277.8147023698826,688.6508177054094,203388.07650323986,578.8311278484654,1930.199866133884,800.588867878528,0.0,1840.2425814564565,812.4602662785305,1792.3358372553212,1931.7441271569944,190327.10896050488,190716.39322235744,629995.524270648,809.8626880553951,9461.374950595397,20.02774554397489,294.1777071762852
8204.643122077292,56342856.119704366,1047683.4450854037,80.52180497068186,242615.65559786116,4077.121959712123,1177501.205753551,57652285.18223226,215.6435066028494,55990.18948062316,54999.274938947485,271.96951020200555,274.3690808315863,672.5283976178994,217685.56967489663,587.3139255470345,1917.3840950196322,795.1278646613961,0.0,1830.0708520843407,807.2893247010403,1839.5581146105528,1944.8215936010765,187155.25402244565,191349.19706947904,624270.5724788569,795.0884075606377,0.0,20.005343367519398,294.9596708346832
8100.118651680608,55465082.157460876,1081730.0488724655,80.59490630033956,235694.84077915738,4016.2838485667507,937728.8835473317,56998782.109265424,423.6610441356587,57312.33131060481,55839.47749851531,273.267586835806,274.54147799145983,669.6917846390111,106976.05166988702,0.0,1968.1818024568336,802.9325437530513,20805.290968398,1842.9279860739061,791.6777537240621,1789.1452990084435,1942.3317123927252,186445.98725928753,187378.92299241526,632952.2025824075,801.9559651647186,0.0,20.002331138742857,293.0450464235625
8132.87483480286,56341542.080151014,1129610.253194534,79.7727604007256,291567.7533530387,4096.424774964857,959887.3846062011,56717333.147668205,581.166059193954,55206.389145440044,56576.925492078546,276.11605101858123,273.2955939425429,680.8986353997469,144227.82814104736,239.09261251576882,1967.292855894449,806.7458953622737,8222.592560079182,1853.9375439142837,805.3369108991307,1828.9669105097826,1916.9609473198957,190298.56067052015,191147.3694967454,633368.3800707046,799.009133077347,0.0,20.033151130914217,289.88151069305826
8201.846317595342,56891031.4458618,1062863.2256502884,78.45724862140578,405081.0015006028,4040.5315029930925,1042520.1507996958,56056710.74752325,216.88404675990188,56035.054007706276,56631.461930279846,278.90278088111336,275.49810034767086,682.9184864811588,234217.5149867953,0.0,1918.6852025564976,794.2528314175568,6047.229407256359,1824.7379254020746,806.1087034925449,1821.2060305006337,1966.396529169002,191635.84017728837,191109.66237734337,638063.4909202338,791.1516943154742,0.0,19.94288141243433,294.5325324283515
2061.1483671559654,414945.4781292989,0.0,79.97839714284933,0.0,54.52462236754818,0.0,0.0,2505.984463243666,0.0,0.0,0.0,0.5422889840129594,1.7396340220699171,11374.73686654985,2258.9150686816233,40.41692106095483,9.667757100057361,0.0,7.972215190684122,0.0,0.0,10.731125330674057,2456.432998485947,0.0,0.0,0.0,5614.66536906824,19.9539770308055,3.780921180253478
1979.3943694257675,0.0,0.0,82.14094846219575,0.0,56.53243251904938,0.0,4533.366357282255,3215.6745052198607,894.6777632824775,289.9736419438748,1.8667260048323797,0.21818377996821303,0.49626795617051217,413.10715023271626,2658.377155934434,0.0,10.948217033933977,390.38478664153035,50.77944515197028,3.5898741636274827,0.0,15.131601601774591,0.0,0.0,2610.0553068754616,0.0,0.0,20.022671224947775,0.0
2125.460971541912,212247.09437701185,0.0,80.13462926308107,53109.92091891202,88.60932657949564,118416.17078750655,0.0,3368.026854185882,234.75940495921424,115.87127457883166,0.37037545622906476,3.2726057936283475,0.0,19442.92248491787,2990.335134524662,13.02910374858607,0.0,4634.934598305492,0.0,0.5591015163526428,5.493644414825872,25.809838841694503,897.67030355295,0.0,0.0,1.3970126567865602,0.0,20.009896110485155,0.9850873797384095
2054.2117522294184,160406.14181685462,0.0,80.4801394351039,0.0,93.95353677203056,0.0,959573.1713812668,18070.30072583973,0.0,696.0846570805268,1.7626583339730437,3.560379879846403,0.0,0.0,18344.66449081423,0.0,1.4813489181998523,4042.236128777652,5.363189616362433,7.146233202630104,7.356339655833343,27.19217934094363,0.0,2927.4518639698263,0.0,0.0,0.0,19.988451672296314,6.119990150394165
2082.236950513628,0.0,36488.4704439983,80.71801345599421,0.0,122.47303083897737,58552.53734121621,750066.0807910042,11821.809068025395,86.67929835100563,257.4396700088152,2.247440862328751,5.452448793360166,4.685103900547618,85340.6595441655,12128.837909064468,0.0,6.208436142516886,0.0,10.806010279417963,0.0,32.34548452725556,0.0,0.0,0.0,0.0,0.0,0.0,20.027299193214038,2.2631959945306748
8224.782465630633,55713956.71793618,1355002.55797509,79.49245542509172,344660.66387278977,3941.081107372367,895140.5079187897,55956346.80792495,153.1482833682143,53691.83382296673,54727.01493052025,269.2457666459691,271.04604640277705,676.4003877465121,286526.0728437192,0.0,2907.1102726823583,811.3048626270853,17784.92522679377,1822.130342491593,809.6572164567688,1796.6862680904114,2923.3325634386847,194016.45117861973,197022.48666321134,678756.0959055378,814.9523917344806,815.5996446786905,20.04496369555763,286.33301158242557
8231.934555921327,56136184.45715705,1015385.4443907584,81.72045774313995,182366.17575204052,4119.024124726477,1022643.6051355319,56522919.16262435,51.12832356516858,56237.807194737936,55893.70915024784,275.01413391341026,279.96525752994893,671.867995037495,239082.7233626812,122.15961514351633,1957.1329385693982,792.5410506098997,0.0,1802.9460214825617,797.8659506779933,1831.934506034101,1936.2881764280028,188961.61935294527,186699.6928912261,626042.5252001998,789.5880251504802,15237.468942734431,19.94515668029301,294.5941095188401
8109.232832850784,57400451.965714976,965482.2159497902,81.2367334034816,289419.26866017724,4105.998838010529,1089802.5038492153,57023495.92926093,230.8851789058666,56339.80277055524,56438.570217687746,274.61234241501563,277.7468371526305,693.8862003968067,146745.77554765219,505.98482105401285,1940.138769735176,807.51174119782,0.0,1842.142364886123,783.9987881177581,1857.9896938347067,1937.9580865788541,190134.71612935181,190096.01413742697,641149.650413693,792.5841357959633,8566.283805723413,19.979000324807455,289.9654396581978
8241.85855897781,56328083.63042779,1036598.9074124292,80.28630267828451,263843.8576690466,4140.429418454053,1096384.8350754625,56642982.97259609,0.0,55365.311718990124,56053.860168334555,277.8531279806142,274.79914016141356,670.2269834992647,209676.0405587494,284.8936073288091,1897.4525468948618,809.4679151732348,0.0,1825.3973493446354,810.1083430630337,1830.8678686568085,1940.4114480179878,192279.59239130883,190463.74979435408,634161.1460082135,789.6289755279334,2240.607045453763,19.98043928380751,292.96261103391345
2052.738006351948,393973.49198023544,0.0,77.98415146558037,0.0,72.25262993508768,82591.45306441598,444109.5827903045,3141.2745768952163,0.0,0.0,0.0,0.0,5.311851348951194,38104.69586984873,3365.1292586865684,0.0,0.0,8044.591374427287,3.5758977887620538,0.6541884109484893,0.0,0.0,0.0,0.0,0.0,0.0,13418.08960128108,20.0436522696232,2.9455199081915535
8222.954441225971,56206831.87606843,837261.4424099344,78.8923733744591,243169.32665734895,4037.2557302361456,1140018.8113137968,56023630.326699086,0.0,56295.83479371638,56627.364597897424,273.05767113125336,274.49197612221786,688.1305076570649,156401.14143158135,0.0,1917.9572325891031,798.9395634853068,0.0,1856.864302729768,792.4487541998943,1819.1731141468451,1960.1158718553309,188067.41845234184,190320.8034059363,623204.4135622629,788.0695932331441,19460.930102100574,20.042267026884083,292.57985649209553
8272.310083095506,55855199.94138993,1102944.9040984337,80.29634132149772,260212.77528242164,4066.9403349560457,1175830.293355109,58077328.02950342,0.0,56071.28308361398,57003.62949258041,277.17260748188863,280.080556956718,680.604222777224,217909.62676203993,492.65360693194503,1925.2746857999632,796.7664257599189,4791.319216011369,1837.624577777609,802.5009172945038,1826.784322381456,1956.406163375681,188539.04025340008,188095.10866187804,635828.035724583,780.0061224460673,0.0,19.96760636103038,290.7251447045125
8073.442244739909,57517664.35678952,1041330.8100885442,79.51340571911484,266299.60593808594,4036.8977029416305,1029288.7273402289,56668986.99999773,0.0,56804.67813011782,56645.83021319215,279.3072988956254,271.90620379486097,677.0622493855674,118976.33534849458,0.0,1961.5951338676357,806.6049810475907,1612.4382059265615,1806.762107188424,796.2560799385326,1827.0039806187938,1930.4096294736858,188610.9430877556,190977.49371878058,636056.8657752969,794.6733028885967,11682.075734605272,20.01559651636749,295.62906478925845
8127.2138683326475,57496934.342472814,1112046.458556327,83.15687135241016,262111.01154241568,4075.506513030932,1106796.7219743456,59009870.02510086,0.0,56217.901665202946,56036.534311345255,278.95699536683804,273.09353503875917,684.5671171221177,178004.9214180789,0.0,1941.7337271582749,793.5041843757999,13900.446278208696,1841.3271795008352,795.3909463880925,1794.2876206855947,1932.5912969510882,187435.83448451082,189936.2814868143,633268.7293844633,798.5979023696754,1994.8335367112597,20.005179645492678,291.2005487359504
2010.506548207145,314842.8646875284,238370.43574205608,80.46148902658551,0.0,36.04870059404692,44567.33801159895,645642.2871862318,2841.538308529614,128.59656738295556,0.0,0.0,0.0,19.862807836683768,0.0,2885.292786378493,0.0,23.519915487469195,0.0,10.102981953516474,0.0,7.166448494061013,0.0,0.0,0.0,0.0,0.0,347.1955641828105,19.92168977076545,4.551459428186806
8243.373489340549,60521937.50333066,1636728.4649709337,80.15844284237546,298894.4495418646,4135.720924574925,1627511.5912171972,61063939.065846786,99.98996271412284,57182.92178681727,55853.08100807088,282.3471258511083,276.83448710725816,692.8575425481928,163102.78303820535,664.9928661502702,1951.7874583668856,794.9752488708605,0.0,1821.1931674650668,802.9610615955294,1842.2000518889693,1925.3179149824964,188770.15194285286,191386.1073331955,631413.6874182514,799.9254383323293,7227.113015423213,20.018268237414333,290.6765469490343
8135.5173584786435,56536429.99228071,763875.1800634952,79.36062478277712,217571.20229582395,3992.7377402745087,966319.5705935841,57322062.1087529,233.6335817116152,56033.908350844205,55321.69341140613,273.78212834043734,268.40886946224794,674.5842627900275,190582.04549793943,828.0191758458385,1930.5680844496949,794.9905274128166,0.0,1821.6239927149877,799.4897867297102,1790.5467839402459,1919.3060486325123,188622.6355593869,188623.99536481278,621102.9485073963,796.9756256204869,498.79168972817524,20.007842952760523,292.9487721204119
8171.691355314786,56301850.53273103,1142490.3208554117,81.50196837742766,260192.36332134096,4032.197287046616,863016.0807322555,57541495.124613516,140.50585273993005,56453.834373022626,56325.21137712555,282.62593119517675,280.2513646933579,681.0382178920498,175810.73956910687,0.0,1929.1454407764327,810.2163896348843,0.0,1802.2842892534359,805.9868989239958,1844.370183469233,1951.2861124316237,192143.61704538084,192463.82541824423,630124.6323595028,804.5576270179444,0.0,20.006341461868068,291.9223353352054
8229.76928816563,56588882.543322474,1082998.5005049806,78.8875737327128,254029.16755486382,4001.9660470944814,756488.6759897319,56862652.02686657,0.0,55978.98806136398,56294.23943801741,275.5594034847678,268.861305309415,680.2139865561675,269056.0161519561,47.926105847140214,1950.6994050680119,794.7403497170714,15581.138177017083,1798.1729182848642,806.7006475627308,1829.4000967454592,1936.6832476762056,191579.04456607674,189784.3027881884,627376.3945572603,799.409488083644,0.0,19.956270550956813,294.9207383458939
1973.0865197100293,259893.70381659985,0.0,80.23251022713828,0.0,55.25140055070414,3241.6878015056272,0.0,14519.319397473406,0.0,0.0,0.05044482723411882,0.0,4.655755647408509,0.0,14587.125907948797,5.976325222250665,0.0,14767.667308398168,6.120257432631743,8.84545958153927,26.228221768278384,6.31036001012272,0.0,1377.8290925505958,2742.142947530465,1.8780397402712996,6802.782240733633,19.976912854347656,0.0
2053.0,59.0,52.0,80.0,29.5,60.0,52.0,59.0,50847.4576271186,0.0,0.0,0.0,0.0,0.0,29.5,50847.4576271186,0.0,0.0,7.0,0.0,0.0,0.0,0.0,0.0,0.0,0.0,0.0,7.0,20.0,0.0
8088.69095795283,57592816.7361343,1034821.9768026843,79.94985745411789,235428.37766289597,4039.6028573483322,1094332.351907951,56226926.954457544,0.0,56987.95816546733,56105.29843202807,279.96343945544675,274.94954504341524,680.5352466733123,249108.3733191156,0.0,1936.7735311401575,800.2623480069461,19891.792863730123,1818.0341462337396,789.5398148637508,1853.0421090027212,1955.1156001619217,192424.20497153443,186466.87526301108,635327.3984503162,789.6680184682234,0.0,19.965773860760258,295.1733047250746
2098.084260414229,0.0,20084.380766827762,80.59504704945518,16419.71656069942,55.79916674354806,0.0,291229.1019110893,24958.013650335037,745.1906900078247,946.9157535080636,2.326752695484489,0.0,6.722947421084563,0.0,24547.403193567214,13.735955639502464,13.93636499650162,0.0,33.32004471442854,2.7789541151635575,0.0,25.145409511841184,0.0,0.0,0.0,12.421891275142569,16307.115211105862,19.958883627995156,0.0
2053.0,505.0,505.0,80.0,505.0,40.0,505.0,505.0,3960.396039604,0.0,0.0,0.0,0.0,0.0,505.0,3960.396039604,0.0,0.0,505.0,0.0,0.0,0.0,0.0,0.0,0.0,0.0,0.0,505.0,20.0,0.0
1991.5189938343256,0.0,0.0,77.54012471681582,51743.7483972808,90.59847372773535,58779.10523410494,323201.96048403875,4495.505575362844,0.0,0.0,0.0,0.0,0.0,4912.497145121233,4131.721914045812,2.201058464553542,0.0,6305.011173968798,10.406571200754042,0.0,0.0,0.0,0.0,0.0,3380.180013817385,0.6602717438346716,2763.927945209776,19.982393755615732,0.30736747244137613
8149.993984800399,58060249.78227678,1090884.866914539,78.59935499387821,280373.23330736306,4020.0208355156124,1075060.6130607512,58473958.2072483,44.589035060827825,55390.78274897841,57034.15520918342,274.6741847971049,269.2998539288494,682.0105635585631,243636.21169430244,0.0,1930.3608362286493,783.9088768169628,0.0,1850.6799870145812,804.606664747213,1837.3576092133826,1935.9860907583297,189712.85356833163,186907.9163702515,630084.2266354412,798.7148474690497,8889.896710019511,19.978337249225415,287.2076075044256
8204.623517700227,57160118.59925245,1103000.6635828936,82.47142260430233,234720.41112720864,4059.061684484947,1063973.9003293277,56772587.95762242,0.0,56366.431386775286,55746.61008320723,279.06193382280605,275.8909156072262,681.6995007216528,209578.46373554834,81.31889989420195,1893.650543880859,801.8631243514587,0.0,1839.0098175974088,807.8355527539261,1814.2071742000358,1916.1230095992735,190113.24085718,191044.83364389164,629272.2979199261,809.8828518338659,4373.495210074146,20.056412518998744,291.7786141286561
8144.831612104223,57276399.17806955,1060995.6048166042,79.72838551228868,301058.1375518683,4120.86486685662,1024784.3862829704,56725925.248356886,0.0,55533.408556654,57247.00032127615,275.56496053761254,279.44419189967556,674.1243420563769,138452.9559130277,19.87070259372277,1960.6747937852103,794.3534215925387,0.0,1838.4925212590592,794.3085908568215,1848.9467655845112,1966.5568607051885,189430.71316090648,193032.16532880903,629309.8573837063,780.7335843452162,5038.122882850073,19.955355648865414,296.8347653853856
2003.984876716125,194221.5311927913,0.0,79.82116006146067,16099.43695551305,51.882035885422546,0.0,0.0,3501.639479760234,1023.7610944146458,46.71624637151637,0.0,3.4657245113077586,0.0,9029.441179068986,3029.425921086107,0.0,0.0,2891.761723077233,14.608996444671554,0.0,0.0,0.0,1044.0839007223829,0.0,0.0,0.0,0.0,19.95124158601881,0.0
1975.1028178382392,0.0,8023.460489281814,78.31243197853753,0.0,0.0,0.0,0.0,57063.09483873996,216.82313673005658,1026.1274785506844,0.04501771779160878,0.04414483769749035,6.0621103894570005,27402.219165887116,56631.29486952604,0.0,0.0,0.0,5.088540075910079,11.909189639012439,0.0,36.389468686135565,1253.7340685267852,0.0,0.0,10.681557083255862,11884.449993772454,20.006504401579974,0.0
8203.630942991129,57068715.510446735,1121370.1568326114,80.94725583164241,335090.08425731945,4099.576928733926,1043220.0506738494,55865083.027203016,107.93373120148162,55955.68747383414,55163.58081218876,276.98093702761196,280.77807308875964,686.7653700264866,173435.2990862416,0.0,1911.2534347221901,795.1844775872347,21901.8613747415,1822.8057914805108,805.0921761388712,1807.0136848192246,1953.5004594518339,192937.1821043919,188163.6250068536,618764.8377349719,786.5830606369113,0.0,19.957440357228904,293.38975839857477
8158.040442446142,56804972.53672325,1065191.6611880902,80.01134405308262,296773.8887399098,4070.294690121598,1013513.6502263488,56649600.02776849,141.7904067003289,56925.08941725028,55582.246199434296,276.6585847526801,272.77334575430297,677.8118068668649,160051.7124881922,0.0,1937.699156465265,800.7357912223354,0.0,1818.0333832091196,795.5940170336415,1849.3471804229412,1945.0702410819424,188657.5069333934,190793.41932436347,628565.4588023252,793.553823790644,0.0,19.985440407809335,292.094135175556
2025.3270928272939,326762.18168676563,6995.3035734006335,79.0124346529217,40008.18885484133,61.588611126754444,0.0,149569.99378169992,2751.310038452235,203.47542565362815,50.069209293120245,1.3610461578482966,0.0,0.0,89797.96617579625,3457.6753387216672,0.0,0.0,4328.735400913243,10.506390905699494,0.0,0.0,0.0,0.0,828.7236096196362,0.0,1.9108803245655095,8840.056182365437,19.99490669375276,0.0
8232.174667269226,57151371.47384029,946528.9433328392,80.15114620770046,268549.85610418307,4008.6978340647565,895995.7578470774,57286067.11628301,7.300493181306042,56743.95189898939,56321.5632734792,274.4899540863534,274.34632529940717,676.0132232296573,268568.2236061943,159.79138153715263,1937.5829451260308,797.8217714183315,0.0,1862.0100307611992,803.8764509132023,1852.1056751579333,1974.9064436245383,190892.68610374836,191232.70377638476,634759.0462657883,792.7189742804006,14054.684269469828,20.009224452128578,286.0633956457544
8192.0,57031025.0,1016122.0,80.0,282331.806930693,4072.0,1016122.0,57033298.0,3.559324239,56083.0,56083.0,276.2709359606,276.2709359606,680.0,186383.326797386,5.3828204008,1935.0,798.6331168831,315.0,1825.9230769231,801.2345276873,1825.9230769231,1935.0,189896.0,189896.0,630439.060398071,794.0019272005,18.0,20.0,291.6989844299
2017.155370990119,0.0,0.0,81.37011653044402,0.0,0.0,65665.39020352776,0.0,14426.558675223587,0.0,85.19219042262581,1.6418714840060566,1.8010765874192847,12.626908076939518,8424.350625689893,14192.76184919171,0.0,2.1305210553788267,0.0,0.0,0.0,0.0,28.00660705624458,999.1612015164324,341.1810132533577,0.0,17.008846382659552,5278.219328308635,19.948066109027902,0.0
8103.502254797384,57054727.25098313,924867.8530370867,80.48934982435202,311417.4579436818,4021.4340044967016,1074083.3253166128,56225478.07504522,0.0,56972.25557518408,57010.554845136794,272.7202582742947,274.5987267753746,674.598530407943,196144.20635083513,123.59601230467071,1953.9432241513161,804.8226817773026,0.0,1847.1041436068374,812.1386363350952,1808.239565739274,1937.9966052295122,188839.48518852022,190472.37753608133,631069.0440096468,790.2908894574357,0.0,19.963729155742783,296.402495504353
8203.794475336117,55760041.14207621,1141204.023654918,79.52049251978852,298032.72416799754,3969.8166416673926,954209.0551750248,56818128.4039274,305.8216124442852,56395.542799147974,56226.33719114121,278.2147715749544,271.1834515449116,686.3996729757632,220273.2022464504,0.0,1938.7170252087212,789.8774718752801,0.0,1807.2578287169997,800.7195993642954,1829.3347112992249,1938.8250711464943,187842.38964207156,190689.36261583772,616822.6033896432,810.8354494341457,4696.271625420269,20.005807630235864,292.13313242948743
8282.030090097334,58323513.519238986,1323040.0987313222,79.46563659919055,222596.38621976846,4067.400395609584,1308357.016738207,60165271.09450506,224.253846035644,57248.80006654752,56463.62286152584,277.38987388220716,282.5715098256852,680.5043617250133,197445.6121381595,0.0,1914.2308651353567,779.7621138748207,8845.54505947402,1822.097849737898,804.2234574705436,1822.5239426298851,1902.8911852399947,190334.60041433354,189186.1255980916,631670.7664890079,798.8041585582973,0.0,20.007356010182082,286.99583010973146
1972.5839329788832,552.655323319271,53269.82914967039,81.42607387966571,20436.867493463582,18.225203233602365,40992.121203077826,0.0,30473.255920664757,322.16620200338184,123.9359101143196,0.9240821009910865,0.0,10.026177524554724,0.0,30728.841358234862,9.738539879259204,6.642217589249808,0.0,0.0,4.717988661180793,0.0,0.0,0.0,586.4639426170206,0.0,12.889702582183983,0.0,19.972373924340452,5.001345592140033
2053.0,335.0,335.0,80.0,335.0,40.0,335.0,335.0,5970.1492537313,0.0,0.0,0.0,0.0,0.0,335.0,5970.1492537313,0.0,0.0,335.0,0.0,0.0,0.0,0.0,0.0,0.0,0.0,0.0,335.0,20.0,0.0
8291.002711553261,56079272.529563025,1017660.5261891631,80.91698936223804,208521.45763358136,4056.733933843957,1043571.095531454,56316810.02373336,0.0,55714.33035940884,55568.844365423465,274.88498597086607,274.38731775114695,688.6454198176933,180348.36099312454,0.0,1907.7593903066172,786.99134604404,0.0,1831.463835079545,806.4268130693732,1838.3043241880218,1923.9746740858634,192759.25997138303,189684.9044238186,625477.2586464727,792.3589959799266,0.0,20.076083814554597,287.48965311443766
2134.818942684122,0.0,66013.56282463757,80.03627396538985,0.0,62.613322279182505,62844.101683278066,494585.2678182241,21777.460733232834,640.4975988851247,0.0,0.0,1.667365745121133,0.0,7349.034166547756,21889.466003175567,0.0,15.002204124885987,7467.035905212449,0.0,20.99030374906811,0.0,18.614240971042285,0.0,0.0,0.0,0.0,3885.2924261812896,20.032284052338383,0.0
8127.153018369623,60077105.66109623,1262039.808779442,80.77982495919093,323726.12866052403,4059.2468167436386,1223751.4525676107,59637916.55896525,66.92256828672373,55870.13257711132,56940.73316740935,279.9050644278474,277.03204949101803,689.7837909435912,187753.9492794556,0.0,1900.7848541296373,795.5930767748072,3343.529338886111,1831.4618986262235,796.7073854851238,1845.6679530603037,1904.6724973814528,189389.25903910556,188088.14544981514,637553.4562620994,806.1480816924305,0.0,20.014311235051448,294.6868811857969
2044.6741930699645,400218.4024090458,0.0,78.38043325840937,29205.363212436303,54.61995230771297,0.0,0.0,3272.7978277291504,100.81073050252795,0.0,0.0,0.0,2.8259751656232006,0.0,4279.723459570395,0.08480693255008308,2.45613796351451,14952.67086405296,13.987093583730484,0.0,32.32967497537304,29.842735862254013,1360.5186636736005,0.0,0.0,0.09528752905588579,10934.211672658232,20.02222707865936,0.0
2106.5576215298233,260910.21198194206,0.0,78.5991854993571,0.0,81.95517574255868,0.0,0.0,4137.907915938856,830.0079688929459,0.0,0.7078693343682979,0.0,0.08922123779001685,0.0,3898.0028034600546,9.155102852902216,3.7549674470669845,0.0,0.0,4.0413316734414675,0.0,17.3098424999761,1194.5184970981416,1013.2368401774106,0.0,0.0,65.53903841739506,19.996051570039196,1.5959659595360203
2151.803904539662,0.0,0.0,78.19423321851033,0.0,135.1423395528389,163145.69806527352,849232.5887648191,2306.0079023972594,0.0,118.30332385829607,0.0,0.0,0.0,0.0,2736.5559817612207,0.0,0.0,10507.800154502178,16.692348733479832,0.2293899760101318,25.902565176939113,0.0,0.0,2142.9986949851386,0.0,4.473226498147481,0.0,20.01294781939641,0.4819969960299708
2020.1236784502667,409453.0545421866,261843.14287767452,78.72033307511995,61902.97585331874,53.38531278980986,156875.92683145587,85962.47293813521,6089.742945524607,557.2830012831248,819.8721124826899,0.32594006516770685,1.152583289867929,1.6006381352848662,14768.391627131157,5426.707298898266,6.9851566452807985,6.860617149839057,475.17206955191523,7.689457991738161,1.8230886043584933,18.22222355139661,0.0,472.4473765967385,1682.4216507553451,7726.19859576513,8.755656303606537,0.0,19.9990590345952,3.3122869465823124
8192.0,56703983.0,1017877.0,80.0,280712.787128713,4072.0,1017877.0,56706160.0,3.5798579907,56083.0,56083.0,276.2709359606,276.2709359606,680.0,185314.248366013,5.4138739072,1935.0,798.6363636364,311.0,1825.9326923077,801.2377850163,1825.9326923077,1935.0,189897.0,189897.0,630442.056262955,794.0038137584,18.0,20.0,291.6989844299
8282.678164465828,61692156.05939565,1549422.9258982306,78.88759104875093,319703.99261517986,3968.2741457228894,1655006.8394515736,63168682.038510434,0.0,54963.347044320406,55971.18180130288,276.28466615573853,277.835109265039,670.9040837419972,159816.29545377922,279.6600441822299,1915.6649604091967,804.2267783277991,11914.838220473484,1817.3854315724486,796.3233964167449,1865.6280616040835,1924.6168955816474,188989.32090748294,190322.70078135666,637066.6295261192,793.1873048135761,6641.076269188971,20.01201475023784,298.18649216584714
1945.7464225404337,714450.4222827727,49664.232278853066,80.05309202249612,0.0,53.05980822469575,79511.78853152417,0.0,153951.65431605847,0.0,0.0,0.0,0.0,0.0,0.0,153994.31392068008,10.935698584513617,0.0,10034.988994250572,5.73911489804019,0.0,0.0,8.831962455567483,0.0,1662.9779828278747,0.0,0.0,0.0,20.009402474865265,0.0
8192.0,397731.0,344638.0,80.0,132577.0,92.0,4951818.0,5349549.0,0.7477265841,365.0,365.0,91.25,91.25,365.0,764221.285714286,1.4954531681,809.0,130.4444444444,294.0,202.25,146.75,202.25,809.0,809.0,809.0,79320.5277777778,281.6390025863,14.0,20.0,182.5
2037.4927428147164,0.0,135552.0532412719,78.5246527592765,0.0,77.83972719497831,0.0,0.0,1368.135303248261,0.0,0.0,5.5703453931179485,0.7312706935272261,0.0,0.0,1603.4977085993635,9.185559064922483,0.0,0.0,0.0,6.637867972061739,45.443126274817786,3.333383683729473,543.2871383077612,0.0,0.0,0.0,0.0,20.020689949215615,0.0
8294.211793616885,56770506.30335531,953008.2030691482,79.89938241211063,252316.3088244347,4049.7494580070784,1116380.4515065255,56987577.61462955,42.43039974972314,55340.57159009822,55388.542980130755,277.95401071963397,280.4270990290778,671.1509415522636,138880.59167910455,251.47276428451312,1938.4424588061734,790.8872055558044,0.0,1863.8080433770233,821.0998041934815,1798.8889887360906,1967.5571236228086,186291.98312680723,187622.2222335993,633324.5896092134,800.4995985264483,0.0,19.992801427455323,292.9585347439216
2075.670907723831,0.0,34199.150131908995,80.33393424804,18092.73849445125,103.41963121512637,0.0,232256.67886794967,3410.090458116446,133.4930363594936,54.69344828675801,5.961038260972168,0.0,0.0,9147.919870480315,2736.114357430877,16.4856096137108,4.428745005955776,0.0,0.0,0.0,0.0,5.425552801554023,183.37991571868184,1569.4868675060422,0.0,0.0,0.0,19.970078138698188,3.414238738145341
2117.4548503345413,868859.3586323704,0.0,81.47467695205096,6575.80824342143,19.98558466991659,0.0,91843.23275914288,2687.924623828171,769.5761292082105,0.0,0.0,6.2778428102984405,0.0,0.0,2357.178679237529,6.464721090917376,0.0,0.0,0.0,0.0,0.0,7.571459800009618,3639.250799936223,1530.77653420956,4682.668487573037,0.0,0.0,19.984319283227578,0.0
8184.565032069831,56180661.59879258,1215282.7452544114,80.20779563438606,248042.47058955926,4108.430017890815,815699.7390847323,56194078.75622553,40.45831655225163,56498.17368341517,55436.82793785423,275.3625786951755,276.5422132939042,680.2314872222944,171724.67081883686,199.97696348609776,1934.159549129247,809.8857543954375,0.0,1832.7347697290884,784.4466451566092,1836.785305670193,1942.428111129967,190825.0577333535,189211.80179371158,632719.5058863164,798.3550769907214,7941.141520205829,19.986546370063042,294.3426005836955
2074.0561816134104,115568.4597381699,0.0,79.42989403761376,3278.1593675580766,0.0,0.0,0.0,4134.644554751154,0.0,336.55549822285474,0.0,0.0,8.811039062605719,0.0,4682.947477399971,0.0,0.0,0.0,0.0,6.729698632323355,0.0,0.0,0.0,0.0,6830.951614737507,0.0,425.25204024928564,19.962433606577388,0.0
2053.0,405.0,396.0,80.0,202.5,60.0,396.0,405.0,7407.4074074074,0.0,0.0,0.0,0.0,0.0,202.5,7407.4074074074,0.0,0.0,9.0,0.0,0.0,0.0,0.0,0.0,0.0,0.0,0.0,9.0,20.0,0.0
8192.0,53375381.0,1033296.0,80.0,265549.15920398,4052.0,1033296.0,53377612.0,3.7843581313,54500.0,54500.0,269.801980198,269.801980198,680.0,172185.84516129,5.8264127665,2920.0,800.7724358974,34.0,1792.1192660551,803.347266881,1792.1192660551,2920.0,195341.0,195341.0,673159.198851925,820.4627955318,4.0,20.0,285.3588129625
8061.277057802331,5454079.02994405,4854414.430995124,79.98095284456593,2511853.802306101,121.72606994997145,5035405.978334298,4939790.658784773,1.773707348615143,411.64191229108275,24.06471966582846,0.5321426263303408,0.0,6.229612758667008,1665202.8943010536,543.6007444896984,24.860184523853523,0.19183889021420392,7899.181581068698,0.0,0.0,0.0,0.0,0.0,1736.6653174842422,1010.9302483978879,1.9138366523128798,9853.082325042495,19.998989512202492,0.0
1975.5601547967246,125262.00880143992,0.0,79.41770667816013,0.0,50.06225175394233,0.0,0.0,16627.86484856453,0.0,0.0,0.0,0.0,0.0,132882.86750114182,16893.602756844164,0.0,2.7924902734751194,0.0,6.493878835140765,9.626422471645991,7.917275772717289,18.011577331902515,0.0,0.0,9119.644860849834,1.2312703183917406,0.0,19.995211712036824,0.18484452215628597
2105.0626205076037,102744.22128019636,0.0,78.11805438215823,42355.16236568769,57.732925780958986,218427.36457543256,0.0,1059.4519296787505,263.3107046159259,714.137986526127,0.0,0.0,0.0,0.0,1329.073288326473,2.044918708143508,0.0,0.0,0.0,0.0,0.0,0.0,2266.1778569280664,51.378574655268594,0.0,7.288287020834933,2879.194430187188,20.00752442206886,0.0
8111.829994887142,59047276.05205676,1130842.154977894,78.43331424959239,290949.4006467697,4034.289402564481,1028561.7616652343,59264639.6600077,0.0,56126.381429392546,55481.904169041314,272.50014874322073,278.998555868482,678.3153550467144,316708.2679500579,0.0,1925.556744106472,808.6053014982282,3455.017429008619,1813.1811847925694,796.4069469363383,1821.3234645767652,1920.1728389904865,190495.48630976523,190939.83229710752,625576.3777444209,799.286612613165,0.0,20.018698955530276,291.29688111206275
2054.8447406093087,0.0,0.0,79.43174560159108,36717.07041638947,34.02409066356603,0.0,68841.1361445028,3063.958411801086,257.5844894627115,135.12177967609003,0.0,0.7355186845878712,0.0,0.0,4107.123583909655,0.0,0.0,0.0,3.2193997000028416,3.9153151177184045,10.601442827066148,11.848313977921272,0.0,2118.8511921020304,0.0,0.0,0.0,19.978678011160294,0.1796258350266683
8194.055306222464,56739645.074143656,1053244.3973853232,79.84538413538563,263070.1388771673,4109.882788959517,1100510.384021763,57092366.160519965,0.0,57064.32412128366,57040.10149869391,277.73392017485224,278.0450268656931,674.05289014461,138979.33399641345,0.0,1934.3607087810292,796.7329153796073,1469.437697401346,1824.0556300025985,801.5503073824524,1812.3736260770831,1924.736332607489,191832.60693099932,190735.50495236347,634514.3150637412,787.7008674716868,0.0,20.05417819361707,293.36131515605535
8166.10113423265,56956171.52445652,953692.2049322332,79.32995067409374,339807.7296661127,4092.0580709743617,1008566.5226854256,56172807.6628957,0.0,55691.82748489556,56096.025410043476,280.4679751557807,275.44832050961963,681.2533856620793,205422.5694231213,0.0,1933.5624530177188,805.2115712072816,0.0,1813.4926317534223,796.7745410937736,1832.5425281265086,1951.0609254709582,191901.32465566287,185749.1969207869,621765.471646283,790.0204459161088,0.0,20.054653905028463,292.166676510954
8192.0,56968628.0,1014155.0,80.0,282022.910891089,4072.0,1014155.0,56970928.0,3.5632208764,56083.0,56083.0,276.2709359606,276.2709359606,680.0,186179.503267974,5.3887133452,1935.0,798.7045454545,223.0,1826.1346153846,801.3061889251,1826.1346153846,1935.0,189918.0,189918.0,630590.645321291,794.0973777323,18.0,20.0,291.6989844299
8238.375764384245,58034798.45665279,966466.0088751698,81.12497629475737,316470.7378110853,4072.6716775553487,933397.9488578744,57414343.27181705,0.0,56076.16463302179,55303.418489919124,280.68806839221884,275.10732544106276,686.7121770371227,206176.70977016896,355.412154910885,1934.869091027797,793.2327011744404,9701.40266248928,1801.9731345936113,804.91252814345,1812.8975183801576,1951.9228329415635,190918.27384939604,188095.5122539546,628561.088372704,797.2183810821446,0.0,20.02364338237305,287.8024229500734
2028.7389914943756,0.0,58011.64787633825,80.12808617863021,1643.8882216453128,90.82503801573458,37408.408324710406,0.0,3061.880084333437,0.0,0.0,0.0,0.7043231881895857,3.617559433782741,0.0,3107.1352739138597,13.04173000659749,0.0,11227.95295133089,19.756914465944856,0.0,0.0,44.43327389020135,0.0,0.0,2022.8157863903532,0.0,0.0,19.995407546638848,4.30291264299413
8207.236229971422,56434415.59136144,1002312.7377337923,80.64625539368275,260915.1929831793,4073.770066825457,789461.8420608382,57246168.15815558,0.0,56288.84195090629,55852.13646332824,280.7382430953579,278.5873991543813,674.3830947942224,183341.65388068208,0.0,1960.1555392242994,798.2009812418785,0.0,1834.8967850090792,806.7899279783757,1818.9372968236944,1937.795898185242,189960.4455179338,190224.12960598504,633847.4731095722,785.8841089098469,1255.2675915796915,20.013617139740177,292.54598931563163
2053.0,541.0,541.0,80.0,541.0,40.0,541.0,541.0,3696.8576709797,0.0,0.0,0.0,0.0,0.0,541.0,3696.8576709797,0.0,0.0,541.0,0.0,0.0,0.0,0.0,0.0,0.0,0.0,0.0,541.0,20.0,0.0
2082.396250424479,0.0,66651.2187706323,79.80280313132593,19629.788579854794,40.76616905211533,0.0,0.0,4312.385408760731,40.942085227272344,328.36380346244374,0.0,4.669487124422629,0.8951466949456517,59510.1997724431,4365.144545599607,5.853013050884413,0.0,0.0,0.0,0.0,0.0,0.0,268.46763760535373,0.0,0.0,0.0,11482.095761277753,20.018143189415355,0.0
-1.0,0.0,0.0,67.0,0.0,8.0,675.0,675.0,1481.4814814815,300.0,300.0,300.0,300.0,300.0,675.0,2962.962962963,329.0,309.6666666667,0.0,329.0,464.5,329.0,329.0,329.0,329.0,280.3333333333,16.7431578065,675.0,8.0,0.0
2053.0,222.0,203.0,80.0,111.0,60.0,203.0,222.0,13513.5135135135,0.0,0.0,0.0,0.0,0.0,111.0,13513.5135135135,0.0,0.0,19.0,0.0,0.0,0.0,0.0,0.0,0.0,0.0,0.0,19.0,20.0,0.0
8172.605208142599,58842057.49718393,1093342.8967419812,81.08629443490356,274948.0456336701,4087.3855517439865,1016884.7286430236,57169093.2396182,0.0,56112.68465885472,56610.2207479709,278.58510177104694,274.1576672090771,686.5334804641177,204909.10468416056,0.0,1911.1192036636617,800.793589340358,4826.203603094049,1840.0636648617917,793.0736129863361,1819.9056809428705,1918.0584867811156,192251.32095602909,193440.9053369466,631772.7936109736,794.493526036371,0.0,20.033135142169613,291.1560517249615
8234.396633217611,496731.93146421347,255172.98733154792,79.39386215701379,179084.0212745996,129.5818829130875,4860818.808705623,5789470.568899845,0.0,281.19250501329066,958.2876769601626,92.59537878463705,94.30113378443446,360.2679659096916,729878.2841014625,0.0,798.9700982078258,125.30659773048257,4561.682275611544,190.1608275421754,144.9130991998973,193.563222025246,798.290276041235,464.5240112354439,1578.051453302437,77056.11638285768,282.74459752442124,10486.080094918421,20.038923012708665,180.6197262208633
2053.0,713.0,706.0,80.0,356.5,60.0,706.0,713.0,4207.5736325386,0.0,0.0,0.0,0.0,0.0,356.5,4207.5736325386,0.0,0.0,7.0,0.0,0.0,0.0,0.0,0.0,0.0,0.0,0.0,7.0,20.0,0.0
1976.9925418009,0.0,7719.194305154659,80.59888622955597,42700.96021356529,15.985477873690087,27153.346125981243,702542.2077050254,3378.2101696405484,231.1542478968235,322.3358362666386,2.2212921377921426,2.750735181954726,0.0,36457.64883225199,3656.2298888083915,0.0,0.0,6277.497343803082,28.70634878985236,0.0,0.0,0.0,787.4519544435041,518.7913448577178,0.0,0.0,0.0,19.99489099020548,0.0
234.54838103197312,134238.08288463156,15505.605526701522,79.4467857844886,26422.579426787324,34.52435031205174,48106.41672648013,297792.9798214253,2652.0053628363166,161.39787013672424,0.0,0.0,0.0,7.356653701636788,0.0,2795.240558884323,0.0,1.3999871158534727,0.0,0.0,0.0,40.74738198511908,0.0,0.0,614.9228448086817,1482.0482126777717,6.352114623683855,0.0,20.046114271274146,4.934145640927467
8146.10602779164,23753530.144800104,1013150.9171409068,79.86325015016186,319477.01307334995,1774.832543382303,1053139.0581961442,22458037.710705966,0.0,22693.350900480527,21500.803332572203,266.16384193778333,270.63013096414704,676.1033382687207,146269.19434815613,59.144151917818434,1957.2892129294007,789.9321183777729,0.0,1760.425636091548,768.6398663159404,1813.8937589497862,1940.7267457002872,74731.29638929934,74445.29124289409,643273.7105198753,809.2385643359062,18714.591962580736,19.977976780177773,297.4216600467839
8175.506347557148,56702371.41511596,906595.5018520728,79.77587881480619,349867.03553698584,4094.5152701676957,965763.302808586,57636299.75748704,0.0,56478.53691349999,55876.514222107835,276.27045831444605,280.25495538563587,671.4899941560927,239477.250454642,0.0,1943.9161888426218,810.5354105543692,0.0,1813.1434395646852,803.854950330033,1846.4927029359528,1911.6014044553747,190242.85244864612,187304.78216058717,630423.7976939867,802.3454771109821,0.0,20.03850620782891,292.5262891691328
2064.5170574665453,0.0,63449.30823007478,79.91301364766518,0.0,74.98915589794979,115812.90884983426,947168.9450436195,25196.11609998709,0.0,652.2448338716608,0.0,0.080935431418691,0.0,0.0,25825.129116133376,5.488966583465234,0.0,1658.4200656130267,0.0,1.3640480199082645,3.119124735930471,0.0,0.0,1189.7498401363735,1521.3739665335902,0.0579029327596841,1705.7777653850922,20.0136824441087,1.2449806468644908
2060.9540524392514,124094.48766869064,193610.8203323652,81.30183473644965,0.0,56.58243289712118,0.0,0.0,3314.7953953131105,0.0,555.0486871403734,4.835068231488134,0.0,0.0,36662.767615457255,3084.426966399902,35.28385263750721,0.0,0.0,0.0,0.0,24.070874280226633,15.08326236637306,621.6211227057769,0.0,0.0,0.0,0.0,19.97649235051082,1.6853537615073078
2053.0,102.0,102.0,80.0,102.0,40.0,102.0,102.0,19607.8431372549,0.0,0.0,0.0,0.0,0.0,102.0,19607.8431372549,0.0,0.0,102.0,0.0,0.0,0.0,0.0,0.0,0.0,0.0,0.0,102.0,20.0,0.0
8127.217396152289,56820855.12241161,887306.7258125108,80.01755398804407,253472.2452725627,4078.0421875304705,1197338.653227442,57109185.28523193,0.0,56478.56455713875,56335.15859479042,274.39188676760006,278.1940952349469,680.9418887508323,192540.81481540418,474.1703059682313,1957.0185422255304,797.5046625980171,8189.740280651632,1858.098601308369,798.6416302987835,1796.6742674121572,1921.3946341319654,186945.52788231752,190207.1957074105,633988.2831987978,791.1827502563078,1492.7760073151305,19.954828103310295,289.97403085470637
8270.461585489931,57149365.34697521,1189930.5400902077,80.321813172277,241915.53410501126,4071.7742317574193,1022228.5398310488,57062479.429008946,0.0,56895.80449804984,56598.57713460123,276.6915805886508,276.8604822532471,680.7386624702332,223871.85129789772,0.0,1965.3896190707997,797.9522085053806,0.0,1815.6160137419467,797.6793183461382,1826.408652896231,1967.4367597053936,190528.91313643137,190270.9944910038,631921.3417360886,791.8166360916844,0.0,20.015310485378624,290.7635826257981
-1.0,89479850.0,41988062.0,500.0,17895970.0,48.0,41988062.0,89479850.0,0.0670542027,3000.0,3000.0,500.0,500.0,500.0,17895970.0,0.0670542027,500.0,500.0,4000186.0,0.0,583.3333333333,0.0,0.0,0.0,0.0,0.0,0.0,4000186.0,8.0,0.0
2053.0,407.0,400.0,80.0,203.5,60.0,400.0,407.0,7371.0073710074,0.0,0.0,0.0,0.0,0.0,203.5,7371.0073710074,0.0,0.0,7.0,0.0,0.0,0.0,0.0,0.0,0.0,0.0,0.0,7.0,20.0,0.0
8281.34677938066,53794109.266567476,1052677.7161971144,80.54166101931771,231552.1394637043,3920.2143983548845,1096017.4044874532,54268181.91311982,0.0,54184.511181589,54289.79603729661,270.33349345567626,272.8737869123948,680.2743390297999,284907.9391714176,66.45005721119482,2910.9743044956717,795.1927209728067,5320.168255446118,1830.2766999337114,806.9261305929708,1775.8608818270777,2936.9334501563694,197714.82887803955,192194.44265091588,677622.6603566997,834.3106348300402,0.0,19.978037185768976,285.31953056595984
8266.413344357004,54255644.05668711,1267928.444140117,77.95699583556538,293585.15484650526,3956.076510065098,1012694.5928176525,55444675.275008604,231.93787130415146,54666.706428426696,54063.12159720377,278.1249878030164,272.0301069542569,682.201886456064,162392.539631973,0.0,2945.419841854235,816.1410800248556,0.0,1770.3777625929822,801.5201979073814,1800.6959897285417,2909.807498372056,195868.59907059456,193457.03442373645,676534.7528000778,819.6938194470598,0.0,20.000528985532867,289.2903136447326
2053.0,798.0,793.0,80.0,399.0,60.0,793.0,798.0,3759.3984962406,0.0,0.0,0.0,0.0,0.0,399.0,3759.3984962406,0.0,0.0,5.0,0.0,0.0,0.0,0.0,0.0,0.0,0.0,0.0,5.0,20.0,0.0
8181.607202140781,56887431.264894314,1175896.9112913755,80.2882675151781,241669.02178580995,4107.26042716658,1141894.1579954643,56921479.28187216,120.1596363602334,56011.32040452411,57348.40721363951,277.7355769256809,275.1856669370999,677.673133823129,206863.41491420643,0.0,1939.3404838331867,817.8752111908834,8242.71732212392,1833.9818553613204,815.2450389306799,1831.4530332827585,1924.6074895013192,190862.65480201485,189599.70674528964,625728.9181852317,799.4140032165185,14857.525791314183,19.988679593511613,296.2434036417979
8189.29569629612,57795172.21122811,1063691.8044209348,79.9843203114047,300550.2015044011,4068.2155664957804,1070057.681024826,55276586.40019251,683.3972507779258,55487.42038412279,55412.17917523145,279.731882598354,274.4187887760478,675.692661836103,284483.4147284034,0.0,1906.430845030481,805.5430705774413,0.0,1818.801334831246,796.9796974203639,1837.726930700799,1930.1755092422259,186442.44418739877,192185.67588329894,624355.6893460075,784.9075601036939,0.0,19.996841764818093,288.22822496832754
2051.5314740588497,0.0,288902.30621539184,78.84685169639648,25536.858683234623,101.05884701193145,59662.77474107674,63347.624015814225,2529.874533056475,117.53017236050816,892.6803259781174,0.020387602716276904,0.47580678838461476,0.04504553755509303,7113.111429785568,2381.3299795458365,10.790561972639582,0.0,0.0,3.9588009542009166,0.0,0.0,1.251195304959672,850.4511682162645,0.0,2108.083975221969,9.655166409303808,8635.05204275484,20.030722201263593,0.0
2019.5432650393116,274349.8746277315,180072.97350183284,77.74173023466956,0.0,89.64758032958125,18316.63890739917,0.0,14385.333027445673,0.0,942.5711950115586,4.305737588523695,0.0,0.0,0.0,13868.4660008606,3.2758544216600787,12.087922275493717,0.0,0.0,0.0,0.0,0.0,2684.162867932238,0.0,1443.2783754879579,2.1455741219523827,4017.773825235343,19.994104419958894,1.0650640722205977
8132.138368519819,57319691.565536775,918175.6968498537,79.96622062367047,222771.86829691895,4095.6191024666077,921506.074333326,57337524.189456515,0.0,56005.906686760274,56104.741513117624,276.93285974278115,275.99882255725595,677.4041678231026,206231.6877760549,144.28231870216038,1946.90118838283,803.8395008580299,10601.791084513394,1871.7350800964216,799.7662940110911,1828.9675107899322,1932.6019951076412,188130.10637094846,191596.59241730804,631056.9233414616,793.7392356477634,0.0,19.986728558200387,293.3094170524637
8244.171361231018,58171030.9313105,1025996.5946430184,81.56730890145275,302279.95593490556,4121.617112277652,1006919.9089502682,55495122.37300124,0.0,57183.01631711522,56356.91003226722,276.1453074010822,280.1673116256261,679.4880862751902,118793.3709880869,533.9834848592913,1946.7326434450088,797.3257784117029,5326.449936966029,1816.8622330174344,803.4686550354911,1814.7860048220598,1896.6222610771617,190734.3473615093,188982.09447314532,617700.5174287016,788.8028598096308,977.8976434572854,20.011696825113123,287.9779174794762
8053.413429254991,57328456.172810316,1044187.7843192345,79.03071190955507,216457.94153764783,4061.9308295902047,1093256.923112021,56049721.754384466,0.0,56071.468836414875,55345.145401518006,277.52446438843515,273.51194623744004,674.7174679649564,202935.59232471036,363.1057128363179,1948.4305167029477,788.3822157919827,0.0,1816.2140531510784,808.8325892418915,1838.5084853408882,1938.1003175429698,191821.46142305477,192489.0062444971,622868.9281462486,797.3139247641654,880.0535137288117,19.97665457839003,294.2509644999604
8127.1559771529355,56498180.82412892,1004360.0442666869,82.23413375018231,301401.31786798756,4045.6453664212327,1094620.130459233,56564064.43438765,0.0,57003.768213560004,56640.721886658255,282.078630203979,275.98461590690147,686.8839196994963,150298.4455703143,0.0,1949.979231446604,800.5941249985535,15969.747982113722,1812.7228747600602,784.445083992509,1796.4144153271623,1973.5803152546453,189850.293347066,188400.89517548255,636568.8018963875,792.1705289612905,0.0,19.969496851656963,290.98753605212175
2083.0701522846853,229480.15744322547,0.0,81.93442994463477,0.0,42.32942107967531,0.0,0.0,3501.0330447719134,591.3934850156994,0.0,3.926017931829175,3.360867490506648,0.0,78623.76210606033,3400.9584996837093,6.205964998090925,0.0,0.0,0.0,0.0,0.0,0.0,2298.6116052962657,0.0,10453.677008750137,9.109351438794418,0.0,20.004630896289477,4.60361936678179
8102.48053699778,56054896.05856883,968059.2997343582,79.39666298928886,282622.59147677216,4073.900876232666,1033628.8979438051,56460094.17647293,0.0,56191.3790403898,56306.30117213561,279.37128168130454,279.863928603409,669.61756222896,143521.3412091147,722.6943092761869,1946.5091278162665,790.3902513754903,0.0,1836.0764508585507,813.9951044696155,1813.7662240248924,1926.3600197255782,194311.14552171587,191055.20500054257,627754.8642051128,795.9399343241778,0.0,20.04284402015855,294.3927860096106
8177.73868873487,56004734.833465785,801729.8131197873,78.43379312551896,332525.41670273326,4042.4541597461957,1049668.1554615449,56390721.16088065,191.6537458817757,55780.57738915807,55731.588637299305,269.8952567158297,276.72789841771583,670.6572664121499,189889.6771833604,355.3220714939846,1911.1671345882405,796.4955431615027,5970.895004992885,1785.9869358873136,804.4231012202885,1845.080165484919,1941.460044375484,188225.52908691787,186532.85454528392,624116.8223326346,789.3901427037026,0.0,19.965996798833974,293.1673466984668
8334.972989961261,58927838.312193714,973003.7527513364,78.8457300537892,332016.74751538335,4086.493203657794,1008334.6112150168,58330772.64613718,198.82442133506584,56926.574594926155,55984.91726244927,279.1237174409294,278.6109169209312,680.5070370241907,195279.3279379191,0.0,1954.0565287707147,795.5632381560083,1507.958112669991,1802.2323125837595,802.9686654792578,1792.1683013476934,1940.7496360212615,187972.39221447255,193221.0618277617,635318.5046253168,793.2375232137442,0.0,20.02943048258646,296.1252443395321
8118.535433813159,55727700.34394869,998775.211643598,80.00032994835233,290373.7746879503,4075.775751300852,1210983.1826678815,57890855.58778358,0.0,55452.985832160324,55834.122862150936,276.43897711406356,275.93407797496053,668.2536043886549,118980.18111779352,0.0,1976.8572190715443,792.8267621195768,0.0,1853.5436672911162,806.4698800169272,1818.7460004055406,1951.0257675931318,192405.7396188947,189630.53325696377,626401.5697964639,795.3345829787701,10232.034208887859,20.01741533387867,291.5232798331751
8245.743663660422,57556986.91961715,949273.3259633707,81.78988851367613,312254.9333235294,4060.3365827089883,931289.1181052824,57267055.73301097,36.0397362454583,57067.57871876766,56915.3301996799,276.5926541981059,271.23897607316417,672.2791471315579,156299.76699124256,0.0,1948.1263335987046,786.5510379796087,3868.1897845137787,1867.1180262229575,802.9691301354903,1838.492876336934,1895.552383303686,192947.11818659154,188390.13175639795,633358.2479497599,794.9428341713121,0.0,20.05473248280592,295.3399876306187
2144.421482616783,0.0,76036.43347160442,80.06355811285603,0.0,0.0,88460.85099456177,435779.655399482,20152.148958729038,598.6333597632096,538.5566940146255,0.0,0.0,0.0,0.0,20758.058735604704,0.0,0.0,0.0,0.0,0.0,0.0,18.495994169686885,0.0,0.0,0.0,9.010551032094341,14860.641741082323,20.01466492142194,4.916402679928169
2009.6047056292398,912626.3671643628,13962.032199678493,79.83976839875923,0.0,36.87001965456001,0.0,0.0,14959.59515337825,844.1693813026383,0.0,3.048386736501698,0.0,0.0,0.0,14157.98271889174,2.498382313712767,6.706139752530631,23146.26977779939,0.0,13.0908294033834,0.0,0.0,0.0,1176.5327339984476,1060.7048835656562,3.3042371481063717,0.0,19.9899804484778,0.9169693025637831
2042.1616739428014,0.0,70259.25652349067,80.23812507265471,0.0,45.16348521325903,69013.01832515567,0.0,11457.63381359675,0.0,0.0,0.0,4.70362061480381,0.0,0.0,11596.178540284323,0.0,2.301147541359942,5267.742587172746,0.0,0.0,0.0,0.0,0.0,2722.262423788324,0.0,0.0,0.0,20.015865207817235,0.9934725089526075
2059.360348506582,0.0,92076.31415271526,80.70587991249724,34473.77262093349,56.584085571520426,12114.209525138924,271845.0204628405,2388.9767823054967,0.0,0.0,0.0,0.0,0.0,0.0,2513.3947835049985,0.0,0.0,6593.970264287643,0.0,0.0,4.390393109816133,0.0,226.30837324164054,302.14068658173795,6012.97464387216,0.0,0.0,19.98407241742235,0.0
2068.3933473889474,336008.8703957898,0.0,77.72653834424707,0.0,20.414512591403415,20786.34866439398,0.0,24375.568040932492,261.80770562790644,56.56034315640122,1.475165304796212,2.8659695954653635,5.111811030196276,0.0,24377.61530471684,0.0,7.170925019157223,0.0,0.0,0.0,36.78222873529239,23.27788025781797,0.0,0.0,0.0,3.9249737327230365,5499.883389017896,20.035366004359787,0.0
8254.0103993484,58019256.37841188,1067575.3819594583,79.55496538453973,322559.5437648078,4025.2281981475867,1110529.5399285,57376348.479759976,0.0,56239.071097353146,55737.25763942014,276.06456296795403,274.08732346095803,685.8593200845456,331547.3465178587,458.51945963206975,1928.4212641287406,807.0082745790031,0.0,1808.6778823445197,789.4930842242408,1819.5303328590494,1897.318483115356,187685.74392370737,192792.88834189414,630983.6263452603,799.9184425118085,25548.390738740716,20.052734927453614,294.66318810677666
8210.853600083334,56095181.91460012,865802.5548399722,79.24104187538838,350913.656365154,4063.0252915743968,1157576.1199888769,57035937.122783326,225.8988318921557,57132.78514923852,56427.547193429054,276.0490299837135,269.94972990289716,671.1486320135004,200659.88971480352,171.2287998333442,1928.1551387695006,793.3991473434595,0.0,1808.748218441093,809.0987696392114,1822.716792670383,1907.206663841597,189897.6975234409,192402.9250618566,625653.052334689,793.6486916317423,3646.9654635584693,19.991452487623434,294.5087079723384
2189.763545256748,142800.54111127395,3884.121761667565,79.82760601116279,0.0,29.5208028220674,0.0,230094.40280833567,25119.819049468755,0.0,227.53070917817672,0.0,0.15687107319275365,0.7525873195220489,0.0,25449.560104793567,0.0,0.0,0.0,0.0,0.0,3.739102153579129,31.455155374507335,1114.425311516139,2696.4877230143306,0.0,0.0,1799.6323895927785,19.98511537828512,0.0
2093.6743646792456,330102.58944464254,6261.773696829745,78.40624221854229,40124.113075309455,18.847651745277567,135561.19305833336,0.0,2204.0848224343376,696.018629889283,0.0,0.0,0.0,7.4268958554402635,54001.17754932283,3364.2262796564214,0.0,0.0,0.0,0.0,3.203285050950522,0.0,0.0,487.62283565674653,2950.5580772116145,0.0,5.227645042370157,0.0,20.019504274342005,3.8922259395108902
-1.0,89479011.0,41990102.0,500.0,17895802.2,48.0,41990102.0,89479011.0,0.0670548314,3000.0,3000.0,500.0,500.0,500.0,17895802.2,0.0670548314,500.0,500.0,4000116.0,0.0,583.3333333333,0.0,0.0,0.0,0.0,0.0,0.0,4000116.0,8.0,0.0
8235.290672444047,57181956.04732531,875030.0336961849,81.97611417888787,241419.10930368077,4037.687945011994,1169785.9059966817,56418091.98212388,0.0,55742.013603053136,56737.66704098925,278.64814688792626,277.7415573004032,677.9653454075107,176063.56520835002,191.72447614081088,1949.593097295612,805.4116889935299,3789.1919970767385,1837.2808857520074,800.292575181114,1842.3058486203643,1949.7404376309855,189994.6707660683,188920.4869988973,627159.7665393059,790.1317389527519,12314.803152497514,20.02694977395867,285.8257846735278
8237.525390126259,57589083.65740341,957307.7014467593,78.1766722328679,216579.00060963817,4090.4803084172336,943228.8944700351,57358355.51830956,55.371239581865225,55718.690078071646,56727.89820692522,281.9221390953599,278.87157311929315,671.1271482761473,222323.40197521355,0.0,1917.7241567308506,792.0191234622765,25814.16738944766,1850.4217517403367,794.2805737584885,1835.5277198636197,1914.8017240271138,192595.18652819496,193328.23552994194,629957.1534453514,802.1315488189337,10211.36637879313,19.947707164164388,293.82300635347775
8116.80229846346,61325265.80103858,1128537.1968763226,79.54592910723389,302426.556200643,4097.526712762376,1000065.0224179314,62151485.16007981,329.4632039961449,55641.41857800246,55584.540022163346,270.6123206952696,273.19934967650073,675.4525769901292,190989.95128353243,0.0,1938.1935256821262,803.6645731322991,8387.922232135257,1847.328918713048,802.6252041224757,1826.4402755435701,1922.040383455619,185005.3257086765,189261.1105891858,626352.8423174766,791.7542607157912,0.0,19.954905829437624,293.7964514026088
2007.481754610944,478940.63197110203,0.0,79.36636759327223,0.0,63.96210122518152,0.0,692028.4960480098,20956.447259876684,0.0,814.5550751672514,0.0,0.0,3.2279315265813895,0.0,20572.610651251074,10.926776647560287,3.167438060211122,0.0,12.406475594707597,0.0,7.410210656039813,0.0,0.0,2077.605306622779,0.0,0.0,1546.5398210189671,19.989323596087274,0.0
8229.301141631724,57397172.65980453,947562.8428118438,82.74015582543001,306897.99442293285,4002.689000116531,1000646.9570216113,57496517.526020885,0.0,56808.783394330254,56073.82155983688,274.48751957597335,277.7876141631658,672.4730728608131,229055.9978076038,607.441243072911,1935.8929573498824,790.8562061238025,0.0,1804.309051000815,811.4803104766243,1830.5976285921429,1948.7721413336217,189227.15805137338,186080.0707332275,636633.5801960609,791.8817883518453,10950.497431315598,20.03291764762771,291.9176460939598
34.45210863939664,88502719.52616188,42073747.3513465,500.7465669873515,17870095.759302884,26.656913615194703,41872385.98519305,90182775.54430743,381.3417561554667,2097.880362545854,3791.0479994667185,506.92259734711547,500.6035907273233,495.03250713548516,17803784.576240584,0.0,492.08915399733377,495.3035939037363,3984693.8213542146,0.0,593.7935766924631,6.443320752819053,0.0,478.63421087465935,1797.27818274134,0.0,2.9699322645742496,3988230.311865158,7.957570358073848,0.0
8163.012390208938,222643.1189321523,303877.3771779945,78.01335148661884,91970.55480497438,56.05076541415113,5059233.3412631815,5227323.877125601,0.0,0.0,0.0,89.6871957137006,91.13101378680892,361.6044987821913,766258.6250501042,417.11039988822415,796.575121455048,120.95082700736037,2520.785784313871,205.0714772796779,144.46807736972934,186.359676538555,815.9473988815769,2349.6928496349324,3526.75435210312,78311.76074761941,267.8513954580969,0.0,19.963746756299038,180.8827966676568
8209.68578350087,59257931.77859603,1288941.1858199174,80.1674810162165,285659.1246515648,4056.1980810458517,1211156.053235773,60082854.29023808,466.34778235654755,56254.094069581544,57502.95238174891,279.81432059841353,275.00688795658033,684.1177460897575,251050.1284994519,23.573874005557016,1945.1616749469308,805.0793617400083,0.0,1835.726695039287,802.2337400625597,1870.3692457002307,1929.9561190072463,194362.8456526802,188234.63516197406,635464.5819810668,794.682414587943,5656.267461189838,20.009375141886366,287.6632227665223
8166.068604092316,57358440.42512762,966604.373299184,80.04354444050875,333343.66458546894,4133.727269235023,1348351.4558767301,58223496.14198614,0.0,55727.740174689825,56478.825306858475,276.36769414526515,273.4553679946394,679.9330228481801,205050.04418276693,484.6464223215456,1951.888696682435,793.4389862102887,10957.320975240913,1821.0236162034898,798.6281010273469,1811.56627548448,1920.9937788823365,186926.34538779056,188478.6794423718,631223.6244864911,786.3109240529674,0.0,19.985344431077742,288.503707068931
1980.5016225947732,223031.21410095337,0.0,79.6370314837003,29452.40958891536,55.12251597836096,0.0,0.0,24502.127745988117,158.83408905243869,160.34332622860327,5.292580297089637,4.427646579011688,0.0,96161.04669007348,24228.611474931662,0.0,1.945586730762009,0.0,5.172470822745115,3.8520204244784306,0.0,23.65572488555552,1449.3035734962493,1889.0128069637178,2011.5978683573703,0.0,11462.825989091498,20.026564065261727,0.0
8189.130901398348,58075260.2374886,1142000.8726816934,81.5431554406033,293991.6258513164,4026.428476756112,896059.8085041635,56221435.65280973,0.0,56453.09954433798,56444.42623082645,272.32251969193493,281.8159602971902,668.3451498556814,119134.0056926353,516.337303827729,1938.1351597042262,801.8399414570697,0.0,1835.5046374517754,783.8782259778126,1825.9697419566928,1924.6398320839062,187566.01981844043,190215.73993000714,633895.4037085384,804.7777066767202,22056.68750702674,19.97556185532787,291.2478255232847
8130.086581433982,57159955.24940495,1099423.7414169295,80.07845680697037,243068.53641532597,4072.9048500441963,1238621.6383744064,56570342.14100107,73.81393509888903,57068.179999641514,56417.428083916784,272.70804588412824,276.39159899502096,675.5037681704142,236367.6508950043,96.78180539142805,1926.4008463853943,799.951623181823,28436.227512256188,1833.7103468863768,792.9748697345864,1807.3731395001078,1924.9504194438134,191583.62209643668,189648.99257427457,630660.9100154585,790.8170128027597,0.0,20.0079324328227,291.5982919903593
8164.729840246533,58688384.91900861,1185739.5533356334,79.54379469883179,303717.744638431,4099.816483915807,1086668.1307123688,58197637.87381994,0.0,56573.35524914305,55754.030359445744,282.28929497036313,277.2168216583343,681.3160716147474,146915.47135087475,0.0,1910.902976031372,820.5735186569999,0.0,1793.5399259323008,794.031163188166,1796.6307139389812,1951.690052632724,187846.51042948553,188749.22699126336,639940.4854377909,795.5581783543329,0.0,19.996285555401116,294.65248545584996
2122.3598812684586,0.0,0.0,78.51248451611497,0.0,15.893932566836519,18659.235098307672,777511.4334240219,1731.5431103787048,346.88324929905536,0.0,1.3447280808391278,2.641865028787089,0.0,0.0,1045.1660046311604,0.0,6.047952259216958,5066.72486117796,2.9470450368486034,0.5142801321744875,1.34352882747829,17.4406322321199,0.0,1375.2934034605325,3312.9063646940676,1.339321079905518,2170.5584195574183,19.993113844628173,0.0
2054.8636175136367,0.0,0.0,80.744515906172,0.0,87.47800439836539,31094.56332590485,209151.54122555043,15173.21514752086,539.6558135021224,0.0,3.097689307428856,1.3231378550853397,0.0,4308.6575236829585,15610.294360959531,0.0,6.607755866365621,2531.60492701123,0.0,13.399238687993114,0.0,0.0,0.0,0.0,0.0,1.432379537675882,7925.548264047911,19.980401721921872,2.4512572130972217
2013.6496170069981,0.0,91445.91593726892,80.00867400333465,0.0,42.383913761139844,0.0,0.0,6892.264085627861,1066.9254935912556,0.0,5.44488269205258,0.0,0.0,0.0,6262.493840890187,0.0,0.0,0.0,19.25756881726421,0.0,14.188150430893105,12.445227126761612,0.0,5334.4489977635085,2126.8903075489343,0.0,0.0,20.010802438421724,4.24529935965145
2049.8258196268775,0.0,110792.34640395414,81.6300146903905,27163.933257915607,17.38459059369035,66521.10075391088,633841.5694733873,14129.706919090006,33.87423170558052,0.0,1.3966513830000504,0.0,5.200071780672705,0.0,14328.16902543517,0.0,0.0,2903.444746365615,0.0,15.200451307549791,37.017182722556505,0.0,2385.5468531133533,1928.2780809593555,3912.8046154158123,0.0,3270.831856525652,20.024993446606004,2.7023235911125485
2046.1205272618263,0.0,0.0,81.0210626998571,0.0,71.15779612117483,98187.45262927645,863768.2568401773,20912.339471339368,0.0,0.0,0.0,0.0,3.9396494066249907,46934.802021743024,20618.93000711991,33.52945804852434,0.0,10740.557539200272,0.0,22.85702477363495,0.0,7.229979544809781,0.0,0.0,7957.346578059488,0.0,0.0,20.04706604674348,2.237890139040345
8128.416239997338,56620009.09265206,1075831.677776815,80.79798757449028,259188.4148164952,4028.5693431830596,1019975.6808786104,56649411.354632996,16.18347134731833,57155.69928158032,55169.688078487765,276.9416540546639,279.5477251052507,687.7465096211625,177484.79521636706,0.0,1931.936926675575,798.1998421985802,0.0,1814.5996062318952,803.3136308440835,1838.8508712935081,1937.9733615276123,192527.95696361107,190022.26067782697,640040.1264920769,788.6718111997401,431.6721506244486,20.028593684354604,294.3603262962355
1978.469306922874,0.0,0.0,80.29883912346655,15512.590735939211,0.0,12054.620909178471,79255.67589055985,2887.15609495341,804.7772027778086,283.33560646217524,0.5537143388174884,0.0,2.5846358418159325,0.0,2874.6307067635894,0.0,8.895978261613552,20931.653317633743,0.0,6.0387156368702675,0.0,45.73560332968078,1230.1800407253736,2336.432468500698,4138.928148665133,4.559805668970917,6544.86832034229,19.978611337764526,0.0
8177.866348982454,57343245.15595918,1027772.5575704394,78.97188282802173,298280.49110285746,3989.980182072988,896704.9455563626,56875118.594312236,0.0,56045.70669213359,56618.65289973279,273.579030349472,275.5245222929926,678.4862098581963,260999.8379381404,76.59384200625055,1923.9861686319907,788.068795381759,15302.800400570297,1818.904752936353,802.2722244722088,1851.6517152042916,1946.410799162357,187713.66307544638,190125.18972218412,628757.6354440022,793.3775461953801,4214.528759422225,20.009722163504954,290.1635729679154
8210.070183500444,56245151.58556228,1000925.9298905298,78.53345284309982,289583.6358459285,4180.674124339298,1102106.4160391022,56821223.879636474,0.0,56647.452275046904,56145.3550358854,273.1293432305858,278.29369728303215,679.6773750814932,258942.95286548696,219.6226169352759,1924.2952271386548,801.4017455057209,0.0,1830.9076960868358,785.2555481504797,1835.756112977384,1937.9172206358944,192438.87928394243,187297.75307779346,630174.832753016,793.1535018435488,8387.6992516782,20.003213920990834,298.9379069894811
1945.7604885116546,506447.63520338596,193816.18675855192,79.88916086678103,3450.620726287048,147.4877324954134,0.0,0.0,1713.5221922888934,0.0,0.0,2.214413265778893,2.9868512307373374,0.0,40942.755643129145,2007.5822659864375,38.17853159515531,0.0,8898.793807437194,28.451602838283005,0.0,0.0,0.0,3099.0195069643537,0.0,4541.182340107846,0.0,3251.4931813699927,19.968146134406336,0.13802217576128825
8186.022071546828,56472788.64323793,940830.1080432867,81.47233074286933,264400.38929743407,4051.772222068788,944592.3443724804,57757549.80148266,0.0,56184.850980455485,55332.58268928428,274.0114983811077,277.11621426649367,674.4060561969656,229200.4358936401,169.04512033007066,1944.108223989696,810.5705476931071,3881.873491326601,1816.5447047539362,810.5104542433787,1838.6489602336483,1962.656662284037,190387.06550443277,188101.47968729446,636530.469007629,796.9123119974194,11394.52179763107,19.993184240704867,295.18119148858733
8223.104785843832,57114876.61669868,1183607.6122189665,79.47985969492734,276129.1198063181,4036.0989330718007,918489.2461083545,56745607.47748924,0.0,57158.96092097557,56105.96342544931,279.3964929991025,273.68480046214137,677.3662287327885,191518.9951997317,0.0,1909.7428566547471,789.3880415623552,14154.789160644905,1806.6149141601377,807.7841337072762,1813.4345249747043,1952.731836155684,191869.16608110434,187563.10412000373,625757.0233803936,792.9695455294205,0.0,20.02402344785097,291.33585925052824
2046.801677697133,500808.3745933333,21695.100527180126,80.12702823764403,29511.39418709025,64.78064743763926,0.0,0.0,31057.294618913354,0.0,426.55131442769004,0.0,0.0,0.0,0.0,31006.33841027234,0.0,13.417440221783439,5050.200742885065,16.12042854330756,17.800659334372366,26.75773009257239,2.4210371432310525,0.0,69.682798570715,0.0,0.0,0.0,19.96249075529568,0.0
8264.061334890812,62205206.86909638,1532910.75624523,80.7186795770549,307135.9251032093,4106.499192244737,1603405.5523085988,61814047.29345533,0.0,55742.340627274345,57789.64000442564,280.8859497751038,275.74201562469915,681.365197716569,252168.517179957,0.0,1947.0742264622668,794.9531345491848,0.0,1821.56770967068,798.0124901330906,1807.4109957128137,1933.3759813256747,191836.95092753423,187580.28644986136,631826.1272947988,796.8413900199382,0.0,19.98902551706989,287.3437566030918
8192.0,56478468.0,1015030.0,80.0,279596.376237624,4072.0,1015030.0,56480676.0,3.5941496168,56330.0,56330.0,277.4876847291,277.4876847291,680.0,184577.37254902,5.4354873515,1934.0,799.8051948052,378.0,1827.0192307692,802.4104234528,1827.0192307692,1934.0,190010.0,190010.0,630823.271373578,794.2438362201,19.0,20.0,292.8687801257
8108.658282097827,57981120.003875814,947629.6383829376,81.19236051192323,323047.7515677625,4061.07791081759,1229409.9913174782,59015993.15847034,332.1608170399823,56587.25349548303,56757.12681864957,274.9765833568643,274.1907432097876,680.7092709343373,112969.00457481327,0.0,1895.1396526305914,796.33241269814,0.0,1833.9249956282908,808.3081908871778,1795.4299413930528,1933.4123755641351,189066.90118283514,192179.5470689018,638108.805886556,785.8152215871296,16177.637895697359,19.984705955517533,288.5437598733175
8237.409629562653,56914433.260747395,1161700.4730386066,78.93465688701411,216457.54290119495,4090.0786347285884,957544.2476898277,57847211.81338733,0.0,55972.47155999064,55690.781719806124,276.3367746025538,277.8740259667854,676.0953949956325,158879.02124821558,240.25204438608884,1972.9414208279024,796.2192525135838,4626.288422833312,1836.573560405607,788.3964678611607,1834.6386356862665,1939.508878094745,190155.75401642025,190343.23365829705,633281.5513417562,808.1414257074158,728.4471579888706,19.98896339665577,290.6018569697938
1936.5492678497183,707017.0719412703,88077.35925503472,78.36116600370542,0.0,20.590989338680245,3804.74228840742,0.0,19195.29983985606,0.0,1319.1959150343203,0.0,0.0,0.0,9784.541353697812,18812.569861320564,0.0,0.0,0.0,0.0,0.49415027154398933,15.202167953737447,0.0,900.5662271293338,199.95829247993555,2332.1369344004643,0.0,0.0,19.964592264507136,0.0
2055.77193942957,132148.5413589439,0.0,80.3693704472104,0.0,0.0,0.0,0.0,1077.1327270430797,146.73981972207324,52.88446746309803,0.0,0.0,0.0,9270.321609132423,1861.3926906843012,0.0,1.8298865896137961,6306.189352282514,0.0,3.5546366783005996,4.406167626335119,9.58459521101147,1717.0256425866492,1143.0976324070211,7886.800845339404,11.31134053747147,4367.492261626532,20.006595661117196,0.0
8163.71310804782,57099458.62095284,1050801.3166898335,80.6378944768972,293518.7076550349,4092.1055520295317,987107.9176854686,57433515.445902705,168.3566293597544,55479.949476228525,56156.16159463475,276.38027036554115,276.75614399250287,679.2179357645127,189420.6002534582,716.4120631947651,1938.4456118546782,790.1002569375917,120.66092431537186,1823.720305556108,797.5462306633167,1822.5202027347552,1931.725685556944,189647.37588662095,191051.81777299198,638778.7953500025,789.9528416660665,5660.145092387973,20.084237883424095,292.46141704811055
8212.646905802823,56601979.70948633,1239675.975934579,79.0894817063623,329705.7221226091,4077.61431408432,1131173.970318344,57125900.820051745,203.58980517219496,56942.1712492345,55937.89798670162,276.3261099034306,273.91685234629193,685.5314339862441,144065.30706758774,0.0,1946.2516468776187,795.4444988881196,11475.390412287208,1814.4292174910686,801.7433790434184,1808.7530496156385,1930.6034736226625,192074.65433802633,191437.61157806628,629107.0755475273,795.1360786259025,16621.749350598413,19.96794747710024,290.63656214126587
8249.967180152922,62826945.52967641,1525506.1475632403,81.99808999111796,261312.6597290737,4041.4322010730525,1694407.6054348676,63771964.78473654,691.1573815704497,56170.33742241381,57228.96907665067,279.1362528377461,278.48522897921623,686.2943863135176,183427.30007121427,349.3147682425929,1952.8679999758424,777.5343016223782,0.0,1820.5690393455004,806.2990620504034,1847.9298031213782,1915.1070245717772,190110.13665420655,188004.07158312856,634803.2410156402,803.5357596865072,13892.741930736336,20.014984444884,291.2861258271865
2024.7268090506473,325947.22086194693,0.0,79.57542419775048,0.0,39.888508950974426,0.0,62402.61050957194,2487.492727171349,0.0,99.88709255712278,0.0,0.0,0.0,20104.914489973402,2016.1055586031778,16.487447662901328,2.0769147630832627,0.0,17.460350512698632,7.7333290786591204,0.0,0.0,2285.2915267038447,1675.0338839571245,2098.7640075267877,3.0553120368825057,0.0,20.002234655107014,6.87222659215787
8238.522246987079,59636180.72302535,974637.5115718502,79.18517933655212,220798.81674166422,4055.011343403062,865219.809375324,59660980.174405314,0.0,56529.13493954654,57195.8879150065,278.35674166866335,275.3852013406817,674.9571198115714,195853.7383310594,0.0,1960.9158010972883,809.5360454195909,0.0,1813.5739742637832,800.6227979746321,1819.2238187309192,1926.3536796165854,188225.3656290808,191335.95283840163,621153.5805473792,796.7474597845076,0.0,19.966406191178354,290.82072473574397
2121.518683218303,130217.21748156121,48938.55254960353,79.66522490116651,40607.53460223764,117.65245995617136,0.0,0.0,6227.602434613529,0.0,411.8146031801747,0.817248528858024,0.8169455460233818,1.3564218320688335,0.0,5033.38725314521,0.0,0.0,0.0,0.0,0.0,27.541792485713238,9.139930540270568,0.0,0.0,0.0,8.68790118659002,0.0,20.023473334288063,1.3399547727231642
2053.0,461.0,461.0,80.0,461.0,40.0,461.0,461.0,4338.3947939263,0.0,0.0,0.0,0.0,0.0,461.0,4338.3947939263,0.0,0.0,461.0,0.0,0.0,0.0,0.0,0.0,0.0,0.0,0.0,461.0,20.0,0.0
2079.827020733947,224352.37326111572,196622.68195728402,79.50702242885484,0.0,19.248742402718207,0.0,0.0,19183.966950906975,0.0,0.0,0.5426987497593084,0.0,0.0,0.0,19585.873913237447,0.0,0.0,13821.514937577169,0.0,10.974013430019513,0.0,47.007364020306426,0.0,490.09092655928686,0.0,0.12300032521431536,20056.545153950745,20.025386185545518,0.0
8337.94409242583,57302743.18954893,1104300.5558135442,81.11879685511687,320492.06460563483,4083.6686136897524,1150509.4032247171,56288681.41762437,0.0,56082.886336819545,55516.19473012951,278.43284306279935,277.883580078703,674.1313919979225,228446.06383219885,0.0,1950.0558202474288,788.998051522901,0.0,1833.9405447768374,798.5547126684328,1829.0796902838952,1948.557412801224,189449.46078768387,185186.9295003498,641123.1640417338,800.4731878605376,4856.7993657124425,20.0472858515713,290.589695167622
2006.8726640526513,0.0,44647.248083619634,79.44369527581316,26698.394513420008,95.74475351515481,0.0,0.0,11340.461441884061,149.22901033734107,0.0,0.4385283666680034,0.3858804475225141,4.348014127126478,0.0,11730.465867274514,0.0,0.0,8885.032223672593,0.0,0.0,0.0,18.140546504184602,4881.657834706195,1037.6041392471448,0.0,0.0,0.0,20.042082100888273,0.0
8173.171872273667,58276215.52338833,849797.6472744823,80.07514934436114,247148.42941899042,4062.3107213851936,1077006.4343151657,57589184.2995295,18.96093869434189,55913.39648922645,56905.422900476275,277.4180511347892,280.7694286717356,680.9837683871743,205550.2940710262,0.0,1938.1633521577367,789.9183253553596,4132.456682999102,1850.130206584236,808.0072192282059,1827.431361115311,1917.617652705126,192776.8534427092,190888.7222850415,625744.7445416545,795.7282265586327,0.0,20.002607254420962,292.86594231172
1939.492289078422,1033139.2662997356,0.0,78.87548769587015,0.0,61.517773448017564,0.0,259025.82134036848,3289.813621746196,155.64728403585403,343.99661532751935,1.2914065274072926,0.0,0.0,11254.875588746967,3133.945665579315,1.4579514172061505,0.0,0.0,1.9539432819998324,0.39842164971171184,9.160352479445123,0.0,0.0,584.3757028983237,4845.6028571214365,0.0,0.0,19.97686623686625,1.9775672890642364
2027.842918763856,0.0,0.0,78.57372523504932,50651.95094919129,7.620381623665153,0.0,0.0,12795.018373209477,0.0,0.0,1.1788208525985313,0.0,0.0,79576.31866668147,12550.349271404963,0.0,11.547646947104635,9359.671861468343,0.48426759215243037,0.0,0.0,0.0,0.0,8.789416305463305,5564.742793230594,0.0,3302.083598403522,20.046087050584198,0.0
8091.829232962346,57864836.90381768,853007.084618431,79.33374501333228,252460.51254530027,4108.766609127074,869654.3138207039,57738936.562565245,0.0,56846.61478338475,55967.62020616794,278.4421986972819,279.18565176661417,682.4965310451255,171855.64039282931,0.0,1930.7561878561467,787.3963472392217,666.11057507837,1829.274242692824,802.3547783586146,1835.8762290738766,1915.218761208087,189292.403808937,191238.15141330927,623117.7675547771,794.1449254259658,5897.028224657911,20.02032531375883,295.8992622784854
8184.237652001192,58752354.99137338,1367542.6969407664,80.56021205485504,402405.37049491267,4034.1055419072122,1494508.9340920714,58827864.575124234,88.32446146296175,56568.92474217666,57737.61319998937,276.5978831171588,277.4188756793991,678.9273375636769,203032.23861760186,0.0,1947.5551346988098,794.2079264785156,3644.260118091661,1802.1064496690676,805.588940209288,1832.6953879418693,1932.264483855587,194340.35151701915,188963.52883118062,631934.6717537051,794.9438706283206,9874.330314336717,20.030605106776115,294.4278302954205
8028.627468582041,59238981.972027756,1511140.938517099,78.5783153392897,352724.4272059272,4122.406028304827,1497005.9363760531,59082197.09505689,263.159553597207,56167.06552795588,56725.8568619552,277.6244116435429,280.5550275704403,683.0500642469808,173456.3307811282,667.5390135891552,1930.3950899172205,798.422219278802,0.0,1839.1621648387936,810.1195006385278,1844.837323461121,1977.779143549475,190723.79463446364,191106.17694502187,626316.0287463121,804.8102125409706,0.0,20.021634744209212,293.5932470875867
2053.0,102.0,102.0,80.0,102.0,40.0,102.0,102.0,19607.8431372549,0.0,0.0,0.0,0.0,0.0,102.0,19607.8431372549,0.0,0.0,102.0,0.0,0.0,0.0,0.0,0.0,0.0,0.0,0.0,102.0,20.0,0.0
8294.363739560253,58210748.705485374,964900.0440602328,81.89271227414318,216471.6528595505,4076.662315035606,1081205.7482185015,56539327.23417234,462.8106872554685,55900.52484578363,56087.18817772182,274.8540478723345,281.21984525614704,676.7921976114031,156390.22942956892,0.0,1914.23898668461,783.7239619426002,1042.9759466085948,1822.878326459136,801.9175266301573,1844.1297464048796,1974.4482881573697,188963.54159398293,190684.69394442523,622377.2666259054,808.8755512442985,0.0,19.99684376705292,290.3815383106032
1987.9031811469777,382537.00519712816,0.0,79.22908902727072,0.0,45.164741909182595,112495.06934923763,820382.906473988,16007.894840210645,420.05570452753653,0.0,6.340384716357497,0.0,4.745254041015251,0.0,16264.10449269484,32.72188589076343,3.2922714002422886,0.0,16.090590274837886,1.0721487004890466,7.232595602430062,0.0,0.0,0.0,0.0,6.774349560904088,0.0,19.977548814914204,0.0
8183.597028842882,56178251.76019519,982264.8123321331,79.9607457249971,205950.78821215668,4076.5088834855205,1103644.3896541344,56246426.92376983,0.0,55852.56806967216,55799.96326165614,278.2423891345189,279.2306654733067,681.6362589401415,195026.69203560316,0.0,1916.4422601024,806.1636737214566,0.0,1798.2748318485521,790.9557810241993,1815.4958269531076,1947.8031169067056,189495.36362972826,191773.15742469995,628433.6223666802,788.1016523085987,0.0,20.02745406816695,289.55186019855734
2053.0,114.0,114.0,80.0,114.0,40.0,114.0,114.0,17543.8596491228,0.0,0.0,0.0,0.0,0.0,114.0,17543.8596491228,0.0,0.0,114.0,0.0,0.0,0.0,0.0,0.0,0.0,0.0,0.0,114.0,20.0,0.0
8263.345342040011,57982609.59594297,1088858.7287353962,78.27335224563518,336618.93819342565,4029.9346691685423,1122202.1870172012,57165777.53842593,339.1636875844097,56023.08340677228,56306.625792194645,275.6442871617024,275.64316425756414,672.5131548720053,256983.98047994438,302.2763063888897,1922.3743096612961,807.3019783065424,16773.554415128026,1825.9719583405783,802.0891872626561,1832.8664199831119,1958.566143547933,190386.49576539983,189387.99872285887,627519.7581096641,791.1799596127305,0.0,20.071306818976424,300.20964465276
8228.8187086447,53348901.85361942,928675.0771268697,80.00099000385364,347594.48918241716,4031.4884325718363,1019799.8141273372,54316742.00682317,0.0,53645.21419784526,53865.304771528026,274.3970963789887,276.00273015146223,682.4124075066671,167174.44217420596,0.0,2939.221948567971,808.0550798155922,9855.360305609658,1779.1353726396078,810.8075154256929,1796.4878856315413,2927.9922525109937,196923.97825259596,196247.12268337078,686754.6641289914,822.8527814997369,701.765445103422,20.05105033053929,284.24052990172237
8154.455981116304,56488301.488607466,1040471.7881368521,79.15716692051024,274874.9292341477,4147.098795658901,1077198.9022735215,56784559.17305568,110.79899906040563,55550.433442919864,55890.100283520114,276.84781850522535,278.28111044669,681.4580870476296,195888.95631358464,0.0,1903.1087927488866,788.4278417313459,0.0,1828.8635489180685,814.765724968666,1839.1379618457172,1925.4043233557154,192720.96024442394,190148.53205022638,638728.0367492669,799.7907818324666,26814.117315193853,20.064252103355052,291.38795522203685
8233.518132767462,58165047.01222124,1210053.0047052999,80.82952382673726,284298.76793893677,4051.8375183306334,1066625.212936009,60309708.85804245,35.4060223591529,56413.049952211426,55572.20011303017,273.34392837403396,276.56923303979437,678.7637747930603,121301.7925578695,159.1573254143998,1918.147770894807,796.6775700710831,13889.97727313974,1836.5437012873936,789.8387458921043,1841.823991713318,1963.0640465243123,189733.52558788564,188948.23743584118,631244.5462138953,814.0507637169305,0.0,19.968673890711617,285.37524713082803
8108.568393963134,57843579.1688138,1037454.0468323419,78.70353365368628,258427.29420535365,4141.541417215567,1125616.2584694885,57239057.52716869,0.0,55596.79541485466,56028.50088617285,276.7162559399578,274.18042275461505,669.172218942292,215241.74745846915,0.0,1939.0676758557388,803.4128620989054,5288.412872667497,1858.535131764086,802.9545973180196,1846.4586973030039,1945.2975102048813,189396.17049099205,189277.33076632806,623591.0131133262,781.2156441801772,0.0,20.010468459948186,295.3594451606561
2045.0217260449488,11028.924499590717,0.0,80.33630808723598,2197.8508296038262,79.23325795578089,0.0,24212.011613835268,15833.00476436997,879.53549568757,0.0,0.0,0.0,0.023146619794852486,0.0,16078.37912983876,11.659720337351455,0.07285913555568418,0.0,8.851715936932857,0.0,28.038439988329333,0.0,0.0,879.2749783057651,6004.678339362173,0.2657172506034508,0.0,20.00198951132802,5.273011023092288
2049.0,31.0,31.0,80.0,31.0,40.0,31.0,31.0,64516.1290322581,0.0,0.0,0.0,0.0,0.0,31.0,64516.1290322581,0.0,0.0,31.0,0.0,0.0,0.0,0.0,0.0,0.0,0.0,0.0,31.0,20.0,0.0
2117.425226795879,560241.6236436145,77924.67366929,79.68223944794602,0.0,104.62735407268326,0.0,77573.51566385178,2988.149100075598,0.0,382.48463486357167,0.04546441864407555,0.0,2.933764386607875,0.0,3040.0396891821533,0.0,0.0,0.0,0.0,0.0974368934992246,2.0533833200755267,50.47570705014919,1813.2605409195012,52.548440734279005,0.0,0.0,0.0,20.014513221625293,0.0
-152.092476940383,89749595.78241555,41827438.1862314,499.76231740765377,17803504.42760067,102.02333952166651,41983574.66672254,89050030.44565071,470.97546764369616,2850.114879932565,2085.4518345366105,499.00384338412465,499.3871361601875,501.6912482657493,17818616.205127276,395.57478223396566,469.9826983536662,498.2510464904925,3996026.7296047155,11.909595052083377,567.9940352949361,0.0,10.607742201190186,2919.3920972589453,3908.278003760315,0.0,1.9953206492426152,3996537.0160174225,7.9965405060298265,0.481818888666606
8163.259633035788,59993924.03602215,1054444.440901408,78.14831374555746,277096.9467161932,4085.752439148821,1169618.438938179,59962697.10701912,0.0,56592.9504725134,56724.33988233273,274.43964685552527,276.30354120103726,681.378992141114,224470.40015682648,101.05407880076416,1922.47089974077,792.656417994609,0.0,1806.1160100754464,809.7117550245539,1829.5068395357314,1925.9739627465347,190440.6805252329,188781.98075990097,632318.7836221616,797.4176195633921,5220.294935678359,19.96697046231899,291.9984022635046
2006.971870023022,0.0,209046.95946516664,80.85149158174254,13197.074598825555,67.09583784529428,0.0,207757.35629526796,3769.2938837163424,0.0,0.0,4.645144689286585,0.0,7.165287164023399,0.0,4565.449873433186,0.0,5.00431498859453,0.0,4.955126950510513,12.671918799793328,20.097574425832565,0.0,2555.7016713652406,1273.9842645441374,0.0,0.0,17203.95440145237,19.978723013998497,0.0
8249.706310967611,57188339.04450248,1015490.7243047169,79.83978004760318,252434.84683455422,4048.966477958505,1126986.034461615,56620752.04354426,0.0,56494.62756270303,56338.01611426911,276.21799790583486,276.92584662580475,688.7838111584965,123907.8952706102,0.0,1947.0053445925519,801.7893513744621,7877.275674431226,1804.608167042342,805.2557122938816,1879.930944241084,1926.852376623581,186270.9881910379,192943.21220293167,635654.8256164325,795.4090273227076,0.0,20.011626666314303,293.9959315244004
8134.659722097046,56413523.982563674,1160013.166717572,80.48961661900856,360571.80435860495,4120.355988012321,936996.0429716425,55729047.31478952,0.0,55801.26536799944,56081.928989390195,277.00592699067874,278.084312794837,673.6476326943208,119687.53029768345,97.67984290207883,1932.0546087740904,788.0537364569744,6905.9631244449465,1798.3683408446027,804.204368905632,1816.5353118307648,1953.0737636156168,192509.49680732357,188907.5244947553,635790.9400842921,791.590889531744,0.0,20.034647547748403,292.53709956835354
2100.533367936818,1194511.8346985402,89551.24758414106,81.48125869537483,68524.41268414409,12.973183819891204,132704.10155982306,0.0,2196.901498349854,0.0,133.99799146486583,0.0,0.0,10.443203035770296,29481.129882901852,1470.7108486529182,0.0,0.0,0.0,0.0,0.0,0.0,8.263795325022851,1444.8525743550379,0.0,0.0,0.0,0.0,19.970935514147122,0.0
8138.844349986672,57026628.47631601,1017331.4044625664,79.29355585856689,275043.1260129148,4055.170630868358,1000822.841894088,56414007.91171104,341.8640231559365,56104.66099911804,56279.17841362752,274.4575474367427,272.82517031867116,693.5441867563089,229883.23930417676,0.0,1944.4846740942285,794.833952619174,0.0,1849.09530429892,799.950676640059,1824.0555036519556,1937.8557529475336,189606.48132419316,191090.65980217958,630163.5519218988,790.8741723688863,4904.2121792073995,19.984952690211145,287.72460451940503
8140.954795642954,57890276.63928543,1012228.869627404,79.50434603622097,303075.79236651707,4051.1204693057994,1078284.5734921552,59263740.1369325,0.0,55334.8996822031,55584.208777726075,269.80045920449385,276.73009572532715,694.2863109576464,151678.56837886662,0.0,1955.0009843663354,796.7382368363455,0.0,1825.8688772168782,820.8942791931286,1835.9117858405928,1934.3697910825013,188906.48423055443,188840.16744866694,622815.5544837984,798.7313653802626,0.0,20.011073313914263,287.6588291997417
2106.8807006317243,0.0,4288.070938575969,79.52733754786226,0.0,82.96591621337687,113253.32790250707,181328.3472159901,19346.972312397287,0.0,209.8794794268241,0.0,0.0,5.870269095326726,0.0,18926.52744370752,0.0,4.006734049536845,10124.745537781251,15.393095834135169,2.9285935925411595,0.0,0.0,372.5853254273105,2718.2198558573846,0.0,0.0,7050.771939915882,20.01059888207371,1.765667511440086
2016.299107163662,243325.78434834926,0.0,82.20188616278769,0.0,126.82638338741582,30721.751298425996,0.0,15631.139529302112,169.769955600955,0.0,1.0112321775056876,0.0,0.0,0.0,16158.18951468034,15.085249247622091,5.341343343527301,1270.0622954862895,15.641142415906884,0.0,17.276678494336092,0.0,2000.4762450620503,0.0,0.0,6.635160622905322,0.0,19.981046729075487,0.0
8137.3049398575595,23438902.632919937,1242608.3582010567,82.27096232352106,287110.53093076503,1723.7438353321509,1188300.9156149668,22698240.926312197,0.0,21679.973919145723,22358.902600491896,264.12560354525647,269.3416715086855,676.6504923116282,196209.03371051484,0.0,1947.4881641153404,765.8493359352351,0.0,1776.7172282844685,786.2469889314401,1785.6776526062665,1953.3614875154035,75148.87445766653,78921.89852880822,615723.7786111926,791.1677709043464,0.0,20.03827322985893,294.2511833560215
8270.192381901825,57656221.871332526,1135818.4668434265,80.0545192985723,296896.038237125,4051.3318083837526,1048279.038965363,57348985.16553719,5.312425891285409,56648.38302147999,56902.2584471811,279.4246907137373,274.3364843011885,699.4873880787934,209365.02613021233,366.6389823729384,1978.7526730976806,796.8829407576089,2500.6522066832686,1816.9842790887317,799.0634723196061,1826.8608698712133,1946.428668448208,190071.9389758515,190387.7220335234,626046.0935450793,812.4402272079253,2901.369334583138,19.97121171801706,288.06307552507815
1937.2707708974615,0.0,16652.9496888449,80.39718143206386,0.0,22.354117408771714,16767.679974041377,245576.67543266749,4460.024110726597,0.0,6.1942929130747855,2.1488692560946885,0.0,7.442608550644583,35615.53271627667,4547.175396536753,0.0,0.0,6278.284099103545,1.4071816800898345,0.0,0.0,1.6329923986529138,0.0,2259.207837437823,0.0,0.0,0.0,19.999541299500123,0.0
2040.2781040200916,0.0,0.0,79.69251746210031,134417.08218062005,25.919365801258238,70223.28221927478,0.0,13516.941424697367,0.0,0.0,2.4089717442584373,6.200178365835497,3.0543420229653355,18406.749202468174,12611.397677253473,18.600695076983012,1.8218192014164625,0.0,24.43421640210468,2.4510081359004356,0.0,4.615444833985694,2735.07697549466,705.4598591607212,3890.6544296808324,4.497355551815016,24672.790326235416,19.95871635674195,0.20389027994899275
8246.418873339619,57217662.35232714,930656.8386968621,79.39854650959825,380900.8990522607,3996.7952536166144,994909.993075416,57301677.158649474,0.0,56630.23464032656,55286.899620163116,280.3281716010165,277.42575123251277,688.1246621568993,199309.74754290943,41.00297862780912,1950.730430705682,784.3991654482338,6380.201817205693,1834.7739072325185,809.2969897757836,1817.9843916083169,1903.632032671826,191005.06409228584,190985.19816675244,615490.3907346465,787.6518239200631,9121.117643896236,20.06260618814956,291.40356520482806
2145.8989005981334,0.0,45637.49805909213,80.22983487195131,23356.481246263975,42.26946938511276,0.0,0.0,14669.719592444082,254.32042377431696,0.0,1.065431618257551,0.14558127857701486,0.0,3554.4922393716397,15572.619865495528,0.0,0.0,91.47272902559442,5.859048931084178,0.5627273875976501,0.0,0.0,0.0,0.0,0.0,0.0,4527.832820132832,19.9737542493208,1.6414665739297947
8214.042083175933,57029142.7423353,1067845.649058436,79.87048684076817,286680.05721386115,4046.1845157875205,919134.6666418872,56591745.9821084,565.6098837453156,56735.88433292455,55022.396040697895,274.4575578284285,274.5664620198583,679.2940796709884,192052.671297918,96.91960556096532,1961.0039813297783,810.344194235371,22326.570398126987,1837.3025676567413,807.3370142785079,1819.624762617218,1942.310663032496,187071.11710117635,190695.89647857548,633855.3887722155,797.445010563131,0.0,19.974429392120427,289.1303060252331
8157.620926025406,55598029.69653439,880013.6945690623,79.83281844703684,305864.14175996056,4089.5681495531217,1199020.2814523766,55977572.309318595,0.0,56913.561774231915,56195.02196761911,275.2298632117576,279.14168147760967,679.6113307284114,132761.06696115492,0.0,1917.784903506305,797.8006833561886,10597.500581991091,1862.8638583419345,813.3998455599691,1831.8090212300774,1919.4763773182042,190818.34072698088,187044.55404474953,628135.3337355083,791.103649173717,0.0,19.92577198414841,292.02407260143383
2100.1392709576326,541908.6542744006,0.0,79.31232809700347,22095.774110267717,0.0,0.0,728468.1662048326,153588.46391407994,576.5050759614207,0.0,0.0,0.0,11.04748316904345,23908.633727807235,153904.9675234551,0.0,5.292836512174878,28523.303885409456,0.0,4.004132944128545,8.21473533361901,0.0,883.1473979994562,3168.7853968018694,701.033579320591,0.0,290.4026804618317,20.019174697335355,0.13329186204592663
1998.4327199960228,246602.2172463124,0.0,81.65842959835759,0.0,20.79245900120955,0.0,0.0,17466.90091684027,649.3682986196621,0.0,0.0,2.767485051106161,0.0,0.0,17423.16069621461,0.0,8.673506418883722,2909.815239026033,0.0,4.478405042374217,14.911870976035804,24.763067894285086,0.0,0.0,3445.648149700108,0.0,0.0,19.940845229951385,2.315956545901814
1956.693611433638,0.0,162289.53337974322,81.01481450514619,0.0,45.3128443375185,87266.30727270765,0.0,17149.828716324093,0.0,0.0,0.7078054567705544,0.0,0.0,6050.513165625563,17643.44315228991,0.0,0.0,11810.453994997542,7.998491696247597,9.742189486643213,0.0,18.738739991707387,0.0,0.0,0.0,0.0,0.0,19.95422918036188,0.0
2029.0087307966276,0.0,31083.539272935403,83.36474699990711,0.0,61.94604990063102,0.0,833151.5780382372,4100.246996184803,522.3710177084621,1030.8892668447788,0.7020240866472334,0.0,0.0,10228.212499163115,3678.2499985788177,18.579163989626476,0.0,820.1533377844578,0.0,0.0,0.0,14.771504301518986,2877.8658914942757,393.19678519412696,25245.013043858486,9.961214899256786,9319.023251735076,19.954592453968676,0.0
8196.654779209397,57129954.1153782,890843.3579537184,78.74728760115596,293476.1775372732,4096.1430451657525,1008526.3782284742,57615882.304185756,0.0,55829.784702685174,56767.259594453535,271.07955199805826,281.872473802213,682.1880621728457,154532.82838350625,519.2479505787123,1980.0547344311003,783.9282320362764,12124.523658204762,1832.2722627154549,816.0685743620298,1800.3495588669555,1913.5890356461618,190838.76242235204,191088.52031998994,632157.3396289286,787.8946104532691,0.0,19.96269314846013,291.72079634893333
8205.767097448477,56244819.15756491,977048.1459784427,80.49017780096388,303121.1265751668,4027.288743889845,1022973.9484623116,56354398.7125686,0.0,57178.11856298938,56495.86088554741,277.14921467002864,277.18357708754445,682.8989532554151,183431.88331795196,49.44458184405767,1934.7127534694446,792.1101646445521,16234.770219714985,1839.5352103058378,804.3842997917,1851.157907649043,1921.7113935922162,190844.36259874864,187439.2833956409,633608.7350420079,790.4242960052269,0.0,19.984214357072783,292.081057406905
2142.6259422372345,0.0,0.0,81.08703398520613,0.0,56.87248974287255,0.0,0.0,6092.0003235611,0.0,342.78142564064456,1.3462933441795708,0.0,2.573726739086868,0.0,6117.894183615076,4.611443348818284,1.746117983306288,9549.925005459032,10.640766776369917,0.0,0.0,0.0,0.0,0.0,0.0,0.3842147004344939,0.0,20.051040799081473,0.0
8219.486254336292,56510875.97489401,1006003.1902477061,79.37217612336792,324198.9025315747,4032.5022314478047,958561.0492183461,57433946.69169296,266.6926297370479,57105.35199979681,55801.08868728063,276.6785519703052,280.3310971924711,688.0216919614616,155947.13484833084,177.30355340673617,1950.2251001766422,801.9061610816622,0.0,1784.0710226918604,814.0635024177861,1866.7847978439295,1913.9467650039562,188696.02639506452,191218.39694926646,621630.622228216,798.6232321860342,0.0,19.947599053067776,290.37371893684764
8139.866845010976,57938078.38495811,1005600.0576939733,80.7204726870082,303113.1928689122,4070.0331233005027,1016825.0772707294,56484261.06464204,394.54061824367665,56187.1328116567,55722.66754141099,279.99294784096475,275.43512931186666,680.284904504933,193810.0777046346,456.7634299224716,1936.6826316015545,793.3707891633976,0.0,1825.7896113642,803.3458899404789,1813.8786933906079,1926.5409154778317,190133.7612672054,188859.75941774566,631471.374854059,787.3164362949382,9488.59673459736,20.01118347269845,298.63595258907384
8107.717315355199,56599787.83779586,1081044.6533304881,80.04157073382405,203989.77146501775,4043.578737330214,1020385.1991766419,57496079.009344496,0.0,56254.147949777085,56333.19723279996,275.5544949880351,272.901139434163,683.4698259704503,167810.94421217768,72.6815843282131,1945.7791516414086,795.5255983558976,4184.21900171673,1854.073994692008,803.3319705637524,1820.72124092883,1917.408228549368,188240.18876575562,191001.44733425847,629939.7949552981,778.0027953978572,17626.308637852442,19.956643485856457,290.31482337532407
1931.834391226942,0.0,0.0,81.19525271862678,0.0,94.40750264855555,17016.655141975087,700648.7927102834,12051.485982339567,0.0,0.0,0.0,0.0,0.0,0.0,11129.153548400116,0.0,0.0,5478.003350101191,2.9055332315794353,9.882577495861348,28.436663979066928,7.076279772399452,0.0,1892.2778603853044,0.0,0.0,7210.99022369448,19.99654995166235,0.0
8135.27218525952,57298228.01427292,881887.9463149272,81.08724729398315,250822.95357795458,4058.346250080188,969071.1289934876,56876872.07519158,255.85160331003527,55604.37096207093,55781.71163851913,281.6071730542334,274.5961576175634,695.590196224304,142426.57733176847,0.0,1913.7581522700548,804.392984840653,0.0,1817.650213632042,790.5598116760214,1832.9688650422172,1931.7148494574142,190637.1800582309,189664.54406586706,635975.154898161,796.9948160775931,11905.785304714373,19.97455067775408,297.2009498841453
1959.3251271889199,267737.08897603326,0.0,79.53451603842436,0.0,78.79808536287065,109411.66777874852,0.0,20319.37207853834,622.396834417898,0.0,0.9160410502111576,0.0,0.0,0.0,20585.509813194,0.0,0.23522690366391732,12127.111438373064,0.0,0.0,0.0,22.293273326906988,253.27173101175282,0.0,8387.446955683867,0.0,0.0,20.035680104235343,0.0
8074.682101717956,57093081.64133969,967948.6190323993,80.43939385769725,300463.8824170647,4080.8977186867755,872395.5665687768,56157576.35311907,155.573217337313,56562.90341901145,55468.95628725535,283.47332387467867,283.3874469002154,672.0572193633973,143942.96888978925,301.7996136367292,1961.0909372934561,798.8541255103698,18408.325751497385,1823.9152346957512,782.2236749692883,1840.914639527546,1937.158823171636,190724.6605590133,193007.37292176593,636542.0903817745,789.1251940422289,15768.312620923314,20.014404144052147,295.70856101850717
1972.3482784605912,0.0,0.0,81.60194183572487,0.0,106.27307460242133,0.0,0.0,7809.964888823171,804.7734956461952,319.5044279200838,0.0,1.6375829651680585,0.0,16169.360060303417,7580.052053833938,0.0,11.109161296648235,0.0,15.233078969361348,0.0,0.0,22.642801529122107,0.0,1536.1721843587932,3011.5267284425095,0.0,0.0,20.029115873187727,0.0
8252.656269209947,56876923.17585573,878186.0226473572,78.935627669237,303849.16837111674,4109.479817790137,1086170.4349601907,57982215.446147546,154.26635395373432,56866.579718220404,55571.795325412284,275.5241276243675,271.06593784413167,683.4547226751347,169326.81622883622,0.0,1920.1288922600525,806.360296352534,0.0,1848.883290022821,792.396117606466,1862.6413397801884,1950.7494586008963,188755.6393337565,190844.57180670436,630303.1933066413,805.3110980518151,0.0,20.016559384626202,288.3130447942025
2109.2609775247097,0.0,52963.25313681733,80.00556110858089,14413.756117522444,55.05220563900158,146884.03253280104,713095.2815709452,14393.024653859226,0.0,400.6118318054832,4.174815699326071,0.0,9.367361465920112,0.0,14612.398269697846,26.602956558467206,8.27613671712813,0.0,0.0,7.232596324558113,11.080538340008383,0.0,2367.6214376689945,46.81175630378998,0.0,4.424028910950079,4816.366558345044,20.005716000282685,2.9837630010636835
8253.484296675157,57075911.67004225,832870.0503845107,80.57017010722414,352616.4598914924,4074.963326788758,958314.8537183058,56997590.07539932,0.0,56910.52723549208,56370.373943680235,278.50360377612947,276.71925177977965,690.7906306141338,139573.46589135058,0.0,1925.7401920940347,803.5719473199282,0.0,1841.9303081175806,803.5097908160209,1821.946095410551,1925.121433410219,189022.62299784363,189608.07616908182,635577.0622034613,791.6436767716635,0.0,20.056303312212673,296.1304375617921
8104.646754625527,56138574.82143334,866383.7512700069,79.6087924686398,216746.56013396356,4030.5449468158663,962598.2947528141,56724210.453890726,0.0,56491.54013877417,56021.48124761077,280.4129196571656,272.8163323105367,680.8774439049997,252146.89326147008,0.0,1950.7179072040324,802.4895628412115,0.0,1854.5584955831355,792.7075102655439,1812.6545045829644,1943.4544316428173,188031.90866789318,187382.19793691553,627275.7917593704,795.6661099179055,0.0,20.02194113367796,294.6600153956031
1983.0354064617,534375.7010770115,0.0,78.97286515362181,3306.323818157948,96.20682277645726,72899.4395945764,147451.2402194683,3426.856725403105,113.09092457749418,0.0,0.0,0.4871650351543113,0.0,6510.419928228828,3046.492187109392,0.0,0.0,4625.800365859781,14.736071886351494,1.4415602111558117,0.0,8.39762789511398,0.0,0.0,14451.391977782281,4.032093874950725,536.6595097460566,20.029899485385357,0.0
2082.427037741007,353435.2870817477,0.0,78.48715212709216,0.0,87.03858237381745,0.0,672045.7205144735,14362.376436286962,0.0,1077.9242049583172,0.3194775927089732,0.0,0.0,6505.068279364169,14329.205007570628,43.2798989861847,1.0480694755351365,6997.450399244897,16.205087729071234,1.5911159163558921,1.5739822143033155,34.23129165853294,1523.981368166228,0.0,3985.4546251856295,0.0,0.0,20.00079196760071,3.564522509042265
2110.7637216693483,144428.41336509178,148496.51576968672,80.9833268703218,0.0,24.444622162230942,0.0,0.0,6428.066999228108,476.2966890009817,0.0,3.5063211711969884,3.4578244922027848,1.2758119264347978,0.0,6716.0326828018715,0.0,0.0,2097.5013736545375,0.0,0.0,0.0,26.503330048932746,0.0,0.0,0.0,0.0,13081.810909531367,19.992612492643985,0.0
8165.336317622461,57072362.38198267,1094743.490349763,79.21060846341724,267253.9435387327,3934.5444267127045,965462.1363002544,57274924.565716915,4.052157204247703,56927.86949356478,57630.83792526173,275.6561726156409,281.0833706668431,681.7406868792647,237788.69553552233,110.47917843431081,1927.882621659752,803.7778492127568,0.0,1863.8697389302615,806.1618122744212,1809.7725887689683,1939.6541132750115,193303.37019936155,186459.5567280436,630258.7817396758,791.6485410853234,15407.591550056073,20.01546673967734,291.6275670000859
8329.174279504941,56236177.6404541,1014498.954731054,82.34631259870712,322896.5057403412,4109.057792702953,1045763.2716991967,57190033.80134693,41.290106216575225,57011.737494166875,56901.12616683372,276.75564054217523,274.10668754300536,687.6982067399558,220981.62924441305,0.0,1941.68111738119,796.2148807431919,0.0,1800.0100403488934,812.8327364670066,1813.535673579964,1924.6110936827106,190536.26387158415,191482.6288799907,628651.9146717022,795.0975532968295,0.0,19.959005878766938,288.1552616461679
2112.7683231813544,0.0,0.0,80.8772802500839,0.0,94.00094148521863,57534.00311010984,30962.485997934044,7307.884994789685,251.30429319599332,0.0,0.0,0.0,0.0,4009.415678598244,7667.740569569163,23.09288414479553,0.0,4508.1426204673635,18.710135252841003,0.0,0.23028185138387924,0.0,0.0,2038.1167348422707,14037.93619074256,2.2090184132565094,6237.388154260457,19.96038880437788,2.341258512228478
8218.598662875864,56562754.76922692,1161924.876592806,79.3079619407447,237181.5035363195,4021.0096312573737,1004945.9440094926,56725164.17097799,223.47104504856108,56795.9427700709,55520.43583195408,276.0162392405312,276.40126114781526,684.4816200034517,259289.5196425934,0.0,1940.1700000480894,796.9535615167034,0.0,1863.8320562853269,809.147681510621,1843.9930771489514,1897.109913141261,188450.50129821367,191195.52811960262,632365.3811952042,791.5605381925553,5411.938328526319,20.02438122333885,291.3299990966347
2105.2227121526,0.0,0.0,80.10684181760992,0.0,65.4236848793064,0.0,414701.77604326274,21215.718168050655,0.0,0.0,0.0,7.377915466538828,0.0,56956.82741770009,21365.29552589082,19.710272814869544,10.943765804100696,1879.4698945862287,0.0,0.0,0.0,0.0,0.0,0.0,0.0,0.0,0.0,19.985941200967485,0.0
2163.40021080383,0.0,0.0,80.17800306595697,0.0,20.07188631398785,27729.80564523863,411512.78792694595,15095.036678530156,0.0,1327.28330598658,0.0,5.2300971975779085,3.219331258633642,0.0,14534.721026138788,0.0,4.85331613214189,0.0,0.0,0.0,6.789107636468532,15.463440600068434,1500.9085501047975,4433.245154121397,4146.745328380695,0.0,326.1445587887515,19.956139123116365,2.423292173957762
2019.5996021714814,0.0,0.0,80.02800985448636,0.0,77.6014801141624,86373.02345882401,0.0,13535.545642832434,501.01439409203056,0.0,0.0,0.0,3.934950373953151,10843.879945986937,13099.707105753108,8.74581446822567,0.0,0.0,0.0,0.0,6.166157673045853,17.20334954754262,1420.340907175869,2396.291785861305,0.0,4.792819079294999,10925.14549139661,20.005856949479064,0.0
223.30161109812093,0.0,110661.39903720388,79.56530246721934,0.0,75.95019446301909,2057.4970701722577,0.0,3340.484576889987,811.0043285472609,1095.8413319653484,0.0,0.0,0.0,78640.78398323762,2808.1092897849903,14.44133374832655,0.0,0.0,37.33831118373885,6.896047280725104,0.0,0.0,0.0,0.0,3449.7825676154716,1.7894993234739829,19082.939071518776,20.017858634949608,2.2970611469712465
8198.40067421503,56585947.30924627,1136216.662099802,80.65316189869414,281731.36719606386,4073.7008900066985,1066002.1914276574,57728246.61155953,0.0,56351.337952967486,56823.00233096683,276.9175918316037,274.9029853555036,678.8988116708767,205695.4217158591,56.987013713365364,1920.7827584691638,803.0557322804972,0.0,1851.6494127479862,804.2014925701513,1804.4312533170275,1937.8309476467941,192509.92271038837,191013.59816887495,637243.666312563,795.1268972120954,8736.67922369246,20.007349615237715,291.5740852295663
2035.7677460247507,0.0,180434.61650393822,81.54782025797438,0.0,103.03100985802371,0.0,363649.4654956464,15929.638592714824,317.2910145651595,0.0,2.742928565537586,2.852884676122212,0.0,30799.982028305003,16719.633756581487,35.550858570553665,0.0,0.0,33.708237715094775,21.94393152996877,33.06331687394732,0.0,0.0,422.99485317904924,11190.634608334633,2.0566346823352304,9259.94992509597,19.98085634439956,0.8386370176247323
2081.854247901233,0.0,46338.73859608958,81.34638462373434,41655.24326715537,17.31299748329788,0.0,566336.0081530651,12941.89016703106,0.0,0.0,0.0,0.0,0.0,0.0,12739.210650380515,8.96399719207855,0.0,0.0,34.73316230344645,0.0,0.0,38.88487006636362,178.6581958226135,575.2688656591322,2698.2042283152605,6.582181963799203,0.0,20.023924429732897,0.0
1985.9307986613335,595468.9200320203,0.0,79.1534476447283,43909.046196422,7.580130767601119,0.0,0.0,2840.6338493209273,0.0,0.0,0.0,0.0,0.0,15556.869433907077,3104.710411752682,5.3013104536977025,0.0,0.0,7.518806238754214,0.0,0.0,0.0,2730.1269463732233,0.0,0.0,0.3317736258642847,17035.415500160692,20.00712880740826,0.0
2049.0300978293,0.0,26875.176318238522,79.49297090193328,0.0,20.997504332689623,0.0,219508.4213810503,13123.96468661574,0.0,165.4198762800384,0.0,0.7867729517853794,2.7870343112543816,68352.63174217487,13265.464721083437,9.342425432685939,12.65708518907946,0.0,0.0,17.33745679288581,0.0,4.60851862294679,0.0,0.0,0.0,0.0,6496.495385834144,20.007910402192234,0.0
1941.6288476063032,0.0,0.0,81.26299455648794,28203.556145031427,82.45033195279524,35128.67469881207,453400.50172071945,38160.61626353558,0.0,0.0,0.0,0.9133760935585078,0.0,0.0,38773.51479436728,0.0,6.8953034864598814,5827.180234175092,0.0,5.0939777619520035,0.0,0.0,0.0,1076.5642458445573,4854.3666247400115,2.0452247048164622,0.0,19.945269683156535,0.0
8109.434060461765,57468525.913590714,962140.4970455548,81.45930117459447,258655.36462290087,4087.7374426540546,926686.8288164422,57800137.07237039,0.0,56320.509422991905,56850.1765866236,277.6897740738804,273.0500090124465,680.0352358279216,164943.61508008826,142.57269662128382,1890.5612720805325,811.814890012565,0.0,1841.084344649943,786.9130684634148,1852.1846639171874,1937.7421650395029,189068.05868157296,190468.175211544,626194.1615132461,796.6398722505083,0.0,19.99359526996086,291.46393606934373
1941.9525345636687,0.0,0.0,80.48086992227341,36312.586043704665,20.72303446778553,173146.6382778376,0.0,2522.635143119538,370.3390080621527,0.0,3.466722377151695,0.0,0.0,55839.32229671181,2963.421471140605,0.0,5.91775648531935,4412.666324293561,0.0,0.0,0.0,0.0,952.9118704597425,0.0,4140.142835813769,0.0536571195854047,0.0,20.000939633038534,2.0391015769405976
2001.152546256771,1166764.970383913,0.0,80.78678274059162,18715.111530152746,83.62872797897559,0.0,202582.87943766706,16202.77048211466,802.0582339236108,0.0,0.0,5.170697323578173,0.0,0.0,17488.05246714868,15.388028955260223,0.0,825.1316054610852,12.340547076144144,0.0,0.02236035538927346,18.604986042742787,2143.3072530532927,0.0,6045.178177649724,0.0,0.0,20.00502829186344,1.7376099108572196
8159.1212818307495,56576052.67859958,1078182.316857625,80.5738683421072,310547.2203978357,4056.7837080713534,992400.5136834409,56966059.64512032,0.0,55725.159744758326,55915.54314671823,277.83271381393615,274.4272242862193,675.7631174567434,174438.82128966012,177.27814313696788,1935.782234744448,800.8159141745693,10452.431248925954,1833.9216630976705,809.4414380270138,1796.2192032643943,1964.9678361546132,192770.57746836604,189566.71655835304,625296.6540079197,786.7975390899395,6824.295172463875,19.95486924841789,294.9009331970537
1972.7590863422834,775403.0033479679,0.0,81.45818178452132,0.0,46.61172041751859,72402.28596734091,0.0,17266.59198492777,0.0,377.9874261559628,0.0,0.9214483971850995,0.0,73669.71497372459,17080.230536211828,0.0,10.773489852870494,0.0,0.0,9.309229796931534,23.792132796564808,20.770740242347586,0.0,0.0,0.0,12.733847057001448,0.0,20.020942783719697,0.1352800933205958
8206.127207264028,59706163.06261344,1024973.4698058526,79.25466323080225,268570.09146804217,4051.477951525297,1035020.0667957838,59383572.69343975,630.0631987461807,56492.47859212232,55704.12775307639,277.0735271372188,277.68308220690903,684.5114449534723,216561.6740219994,0.0,1961.5731835614868,794.1882543913786,0.0,1800.9945351857154,802.4522223363413,1825.3214092361445,1958.3603373345504,189517.1938316692,188349.9895486454,644020.3480040599,791.0875998009735,0.0,19.99820449895134,294.0144400519614
8099.264299632931,56393848.451857984,964097.746014752,79.56080054459011,248673.24973597363,4011.972838924314,1047347.1042313742,56691262.7789034,0.0,55771.75317841298,55401.76352109244,276.84098410027156,275.1212603173409,670.7048314181378,230228.2541187966,462.0958110732018,1945.046347967434,801.0823720356725,209.7300183746222,1833.4251854378576,801.6303730302553,1844.0969862519353,1927.8485891069886,186456.7949491323,191054.4361829292,631888.798563117,793.2348303837933,16330.785319496372,19.966408188936903,290.9091665480008
8180.416263090919,56903300.697811,1207116.5429237364,81.59746562438657,345841.53726249264,4170.504590158632,1054575.1253907762,56488311.97399173,0.0,56881.97255512166,55409.7492966356,283.72433351452605,281.8665948681006,676.098460883931,217345.89790265542,319.8282631298227,1947.995400929576,803.8449885777825,0.0,1819.544852428739,804.0485311539136,1812.056123228639,1930.8885799421516,189447.80900972278,188928.64293095318,635489.4735452569,795.1178710776734,12383.096150893398,20.028326784809067,295.17337135615037
2146.2526075566034,0.0,53240.76438679064,78.70207771401881,0.0,56.18626860359124,0.0,234860.22430904405,153840.28056206738,1204.7418729278131,0.0,7.055526367579503,0.0,0.0,4537.964074896309,154316.90849946957,0.0,7.25578860097311,0.0,0.0,0.0,9.408909601492994,0.0,166.34439399223436,898.0464476068727,11323.473205624472,13.005316361642143,0.0,20.03894769235169,0.6973449077261402
8198.251442141805,56338471.57388865,1033692.5644369808,79.58493219204024,268346.1048384631,4082.688813293598,906963.0233187141,55437372.820158646,0.0,56119.249021746844,55845.228829602376,278.37744622518363,280.6710240983837,694.4549714806398,199015.57708774676,858.30111606992,1949.6924795935433,803.033091734029,826.3175001618918,1830.0338953806615,804.2849680090815,1823.664347319591,1969.1535615594582,187955.92521413346,192058.99826469994,631598.3753685864,795.9793804709348,8651.81225414219,20.00256007182327,286.16878375447607
2095.3811729726667,0.0,0.0,82.2292806623605,0.0,18.59990534519058,214517.14231577486,318634.59452883207,2445.1597272268546,978.3011722392052,26.595906804597565,0.0,3.827984715349021,11.741700768629018,57234.962472135536,2242.221397447526,38.71998876915833,0.0,13793.115715076745,23.8504733265171,7.485395847665266,2.910224138411394,18.52079544630031,0.0,860.0055122544627,0.0,3.400272461885848,781.659039948664,20.00134086086323,0.0
8165.286137431674,56131916.14624722,1035292.1158118263,79.02924349599002,248523.2620785768,4144.8813072293215,1072181.1985557396,55585047.85790327,0.0,55915.09041883679,56364.56881296777,274.6441681667858,277.8436133974993,670.2838452482819,182745.100587018,58.31015477212231,1948.699380187558,796.5734603635296,0.0,1823.509910185621,802.1034255546182,1820.7527802823392,1912.3880017514864,187047.23336960532,188375.97381310657,642222.7151606269,785.720021362226,5346.799770589369,19.947968450520964,294.076205810599
8192.0,57159892.0,1017225.0,80.0,282969.762376237,4072.0,1017225.0,57162137.0,3.5513017997,56330.0,56330.0,277.4876847291,277.4876847291,680.0,186804.369281046,5.3706879433,1935.0,799.7337662338,224.0,1826.8076923077,802.338762215,1826.8076923077,1935.0,189988.0,189988.0,630672.853970134,794.1491383677,17.0,20.0,292.8687801257
1942.7465318544864,707620.4878786114,47511.62327781202,79.31506102104794,32504.265536578154,22.679913044181227,153410.9554300408,0.0,3280.853979673624,438.8174274791725,0.0,0.0,0.0,1.9132363115732118,0.0,3916.035576381995,0.0,0.0,0.0,0.0,0.0,0.0,0.0,933.987680874665,0.0,0.0,9.220475407241246,0.0,20.06464371413133,2.0166611066520974
2151.983995757819,208354.28063034161,42497.93838408857,81.02105029450814,69438.85575847597,142.46711467225032,0.0,0.0,30628.05600164957,0.0,0.0,0.0,0.0,0.0,0.0,30474.277160308226,8.036557863304127,0.0,3829.1413933903905,0.0,9.933577153357737,7.531576822147214,15.115505053793981,2592.02649911396,0.0,0.0,4.807960357680599,9925.523069594734,20.021805002283763,0.0
8268.346503088376,56213313.75241395,1044445.7584046663,80.55392900026054,308785.33400416345,4104.7035607362095,986450.9081796564,56936851.97000078,530.3313796994888,56127.71898829984,56278.10078612768,277.0410238925808,277.3919155096508,680.6394341941019,224483.86350485357,203.02022883932426,1943.1868306443644,801.746179360543,0.0,1824.538808643837,796.659139232964,1823.7220138437788,1936.113250468002,186774.8221546957,189945.1787962004,636636.8251869681,785.8655427248839,11758.18758064358,20.021132743651414,291.36829672123247
2154.6881614342183,0.0,61691.8022776316,80.72744643072548,0.0,94.3105067386991,0.0,722916.7377638374,14666.715185472056,410.36384453129386,0.0,2.77270428265719,1.717251171965139,0.0,21310.8979825691,14245.92997689771,11.6891021381423,0.0,3315.4073343432556,5.366013696600332,8.436501744575049,36.9219446789439,0.0,2266.2913574743493,0.0,5456.187515902996,3.476973694241652,12433.364451234449,19.982586515274924,0.0
8368.126295081142,58267655.9423477,984388.7043906016,78.4389879600079,203819.09660335368,4030.3459880281052,879624.7998064484,57151895.157209426,99.59246265637239,56648.332598104455,55770.18697607104,281.0180814280562,275.6370394155574,678.0252919067956,201245.13334586873,0.0,1971.5348340550927,809.2895358493848,0.0,1829.620650658662,798.9038721092513,1798.460160476016,1949.2203304964905,188391.41138888622,190300.11843878808,624750.3553091031,790.0622675621131,27699.302388490258,19.994547467058048,290.50565289095664
8192.0,57083712.0,1014646.0,80.0,282592.633663366,4072.0,1014646.0,57086017.0,3.5560371991,56330.0,56330.0,277.4876847291,277.4876847291,680.0,186555.611111111,5.3778493602,1935.0,799.788961039,436.0,1826.9711538462,802.3941368078,1826.9711538462,1935.0,190005.0,190005.0,630783.847825627,794.2190175422,23.0,20.0,292.8687801257
8255.67796646923,57925368.100660585,1128688.7240342926,80.91127433034326,280586.182904767,4037.2359271037176,1122966.5020299717,57277178.48125913,0.0,56228.82406474585,56146.67156754127,279.80148548087567,280.8522014929818,689.0354246036939,229052.59570619362,72.33075706374143,1930.8345651915963,807.0584158269698,0.0,1836.4413799274528,797.7992957318581,1804.9504860178054,1957.7146992435448,192432.00200051416,192261.40114801878,625669.9026954144,806.006002751498,755.7041001726027,19.98822124055478,283.9584145613684
8246.2927731221,56565192.455808625,1050580.8477960806,79.08258632731709,291170.03888713056,4089.04187370502,1294437.831912754,57892507.95776711,175.74740847083189,56573.46702603072,55233.764824359605,276.9751843075314,279.22929417782024,681.9756869363476,253232.78727273317,0.0,1904.7120495642823,803.1554346517381,0.0,1844.2696086663314,798.5286279186442,1828.5309237967067,1948.747881559452,189138.83813826673,189417.7719831965,628907.0749501471,785.7858954119688,0.0,20.03427864194885,292.1030825007241
2053.0,155.0,149.0,80.0,77.5,60.0,149.0,155.0,19354.8387096774,0.0,0.0,0.0,0.0,0.0,77.5,19354.8387096774,0.0,0.0,6.0,0.0,0.0,0.0,0.0,0.0,0.0,0.0,0.0,6.0,20.0,0.0
8192.0,56639743.0,1019581.0,80.0,280394.767326732,4072.0,1019581.0,56641891.0,3.5839198942,56330.0,56330.0,277.4876847291,277.4876847291,680.0,185104.218954248,5.4200167858,1935.0,799.7402597403,494.0,1826.8269230769,802.345276873,1826.8269230769,1935.0,189990.0,189990.0,630684.030035111,794.1561748391,22.0,20.0,292.8687801257
2053.0,167.0,167.0,80.0,167.0,40.0,167.0,167.0,11976.0479041916,0.0,0.0,0.0,0.0,0.0,167.0,11976.0479041916,0.0,0.0,167.0,0.0,0.0,0.0,0.0,0.0,0.0,0.0,0.0,167.0,20.0,0.0
8137.07457243098,58912790.418316625,1167543.2225525284,78.36510856394499,340158.3134027593,4102.462126243992,1071497.615903675,57118790.14460306,0.0,55518.604118557974,56354.82851659687,276.97441295264724,276.6068739998338,686.7667252025118,161390.96008211107,420.90273133994833,1936.1528258641335,809.3963832970371,0.0,1815.9519053590789,797.5064473953839,1799.1681967178456,1923.826182354173,187116.10682544284,185268.773128241,635215.9855259905,793.8863127743303,13897.198736638142,19.99897719633646,296.3773674438578
170.02408479488975,89153969.33762304,42140909.8685902,497.9658872125387,17904688.53765367,16.49156405996537,42123538.67971774,89616761.21758024,0.0,2444.1067971361363,2061.095692367001,502.3261008988698,500.3863644983995,491.77458584500107,18023920.20311763,709.5979851802648,476.2560679234421,496.5894667089998,4001696.0357788615,4.167687391899105,572.2745914851779,9.778174296858822,0.0,555.4479610751094,2328.161776986641,0.0,3.4462695991202565,4010103.9817600893,8.023639621467495,0.0
8063.462401980293,58312521.379744515,855213.7898935577,80.54334243010895,211942.3114555881,4069.580684498741,1116204.3902428194,58398805.0885949,198.0356081899361,56396.34285422057,56269.18374513292,276.1230824169092,276.1157139983013,684.284500152177,181049.71794591149,0.0,1920.3657444397338,797.4889121432113,0.0,1819.3397853170623,801.5734887841683,1814.4828078959615,1963.7577381475749,189338.53775332062,189632.15517602753,623682.8025081435,795.8532521465338,4764.268170714635,20.0011509068887,290.0592507736196
2012.6558920886916,0.0,45852.142605165005,81.00014397816034,30919.930909982406,66.02386717750022,0.0,68558.24513910194,2970.364847918462,0.0,565.6432921670963,2.4783302901583473,0.0,0.0,0.0,2766.396723054592,13.443072539717983,13.165193434944555,0.0,0.0,0.0,11.64567064099621,0.0,3374.114633662632,0.0,1527.0848576831802,4.759370165291665,0.0,19.996163821403528,2.114497670269277
8127.830797222025,23054705.21632846,1186195.532786603,79.2324826407781,300582.3285552072,1653.8218466671867,1028790.9278480766,22514046.852863774,0.0,22227.061452730548,23121.23785291263,273.4104009791034,265.7333144107207,678.9493005403763,194179.7979916392,0.0,1988.7782950276899,773.4740896747714,0.0,1829.9662822963705,765.7984673112702,1827.261031948787,1924.9408324697115,74618.41542972001,76126.1898305464,626418.242477113,793.4171435082436,10546.900424224434,20.048735232300945,292.9998735708323
2087.8054158342684,0.0,110638.64892027705,79.6261808786927,2263.8195805081577,15.093400773566682,0.0,0.0,16183.748307136539,189.5612524419025,0.0,0.0,0.0,0.0,55728.0654583017,16701.037840983638,6.296981154779721,0.0,8883.54057425269,0.0,7.247834437633325,19.910651708769493,0.0,854.6392585947114,2640.4492046469186,0.0,5.516781416053298,6972.250148600697,19.984417030566515,2.2967909185087727
1948.8702838953204,163169.10579139413,47399.13548639556,80.53670090854463,53508.16502811883,62.214479173567234,0.0,880680.8690657197,20757.742179256173,0.0,709.7420652016714,0.0,0.0,3.569484036956704,0.0,21395.204319558336,5.152791123855707,0.0,0.0,20.29000811216954,0.0,16.208997153679793,0.0,0.0,0.0,0.0,0.5563557028345062,0.0,20.047018217945965,0.0
8109.107487983767,57162410.466788486,875210.3462752667,79.14914191960479,223821.48625190614,4112.639121476338,900646.2825787737,56467496.79740487,0.0,56313.01788964373,56263.08791800302,271.87348810741116,279.20292833234106,681.3921218044088,225078.2028217119,0.0,1965.9074974340365,795.888637954391,0.0,1811.923826486959,807.9676482532344,1805.2185901592097,1918.9613895850216,191645.0336131587,187825.9508396972,630522.017377632,792.002087434604,0.0,20.00759722288786,292.8318294782197
8301.949419430452,57608038.29663451,1081218.313690893,80.02298753558341,254719.28385880735,4143.681240241784,992609.5034454499,57147050.09868844,0.0,55931.46357686082,55636.19333517808,274.72247195143274,276.64363307558494,677.682048267398,276914.7459004378,0.0,1939.3508800325692,796.3069452070013,0.0,1795.1315639031675,814.0685468975953,1801.1885826463142,1907.7148775550738,188164.22297094707,189343.4094427471,616334.5522535621,789.0792115731691,0.0,20.00955451458831,288.6956764614525
1950.462989814093,0.0,0.0,78.36417596234247,44071.037348586055,68.04027094761844,0.0,0.0,20611.687040788605,0.0,0.0,0.0,0.0,11.094915125836541,0.0,20964.120216401454,0.0,0.0,1871.3203894775672,18.676945834099417,2.7803952005904087,42.456589066746005,6.3353024502850515,0.0,1102.5295737808738,0.0,6.970119589896853,0.0,19.99258736014378,0.0
8093.439358017634,56855545.06479804,811027.7626461758,81.94428256629095,325833.66552420193,4093.4081605028614,928857.248278793,57430673.07431919,0.0,56204.37843344224,56381.74945034511,277.9036346112014,278.5494225037195,680.1786157011634,161222.53941299676,0.0,1944.052641234635,808.7222614880953,0.0,1825.3388134971958,808.5214922700964,1849.3812489878762,1933.2239979380404,189770.52353698667,188824.4806756372,636827.2903349237,803.3803145083969,19858.476550595962,19.937083430871038,295.3460966415015
2053.0,352.0,325.0,80.0,176.0,60.0,325.0,352.0,8522.7272727273,0.0,0.0,0.0,0.0,0.0,176.0,8522.7272727273,0.0,0.0,27.0,0.0,0.0,0.0,0.0,0.0,0.0,0.0,0.0,27.0,20.0,0.0
2207.1220506657846,483398.65655605897,7946.315576463805,81.37923118653163,24501.365328975895,33.478265964121235,2263.656059803954,1063926.5971911508,20638.760958022627,0.0,285.66270136076594,3.1067702619636988,0.0,3.441548815185234,0.0,20951.725049050136,0.0,10.180961886432653,6576.37764284886,17.5394103997356,6.025389168405676,0.0,6.864065510529399,172.10967897062315,275.1085175930928,0.0,1.6087592636771202,21334.183741659424,19.958326836452155,0.0
8320.653430312115,55657914.31196769,1050564.034464908,80.25906288013327,310052.52520443016,4013.9045746108427,1254704.0168908215,56579275.887411475,290.4513432497376,56153.172797200816,56729.41977149747,278.4444979026741,278.3041532717374,681.563165944772,247265.91249150684,0.0,1945.1548700552496,786.7783322575547,2047.7445632779152,1828.0082581731704,800.7867648499869,1841.9395342742102,1925.0838981347083,187045.07406821477,188348.154874073,632156.5185724694,788.990763678802,0.0,20.022008332613446,292.6683953879402
2053.0,549.0,549.0,80.0,549.0,40.0,549.0,549.0,3642.9872495446,0.0,0.0,0.0,0.0,0.0,549.0,3642.9872495446,0.0,0.0,549.0,0.0,0.0,0.0,0.0,0.0,0.0,0.0,0.0,549.0,20.0,0.0
2038.4376411877354,0.0,0.0,80.97981825525467,49890.31007061407,18.363229281688916,0.0,0.0,17128.191902189777,643.7234794019944,0.0,0.5352330644749358,0.0,10.358996893138363,51969.676773449966,17522.912507926652,15.468253695360357,0.0,4466.142325576963,0.0,2.0950417975359157,0.0,0.0,1300.1477586584679,803.3952258049676,4181.45949388594,2.7211116302670644,0.0,19.995470839793295,0.0
2055.21759617469,0.0,0.0,79.673509427789,0.0,0.0,0.0,0.0,21620.249939710557,508.67586818174067,0.0,1.9872893763990864,2.8501436216244627,2.3997359081734606,0.0,21191.667188749107,0.0,10.85150053709947,0.0,0.0,0.0,21.04966689043972,0.2828439382148432,0.0,0.0,0.0,0.0,0.0,19.987074534824814,0.0
8170.780177217305,60447584.32374559,1060936.9578552316,79.38962994591034,210074.8863725054,4069.0463298348923,1060331.3387893073,60623359.280084185,386.514625003271,56290.30070862929,55373.39826591165,278.05170099241343,282.11354493371164,679.1824778551464,255157.51832656452,0.0,1929.9733548916695,808.0858430486409,0.0,1840.9894057423753,814.1633642217819,1801.7012315305199,1958.0709962762717,190237.2664813552,192321.16052149708,634947.5787521267,804.4516177421316,0.0,20.033327951654375,287.1151775267325
2053.0,1093.0,1087.0,80.0,546.5,60.0,1087.0,1093.0,2744.7392497713,0.0,0.0,0.0,0.0,0.0,546.5,2744.7392497713,0.0,0.0,6.0,0.0,0.0,0.0,0.0,0.0,0.0,0.0,0.0,6.0,20.0,0.0
8224.780214457349,60793420.20915561,1164298.950859222,80.01722522495969,283960.40827465215,4042.005672771642,1082081.6912998692,61583901.61184783,0.0,55172.98526699773,55762.45814650812,275.77390076150897,274.8735806951771,685.9014901438298,235906.11052915076,0.0,1936.055028431918,795.6343144477469,0.0,1847.1379948568447,782.8818410971721,1829.0918564918973,1907.7940551511883,188527.39059057317,189442.2207788025,629634.2498050948,789.3843905911666,0.0,20.02011085704357,291.0771714674909
2073.4087281288084,0.0,27286.0841453625,81.85028982379278,0.0,0.0,0.0,0.0,4219.928466389415,996.1790652344404,0.0,3.7540882382841914,4.527155729844637,7.842121419873242,61420.4446263402,4371.213412305051,0.0,5.856377095808656,0.0,0.0,2.096072640050343,0.0,0.0,0.0,326.76764134779364,0.0,0.0,0.0,19.992863501241317,0.0
8241.291552405126,56924814.2967102,1014239.9212388449,80.5204954461881,273345.799806854,4070.2716630540135,1239467.2637687363,57410842.533132225,707.5179890789008,55392.00150768938,56437.43845145959,278.32972891924254,278.22360925839376,678.5157200985777,146621.95027492684,336.8711388224365,1905.2827500837232,791.6218909536917,20004.30870053521,1802.4525830219443,798.775392476321,1822.6568019079457,1942.506363972247,189612.2695422631,188911.2976588369,631525.881376252,780.3158034917777,0.0,19.990642704193593,288.5070237496922
2009.8772172385131,0.0,0.0,80.41928680940717,0.0,64.60936530341385,0.0,564979.5295629667,14923.028193738844,43.33216917018138,300.01003308618215,0.0,0.02585946718727996,3.0981256475767434,70035.3630402532,14560.470123639861,0.0,0.0,9198.503610032809,26.55145154054494,0.8484289573754443,0.07871177142861911,0.0,1004.9919341730099,1274.5783805115032,4767.808386106092,0.0,609.2341312815165,19.971958560790178,0.0
2007.4736477050776,0.0,0.0,78.72642420885093,0.0,101.44911915066558,0.0,0.0,23427.91677455953,0.0,0.0,1.0714269216627375,0.0,3.861433829307317,12900.385960555575,23464.876511533344,0.0,0.0,25743.943854401656,0.0,0.0,34.975374568035555,0.0,0.0,1834.9628402753397,5646.583954048011,3.7214409444092715,19171.017309412524,19.968680706145214,3.880186710052314
1968.6490933360565,414015.7494523617,94663.78072280022,80.55117446222535,0.0,23.85912324826271,59293.84485258387,0.0,16597.493669509477,0.0,716.7675951703337,0.0,1.3375188618266431,0.0,32688.845814681416,15538.941150034372,0.0,0.0,0.0,11.061773362619675,5.991746147802386,0.0,0.0,356.9615899193996,7.959229947841367,709.9867917640009,0.46605476294411,0.0,19.987736475375748,0.0
2042.3829015211868,0.0,0.0,79.64600926665173,15238.173216592153,57.78747811748473,0.0,280953.98491033574,6157.4246729705155,0.0,264.51632324382143,0.0,4.831079000117811,6.6977295175845635,0.0,6301.8681451173225,0.0,3.1947367682078385,7775.522357494176,0.0,0.0,17.65451916531428,0.0,0.0,0.0,3144.746776135652,3.574642698084286,4040.455612666237,20.04607077351644,0.0
8187.874394726138,62980574.429245345,1479872.0301373138,79.025863078158,243063.4755945482,4031.376996696248,1435753.9588201977,62810932.94539705,666.3523028359622,56013.96207758484,56951.13365638414,276.3972288750857,276.5868692353067,681.5735087612044,246101.48304144904,238.5486317535261,1915.4611748460527,797.9559409542335,2466.149830226092,1838.4246940351802,815.4057382700487,1835.7055537439821,1929.0466531702739,191672.9546903194,190569.7975409856,623945.160388097,799.6727885967466,0.0,20.030244952559315,293.95823738697084
8122.132221978282,56715339.8668537,1044270.2950428701,80.32539198661259,323815.3773983877,4175.32478713643,1251369.0880669516,57370621.812016405,0.0,55606.20211758409,55114.48479809511,279.9803521250507,283.80338809130427,678.0679789554063,203326.78075426197,0.0,1941.7427286088803,798.8360137288256,0.0,1825.8483328926943,793.402462757922,1843.1493073554843,1928.0682924695109,189047.0742058065,190165.01664077508,632928.6691371371,794.0984366424855,0.0,20.00404205890587,288.92930504894883
8198.411083930947,57217325.039457016,1223451.0796149215,81.60183806429058,242268.31480003704,4119.465785855529,919826.1604883029,56979810.25556782,191.45955749117115,55777.63489692462,56076.670367714345,278.3869820534919,278.01017071951424,679.1721801911144,128846.70397295717,262.85731466125486,1958.3471839776728,803.3083941860441,0.0,1846.065637806836,805.8834358968014,1804.9592517715625,1937.7735339127485,192122.33526914395,187345.06637989546,631875.0873504194,784.3992233145794,0.0,19.97645482578371,288.5541457251019
8189.698605520711,56712226.360280804,1162039.3483169482,80.87854931818495,222789.3701377999,4010.2253935789163,1029893.3378042324,57077483.32496243,0.0,56116.40365829155,55889.68071162127,272.89783463280094,286.5296038414348,685.5605371259912,252794.6257266012,0.0,1974.2560952452914,789.5139256700487,0.0,1847.190099505478,792.9704523474513,1816.207654924558,1934.3696083614618,194741.85104466885,189196.86189316947,628585.8012117655,786.8848239602497,644.4233408934189,20.027062568482688,294.7457865617113
8098.704788595144,56578298.14245072,1312801.9993013046,79.68421890664575,243338.13478344755,4134.559424698345,1024973.8818013916,56564554.20935316,0.0,56421.32586969031,55442.683225993904,275.9923844817851,276.05629911087277,675.9955132163694,222270.85354820237,450.9080008355482,1947.3068956858012,796.3325360150227,0.0,1819.4974258171806,792.3200336307368,1832.7225762904234,1926.573057697829,183048.0739890376,186794.10073448526,624265.995948923,797.2142262361631,10896.252137493224,19.996176904809396,297.3686090466914
8192.0,57395698.0,1018372.0,80.0,284137.118811881,4072.0,1018372.0,57397913.0,3.5367139568,56330.0,56330.0,277.4876847291,277.4876847291,680.0,187574.879084967,5.3486265258,1936.0,799.7857142857,423.0,1826.9615384615,802.3908794788,1826.9615384615,1936.0,190004.0,190004.0,630782.748720335,794.2183256009,22.0,20.0,292.8687801257
8135.932718949613,58042518.428997666,1154305.3294257293,79.53487402262502,286111.7681996489,4071.6042604312106,990231.8228501747,56738482.62385996,247.38530863440772,56761.72947034115,55591.8419869167,275.1919673439047,274.4693713699742,680.317222472982,166915.92007307854,0.0,1895.9820841038297,801.3213542705013,17400.78308452691,1839.9269631995517,805.1821432946409,1826.7409568453754,1937.4886142057742,191019.1266515901,190081.77174507844,628747.1502170084,795.8673477036773,13132.625636789831,19.96824069100626,290.5142237851457
2053.0,951.0,951.0,80.0,951.0,40.0,951.0,951.0,2103.0494216614,0.0,0.0,0.0,0.0,0.0,951.0,2103.0494216614,0.0,0.0,951.0,0.0,0.0,0.0,0.0,0.0,0.0,0.0,0.0,951.0,20.0,0.0
2134.8014637263323,0.0,0.0,80.23406646406833,51588.46841358293,34.11885686786445,87378.22500348678,159016.17713161666,25073.51858795119,253.79366799369956,0.0,3.8463494946258945,2.9502706796052185,0.0,0.0,24680.502219366135,0.0,0.0,9700.673869036968,0.0,0.0,3.0544397234565195,14.752148676682529,730.1903163189775,3222.6796343975084,1110.1946479945536,0.0,0.0,19.989503398565493,0.0
2052.8589186618156,999385.0923326308,47455.54812928584,81.87056504713124,10671.281834692852,93.44274477737488,15464.582301137092,0.0,1972.9883660262078,150.6565321656951,0.0,2.51961492835791,0.0,0.0,40761.42651922536,2106.7972991163347,0.0,0.0,5588.6578322583,0.0,0.0,0.0,10.75651158411983,1220.0451699734276,0.0,2396.994037694676,14.280066828873478,1635.8106688622079,19.98991372825381,0.0
2053.0,849.0,849.0,80.0,849.0,40.0,849.0,849.0,2355.7126030624,0.0,0.0,0.0,0.0,0.0,849.0,2355.7126030624,0.0,0.0,849.0,0.0,0.0,0.0,0.0,0.0,0.0,0.0,0.0,849.0,20.0,0.0
2067.7508720071664,67452.72599715363,0.0,79.82479685849407,0.0,116.80957273530979,47232.758032201134,723715.8753746527,11477.90983907944,0.0,486.1359905988442,0.0,2.5733189690727465,4.626715430490915,64343.014199318,11483.730499217976,0.0,10.252235000621837,8074.387137295504,19.161000882983465,0.0,10.237070958337576,0.0,553.908886503842,0.0,0.0,0.0,2492.804934200577,20.031036789169214,0.8792249122356879
2083.543099225053,593774.5390978666,48093.59773227575,78.5897930618861,63385.11172358443,79.8710228546333,165774.4639119836,996172.8039939821,7251.731732989438,90.40392708487177,0.0,0.0,0.5452555923779956,6.565095764637177,0.0,7053.956841708894,0.0,1.8948794407388732,0.0,0.0,8.743701020738675,27.450064877252277,0.5632425254866894,439.5441681796902,0.0,7424.373300767396,11.044336927396303,3753.3981624799358,20.008835567834033,0.0
1997.0292579376273,0.0,23925.175513191793,79.25536162214563,0.0,11.963782375821616,0.0,67331.4281256538,5503.020928882003,0.0,0.0,0.33802553349381115,1.5042059424023089,0.0,0.0,5325.98919737391,9.4167299899299,10.636881536431115,4789.560479606728,0.0,0.0,0.0,0.0,558.1339413255795,0.0,6053.225439695831,14.648633511317621,6121.3057182168195,19.970170049331976,0.0
8192.0,56484582.0,1015096.0,80.0,279626.643564356,4072.0,1015096.0,56486858.0,3.5937562681,56083.0,56083.0,276.2709359606,276.2709359606,680.0,184597.575163399,5.4348924842,1935.0,798.6136363636,204.0,1825.8653846154,801.2149837134,1825.8653846154,1935.0,189890.0,189890.0,630386.303005627,793.9687040467,18.0,20.0,291.6989844299
8284.136210056873,57151588.57275036,1144647.0880337122,79.02860843173481,295163.57275597885,4030.491986345083,1096054.834987762,56448920.823158786,0.0,55360.490594639676,55310.39755343313,278.6627354656936,281.427734202886,686.143225550832,143933.54009564535,42.55531817015566,1918.859025817793,789.6523717396726,4669.278980036183,1854.2979747810136,802.7959241158178,1835.1991374060283,1919.244178213463,188867.13229704238,189246.12487364173,636646.4196394302,796.9851544007888,7622.642695968594,20.048079969649105,288.80551211344556
2145.6266770337584,447670.1349966373,86923.62507633437,79.28763933581041,0.0,52.85691246134865,0.0,0.0,16461.27903585314,0.0,0.0,0.0,3.545208013297573,0.0,0.0,15716.725659481797,0.0,0.0,0.0,0.0,4.352658051706039,16.228861933500422,0.0,897.6987395092979,1169.0179945389143,2979.8106822279774,2.551682729182206,4411.069658340936,20.079892649330734,0.0
8220.339950235117,56798173.446212,1094361.9330432233,79.71344194698392,206331.25608380936,4017.722039559731,1040012.8252801191,55767917.41016306,76.32798556508182,56718.63994752399,55580.35521760692,274.49360538375333,278.6845559858004,682.3992615304662,252505.81447303103,0.0,1935.7440213159555,780.7379835639728,3073.338600866941,1849.6606491431132,805.9283108062365,1834.2674693774675,1981.1274694521069,191716.4378271045,190710.36709843652,629625.4413913519,786.9953749809328,0.0,20.04568994378413,289.2621259196271
8225.232938843901,57212721.00302986,1171677.1247397058,79.99382706781945,287837.18921199086,3987.2860361512435,1042241.9102965415,56535280.211985074,334.2009870216569,55614.485201310075,55408.35759944918,279.10048543515086,272.9119599772521,675.9096046034201,118883.35469112365,0.0,1947.831665207467,798.7336091882058,16150.159948790984,1811.5535279597177,794.7162099439442,1854.4042665283841,1954.133251289397,192237.00623365,190226.6758002246,632019.4365409901,798.3175807089103,0.0,20.02327865267639,292.63111946807777
8236.873240397848,56385864.64564145,995224.1989928397,80.77274095011302,288850.48527412413,4024.276383637767,1205775.9850438158,55871619.13552153,44.127391998936865,57266.11545075008,56625.03724236001,277.34804639139463,276.4470886222868,681.8478125586863,150216.12213112417,731.0527276842968,1909.877663547792,795.2277744526269,0.0,1838.6216158308919,805.3256988002585,1817.868741463341,1951.777519632727,188213.4615160489,187570.81874168455,634479.015235754,800.3576802817681,12684.71505703118,19.98017591651784,295.0817025035213
8180.166210653835,59018965.5949721,1416102.0960442615,80.34653003005232,341039.06933295855,4111.49325825204,1459662.0507535667,58749476.94401174,9.768710247144952,55729.74630169606,55968.6184289681,279.54431795882556,275.51200302330636,682.9719190612822,201525.90415612527,322.930313643366,1937.4490261372007,802.2257940614892,12351.357416141585,1833.8147792789637,792.2860769167869,1830.1287610522375,1934.9588867960865,189103.27301409672,193427.6407687227,624390.9500065725,783.1356954112515,0.0,20.008405856796934,291.5329351738378
8310.365288661467,56889457.33437742,1019313.6583217089,79.75833533769422,259965.10882432017,4099.6257503219795,924629.2540100553,56803156.334482305,314.09788125127466,56997.21415760056,56019.213088332406,277.26793600455784,275.912837902677,678.0738832669887,134343.48515071158,107.83369172793776,1929.9517625046385,810.5840676984612,15513.802201725402,1816.0297493212986,809.6188443167798,1841.3238682377282,1943.3354204494333,190081.64459542296,189351.86890217988,621856.1871462461,793.9862993857474,0.0,19.977494424125297,291.43623749270273
8192.0,56555709.0,1013025.0,80.0,279978.757425742,4072.0,1013025.0,56557979.0,3.5892371614,56330.0,56330.0,277.4876847291,277.4876847291,680.0,184829.996732026,5.4280581702,1935.0,799.8084415584,348.0,1827.0288461539,802.4136807818,1827.0288461539,1935.0,190011.0,190011.0,630834.077192352,794.2506387737,20.0,20.0,292.8687801257
-14.822875287294751,89527247.95627168,41916383.051582165,500.80243526740907,17857254.87371776,48.78244340105665,41949238.47108298,89072648.08760573,345.1480481892983,2250.216504085735,2997.250024955547,499.6580656786355,505.8908486959632,505.97292365486135,17815934.493026737,874.3457768642096,507.953816704008,476.50894403717587,3993761.028504861,4.168644876909093,574.0963230670284,0.0,0.0,0.0,1430.984999697296,1362.1070155818395,0.0,4006910.6632281314,7.992827533512124,0.0
2000.40707409555,0.0,97605.9450041979,78.81091949559013,4422.555428687398,91.10497918273256,0.0,440342.08694624295,4234.573710849351,531.5319464357646,175.18620682165354,0.0,4.569576956442738,0.0,0.0,4850.3010291930295,0.0,0.0,8127.011488656211,0.0,0.10010943026397014,25.092458080708045,7.862450505224244,0.0,1514.8323412651946,0.0,0.0,0.0,20.045507920905578,3.4844109065853623
8201.208486425268,57476397.712550335,959177.7350655515,79.05695485778973,302549.67950256227,4025.127163417533,825446.9157511003,57115130.34498174,220.90254104723766,56672.02897283344,57099.037271785,280.2649327013779,279.30926324672976,679.9447794980505,168479.25452234555,0.0,1915.135443647403,795.9747441901426,682.6037776618007,1828.5330658802043,788.909742104169,1800.9533300026,1913.378606589001,190224.15306501766,188345.90939689064,625098.6523512562,798.2176421588516,7072.12180058609,19.997338867255312,291.60474466565705
2147.742224041518,0.0,0.0,79.53268998918215,28822.85235862857,44.606427921932976,0.0,471436.394326742,5146.481698133467,0.0,0.0,2.02049695437715,0.0,0.1417749775199285,0.0,5242.656851082433,0.0,0.0,0.0,0.0,3.6624701779367026,0.0,15.819109444148085,384.87764751066516,205.4579503933498,3978.7765771270833,0.0,2813.468064559295,19.99802436084902,0.0
8192.0,57172009.0,1019492.0,80.0,283029.747524752,4072.0,1019492.0,57174226.0,3.5505509073,56083.0,56083.0,276.2709359606,276.2709359606,680.0,186843.875816993,5.3695523574,1935.0,798.7175324675,325.0,1826.1730769231,801.319218241,1826.1730769231,1935.0,189922.0,189922.0,630614.704968485,794.1125266412,19.0,20.0,291.6989844299
1926.4641609474115,203004.7801138928,49831.908353440136,80.0623524915553,65787.89875704641,115.73534557107651,110194.30337336357,0.0,14765.579964241482,0.0,0.0,0.4142438679931071,0.0,0.0,13230.451737671581,15127.001378960356,13.903338219415081,1.4106664580157715,0.0,0.0,0.0,7.727596877827201,5.814324873905442,0.0,2807.222999116667,9949.064826430094,0.0,7076.699406672507,19.98903075803019,0.36381743711564507
2053.0,267.0,249.0,80.0,133.5,60.0,249.0,267.0,11235.9550561798,0.0,0.0,0.0,0.0,0.0,133.5,11235.9550561798,0.0,0.0,18.0,0.0,0.0,0.0,0.0,0.0,0.0,0.0,0.0,18.0,20.0,0.0
8064.242565553994,56574965.1938992,1127477.6554152733,80.5175578858116,245719.1148759501,4056.7994742030046,967419.3736555844,56787642.45993492,0.0,56408.06579170879,55438.50543027169,274.5606209757723,279.0913840042103,678.5279118107978,224063.9302687493,280.0757460322371,1955.6199390297945,800.4068002438568,6093.766874386328,1829.2658432136163,791.8262702118712,1783.3988553713843,1903.48554131763,192644.16364649503,191332.85331226946,640817.9730171713,780.6969424099892,19594.062715558677,19.981600065458224,293.92629115208797
8172.06095077317,56708724.08384325,1002131.8578643941,80.15419009102834,202083.1468164549,4080.1318967875222,960116.3522089432,57660700.25192058,829.2379058793913,56477.719291714035,56483.104031022,275.21612400251604,276.83453520534346,675.2722525943834,218981.67124237723,520.9473346589674,1954.8467209367782,790.4102012717967,8122.43157558971,1821.4617204512745,800.6600353717057,1848.8457806527374,1940.20154525001,190120.2435170365,188209.44226023566,624036.5560283854,786.6813441075519,0.0,19.973833373570542,290.64962700755626
2217.6701080718212,0.0,191794.710024123,78.44953535443719,68997.70716363739,70.0089685927487,70727.63392032172,0.0,20707.088538358854,0.0,710.0939982044997,0.27210694930442764,0.0,12.10848572084895,7562.63225289528,21177.074503134983,8.348374186011828,6.88178613629966,5553.958317533824,0.0,0.0,0.0,0.0,0.0,0.0,0.0,7.431830693170635,1126.5982815352384,19.991451337366495,6.1968306388471035
8205.61952783469,58649380.6813279,877343.0473096673,79.1384348187066,314302.7540880093,4134.019366219884,1057274.6031957106,56540916.19279057,176.2265118948129,55668.56907762175,56752.82272302374,281.38584189969873,275.4913018928461,677.7033046820604,132561.42160338853,402.60338846529896,1923.5202144240225,813.9539382226527,0.0,1822.9230366870295,813.5481040931978,1811.6675979963063,1925.0089405083618,190025.27592454723,189214.56482611666,621710.1279169687,793.6985000685755,0.0,19.935858891246507,290.634822861874
8258.084196012423,56848413.58681722,1199827.3464970256,82.21205528802716,321649.1482627644,3993.8427321563927,931114.7864432714,56213904.140289,0.0,56213.40485534786,56445.049353915805,277.0263905543798,275.5078798861625,674.6933778715579,215485.43987292677,490.9159582892093,1925.6554962942328,802.8974412555136,0.0,1840.823623773592,796.1332487100888,1821.6292547615255,1909.4269408134455,189766.06659351278,188398.6379442062,629517.776644414,788.4252490408929,6335.668566730835,20.010502708406655,297.6260328084459
8184.471135008138,57392315.25494588,1032556.8105405065,80.22158796349491,265044.0197028793,4145.57928643528,943301.8053820783,55936615.175186664,0.0,56484.449260356916,55579.34500793182,274.3460059908671,270.7604027551932,683.3329952036024,254691.69640840497,0.0,1920.808328412351,812.8742369040846,0.0,1828.647546450024,795.4084144915851,1845.1505713655667,1935.7495537402124,190697.85581472845,191003.30490258682,627865.2076183464,787.320154694008,5145.0394700567795,19.988059817633623,295.13349324126096
8187.150076649101,60965082.76647342,1582488.8803433685,78.50512406276854,266654.7393027747,4111.10272471865,1447941.6566672304,61712804.38971225,0.0,57408.155154295986,55449.318107661646,274.51167392785953,279.35934224260836,672.3243149337269,144682.27459723435,0.0,1935.5771856478796,809.2725131106918,0.0,1841.6513534057294,792.4809311599264,1814.8865385736492,1914.6664715056415,188492.03241465084,191373.93397867997,641232.7689227335,793.4276328369484,0.0,19.993062870300474,296.5347085715342
2078.2992386653377,0.0,0.0,81.03308147671332,33769.91807262463,63.470214314713104,115335.98667180167,28902.87835008534,3560.8083689797777,0.0,27.71164766423871,3.954275316957926,2.369182736707745,3.995106789686854,0.0,4065.387648160875,0.0,8.469301288920805,0.0,42.85689194733918,0.0,0.0,23.330985306632442,0.0,3198.8764562961373,9613.268692684238,0.0,0.0,19.988364891934285,0.0
2085.919421481616,181338.2004751071,0.0,78.25579348319512,0.0,31.831654945532346,0.0,0.0,7905.6849156950175,0.0,0.0,1.1454988060469986,0.0,5.123451824081606,0.0,8553.644969585328,36.116898671771665,0.0,0.0,0.0,5.7747565094418505,0.0,17.60394765143896,0.0,0.0,0.0,9.336526320208094,0.0,19.988025617860444,0.0
8171.875846678958,57983510.59876242,981265.5484959106,79.39243915283672,257109.11951370977,4007.9110841953916,1100367.3215640574,55612270.50777529,26.25291134036784,57327.77074071911,55763.004641727195,282.1829854063938,275.7245485958422,680.1668412529988,176022.61973108986,0.0,1933.8092464292188,796.457545146085,7233.083997483262,1830.940521287062,793.3800896103359,1827.8790193383907,1939.465373613932,190036.8904571169,189724.13047754247,636568.3058885809,779.2456035568391,0.0,19.9780389081819,297.4694453127773
2078.3467017720086,295107.5313242524,0.0,80.9029052787213,16149.737611240631,0.0,155371.31835398392,932583.4721171357,5117.3986274761755,0.0,713.4256471998992,0.0,0.0,0.024252688808766267,47641.92823115806,4600.364277560897,33.91253272782982,10.191637464441591,5905.282006793271,7.630984865324307,0.0,5.479883459233374,0.0,2889.9991987041203,0.0,3986.9859033776893,2.258204566865662,46.15214250969865,19.95465200787646,1.454641741552483
8162.416285691316,56939184.190365635,1114185.269239864,79.92053526984976,325204.72378095554,4027.878360769473,873596.9376593641,56481002.54136848,0.0,55827.35163309197,57192.3353518056,281.4400344527969,271.05733580879786,675.5450220143255,333609.14645931346,316.60446253559695,1897.9991757924765,787.8225191563064,0.0,1807.2118101915162,795.4800199773688,1853.359546540335,1908.4717836813518,188798.0144657264,188196.07460549386,632060.3286354432,803.1489429176679,0.0,20.03846027397635,291.94562221087824
2200.7005739636647,57907.315972642544,16115.69883092029,79.42467107285944,0.0,31.92585852671018,0.0,0.0,18567.187172676688,18.25815988852568,0.0,0.0,3.4843985399300363,0.0,0.0,19299.229605002958,0.0,0.0,8647.122035188653,0.0,4.725813056899144,32.620391960369666,0.0,0.0,0.0,6722.485382162096,3.005978514555838,15717.10708796522,20.06352816322165,0.0
2032.402781333397,245095.83716339673,0.0,79.75239150034164,0.0,0.0,77596.25203849757,449625.43302164966,25712.151671607637,0.0,0.0,1.834784426213164,1.6910320434987445,0.0,4146.287873680038,25141.662635377357,9.103070477650776,0.1376863768323933,0.0,0.0,9.366000559380238,0.0,28.0711401367468,417.5707948696963,0.0,1731.6006427623258,0.0,5987.489990675148,20.00853867099996,2.2012119248940443
2023.9087791534864,0.0,27107.169965508,81.10208209075564,0.0,31.546920744155248,0.0,360535.3470943519,2520.2742824332795,266.9088036577495,0.0,0.0,0.0,0.6530146034486504,42588.87861062184,3398.3112922212986,8.888527021499705,6.597010569066238,0.0,2.3144575881987497,1.861427482011444,0.0,9.621334909356985,0.0,0.0,6208.419069090018,0.0,262.14927515510146,20.064612063029703,0.774588522226934
8135.608691241901,56630348.06465762,902968.719485113,82.01490207854775,287318.3507071098,4078.4811852525845,1041591.5736015415,56780045.42033441,403.21219749138913,55862.617906096995,55338.277978397426,273.94715702683254,273.23648194389665,670.946370412804,133740.49717983766,2.3094467835787835,1937.1074490123644,789.122105492144,4456.907872337807,1834.3255199542696,791.2582870323163,1812.6299526696382,1963.7292396356727,190989.7591289117,189101.48641245274,628391.430648054,790.3640050350417,0.0,19.953676105414708,294.2781034899289
2055.333088849097,270540.6732376499,75970.71516081649,78.00548808064111,0.0,91.53877405280888,0.0,787450.4957768853,153891.49825376767,31.440290773665847,0.0,0.7935665249860503,0.9826786611038764,13.464440673285367,42930.27076613915,154339.12278025056,24.661746286175784,5.142846737652641,4812.67193609298,36.3586880559754,8.647209510291942,0.0,0.06400239383169816,0.0,0.0,3630.9629136569283,4.180192004654877,20383.901315113784,20.002575798019457,0.0
2053.0,920.0,902.0,80.0,460.0,60.0,902.0,920.0,3260.8695652174,0.0,0.0,0.0,0.0,0.0,460.0,3260.8695652174,0.0,0.0,18.0,0.0,0.0,0.0,0.0,0.0,0.0,0.0,0.0,18.0,20.0,0.0
8262.986583140802,56243714.52306173,1061274.352706305,79.77827398762528,223204.8486543277,4121.309529726795,1156436.8028471305,56308294.21493256,0.0,55406.52620504477,55753.636369817796,274.8623197763832,275.4415058071673,690.1155943395909,131220.601205656,0.0,1934.318729302114,794.502562303091,18570.424274660203,1828.6372084578325,791.1389467542699,1829.7223492885112,1934.1886138236077,190066.86028427046,186809.50591959764,625369.0627932489,801.3435779963175,0.0,20.04994229573668,287.1036504729074
2003.9668425908553,0.0,0.0,79.29126989433324,0.0,17.412269845357258,0.0,354394.95863775833,19147.393056598252,0.0,0.0,0.0,0.0,0.0,0.0,19217.67248193507,0.0,0.0,1327.0203386224073,37.08310347336035,7.20523839354107,5.529288364169795,0.0,168.6137964909337,875.5182260011296,0.0,2.4579527921588435,7517.166786364208,20.0150518219196,0.0
1984.5012132149132,436412.2056152161,107128.53472210221,78.00986759608074,0.0,4.523967358306521,0.0,228209.76955268107,2152.666807999182,0.0,387.22142742252385,2.449650514340778,0.0,6.551138315398463,0.0,2412.732504701082,16.892357089090424,0.0,0.0,9.438924489137134,8.223223801338875,25.068818215082466,23.549854197801753,2330.0577081345805,307.99495043922366,1498.1055051957676,0.0,0.0,20.010279840729616,0.0
8192.0,56718456.0,1035437.0,80.0,280784.435643564,4072.0,1035437.0,56720648.0,3.5789435974,56083.0,56083.0,276.2709359606,276.2709359606,680.0,185361.594771242,5.4124910562,1935.0,798.6201298701,219.0,1825.8846153846,801.2214983713,1825.8846153846,1935.0,189892.0,189892.0,630404.581613013,793.980214875,18.0,20.0,291.6989844299
1980.901185956081,0.0,0.0,81.8690124068019,42488.42763092266,22.246570991627237,29655.82643901828,0.0,11320.04878600833,581.0641966362566,0.0,0.0,0.0,0.0,0.0,11617.698123035478,0.0,0.0,2380.510657905552,2.439368330262295,0.0,0.0,21.12008869945581,2688.442552165869,1860.2629143145725,0.0,0.0,319.98461093135046,20.02791252638543,2.0695695981453763
2052.768712833601,202348.051385041,72396.32976370207,79.08744799150111,0.0,26.47459616408156,100531.50160672556,0.0,3804.5054819222487,0.0,838.6457066713269,0.0,1.7482846524666156,0.0,103330.5959133709,3955.474471228989,0.0,8.798550094941925,21159.67933646197,10.353396197556012,0.0,30.212417426041963,0.0,2467.44361782882,524.37392400633,5519.60013041787,0.0,0.0,19.96934898176295,0.6012068134413979
2034.0712479347255,0.0,73052.1426750166,77.71529484367602,90973.93069288325,26.250576216698136,0.0,0.0,5117.540966235563,0.0,565.8472584130938,0.0,4.794476777292188,9.657113115971098,60219.267473787,4773.270185079876,16.054697664690096,0.0,6234.824649452208,8.6416076373707,0.0,8.573823297070284,0.0,727.3387366532124,0.0,10728.234121280226,6.103057596188904,0.0,20.009849061356178,0.0
8222.158575036823,57950059.84053654,977500.0681427123,78.7266554418776,262333.6401229318,4088.453736296606,967169.4776325311,56617771.4590643,0.0,56811.37402582921,56248.394628425005,273.78991294141093,276.33979415630967,666.0008286203102,114959.3806963528,559.6817736741959,1965.2436269128307,800.6821815748527,12946.804078531022,1834.7867854563276,804.5453967804275,1831.3517853274523,1948.059467733106,188592.46839962082,194527.47560744872,636726.482046824,785.3978169441508,0.0,19.96702863861993,296.41213692054646
1945.9500702500209,28616.57290083435,0.0,80.44568029306089,739.6720800236544,20.7219247208998,0.0,0.0,1759.6667427516409,0.0,0.0,2.091943240331782,0.0,0.0,0.0,2556.4712752128758,0.0,0.0,2237.6843666058257,0.0,7.855920878264666,0.0,0.0,1109.47714104687,0.0,791.9513680867691,0.0,0.0,19.998552634491084,0.0
8043.27281994666,57255141.22425978,1019332.1044489412,80.5216626114898,242428.93237318046,4147.242635115484,1195974.968567613,57431043.155607894,0.0,56760.19691813277,57438.44827445245,278.713982948617,276.9975578106585,689.9859709650378,149860.27723293554,0.0,1944.0785274372836,793.6693676394686,492.8135937829634,1840.0323023068495,814.1491786056621,1826.4374694893315,1941.7023602734346,188508.13111038104,191069.52906209222,633807.0694810101,800.5144524766971,7702.102975592836,20.025678351890853,292.99914619744595
8117.355872184703,61464498.08360445,1422270.3621360331,79.84470124582747,345344.3865850705,3988.693780232802,927292.1426486716,60474605.67323525,0.0,56798.79950545494,56828.0325983914,280.05940490630366,274.26996314400844,675.1257927300397,231784.30180788095,541.2713259776795,1923.3831953688716,802.2667139752714,0.0,1843.5995899411296,792.2298072346998,1804.7414172099561,1921.7705062775478,190158.21785504557,189306.82163135175,629559.8255461145,791.5306100621423,3075.5393393338813,20.007779129232404,294.47462282242583
8189.434720162326,55989211.34735664,874263.799264649,79.95090945921795,302211.7356534709,4138.630616726181,1046722.4747232207,55222423.17435819,370.62992995023495,55094.81258406133,55507.36429165622,279.9738589238392,278.5090426757486,687.4520029034247,169192.94358194445,365.05403807254913,1955.2322796119956,790.8354279798372,0.0,1839.0909953746263,800.8636058122472,1831.968655059217,1924.8787043311756,190547.95450198118,190477.8005447306,634331.5723350962,795.1126748043074,6734.670588182374,20.027422236515314,290.42768954301243
2053.0,728.0,728.0,80.0,728.0,40.0,728.0,728.0,2747.2527472528,0.0,0.0,0.0,0.0,0.0,728.0,2747.2527472528,0.0,0.0,728.0,0.0,0.0,0.0,0.0,0.0,0.0,0.0,0.0,728.0,20.0,0.0
2101.340889644663,866229.714928586,0.0,78.66328840297405,107118.02351627492,88.63200563705882,232291.70992731553,0.0,2855.2272489060497,149.72573355915387,0.0,2.8029796143796255,0.0,2.6819431339742024,0.0,3187.3887139772864,26.322782017926016,0.0,15188.446607180394,20.086046744326257,0.0,0.0,7.64444448424098,1241.469569412438,0.0,3639.925548746306,11.301071851898033,9058.7884570672,20.032510129762265,0.0
8215.081317856504,56552726.4722298,1278429.47972846,77.61595920412199,246566.71063079016,4084.1438645431836,1034231.3909606272,56623093.432398774,112.51620670748581,55825.042786615006,55825.53577745123,277.9565457334588,274.74959439455193,696.0469972305518,194629.35854003578,0.0,1943.6337004479558,782.3767989577917,0.0,1830.3891998322629,799.6996491984412,1809.4989484673777,1935.0119107675973,189613.52605026134,189835.1353192449,625404.6227793515,799.7620651230491,3470.885161968813,20.019173014365613,288.90503190042625
8241.623820124263,57208959.995735146,1037994.3503051518,79.5969075476871,264004.8596302861,4073.284541284497,919211.9534081939,56909763.279537275,752.0329120447923,55225.70864737106,56555.22665251375,276.6151422705936,279.6616373545446,681.592164893213,173013.0175895968,319.6451305008091,1906.0138163401675,801.5926567080645,0.0,1814.7281118079343,785.6259774051963,1832.4255525527897,1908.243764239692,187955.47054038235,189801.80705883715,615526.3233493868,794.3184228103908,0.0,19.983429215204456,292.36661477001445
2047.4904794157428,0.0,0.0,82.31950350341725,0.0,42.05351155307366,64475.448127712945,533333.9077866651,2676.1759360638594,61.330824639663824,926.6195552295756,0.0,0.0,2.7860225331409674,0.0,2722.5905322533627,17.555153560327135,14.017942861238287,0.0,0.0,0.0,39.172536419228024,0.0,192.30965550071048,0.0,1199.289509378845,0.0,0.0,19.94077564795906,0.0
1972.3028977460106,942.633738586351,0.0,80.39711255993026,0.0,83.64341841275784,8227.711912466912,460202.65432602016,2176.8759800398134,1003.728038135261,215.632161186347,1.8408708043408988,0.0,3.6027209498397275,19299.42647598289,1778.081405779252,17.820082585098547,2.759137412156253,18975.720664518456,30.297791551735376,5.645773329014022,25.042703347362075,7.156584334722363,1467.3604994591853,424.99471880789247,340.72023765858114,0.0,3416.4557366053477,20.01016220889949,0.0
2086.8940554992914,0.0,120842.97202999324,80.60445374214146,0.0,126.66018145831575,0.0,0.0,3785.238505042192,0.0,463.84709796340144,2.651091674866119,0.0,0.0,26099.19124682585,3830.7935785150135,0.0,12.25377011998643,4695.422233791691,0.0,0.0,0.0,5.9607302655269985,4255.299593470414,0.0,2981.0266932047057,28.364673534212795,11079.958248435976,20.01049783050048,0.0
2053.0,384.0,384.0,80.0,384.0,40.0,384.0,384.0,5208.3333333333,0.0,0.0,0.0,0.0,0.0,384.0,5208.3333333333,0.0,0.0,384.0,0.0,0.0,0.0,0.0,0.0,0.0,0.0,0.0,384.0,20.0,0.0
2043.8676327883131,169181.6573422411,4008.0728310549507,80.65510556188583,9614.93764998247,36.32755264898368,160654.93156446266,0.0,1923.0975551091806,0.0,0.0,3.5278169506836434,0.0,0.0,0.0,2793.4403553167435,0.0,17.075263175260094,10640.810140407195,0.0,0.0,3.0347563604061345,0.0,0.0,2261.622057728705,0.0,0.0,0.0,20.019929211487405,0.0
2075.7037889000685,3873.716975953188,0.0,80.70397585540614,36751.04402501676,43.961688400473406,81368.44805758263,0.0,26165.873996711834,899.3754140940069,0.0,1.5643482473306947,0.0,0.0,46421.171024302166,25647.10009737543,0.0,9.316211424172188,2586.190894209727,35.798472430772044,4.81253039583677,0.9293359687518362,2.761276674395826,153.39604908814147,756.3986183679017,0.0,9.588283617816767,0.0,20.02555964494796,0.0
-61.55257291977912,89167578.05142343,42272654.01306462,500.4745599356069,17921376.22149428,74.93672655873434,42006968.98089381,90470050.16882007,899.7257622779556,4364.016084292633,3881.976186328975,499.2014540866939,496.60359501925694,496.44386571756814,17874366.755885117,39.08490761757971,483.9913667719973,495.6625883154288,3999815.7197798965,4.441984477248215,581.560305944468,4.55313416428396,16.46044942756597,0.0,3303.047079964253,0.0,0.0,3998919.3074426507,8.04810892910149,0.0
8192.0,56969315.0,1021346.0,80.0,282026.311881188,4072.0,1021346.0,56971488.0,3.5631858518,56083.0,56083.0,276.2709359606,276.2709359606,680.0,186181.333333333,5.3886603769,1937.0,798.6396103896,387.0,1825.9423076923,801.2410423453,1825.9423076923,1937.0,189898.0,189898.0,630442.342008969,794.0039936984,22.0,20.0,291.6989844299
2038.1955868475375,751445.7566730481,0.0,79.86178660696693,36454.91055047594,47.47385349346344,155522.67494393495,117812.45919423552,3525.7860796231903,346.2847615389115,0.0,0.0,3.974485844490275,0.0,0.0,4126.7486765658305,0.0,7.0913167510506385,0.0,18.964326748663307,0.0,11.970725359403954,21.98447642052615,0.0,0.0,1796.5520792244133,0.0,0.0,20.010215453601255,0.0
8196.172156729917,57483180.581249386,1011836.1497386681,81.02024370760873,268349.3701278922,4050.3491393542035,1086666.6622930132,57574105.95297992,0.0,56300.890236578416,55905.529796082556,275.49285414637245,280.0610535708978,696.4621581944571,216591.04448471597,341.7770232097315,1899.0133001818401,792.4841342860634,0.0,1825.4005982320077,804.1066584349863,1834.495118706293,1924.9507776354956,188417.58095387826,187654.0027880376,640241.9011028444,793.857505528518,0.0,19.992976746975703,290.83005608497535
2023.4215279601942,0.0,41813.75329908455,80.13828775154379,3262.29746321633,78.11429705911215,0.0,0.0,3618.194764964982,0.0,0.0,1.9300143882612075,0.0,0.0,34974.327206336195,3102.398944461631,0.0,7.77767382739702,0.0,0.0,5.734097568663978,21.207121571956456,14.716425809829117,0.0,0.0,0.0,0.0,0.0,20.00176078894618,1.862093924047588
8115.9119555018815,56405360.08892875,1169566.4983206338,81.3552500162633,240517.714103048,4047.655621337275,1015817.258086708,56267315.49831763,493.3816211249054,56617.410512084076,55869.93954107701,280.88841400091957,276.1935295729426,682.3166801502815,198432.08981050248,0.0,1982.593409873622,804.4006833604527,0.0,1830.7696346460123,803.1012817187456,1818.2705719262053,1941.4810863768575,190256.77712215818,184941.56812780068,624358.4995686272,791.3257341055818,0.0,19.944794455887717,292.04799626663805
8117.700593172106,56512289.38748202,1092418.7385134834,80.27118734265594,242925.8430603183,4102.528677991041,1256575.4807357644,55568958.1627125,0.0,55797.95166985828,55918.829587410306,280.64314403232106,276.2896902849791,685.0335783806637,208698.85759852245,0.0,1942.6299933770406,781.1702655744983,0.0,1800.5827157727817,796.4848547808194,1823.52447950172,1929.0834643020721,189469.9882965291,189266.4411359449,638334.4186161346,791.1699275809785,0.0,20.019555890771596,296.3308551433907
8287.8346547578,55414148.2713472,1237207.838502635,79.79579341367214,293036.3001568227,4097.2800909254975,1327409.8127125886,56821225.70348316,0.0,57584.91617081276,56174.68721193325,277.3328770951213,281.9953652966059,692.0851077320305,204718.64315889336,0.0,1901.7552571566098,801.4664369112704,0.0,1829.797311896183,807.8576531780975,1827.6172784570986,1930.6855258360076,190993.41956441404,186844.14156553335,631522.0185006708,789.0610350695665,0.0,19.93947055434373,291.0409982116017
2053.0,107.0,107.0,80.0,107.0,40.0,107.0,107.0,18691.5887850467,0.0,0.0,0.0,0.0,0.0,107.0,18691.5887850467,0.0,0.0,107.0,0.0,0.0,0.0,0.0,0.0,0.0,0.0,0.0,107.0,20.0,0.0
8210.259046043311,57067989.46369129,821859.2418390736,78.5473103474019,284740.29343589745,4104.85776138942,1132453.1366810305,57988590.63380386,0.0,57665.195705416954,56577.569579255265,275.07581802472,276.0801615066177,686.6791266121154,230621.82043280467,0.0,1935.9264682943374,802.5615252293138,0.0,1852.7215871654053,796.757420773784,1799.1349686868443,1924.8342313558342,187847.59538349297,186582.03698520726,630375.5557236931,781.4957659360991,0.0,19.978776282754197,286.24165739036124
8179.74385955286,58450853.592080995,1358156.3743391542,80.30443173735118,230250.36372384365,4064.840718471573,1444206.002678389,58690201.98784056,90.3095069413925,57280.09044366379,56121.18367299716,274.85814911394573,274.82963671898614,683.5030548377504,190886.78757786177,0.0,1950.0365252856743,806.388024532809,3428.194913592758,1809.425452290382,812.2236149143401,1809.9535385951056,1939.3205164010224,191826.16197562584,194073.02683228455,624459.9520051198,781.6745188170246,10025.085351440395,20.040106084571406,297.80273995817146
2049.289551874654,0.0,53697.51180329823,78.82240755297316,10746.526151794675,66.52145113398866,0.0,758036.4331838222,17259.112508075512,0.0,0.0,0.0,0.0,19.71016918106404,0.0,16853.826879558415,22.75193908213665,7.9328544063667765,0.0,4.9202043360704595,0.0,6.115282658553914,6.196476249965175,2147.533479531384,133.1899130098148,0.0,0.0,0.0,20.011480007463128,0.0
8131.244282183996,56467390.25168291,903526.5021215022,80.67009417126157,344422.8849853941,4045.729676701121,1151473.8957228167,55977859.483924955,79.20315604734051,56432.2711576499,55179.58154766766,279.5473404258811,281.89163179141656,687.712138838815,156404.7002166625,0.0,1911.602495797104,801.7632571130281,11083.765931931084,1845.8340547282503,807.1679656186615,1807.6584128353293,1952.563564048271,194048.29970809215,190985.14679639187,632478.5867983017,781.8802078464597,108.96635760313085,19.970117259507553,292.50787696899005
8196.91976032657,55928849.224391386,1127363.3324871827,82.1262901115019,244372.69377087776,4047.381110492364,1047864.2539853796,56069233.13656263,50.62780010713577,56265.01056280876,55482.100422810756,276.4488361121212,273.24441462878383,674.0460948335109,157427.91181960783,0.0,1934.9511206329773,789.299471575475,0.0,1855.6712545039827,796.4941897303502,1837.1024737277653,1917.1889980797505,191754.64184986873,188645.90483852397,625579.0195948089,797.9298634623376,4717.545798865,20.018948047503205,294.7959624113176
8118.467063607702,56715096.701848626,1269174.2033920332,81.02189408921416,280273.9808972287,4050.2919180721574,1050302.071987407,56733584.299078986,568.2218144163022,56125.32405261805,55842.964717179064,278.28847989092714,275.53758547347934,675.6010527849494,224722.32716201176,213.5858298064324,1931.9831830823546,806.1472718025625,0.0,1857.4063094819408,798.1414623410129,1852.4616785900305,1925.2239742939503,188889.63872075375,190321.54447023748,630887.4944774611,811.6726863998656,11938.253239715987,19.989134913844534,295.9397407871172
2147.17661716065,0.0,0.0,79.06609980108729,5767.164953752527,2.3267013876251923,125645.15902564782,0.0,3173.95446107655,0.0,0.0,3.388310221903082,6.373730006079892,4.077900878534744,0.0,2545.8984100946795,0.0,1.3947999147762493,15825.692156917774,0.0,5.411608256654483,16.95175351896198,14.278356887357008,0.0,0.0,0.0,12.631370696253695,0.0,20.042379552703743,0.7467609175420185
8113.421704654878,56099744.352395065,976887.5567892493,78.45637342421533,356987.04018921085,4038.2431660804527,1009161.9720766637,56813434.15090192,703.9074441226228,57193.808285307045,56703.49150794987,274.763759900359,280.1326489472123,671.3874641573742,128382.02803235129,397.78797318283245,1921.059045675055,810.0344015136186,11984.143244203624,1817.649363054627,798.8809400200291,1839.312066949563,1947.270403666649,189619.05665512566,190451.34036421537,634718.848110646,795.4908544018157,0.0,19.942911167694632,294.5145667685263
8203.215795452808,59264813.463601604,814128.3290928734,82.28154430705655,245171.16394824642,4077.2288811919384,1175264.3459915956,58849882.379337505,477.2031337608806,56530.472870227284,57400.500577672945,273.21049086490183,275.8557117723347,684.2593349755152,117646.70067161963,156.6444038837849,1934.7082876706447,800.2663002504956,0.0,1835.8848043106184,797.1900839878521,1815.8346739875326,1925.3787648153934,189315.34629718526,189890.70778456994,624997.3152418202,785.4703040280737,0.0,19.987008124678173,290.41776773463937
2061.767038964898,0.0,0.0,78.9210689849155,38369.1406944992,84.79535302732089,43018.84074139929,432291.4875387398,26020.632034601767,377.45450337447903,0.0,1.909526077006206,3.49911800836692,5.276610358201002,0.0,26087.540773945642,21.69292557442967,0.0,0.0,0.0,0.0,0.0,0.0,1493.0513753104608,4870.797646899788,0.0,6.610892932873711,5509.598638072415,20.018261716421236,1.2398084769676294
1973.5262151418538,0.0,0.0,79.16261716452995,0.0,135.45043187884556,91739.22433836991,343150.94220290834,6687.465456286132,714.4596656118563,345.2199527176523,0.0,0.0,3.1621258886265973,81729.87624622512,6012.188747995033,0.0,0.0,0.0,0.0,4.4758006220084505,25.33037940711891,0.0,0.0,3953.093709450819,0.0,0.0,0.0,20.01753701100454,0.0
8142.83012547494,56930177.64766845,1073290.6462999766,79.92309568812861,324231.4036483982,4085.9873182696883,1069522.0011716764,56510570.530685216,0.0,56022.492027637505,55875.51076889955,272.62709537492316,277.9118178859763,680.6383611452726,164663.15686714154,338.18402230555614,1939.3410664858466,796.9938673548056,6716.519602987722,1829.1560304651798,803.3859596767636,1827.0455560286437,1937.4970440765662,187034.60029105435,188974.4327347243,640322.5387105101,796.1153407101334,0.0,19.99020265825939,296.154409443781
1984.9772618988884,0.0,0.0,79.56751173980427,0.0,94.66609064039372,0.0,0.0,31406.801647064865,571.8867032570123,127.3992449604895,0.0,0.6450580088622101,0.0,0.0,30827.542204200665,0.0,0.0,0.0,0.04469470468476266,0.0,1.9153452894382448,19.696595255248184,2295.217092650468,5237.139678971348,0.0,0.0,0.0,19.98311409406015,0.0
8132.932914681184,56298468.43789852,1000668.5386708975,80.27799814563399,250181.14531762866,4068.8902127289275,931740.0764969874,55897042.91457046,0.0,56068.24595200182,55035.498853581485,273.8289283812834,278.4558428213837,680.0933833462778,151314.52918099464,296.93899899082066,1914.78910177607,798.8589601921356,5152.513957884024,1830.996606010476,798.9161709930269,1815.7271212843148,1953.318481453183,194146.90254062208,193390.54001348,637004.3533492993,793.7354024538163,0.0,20.046926329151745,291.50496908250557
8162.475109406717,55872744.444943115,1007324.4950379989,79.41790457127391,261861.34968255617,4081.5450373314234,1194240.1137161572,57451573.822463766,0.0,56433.92991549459,57082.338856944785,277.6655601586226,281.97002267498027,681.1954254805696,244145.4178335133,0.0,1949.8272703292528,796.169550904083,7713.928495701093,1829.1730031125542,806.6962007450776,1827.303730742703,1896.447815342293,189549.2981696042,186456.96644079892,627774.1468692552,794.1761280942715,134.90434441535973,20.00364085748652,287.9775606562978
2060.7752648976134,844223.2516948436,0.0,79.51387002868395,0.0,54.37400009162546,0.0,0.0,3713.007110898175,0.0,256.50153918168843,1.026844866527879,0.06475310603812316,0.0,91858.74229093759,3738.6199831425492,5.993274576495206,2.300929667801938,0.0,9.869787977059673,0.0,27.635924446170126,2.450746138351998,0.0,3161.792877468765,11661.615658154105,0.0,13719.807873518641,20.032925819333865,1.1022578994160044
8254.960453689238,56911983.67942413,1182732.675618131,79.50025504785812,287833.0487208374,4111.077968060345,1221384.851768714,57521992.69123208,187.54888379762784,55726.925287377286,56218.08928094981,275.64517910411604,275.6279560519174,685.8715878203415,305715.7647898949,660.7317328098652,1921.6956211074692,800.2197908058539,0.0,1882.5390211246684,792.0688866326235,1808.1686382998078,1947.1438748380338,191687.6342611421,191802.9632575522,634688.448898594,808.3832626862934,0.0,20.04026366548546,294.27304310855027
8192.0,61103544.0,1625350.0,80.0,302492.792079208,4072.0,1625350.0,61105740.0,3.3221101651,56330.0,56330.0,277.4876847291,277.4876847291,680.0,199691.960784314,5.0240779344,1935.0,799.7954545455,363.0,1826.9903846154,802.4006514658,1826.9903846154,1935.0,190007.0,190007.0,630811.694181226,794.2365480014,24.0,20.0,292.8687801257
8192.0,57098190.0,1026585.0,80.0,282664.306930693,4072.0,1026585.0,57100352.0,3.5551444587,56083.0,56083.0,276.2709359606,276.2709359606,680.0,186602.45751634,5.3764992552,1936.0,798.7175324675,356.0,1826.1730769231,801.319218241,1826.1730769231,1936.0,189922.0,189922.0,630618.209854478,794.1147334324,18.0,20.0,291.6989844299
8091.606272226756,56450661.03762975,911718.3094678497,78.78891976062927,255176.17482764987,4026.799721463418,1138499.3945378363,56742662.81517618,78.66468048236125,56236.29390965076,55008.440304304255,273.055644284559,277.6103849171666,675.4186818977005,244482.47043875974,0.0,1945.2225644953928,799.936198820759,0.0,1813.4906940188685,793.8054280356023,1825.8967153223098,1946.3615547466861,188418.80797820486,190739.5666008094,636940.1730900975,809.3866969444438,0.0,19.963113836195806,287.6942421217671
1979.9176920998175,0.0,0.0,81.10880156116164,0.0,33.87193959399144,61868.102913730836,576803.1810392606,47600.94077335853,0.0,1160.9170315730498,0.0,0.0,5.736819180866004,0.0,48822.343055588055,45.718513688976756,0.0,4744.5449496683805,0.0,8.557622386097643,0.0,0.0,0.0,1055.5981087613688,4754.371231111181,0.0,5899.462001569247,19.96900372769739,0.0
8225.604606982159,57037947.63773889,812170.3244451783,79.79720679420203,327167.1059244939,4142.106991499899,903281.1791446907,57971192.185131125,0.0,56329.17369192866,55318.04400502083,274.9456057678046,273.95743850348805,678.2187091156366,285102.0289623132,0.0,1957.1097837462469,798.965439094956,0.0,1862.1245599930596,799.719371890362,1795.6875770438726,1898.8721531604867,188178.62510775484,191285.23234372446,630186.5086231614,794.0342292146055,0.0,20.018591702590104,291.8869815745661
1962.9535278436792,0.0,14208.858830346273,78.59463459709703,0.0,58.731704317921015,71937.88017211946,0.0,14523.775695068663,290.5397758760943,46.13659646689152,2.3607158630496596,0.0,1.0274963657465943,87797.16294941437,14661.567834876323,0.0,0.0,4950.213802438307,12.97253345181181,0.0,0.0,30.242942069780348,0.0,2639.3807955850484,6157.05110910564,3.182038715946682,0.0,20.030419038317017,0.0
8141.640056071059,56447633.26913027,748841.0187138233,81.44206116173616,278225.61975939677,4061.1684500300657,979292.2445915871,56379924.3834821,160.38528128308553,55879.71911625697,56301.194858587725,278.1493447673791,278.00090337587477,678.5318826046425,137792.78767274437,195.87360812187578,1931.0702710112091,805.0877762308345,0.0,1835.9265211770191,799.2468147697575,1826.6563190351997,1904.1293739112962,192003.25881080652,189750.43195848473,623896.2787942251,794.4728671866029,0.0,20.053494818583907,291.7227615915578
1979.0186666039942,0.0,0.0,78.76855581371052,70474.40622224449,20.708400056603217,16377.405799951943,117826.89781414827,991.0336766610468,9.46615715698144,116.92453201553484,0.0,1.504600288406215,0.0,71437.83348016633,1615.0816791478808,13.835175048436327,2.835435407195961,0.0,2.8726683514263143,1.807136623037761,13.852928094886543,0.0,0.0,2519.2074351288334,0.0,0.0,0.0,20.034028082218047,0.0
8290.101567172069,56671478.89769519,1000808.0017109741,79.21997507581874,288808.43804314255,4087.7722558807636,1055703.9493266598,57083186.21229787,0.0,55664.0119773258,56679.71336501398,278.26014841449614,276.0620614946034,690.858448874094,191699.41464440982,12.544416136931233,1910.621309660237,811.3167103360039,2627.904978208237,1822.4278035191212,796.9617764252632,1867.1222924084075,1929.1235881026887,188660.76207718527,190828.42278978997,636346.0362560494,791.0607551938016,0.0,20.004957664318223,294.49520811300823
1923.4609772688075,0.0,105269.73191177803,80.6903067607089,71065.97120613215,121.29625394496014,0.0,0.0,2885.9080440993334,0.0,0.0,2.1558877938181302,0.0,7.226095281056234,56370.76216678787,3541.310892600544,47.91797369931407,8.187791299904225,5409.026112434166,0.0,6.804729945433198,0.0,0.0,0.0,2478.6746253386364,1447.4316057015017,8.175463335458659,5446.196396893375,20.01552852000428,0.0
8192.0,59651951.0,1082885.0,80.0,295306.688118812,4072.0,1082885.0,59654146.0,3.4029487238,56330.0,56330.0,277.4876847291,277.4876847291,680.0,194948.189542484,5.1463313212,1935.0,799.8051948052,354.0,1827.0192307692,802.4104234528,1827.0192307692,1935.0,190010.0,190010.0,630821.512415923,794.2427289034,20.0,20.0,292.8687801257
8130.120313392078,57557986.71672238,883201.8002266504,79.27933853183461,324181.19839567266,4046.4253433623985,713414.5132039334,56421961.02889043,0.0,56885.23346244448,56440.61163857029,274.25477675413975,273.31674441137415,680.5965867291915,248182.35985297186,349.02006921424044,1929.7897459639287,802.0385332224092,1821.707953760552,1844.6872205080651,796.6158711017526,1803.9962445777956,1920.8670909994655,190923.4762891226,185686.0664987586,633097.322460025,788.2348589508373,6628.320637946226,20.025228301547788,287.8836062559803
8197.925492955745,57497297.108219564,1124550.744087656,80.09081223067983,273122.7999628581,4066.259613681499,1091455.564916081,56546080.550605126,0.0,56256.8362462046,56402.26980139833,277.00572317273935,276.29246207968913,679.8334727002831,113564.95347938858,0.0,1923.8363131864787,796.5723346616704,8265.801933425017,1822.8312122305188,808.4756543805807,1809.410439795937,1942.2794036136377,188910.55378854228,189499.7899919652,632850.4096614587,804.0849331966017,0.0,20.05202297119065,295.4680048319303
8171.672247077716,56135992.97259832,857575.4438072889,79.03899443730215,234338.65322643716,4088.447635152099,814369.2629837103,56831519.595832,0.0,56954.91416872788,56368.860233949425,281.3423843784447,273.10364551203736,690.8000716412774,231587.83075833184,275.236405088105,1962.6583104574943,802.0649369152792,23567.924681685978,1839.594234090566,812.0596500505023,1826.0189094260866,1950.204085424553,191434.20279338426,190956.85352493712,632323.4359002266,779.8317956654428,4983.850162278209,19.97844060245488,292.8959025441121
8192.75568625789,0.0,166209.09707267815,79.54213818131528,84457.39369625696,86.47740631792098,4916287.167661315,6250427.476365461,240.73565815419175,1210.6659607977276,0.0,91.1254508944543,89.85677272379357,363.60289767592263,718788.2606429681,0.0,779.8445186639035,129.2975649421301,10329.296985303925,201.98708990203284,142.26046235603317,174.37901503033487,817.6205087911925,0.0,3080.4246754322908,75847.45189720379,283.73726911876327,17854.646733308862,19.950471619462416,183.56320722539405
1984.9992481975034,87018.36296573612,0.0,81.0807232995167,104.65537594988638,32.69502175059509,0.0,0.0,4118.152553799092,266.35603427063086,434.7057267060577,3.3387937080315595,0.0,0.0,25546.068644644343,4475.720896509626,0.0,0.0,6368.163503133286,10.223903810584503,0.4945851180400954,0.0,7.760140113138409,222.00408212035688,0.0,0.0,0.0,0.0,19.977748974475322,3.3989010093357788
-50.29699774112373,89371129.77521507,41963410.791375615,501.25152531973725,17918494.1257291,0.0,42009780.42615867,89788643.91270316,198.17900354267897,3725.3678155548314,3252.749062559291,498.78561167327047,498.1332726075787,500.2143405225774,17882741.585852005,576.0094251325567,493.34626136184386,479.11901532545176,4010913.5631878725,17.771140486544464,595.2490102010885,10.032749613512934,0.0,0.0,180.8825554427424,7782.890050836913,13.11418450290776,3986531.1777846883,8.004808129628264,3.9011555225968824
2068.4923433656318,329038.3398494758,242611.0875932691,80.77886358446905,0.0,0.0,107432.8787875967,892.6267848545808,4855.255024218427,0.0,0.0,0.0,0.0,2.8503265088560945,0.0,4904.642749487374,10.787195232236039,8.192152726157342,12875.953489769987,0.0,10.075292204850193,0.0,7.010812004473955,403.2609685183964,1857.420837112307,0.0,0.0,0.0,19.98413609927268,1.2768840349642925
8224.069865044889,57027088.6541424,1150547.5958594058,78.59658539824233,306941.9146856878,4014.751744303046,1115778.643169415,56944428.03246687,0.0,56234.59390413629,56524.183468911564,278.27682045321825,280.18980640981647,677.8575251673687,197841.96132285453,0.0,1932.3532944256885,802.3346125102698,164.3408247440657,1828.3716085438273,793.3713889674983,1845.605800217836,1936.9144525947956,189517.58799765442,192727.86329913104,628473.817714468,800.7995840923473,11189.530335615997,20.023876172806723,287.54953317518846
8227.747537535084,56603704.73653318,1063310.53850711,79.57021659833701,218014.9489048569,4059.9066919856095,906301.6371415039,57343337.498810686,0.0,56416.646276316205,55957.846673659464,277.6138910330439,276.67130957573727,678.4901869466212,215811.87649078033,0.0,1931.7819445844311,801.2090186472755,0.0,1827.4638643458418,799.1452093491719,1844.142538966059,1909.6656205647469,186780.1142089682,189398.56460308764,628105.1251213738,799.3884375572077,13508.40223110701,20.002363279032316,292.4471447124333
1965.0941839791144,608151.1685450446,0.0,79.99024892683299,0.0,33.06664575509488,0.0,0.0,12211.26728266977,0.0,711.3277218537374,0.07551950435476437,0.0,0.044041406140136866,34566.260709743925,11803.013081369205,0.0,3.1398183140909683,0.0,7.0564371332932065,0.17638695636713111,0.0,0.0,0.0,0.0,0.0,0.0,918.1698943539744,19.99160428983607,0.0
8110.5948515612645,58255113.24685896,1008159.6105790865,80.39087344709972,257761.82434835206,4090.669243922833,952948.6404263616,57926805.09724366,79.19910642813944,56043.48388368701,56557.485569593024,273.726575417378,278.540674876821,680.0509735065385,181419.59110053116,0.0,1921.883549129475,797.3764883527762,3145.336144221586,1819.0653596457555,793.3876174327801,1847.8201835511343,1935.0711363638554,192837.08925265388,187619.04086916998,632316.0124912588,786.0858821601869,0.0,19.997756428310648,287.2526109257744
8222.34117018273,58901177.386426754,838644.3923790045,81.41792119832343,319060.0005082419,4024.02361386754,898177.3931429102,57885315.803354256,0.0,55881.17405112294,55638.6632701376,274.1755196946682,275.99754340483344,692.2785426028447,203480.0473670961,0.0,1945.3997346600584,805.1792329644796,3368.99229511027,1800.0871232031025,802.3688335295622,1803.347813450638,1913.4178852237023,192620.41328551192,187726.5042786866,638214.8516433643,789.1932612939216,15673.952656366537,19.974189392041676,293.9461257144186
8032.975974545175,58190538.72345851,1089769.1687798512,80.25258423062276,395982.87671680655,4062.8596871284553,952650.4806069699,58191489.515501805,0.0,56082.205438039644,56251.8257313295,274.161405283889,279.9718835933717,671.0147547811972,262061.8299826706,0.0,1945.54209801754,799.0103559426278,16118.444023299036,1800.412415325515,808.3199320366804,1848.3206321853577,1938.1948956316944,190676.15126689538,190705.216124758,631295.6244510975,796.3169343791213,0.0,20.053762303257827,291.0446898486532
8216.005992375402,56330996.58182353,898116.2530403928,78.63968798789959,230811.18670504072,4063.990948282558,966557.1686009507,57802359.73197996,147.7720837258732,55971.80927359162,55405.44497189188,272.6842259606341,279.1004089153645,663.0099845978937,201399.0481684677,0.0,1931.2460802715373,792.4830922856909,8434.76301838998,1800.0929762316423,800.043595601958,1801.2579924352071,1936.3349142363206,190320.42005581287,187002.35582912597,637799.930745972,799.6608006925461,0.0,19.90461005980287,290.365141815796
2017.8620579242397,0.0,0.0,81.233070054598,16588.17321589315,10.73043693507826,245797.4147814618,0.0,23514.242721457642,0.0,0.0,2.897550634263811,3.4982668077259946,0.0,0.0,23268.407752767744,22.998781528425734,0.0,6929.753181198035,0.0,6.209002171695336,0.0,0.0,4555.901315735646,394.73520344566026,0.0,0.0,1292.3975063231835,19.97356199651146,2.7452009793543106
2057.5720992947145,871465.0105194814,145834.78271143135,78.96245540254569,0.0,62.21990228836909,48012.67918315363,92176.14666576109,25234.772161945264,797.9383646497926,0.0,5.876190757936012,0.0,0.0,18217.168321844096,25783.748613672928,0.0,3.508755479273751,0.0,14.307555391352244,0.0,14.332026077098167,24.91346251028655,1525.87408482793,0.0,0.0,0.0,0.0,20.035739553980758,0.0
8204.574883491634,56327133.315761484,955429.1488960653,80.04148879007852,201115.215848692,4078.0983957891694,1151580.0856296958,56050988.036191195,0.0,56422.55384883338,55777.38595072259,275.8146123989348,275.44619092695507,688.7857421347239,208336.71699168993,485.71602229173493,1956.0559194093312,799.7230716839921,0.0,1824.8790391763068,808.1530342051267,1833.9102008697816,1931.4811431178134,191564.23941413066,191625.05575990584,636586.1360132435,797.2761840159817,0.0,19.989710062698165,291.4185199464376
8274.001083035206,56437711.07299322,1017920.9750307238,79.66470139085881,277975.3822423739,4045.6195452764864,947332.4901705754,56065345.58728439,210.01929018178103,55516.20814193128,56495.93355559249,279.0281477788933,279.164157453965,675.3811397045196,80102.50312445668,351.2142221336432,1930.3405643616738,808.1790060138189,7922.277755208375,1840.490091155625,789.162935254041,1839.060931204421,1938.574574895392,191092.5465024405,190147.55589402543,637452.6871597741,792.5330349227735,6125.052999437539,20.034747298959186,290.8798300165882
8192.0,56916470.0,1013476.0,80.0,281764.702970297,4072.0,1013476.0,56918696.0,3.5664907011,56330.0,56330.0,277.4876847291,277.4876847291,680.0,186008.810457516,5.3936583509,1935.0,799.7272727273,387.0,1826.7884615385,802.332247557,1826.7884615385,1935.0,189986.0,189986.0,630654.257625111,794.1374299358,26.0,20.0,292.8687801257
8116.112836655485,56234792.1034252,1087494.1171372193,79.18059770057026,304794.821144441,4133.132523877823,1190124.70478236,57114595.637245476,118.4148651706889,56815.847099526916,56071.14056215814,275.61775316273315,273.04774543078435,685.7584379552123,164476.13653255563,416.93801983015834,1924.9617139215493,807.9198138171764,0.0,1842.4350351551657,803.3692565002012,1845.7487821505742,1920.6258458731024,190069.77985849668,191296.9593243907,627377.5931352292,793.5715149578905,11550.285056659905,20.03164312499145,292.1002007067355
2055.6159038198825,271326.22734755045,0.0,81.3245305266362,0.0,58.09718014328911,94820.82458505871,0.0,30844.990081021402,152.78145712261835,124.63276202089965,3.3844367957383503,0.0,4.2646508827764,0.0,30966.212656512937,26.463977224587726,8.31524255528484,4373.448925209229,0.0,7.564818300812822,0.0,6.334697652916421,0.0,4207.761904460558,0.0,9.606836107307432,0.0,20.009806746266936,0.0
8109.742841983441,56724494.604458764,721118.3614339877,79.77343621762694,238492.10460853923,3978.963077563419,1091450.1125778917,56179675.47400343,539.4595233503994,57015.689900009056,56300.293611319095,281.45378132605407,276.46245478696363,680.950725479548,217012.0638527383,0.0,1890.3551812661597,812.2879114895592,0.0,1812.4760323256978,806.0408425435635,1829.2071210971455,1933.15350101853,185880.4205432707,188991.44173464156,618661.5645280507,798.6395285627866,1378.6587006739205,20.055398687756465,293.2917129820567
2082.6207906334616,199889.78529361958,50068.931365584605,80.04076586824728,5184.728138534473,48.68115788781884,0.0,120595.83858151478,15002.690238339366,0.0,363.35648977213935,2.2733834176368837,0.0,4.792028083383768,0.0,15123.961272596573,36.76411819371025,0.34974951509900476,11511.506736324016,0.0,8.493607918030824,12.468489045744935,40.903808898906846,0.0,0.0,0.0,0.0,2291.6096238833834,20.02277604704769,0.0
8155.339384627571,59536628.170188926,1382400.2406558893,80.15091734105636,278507.93118175666,4022.698910321237,1457017.058143028,59205255.77983047,423.00440801907007,55927.3831986313,57427.09159464886,274.2627898671515,276.78439849504974,687.7038566460781,179469.6616253863,47.13569477076728,1929.4100002822363,806.2724607763616,10195.844948540413,1843.5909744268104,817.8334561381034,1844.5665322104724,1970.521407385203,188909.95542028206,192361.16638994403,628331.5176216753,798.996505134099,0.0,19.97268088507702,291.58796105915445
2146.394355533663,0.0,0.0,81.44260657240412,29882.547757763045,128.95385309249812,40813.891449590956,0.0,17621.57267781269,525.8161292375894,6.361011062453101,0.0,2.716155242052116,4.793956977112152,0.0,17044.25372222536,0.0,0.0,0.0,0.0,2.165402448113122,0.0,5.9275786934997114,890.2183962013567,1560.9163980266019,0.0,0.0,0.0,20.00876984693051,2.788507047745174
8192.0,56786558.0,1019713.0,80.0,281121.574257426,4072.0,1019713.0,56788783.0,3.5746495923,56330.0,56330.0,277.4876847291,277.4876847291,680.0,185584.258169935,5.4059971667,1935.0,799.7954545455,481.0,1826.9903846154,802.4006514658,1826.9903846154,1935.0,190007.0,190007.0,630808.052487415,794.2342554231,21.0,20.0,292.8687801257
1941.1675774788162,0.0,95980.27263981025,80.01522607110863,34380.92436879903,108.9374137958245,0.0,0.0,14337.944545539476,0.0,328.8171538645467,0.0,0.0,0.0,0.0,14365.392903607744,1.6087186480770188,10.581247312302327,0.0,0.0,0.0,11.811481571045412,0.0,0.0,2165.5040597948937,1979.4819199623005,0.0,0.0,19.991371919665536,5.637692173967119
8369.168058635465,56395613.30349194,1120536.7785304284,80.27717001272173,255094.11807322636,4111.860175321068,1065505.1873221516,56435728.31798684,0.0,56051.625747642734,55304.048514906746,279.3865775687927,279.78436301917344,683.2005607010968,176138.57766532892,216.74264422122852,1933.329459452832,808.3262883507012,391.65432237957555,1832.0914291202112,787.8861699749889,1792.5542802446812,1956.465417982794,190135.4584207623,191645.02484645284,628793.1843750087,807.5982648064542,0.0,20.016026221983783,289.4747915736657
8192.187667396714,56900380.72402215,1073004.334548536,79.24427228655466,312529.5945494925,4057.6605541751946,957117.1375058816,56865449.75866758,0.0,56284.607200935374,56827.513716517955,280.28692018589203,272.48504102601237,673.66951704873,133382.36428601155,353.00009978268804,1907.7046635841257,793.2988658389636,0.0,1824.5418557946969,799.4371819736566,1824.260813286741,1949.7097579977408,189305.00581078377,189342.37832785616,632958.8185942896,794.9452057405575,0.0,20.020216485451144,291.1948180656741
8180.706278529575,56790519.78949723,1010399.2976789933,80.82618286521924,246112.8076023402,4115.362624449793,1039965.7436804576,57521600.78597766,0.0,55542.8025071874,56639.05379644042,276.9885817152265,278.80465437897874,673.8838556912511,282678.5157792644,149.39717141331232,1904.6386842193976,791.6190275843846,6235.150592184772,1801.2745724066808,808.2156983284601,1822.9958187145971,1952.0644869370183,191854.45164265973,190245.15544298047,635712.0019452511,787.4463723540927,5248.902274775821,20.004297143941308,289.6474210589673
8156.938110396903,57050063.70232125,1111531.1134410882,79.66231271270287,240716.51192151956,4092.077542875241,1024164.4061477197,57733221.38828081,0.0,55959.130322138975,56176.368261836506,276.0102226577343,276.51855503846247,682.7534038235513,183545.69066117133,0.0,1966.5047443822475,811.2933435534187,0.0,1831.0932271787606,806.5574980282112,1798.8256841363198,1917.7624306340083,189317.91545927056,186995.49546704354,623520.9657891477,780.0828429301532,147.33419180252645,20.03020128887571,284.8555914975271
8065.20065150866,57733715.42487054,1146240.3347868938,80.48982815253284,249025.9011640001,4128.216296740415,1009726.7141541272,56044932.906505145,0.0,56262.25992881348,55737.26391701089,277.27335108214317,276.9483974296534,674.4052815059548,159609.16780358733,197.34984774061277,1968.6265515729729,800.2881750171725,0.0,1826.9258729549301,792.5408607090236,1817.5583062373946,1964.0948671255403,189699.79563554467,191706.46967421597,633149.0886895505,779.1915376437538,10580.307119287774,19.997549367594008,297.24203927515396
2151.769820539917,1532509.9169910792,0.0,80.82332663208771,41346.922192048834,2.6965404965389084,0.0,178934.6173204732,20161.398664828528,0.0,0.0,0.6261990851731828,3.182357111153545,2.2931783159756463,40173.81338792356,19834.383723501727,0.0,8.072049765479363,0.0,0.0,11.230417394251972,37.116805981998255,0.0,888.0419017862723,0.0,0.0,0.0,0.0,20.00876746567936,0.32140224933700257
