Init Fwd Win Byts,Fwd IAT Tot,Fwd IAT Max,Dst Port,Fwd IAT Mean,Fwd Header Len,Flow IAT Max,Flow Duration,Fwd Pkts/s,TotLen Fwd Pkts,Subflow Fwd Byts,Fwd Pkt Len Mean,Fwd Seg Size Avg,Fwd Pkt Len Max,Flow IAT Mean,Flow Pkts/s,Pkt Len Max,Pkt Len Mean,Fwd IAT Min,Bwd Pkt Len Mean,Pkt Size Avg,Bwd Seg Size Avg,Bwd Pkt Len Max,TotLen Bwd Pkts,Subflow Bwd Byts,Pkt Len Var,Pkt Len Std,Flow IAT Min,Fwd Seg Size Min,Fwd Pkt Len Std
241,0,0,22,0.0,32,7,7,142857.142857143,0,0,0.0,0.0,0,7.0,285714.285714286,0,0.0,0,0.0,0.0,0.0,0,0,0,0.0,0.0,7,32,0.0
26883,336604,77559,22,16028.7619047619,712,77559,338572,64.9787932847,1960,1960,89.0909090909,89.0909090909,640,7873.7674418605,129.9575865695,976,102.7777777778,159,121.1363636364,105.1136363636,121.1363636364,976,2665,2665,41512.6767676768,203.7465994015,7,32,137.9533769037
26883,304861,77252,22,14517.1904761905,712,77252,304909,72.1526750604,1912,1912,86.9090909091,86.9090909091,640,7090.9069767442,144.3053501209,976,101.7111111111,148,121.1363636364,104.0227272727,121.1363636364,976,2665,2665,41508.8464646465,203.7371995112,3,32,137.6880217811
26883,352933,69504,22,16806.3333333333,712,68772,353383,62.2553999485,1944,1944,88.3636363636,88.3636363636,640,8218.2093023256,124.510799897,976,102.4222222222,288,121.1363636364,104.75,121.1363636364,976,2665,2665,41511.6585858586,203.7441007388,3,32,137.8690011274
26883,388155,151060,22,18483.5714285714,712,151060,388339,56.6515338403,1928,1928,87.6363636364,87.6363636364,640,9471.6829268293,108.1529282405,976,106.8139534884,228,133.25,109.3571428571,133.25,976,2665,2665,42967.9169435216,207.2870399796,6,32,137.7805520365
26883,385186,138563,22,18342.1904761905,712,138563,386244,56.9588135997,1912,1912,86.9090909091,86.9090909091,640,8982.4186046512,113.9176271994,976,101.7111111111,215,121.1363636364,104.0227272727,121.1363636364,976,2665,2665,41508.8464646465,203.7371995112,2,32,137.6880217811
26883,361534,91882,22,17215.9047619048,712,91882,361710,60.8222056343,2008,2008,91.2727272727,91.2727272727,640,8411.8604651163,121.6444112687,976,103.8444444444,175,121.1363636364,106.2045454545,121.1363636364,976,2665,2665,41514.1797979798,203.7502878476,4,32,138.1821371607
241,0,0,22,0.0,32,8,8,125000.0,0,0,0.0,0.0,0,8.0,250000.0,0,0.0,0,0.0,0.0,0.0,0,0,0,0.0,0.0,8,32,0.0
26883,371339,83306,22,16145.1739130435,776,67856,371388,64.6224433746,1928,1928,80.3333333333,80.3333333333,640,8253.0666666667,123.8596831346,976,97.7234042553,247,121.1363636364,99.847826087,121.1363636364,976,2665,2665,40139.2479185939,200.3478173542,5,32,133.9586784655
26883,319202,137881,22,15200.0952380952,712,137881,319723,68.8095632782,1944,1944,88.3636363636,88.3636363636,640,7435.4186046512,137.6191265564,976,102.4222222222,238,121.1363636364,104.75,121.1363636364,976,2665,2665,41511.6585858586,203.7441007388,1,32,137.8690011274
26883,379033,99013,22,17228.7727272727,744,99013,379084,60.6725686128,1912,1912,83.1304347826,83.1304347826,640,8615.5454545455,118.7071994598,976,99.5,286,121.1363636364,101.7111111111,121.1363636364,976,2665,2665,40811.3222222222,202.0181234994,3,32,135.7374820439
26883,396309,125452,22,18871.8571428571,712,125452,396444,55.4933357549,1928,1928,87.6363636364,87.6363636364,640,9669.3658536585,105.9418228047,976,106.8139534884,275,133.25,109.3571428571,133.25,976,2665,2665,42967.9169435216,207.2870399796,7,32,137.7805520365
26883,249059,53120,22,11859.9523809524,712,42005,249742,88.0909098189,1928,1928,87.6363636364,87.6363636364,640,5807.9534883721,176.1818196379,976,102.0666666667,98,121.1363636364,104.3863636364,121.1363636364,976,2665,2665,41510.3818181818,203.7409674518,5,32,137.7805520365
26883,377452,129568,22,17973.9047619048,712,129568,379115,58.029885391,1912,1912,86.9090909091,86.9090909091,640,9246.7073170732,110.7843266555,976,106.4418604651,173,133.25,108.9761904762,133.25,976,2665,2665,42969.919158361,207.2918694941,5,32,137.6880217811
241,0,0,22,0.0,32,4,4,250000.0,0,0,0.0,0.0,0,4.0,500000.0,0,0.0,0,0.0,0.0,0.0,0,0,0,0.0,0.0,4,32,0.0
26883,390229,96186,22,18582.3333333333,712,96186,390401,56.3523146713,1928,1928,87.6363636364,87.6363636364,640,9521.9756097561,107.5816916453,976,106.8139534884,216,133.25,109.3571428571,133.25,976,2665,2665,42967.9169435216,207.2870399796,5,32,137.7805520365
241,0,0,22,0.0,32,5,5,200000.0,0,0,0.0,0.0,0,5.0,400000.0,0,0.0,0,0.0,0.0,0.0,0,0,0,0.0,0.0,5,32,0.0
241,0,0,22,0.0,32,5,5,200000.0,0,0,0.0,0.0,0,5.0,400000.0,0,0.0,0,0.0,0.0,0.0,0,0,0,0.0,0.0,5,32,0.0
26883,352583,89732,22,16789.6666666667,712,89732,352648,62.3851546018,1928,1928,87.6363636364,87.6363636364,640,8396.380952381,121.934620358,976,104.3863636364,408,126.9047619048,106.8139534884,126.9047619048,976,2665,2665,42227.9635306554,205.4944367389,3,32,137.7805520365
26883,309192,93581,22,14723.4285714286,712,93581,309296,71.1292742228,1912,1912,86.9090909091,86.9090909091,640,7364.1904761905,139.0253996172,976,104.0227272727,169,126.9047619048,106.4418604651,126.9047619048,976,2665,2665,42228.1157505285,205.4948071133,2,32,137.6880217811
26883,377587,152802,22,19873.0,648,113593,377641,52.960351233,1912,1912,95.6,95.6,640,9210.756097561,111.2167375894,976,106.4418604651,399,121.1363636364,108.9761904762,121.1363636364,976,2665,2665,42969.919158361,207.2918694941,7,32,141.7003510006
241,0,0,22,0.0,32,6,6,166666.666666667,0,0,0.0,0.0,0,6.0,333333.333333333,0,0.0,0,0.0,0.0,0.0,0,0,0,0.0,0.0,6,32,0.0
26883,396357,144442,22,18874.1428571429,712,144442,396428,55.4955754891,1912,1912,86.9090909091,86.9090909091,640,9219.2558139535,110.9911509782,976,101.7111111111,196,121.1363636364,104.0227272727,121.1363636364,976,2665,2665,41508.8464646465,203.7371995112,5,32,137.6880217811
241,0,0,22,0.0,32,5,5,200000.0,0,0,0.0,0.0,0,5.0,400000.0,0,0.0,0,0.0,0.0,0.0,0,0,0,0.0,0.0,5,32,0.0
26883,322423,104787,22,16121.15,680,104787,322480,65.1203175391,1928,1928,91.8095238095,91.8095238095,640,7678.0952380952,133.34160258,976,104.3863636364,290,121.1363636364,106.8139534884,121.1363636364,976,2665,2665,42227.9635306554,205.4944367389,3,32,139.7510712115
26883,386925,140574,22,16822.8260869565,776,140574,386977,62.019189771,1912,1912,79.6666666667,79.6666666667,640,8999.4651162791,113.7018479134,976,101.7111111111,140,133.25,104.0227272727,133.25,976,2665,2665,41508.8464646465,203.7371995112,5,32,133.8339875812
26883,373671,104746,22,17793.8571428571,712,104746,373724,58.8669713478,1928,1928,87.6363636364,87.6363636364,640,9115.2195121951,112.3823998459,976,106.8139534884,278,133.25,109.3571428571,133.25,976,2665,2665,42967.9169435216,207.2870399796,5,32,137.7805520365
26883,376819,76803,22,16383.4347826087,776,76803,376869,63.6826058922,1928,1928,80.3333333333,80.3333333333,640,8764.3953488372,116.7514441358,976,102.0666666667,201,133.25,104.3863636364,133.25,976,2665,2665,41510.3818181818,203.7409674518,5,32,133.9586784655
26883,278179,73741,22,14641.0,648,73741,278221,71.8852998156,1944,1944,97.2,97.2,640,6785.8780487805,150.9591296128,976,107.1860465116,261,121.1363636364,109.7380952381,121.1363636364,976,2665,2665,42965.6312292359,207.2815265026,4,32,141.7906536895
26883,394532,104612,22,18787.2380952381,712,98524,394572,55.7566172967,1944,1944,88.3636363636,88.3636363636,640,9176.0930232558,111.5132345934,976,102.4222222222,205,121.1363636364,104.75,121.1363636364,976,2665,2665,41511.6585858586,203.7441007388,5,32,137.8690011274
26883,354742,57411,22,17737.1,680,57411,354798,59.1886087295,1912,1912,91.0476190476,91.0476190476,640,8869.95,115.5587122814,976,108.9761904762,217,133.25,111.6341463415,133.25,976,2665,2665,43735.0481997677,209.1292619405,5,32,139.6790879804
26883,370539,84925,22,17644.7142857143,712,82197,371287,59.2533538745,1912,1912,86.9090909091,86.9090909091,640,9055.7804878049,113.1200392149,976,106.4418604651,274,133.25,108.9761904762,133.25,976,2665,2665,42969.919158361,207.2918694941,4,32,137.6880217811
241,0,0,22,0.0,32,5,5,200000.0,0,0,0.0,0.0,0,5.0,400000.0,0,0.0,0,0.0,0.0,0.0,0,0,0,0.0,0.0,5,32,0.0
241,0,0,22,0.0,32,7,7,142857.142857143,0,0,0.0,0.0,0,7.0,285714.285714286,0,0.0,0,0.0,0.0,0.0,0,0,0,0.0,0.0,7,32,0.0
26883,338871,86042,22,16136.7142857143,712,86042,339364,64.8271472519,1912,1912,86.9090909091,86.9090909091,640,7892.1860465116,129.6542945038,976,101.7111111111,163,121.1363636364,104.0227272727,121.1363636364,976,2665,2665,41508.8464646465,203.7371995112,6,32,137.6880217811
26883,282207,133823,22,14853.0,648,133823,282891,70.6986082979,1928,1928,96.4,96.4,640,6899.7804878049,148.4670774256,976,106.8139534884,316,121.1363636364,109.3571428571,121.1363636364,976,2665,2665,42967.9169435216,207.2870399796,5,32,141.7478859027
241,0,0,22,0.0,32,7,7,142857.142857143,0,0,0.0,0.0,0,7.0,285714.285714286,0,0.0,0,0.0,0.0,0.0,0,0,0,0.0,0.0,7,32,0.0
241,0,0,22,0.0,32,5,5,200000.0,0,0,0.0,0.0,0,5.0,400000.0,0,0.0,0,0.0,0.0,0.0,0,0,0,0.0,0.0,5,32,0.0
26883,353705,103688,22,16843.0952380952,712,103688,355007,61.9706090302,1912,1912,86.9090909091,86.9090909091,640,8255.9767441861,123.9412180605,976,101.7111111111,263,121.1363636364,104.0227272727,121.1363636364,976,2665,2665,41508.8464646465,203.7371995112,8,32,137.6880217811
26883,377056,86239,22,17955.0476190476,712,86239,377599,58.2628661623,1944,1944,88.3636363636,88.3636363636,640,8781.3720930233,116.5257323245,976,102.4222222222,340,121.1363636364,104.75,121.1363636364,976,2665,2665,41511.6585858586,203.7441007388,5,32,137.8690011274
26883,385712,144562,22,17532.3636363636,744,144562,385769,59.6211722559,1944,1944,84.5217391304,84.5217391304,640,9184.9761904762,111.4656698698,976,104.75,231,133.25,107.1860465116,133.25,976,2665,2665,42227.5406976744,205.4934079178,4,32,135.9534912338
26883,385072,88769,22,18336.7619047619,712,65580,385137,57.1225304242,1960,1960,89.0909090909,89.0909090909,640,8956.6744186047,114.2450608485,976,102.7777777778,245,121.1363636364,105.1136363636,121.1363636364,976,2665,2665,41512.6767676768,203.7465994015,5,32,137.9533769037
241,0,0,22,0.0,32,18,18,55555.5555555556,0,0,0.0,0.0,0,18.0,111111.111111111,0,0.0,0,0.0,0.0,0.0,0,0,0,0.0,0.0,18,32,0.0
26883,384718,70902,22,18319.9047619048,712,70902,384788,57.1743401561,1928,1928,87.6363636364,87.6363636364,640,9385.0731707317,109.1510130254,976,106.8139534884,212,133.25,109.3571428571,133.25,976,2665,2665,42967.9169435216,207.2870399796,3,32,137.7805520365
26883,384711,78058,22,18319.5714285714,712,75976,384757,57.1789467118,1912,1912,86.9090909091,86.9090909091,640,8947.8372093023,114.3578934236,976,101.7111111111,251,121.1363636364,104.0227272727,121.1363636364,976,2665,2665,41508.8464646465,203.7371995112,5,32,137.6880217811
26883,392413,152322,22,18686.3333333333,712,152322,392467,56.0556683747,1928,1928,87.6363636364,87.6363636364,640,9572.3658536585,107.0153668971,976,106.8139534884,129,133.25,109.3571428571,133.25,976,2665,2665,42967.9169435216,207.2870399796,6,32,137.7805520365
26883,326770,127975,22,15560.4761904762,712,127975,327397,67.1967061396,1912,1912,86.9090909091,86.9090909091,640,7613.8837209302,134.3934122793,976,101.7111111111,351,121.1363636364,104.0227272727,121.1363636364,976,2665,2665,41508.8464646465,203.7371995112,1,32,137.6880217811
26883,347785,88847,22,16561.1904761905,712,88847,348271,63.1691986987,2008,2008,91.2727272727,91.2727272727,640,8099.3255813954,126.3383973974,976,103.8444444444,126,121.1363636364,106.2045454545,121.1363636364,976,2665,2665,41514.1797979798,203.7502878476,4,32,138.1821371607
26883,379906,79971,22,17268.4545454545,744,49083,380323,60.4749121142,1912,1912,83.1304347826,83.1304347826,640,9055.3095238095,113.0617922135,976,104.0227272727,203,133.25,106.4418604651,133.25,976,2665,2665,42228.1157505285,205.4948071133,6,32,135.7374820439
26883,378422,121259,22,18020.0952380952,712,121259,378467,58.1292424439,1928,1928,87.6363636364,87.6363636364,640,9230.9024390244,110.9740083019,976,106.8139534884,318,133.25,109.3571428571,133.25,976,2665,2665,42967.9169435216,207.2870399796,5,32,137.7805520365
26883,415870,106247,22,19803.3333333333,712,106247,415918,52.8950418111,1944,1944,88.3636363636,88.3636363636,640,9672.511627907,105.7900836223,976,102.4222222222,158,121.1363636364,104.75,121.1363636364,976,2665,2665,41511.6585858586,203.7441007388,3,32,137.8690011274
241,0,0,22,0.0,32,18,18,55555.5555555556,0,0,0.0,0.0,0,18.0,111111.111111111,0,0.0,0,0.0,0.0,0.0,0,0,0,0.0,0.0,18,32,0.0
26883,380001,88039,22,17272.7727272727,744,88039,380882,60.3861563424,1912,1912,83.1304347826,83.1304347826,640,8656.4090909091,118.1468276264,976,99.5,215,121.1363636364,101.7111111111,121.1363636364,976,2665,2665,40811.3222222222,202.0181234994,3,32,135.7374820439
26883,336760,113123,22,16036.1904761905,712,113123,336810,65.318725691,1912,1912,86.9090909091,86.9090909091,640,7832.7906976744,130.6374513821,976,101.7111111111,132,121.1363636364,104.0227272727,121.1363636364,976,2665,2665,41508.8464646465,203.7371995112,5,32,137.6880217811
241,0,0,22,0.0,32,5,5,200000.0,0,0,0.0,0.0,0,5.0,400000.0,0,0.0,0,0.0,0.0,0.0,0,0,0,0.0,0.0,5,32,0.0
26883,330466,73003,22,15736.4761904762,712,73003,330542,66.5573512594,1960,1960,89.0909090909,89.0909090909,640,7687.023255814,133.1147025189,976,102.7777777778,253,121.1363636364,105.1136363636,121.1363636364,976,2665,2665,41512.6767676768,203.7465994015,5,32,137.9533769037
26883,332601,121158,22,15838.1428571429,712,121158,332644,66.1367708421,1928,1928,87.6363636364,87.6363636364,640,7735.9069767442,132.2735416842,976,102.0666666667,289,121.1363636364,104.3863636364,121.1363636364,976,2665,2665,41510.3818181818,203.7409674518,6,32,137.7805520365
26883,363220,87746,22,17296.1904761905,712,87746,363259,60.5628490967,1928,1928,87.6363636364,87.6363636364,640,8447.8837209302,121.1256981933,976,102.0666666667,150,121.1363636364,104.3863636364,121.1363636364,976,2665,2665,41510.3818181818,203.7409674518,5,32,137.7805520365
26883,371872,92541,22,15494.6666666667,808,92541,373007,67.0228708845,1912,1912,76.48,76.48,640,8477.4318181818,120.641167592,976,99.5,232,133.25,101.7111111111,133.25,976,2665,2665,40811.3222222222,202.0181234994,4,32,131.9814128328
241,0,0,22,0.0,32,5,5,200000.0,0,0,0.0,0.0,0,5.0,400000.0,0,0.0,0,0.0,0.0,0.0,0,0,0,0.0,0.0,5,32,0.0
241,0,0,22,0.0,32,7,7,142857.142857143,0,0,0.0,0.0,0,7.0,285714.285714286,0,0.0,0,0.0,0.0,0.0,0,0,0,0.0,0.0,7,32,0.0
26883,377875,95018,22,17994.0476190476,712,92802,377958,58.2075257039,2008,2008,91.2727272727,91.2727272727,640,8789.7209302326,116.4150514078,976,103.8444444444,217,121.1363636364,106.2045454545,121.1363636364,976,2665,2665,41514.1797979798,203.7502878476,3,32,138.1821371607
26883,411861,171597,22,19612.4285714286,712,133168,411906,53.4102440848,1928,1928,87.6363636364,87.6363636364,640,9579.2093023256,106.8204881696,976,102.0666666667,349,121.1363636364,104.3863636364,121.1363636364,976,2665,2665,41510.3818181818,203.7409674518,1,32,137.7805520365
26883,375026,78674,22,17858.380952381,712,63113,375073,58.655248445,1912,1912,86.9090909091,86.9090909091,640,8722.6279069767,117.3104968899,976,101.7111111111,275,121.1363636364,104.0227272727,121.1363636364,976,2665,2665,41508.8464646465,203.7371995112,3,32,137.6880217811
26883,344703,91753,22,16414.4285714286,712,91753,344750,63.8143582306,1912,1912,86.9090909091,86.9090909091,640,8408.5365853659,121.8274111675,976,106.4418604651,191,133.25,108.9761904762,133.25,976,2665,2665,42969.919158361,207.2918694941,2,32,137.6880217811
26883,369405,63728,22,17590.7142857143,712,63728,369463,59.545881455,1912,1912,86.9090909091,86.9090909091,640,8592.1627906977,119.09176291,976,101.7111111111,159,121.1363636364,104.0227272727,121.1363636364,976,2665,2665,41508.8464646465,203.7371995112,6,32,137.6880217811
26883,376641,85755,22,16375.6956521739,776,70881,376695,63.7120216621,1944,1944,81.0,81.0,640,8371.0,122.1147081857,976,98.0638297872,261,121.1363636364,100.1956521739,121.1363636364,976,2665,2665,40143.4958371878,200.3584184335,4,32,134.0797945417
26883,372539,105022,22,17739.9523809524,712,105022,372583,59.0472458486,1944,1944,88.3636363636,88.3636363636,640,8664.7209302326,118.0944916972,976,102.4222222222,215,121.1363636364,104.75,121.1363636364,976,2665,2665,41511.6585858586,203.7441007388,3,32,137.8690011274
26883,341853,88962,22,16278.7142857143,712,88962,341886,64.3489350251,1912,1912,86.9090909091,86.9090909091,640,7950.8372093023,128.6978700503,976,101.7111111111,337,121.1363636364,104.0227272727,121.1363636364,976,2665,2665,41508.8464646465,203.7371995112,5,32,137.6880217811
26883,387026,157144,22,17592.0909090909,744,157144,387255,59.3923900272,1912,1912,83.1304347826,83.1304347826,640,9220.3571428571,111.0379465727,976,104.0227272727,229,133.25,106.4418604651,133.25,976,2665,2665,42228.1157505285,205.4948071133,5,32,135.7374820439
26883,330761,88086,22,16538.05,680,88086,331237,63.3987145156,1912,1912,91.0476190476,91.0476190476,640,7886.5952380952,129.8164154367,976,104.0227272727,288,121.1363636364,106.4418604651,121.1363636364,976,2665,2665,42228.1157505285,205.4948071133,5,32,139.6790879804
26883,394981,126787,22,18808.619047619,712,126787,395033,55.6915498199,1944,1944,88.3636363636,88.3636363636,640,9634.9512195122,106.3202314743,976,107.1860465116,233,133.25,109.7380952381,133.25,976,2665,2665,42965.6312292359,207.2815265026,6,32,137.8690011274
26883,302337,70875,22,14397.0,712,64504,304319,72.292561424,1960,1960,89.0909090909,89.0909090909,640,7077.1860465116,144.5851228481,976,102.7777777778,125,121.1363636364,105.1136363636,121.1363636364,976,2665,2665,41512.6767676768,203.7465994015,6,32,137.9533769037
26883,381551,90335,22,18169.0952380952,712,90335,382598,57.5016074313,1976,1976,89.8181818182,89.8181818182,640,8897.6279069768,115.0032148626,976,103.1333333333,305,121.1363636364,105.4772727273,121.1363636364,976,2665,2665,41513.4363636364,203.7484634633,3,32,138.0336868351
26883,122389,40129,22,6441.5263157895,648,39744,123055,162.5289504693,1944,1944,97.2,97.2,640,3001.3414634146,341.3107959855,976,107.1860465116,277,121.1363636364,109.7380952381,121.1363636364,976,2665,2665,42965.6312292359,207.2815265026,6,32,141.7906536895
26883,376923,85482,22,17132.8636363636,744,85482,376971,61.0126508405,1992,1992,86.6086956522,86.6086956522,640,8975.5,114.0671298323,976,105.8409090909,243,133.25,108.3023255814,133.25,976,2665,2665,42224.6485200846,205.4863706431,3,32,136.2490163869
26883,419087,143965,22,19956.5238095238,712,143965,419141,52.4883034587,1944,1944,88.3636363636,88.3636363636,640,9747.4651162791,104.9766069175,976,102.4222222222,226,121.1363636364,104.75,121.1363636364,976,2665,2665,41511.6585858586,203.7441007388,5,32,137.8690011274
26883,368826,123788,22,17563.1428571429,712,123788,369456,59.5470096574,1944,1944,88.3636363636,88.3636363636,640,8592.0,119.0940193149,976,102.4222222222,137,121.1363636364,104.75,121.1363636364,976,2665,2665,41511.6585858586,203.7441007388,2,32,137.8690011274
26883,353633,141829,22,16839.6666666667,712,141829,353679,62.2032973402,1912,1912,86.9090909091,86.9090909091,640,8225.0930232558,124.4065946805,976,101.7111111111,172,121.1363636364,104.0227272727,121.1363636364,976,2665,2665,41508.8464646465,203.7371995112,2,32,137.6880217811
26883,370213,86162,22,16096.2173913044,776,86162,370624,64.7556553272,1928,1928,80.3333333333,80.3333333333,640,8236.0888888889,124.1150060439,976,97.7234042553,207,121.1363636364,99.847826087,121.1363636364,976,2665,2665,40139.2479185939,200.3478173542,5,32,133.9586784655
26883,383113,100871,22,18243.4761904762,712,100871,383761,57.3273469686,1912,1912,86.9090909091,86.9090909091,640,9360.0243902439,109.44311694,976,106.4418604651,260,133.25,108.9761904762,133.25,976,2665,2665,42969.919158361,207.2918694941,5,32,137.6880217811
26883,403849,126721,22,19230.9047619048,712,126721,404418,54.3991612638,1912,1912,86.9090909091,86.9090909091,640,9405.0697674419,108.7983225277,976,101.7111111111,274,121.1363636364,104.0227272727,121.1363636364,976,2665,2665,41508.8464646465,203.7371995112,3,32,137.6880217811
26883,370549,125609,22,17645.1904761905,712,125609,370631,59.3582296138,2008,2008,91.2727272727,91.2727272727,640,8619.3255813954,118.7164592276,976,103.8444444444,260,121.1363636364,106.2045454545,121.1363636364,976,2665,2665,41514.1797979798,203.7502878476,3,32,138.1821371607
26883,382260,103807,22,18202.8571428571,712,66308,382807,57.4702134496,1960,1960,89.0909090909,89.0909090909,640,8902.488372093,114.9404268992,976,102.7777777778,173,121.1363636364,105.1136363636,121.1363636364,976,2665,2665,41512.6767676768,203.7465994015,5,32,137.9533769037
26883,325057,70154,22,15478.9047619048,712,70154,325099,67.6716938533,1944,1944,88.3636363636,88.3636363636,640,7560.4418604651,135.3433877065,976,102.4222222222,147,121.1363636364,104.75,121.1363636364,976,2665,2665,41511.6585858586,203.7441007388,3,32,137.8690011274
26883,424443,68378,22,18454.0434782609,776,68378,424568,56.5280473328,1912,1912,79.6666666667,79.6666666667,640,9434.8444444444,108.3454240546,976,97.3829787234,238,121.1363636364,99.5,121.1363636364,976,2665,2665,40134.7631822387,200.3366246652,7,32,133.8339875812
26883,405758,122933,22,19321.8095238095,712,122933,405826,54.2104251576,1928,1928,87.6363636364,87.6363636364,640,9437.8139534884,108.4208503152,976,102.0666666667,248,121.1363636364,104.3863636364,121.1363636364,976,2665,2665,41510.3818181818,203.7409674518,4,32,137.7805520365
241,0,0,22,0.0,32,5,5,200000.0,0,0,0.0,0.0,0,5.0,400000.0,0,0.0,0,0.0,0.0,0.0,0,0,0,0.0,0.0,5,32,0.0
26883,357530,73340,22,17876.5,680,61561,357603,58.7243395609,1928,1928,91.8095238095,91.8095238095,640,8514.3571428571,120.2450762438,976,104.3863636364,295,121.1363636364,106.8139534884,121.1363636364,976,2665,2665,42227.9635306554,205.4944367389,5,32,139.7510712115
26883,330678,68848,22,15746.5714285714,712,65158,330724,66.5207242293,1928,1928,87.6363636364,87.6363636364,640,7691.2558139535,133.0414484585,976,102.0666666667,281,121.1363636364,104.3863636364,121.1363636364,976,2665,2665,41510.3818181818,203.7409674518,3,32,137.7805520365
26883,362910,125414,22,18145.5,680,125414,363565,57.7613356621,1912,1912,91.0476190476,91.0476190476,640,8656.3095238095,118.2732111177,976,104.0227272727,260,121.1363636364,106.4418604651,121.1363636364,976,2665,2665,42228.1157505285,205.4948071133,5,32,139.6790879804
26883,314869,92936,22,14993.7619047619,712,92936,315347,69.764418244,1928,1928,87.6363636364,87.6363636364,640,7333.6511627907,139.5288364881,976,102.0666666667,200,121.1363636364,104.3863636364,121.1363636364,976,2665,2665,41510.3818181818,203.7409674518,5,32,137.7805520365
26883,385096,129476,22,19254.8,680,92809,385683,54.448860852,1976,1976,94.0952380952,94.0952380952,640,9642.075,106.3049188064,976,110.5,238,133.25,113.1951219512,133.25,976,2665,2665,43717.1341463415,209.0864274561,3,32,139.9406676995
26883,377912,63573,22,15116.48,840,63573,377958,68.7907121955,1928,1928,74.1538461538,74.1538461538,640,8041.6595744681,126.9982378994,976,93.7346938776,94,121.1363636364,95.6875,121.1363636364,976,2665,2665,38848.4489795918,197.1000988828,5,32,130.3299481494
26883,316422,62033,22,15067.7142857143,712,62033,316497,69.5109274338,1960,1960,89.0909090909,89.0909090909,640,7360.3953488372,139.0218548675,976,102.7777777778,289,121.1363636364,105.1136363636,121.1363636364,976,2665,2665,41512.6767676768,203.7465994015,4,32,137.9533769037
26883,364613,80311,22,16573.3181818182,744,78965,365427,62.9400673732,1944,1944,84.5217391304,84.5217391304,640,8700.6428571429,117.6705607413,976,104.75,64,133.25,107.1860465116,133.25,976,2665,2665,42227.5406976744,205.4934079178,7,32,135.9534912338
26883,335797,105269,22,15990.3333333333,712,105269,335836,65.5081646994,1944,1944,88.3636363636,88.3636363636,640,7810.1395348837,131.0163293989,976,102.4222222222,178,121.1363636364,104.75,121.1363636364,976,2665,2665,41511.6585858586,203.7441007388,3,32,137.8690011274
26883,398831,133151,22,18991.9523809524,712,133151,398884,55.1538793233,1944,1944,88.3636363636,88.3636363636,640,9728.8780487805,105.2937696172,976,107.1860465116,193,133.25,109.7380952381,133.25,976,2665,2665,42965.6312292359,207.2815265026,5,32,137.8690011274
26883,314136,51728,22,12565.44,840,49121,314182,82.7545817392,1912,1912,73.5384615385,73.5384615385,640,6981.8222222222,146.4119523079,976,97.3829787234,101,133.25,99.5,133.25,976,2665,2665,40134.7631822387,200.3366246652,6,32,130.1817900535
26883,359382,108798,22,17113.4285714286,712,108798,359423,61.2092158821,1928,1928,87.6363636364,87.6363636364,640,8358.6744186047,122.4184317642,976,102.0666666667,266,121.1363636364,104.3863636364,121.1363636364,976,2665,2665,41510.3818181818,203.7409674518,3,32,137.7805520365
26883,378038,60256,22,16436.4347826087,776,56047,378097,63.4757747351,1944,1944,81.0,81.0,640,8792.9534883721,116.3722536809,976,102.4222222222,225,133.25,104.75,133.25,976,2665,2665,41511.6585858586,203.7441007388,4,32,134.0797945417
26883,353119,93778,22,16815.1904761905,712,93778,354732,62.0186506997,1928,1928,87.6363636364,87.6363636364,640,8249.5813953488,124.0373013994,976,102.0666666667,374,121.1363636364,104.3863636364,121.1363636364,976,2665,2665,41510.3818181818,203.7409674518,4,32,137.7805520365
26883,416296,156485,22,19823.619047619,712,156485,416347,52.8405392617,1944,1944,88.3636363636,88.3636363636,640,9682.488372093,105.6810785234,976,102.4222222222,271,121.1363636364,104.75,121.1363636364,976,2665,2665,41511.6585858586,203.7441007388,3,32,137.8690011274
26883,357094,115635,22,17854.7,680,115635,357178,58.7942146493,1912,1912,91.0476190476,91.0476190476,640,8504.2380952381,120.3881538057,976,104.0227272727,191,121.1363636364,106.4418604651,121.1363636364,976,2665,2665,42228.1157505285,205.4948071133,4,32,139.6790879804
26883,395415,106097,22,18829.2857142857,712,106097,395470,55.6300098617,1928,1928,87.6363636364,87.6363636364,640,9196.976744186,111.2600197234,976,102.0666666667,173,121.1363636364,104.3863636364,121.1363636364,976,2665,2665,41510.3818181818,203.7409674518,3,32,137.7805520365
26883,315190,49524,22,14326.8181818182,744,43431,315264,72.9547300041,1912,1912,83.1304347826,83.1304347826,640,7165.0909090909,142.7375152253,976,99.5,262,121.1363636364,101.7111111111,121.1363636364,976,2665,2665,40811.3222222222,202.0181234994,4,32,135.7374820439
26883,382259,125275,22,18202.8095238095,712,125275,382526,57.5124305276,1928,1928,87.6363636364,87.6363636364,640,9329.9024390244,109.79645828,976,106.8139534884,171,133.25,109.3571428571,133.25,976,2665,2665,42967.9169435216,207.2870399796,5,32,137.7805520365
26883,416221,100610,22,19820.0476190476,712,100610,416271,52.8501865371,1976,1976,89.8181818182,89.8181818182,640,9680.7209302326,105.7003730743,976,103.1333333333,5,121.1363636364,105.4772727273,121.1363636364,976,2665,2665,41513.4363636364,203.7484634633,5,32,138.0336868351
26883,362724,104660,22,17272.5714285714,712,104660,363357,60.54651486,1944,1944,88.3636363636,88.3636363636,640,8450.1627906977,121.0930297201,976,102.4222222222,170,121.1363636364,104.75,121.1363636364,976,2665,2665,41511.6585858586,203.7441007388,5,32,137.8690011274
241,0,0,22,0.0,32,7,7,142857.142857143,0,0,0.0,0.0,0,7.0,285714.285714286,0,0.0,0,0.0,0.0,0.0,0,0,0,0.0,0.0,7,32,0.0
26883,365811,128688,22,17419.5714285714,712,128688,366244,60.0692434552,1960,1960,89.0909090909,89.0909090909,640,8517.3023255814,120.1384869104,976,102.7777777778,124,121.1363636364,105.1136363636,121.1363636364,976,2665,2665,41512.6767676768,203.7465994015,5,32,137.9533769037
241,0,0,22,0.0,32,5,5,200000.0,0,0,0.0,0.0,0,5.0,400000.0,0,0.0,0,0.0,0.0,0.0,0,0,0,0.0,0.0,5,32,0.0
26883,338999,105226,22,16142.8095238095,712,105226,339071,64.8831660626,1912,1912,86.9090909091,86.9090909091,640,7885.3720930233,129.7663321251,976,101.7111111111,149,121.1363636364,104.0227272727,121.1363636364,976,2665,2665,41508.8464646465,203.7371995112,2,32,137.6880217811
26883,266206,58466,22,12676.4761904762,712,58466,266898,82.4284932821,1928,1928,87.6363636364,87.6363636364,640,6206.9302325581,164.8569865642,976,102.0666666667,206,121.1363636364,104.3863636364,121.1363636364,976,2665,2665,41510.3818181818,203.7409674518,3,32,137.7805520365
26883,357990,107974,22,15564.7826086957,776,107974,359357,66.7859538008,1944,1944,81.0,81.0,640,8357.1395348837,122.4409153015,976,102.4222222222,200,133.25,104.75,133.25,976,2665,2665,41511.6585858586,203.7441007388,5,32,134.0797945417
26883,367189,105460,22,17485.1904761905,712,105460,368717,59.6663565824,1928,1928,87.6363636364,87.6363636364,640,8574.8139534884,119.3327131648,976,102.0666666667,291,121.1363636364,104.3863636364,121.1363636364,976,2665,2665,41510.3818181818,203.7409674518,4,32,137.7805520365
241,0,0,22,0.0,32,6,6,166666.666666667,0,0,0.0,0.0,0,6.0,333333.333333333,0,0.0,0,0.0,0.0,0.0,0,0,0,0.0,0.0,6,32,0.0
26883,383203,152551,22,18247.7619047619,712,152551,383256,57.4028847559,1928,1928,87.6363636364,87.6363636364,640,9347.7073170732,109.587325443,976,106.8139534884,264,133.25,109.3571428571,133.25,976,2665,2665,42967.9169435216,207.2870399796,4,32,137.7805520365
26883,261627,83791,22,13769.8421052632,648,83791,262196,76.2788143221,1928,1928,96.4,96.4,640,6395.0243902439,160.1855100764,976,106.8139534884,277,121.1363636364,109.3571428571,121.1363636364,976,2665,2665,42967.9169435216,207.2870399796,4,32,141.7478859027
241,0,0,22,0.0,32,17,17,58823.5294117647,0,0,0.0,0.0,0,17.0,117647.058823529,0,0.0,0,0.0,0.0,0.0,0,0,0,0.0,0.0,17,32,0.0
26883,401275,190709,22,19108.3333333333,712,190709,401320,54.81909698,1944,1944,88.3636363636,88.3636363636,640,9788.2926829268,104.654639689,976,107.1860465116,206,133.25,109.7380952381,133.25,976,2665,2665,42965.6312292359,207.2815265026,5,32,137.8690011274
26883,384532,106108,22,18311.0476190476,712,106108,384582,57.204965391,1976,1976,89.8181818182,89.8181818182,640,8943.7674418605,114.409930782,976,103.1333333333,267,121.1363636364,105.4772727273,121.1363636364,976,2665,2665,41513.4363636364,203.7484634633,3,32,138.0336868351
241,0,0,22,0.0,32,5,5,200000.0,0,0,0.0,0.0,0,5.0,400000.0,0,0.0,0,0.0,0.0,0.0,0,0,0,0.0,0.0,5,32,0.0
26883,376673,77789,22,17936.8095238095,712,66541,378716,58.0910233526,1960,1960,89.0909090909,89.0909090909,640,8807.3488372093,116.1820467052,976,102.7777777778,203,121.1363636364,105.1136363636,121.1363636364,976,2665,2665,41512.6767676768,203.7465994015,3,32,137.9533769037
26883,376947,77532,22,17949.8571428571,712,48099,376996,58.3560568282,1912,1912,86.9090909091,86.9090909091,640,8767.3488372093,116.7121136564,976,101.7111111111,275,121.1363636364,104.0227272727,121.1363636364,976,2665,2665,41508.8464646465,203.7371995112,3,32,137.6880217811
26883,345383,116039,22,16446.8095238095,712,116039,345972,63.5889609564,1928,1928,87.6363636364,87.6363636364,640,8045.8604651163,127.1779219128,976,102.0666666667,236,121.1363636364,104.3863636364,121.1363636364,976,2665,2665,41510.3818181818,203.7409674518,2,32,137.7805520365
26883,374282,105676,22,17822.9523809524,712,105676,374770,58.7026709715,1912,1912,86.9090909091,86.9090909091,640,8715.5813953488,117.4053419431,976,101.7111111111,276,121.1363636364,104.0227272727,121.1363636364,976,2665,2665,41508.8464646465,203.7371995112,2,32,137.6880217811
26883,379791,125195,22,16512.652173913,776,125195,379836,63.1851641235,1928,1928,80.3333333333,80.3333333333,640,8833.3953488372,115.8394675597,976,102.0666666667,226,133.25,104.3863636364,133.25,976,2665,2665,41510.3818181818,203.7409674518,3,32,133.9586784655
26883,385820,111228,22,18372.380952381,712,111228,385868,57.0143157764,1928,1928,87.6363636364,87.6363636364,640,9411.4146341463,108.8455119367,976,106.8139534884,284,133.25,109.3571428571,133.25,976,2665,2665,42967.9169435216,207.2870399796,4,32,137.7805520365
26883,338559,94217,22,14719.9565217391,776,94217,338667,70.8660719822,1912,1912,79.6666666667,79.6666666667,640,7875.9767441861,129.9211319674,976,101.7111111111,371,133.25,104.0227272727,133.25,976,2665,2665,41508.8464646465,203.7371995112,3,32,133.8339875812
26883,392284,101283,22,17055.8260869565,776,101283,392329,61.1731480467,1912,1912,79.6666666667,79.6666666667,640,8718.4222222222,117.2485337561,976,97.3829787234,193,121.1363636364,99.5,121.1363636364,976,2665,2665,40134.7631822387,200.3366246652,5,32,133.8339875812
241,0,0,22,0.0,32,7,7,142857.142857143,0,0,0.0,0.0,0,7.0,285714.285714286,0,0.0,0,0.0,0.0,0.0,0,0,0,0.0,0.0,7,32,0.0
26883,341971,95240,22,15544.1363636364,744,95240,343550,66.9480424975,1944,1944,84.5217391304,84.5217391304,640,8179.7619047619,125.1637316257,976,104.75,261,133.25,107.1860465116,133.25,976,2665,2665,42227.5406976744,205.4934079178,4,32,135.9534912338
26883,342924,78252,22,16329.7142857143,712,78252,342984,64.1429337812,1912,1912,86.9090909091,86.9090909091,640,7976.3720930233,128.2858675623,976,101.7111111111,260,121.1363636364,104.0227272727,121.1363636364,976,2665,2665,41508.8464646465,203.7371995112,5,32,137.6880217811
241,0,0,22,0.0,32,7,7,142857.142857143,0,0,0.0,0.0,0,7.0,285714.285714286,0,0.0,0,0.0,0.0,0.0,0,0,0,0.0,0.0,7,32,0.0
26883,366852,93528,22,17469.1428571429,712,93528,368491,59.7029506826,1912,1912,86.9090909091,86.9090909091,640,8569.5581395349,119.4059013653,976,101.7111111111,164,121.1363636364,104.0227272727,121.1363636364,976,2665,2665,41508.8464646465,203.7371995112,3,32,137.6880217811
26883,365002,113658,22,17381.0476190476,712,113658,365146,60.2498726537,1944,1944,88.3636363636,88.3636363636,640,8906.0,115.022484157,976,107.1860465116,245,133.25,109.7380952381,133.25,976,2665,2665,42965.6312292359,207.2815265026,6,32,137.8690011274
26883,390348,89038,22,16264.5,808,89038,390448,64.0290128263,1928,1928,77.12,77.12,640,8873.8181818182,115.2522230873,976,99.847826087,309,133.25,102.0666666667,133.25,976,2665,2665,40814.3985507246,202.0257373473,3,32,132.1187344777
26883,367101,86304,22,16686.4090909091,744,47635,367144,62.6457193908,1928,1928,83.8260869565,83.8260869565,640,8344.1818181818,122.5677118515,976,99.847826087,284,121.1363636364,102.0666666667,121.1363636364,976,2665,2665,40814.3985507246,202.0257373473,7,32,135.8473917085
26883,408774,108034,22,19465.4285714286,712,108034,409616,53.7088394985,1912,1912,86.9090909091,86.9090909091,640,9525.9534883721,107.4176789969,976,101.7111111111,183,121.1363636364,104.0227272727,121.1363636364,976,2665,2665,41508.8464646465,203.7371995112,5,32,137.6880217811
26883,235160,45394,22,12376.8421052632,648,45335,235341,84.9830671239,1912,1912,95.6,95.6,640,5740.0243902439,178.4644409601,976,106.4418604651,201,121.1363636364,108.9761904762,121.1363636364,976,2665,2665,42969.919158361,207.2918694941,5,32,141.7003510006
26883,377292,141060,22,17966.2857142857,712,141060,377350,58.3013117795,1960,1960,89.0909090909,89.0909090909,640,9203.6585365854,111.3025043063,976,107.5581395349,260,133.25,110.119047619,133.25,976,2665,2665,42963.0620155039,207.2753290083,3,32,137.9533769037
26883,366940,95122,22,17473.3333333333,712,95122,367415,59.8777948641,1912,1912,86.9090909091,86.9090909091,640,8961.3414634146,114.3121538315,976,106.4418604651,182,133.25,108.9761904762,133.25,976,2665,2665,42969.919158361,207.2918694941,5,32,137.6880217811
26883,386188,96539,22,17554.0,744,96539,386249,59.5470797335,1912,1912,83.1304347826,83.1304347826,640,9196.4047619048,111.3271490671,976,104.0227272727,211,133.25,106.4418604651,133.25,976,2665,2665,42228.1157505285,205.4948071133,6,32,135.7374820439
26883,376127,86585,22,17910.8095238095,712,86585,376180,58.4826412887,1960,1960,89.0909090909,89.0909090909,640,8748.3720930233,116.9652825775,976,102.7777777778,253,121.1363636364,105.1136363636,121.1363636364,976,2665,2665,41512.6767676768,203.7465994015,4,32,137.9533769037
241,0,0,22,0.0,32,18,18,55555.5555555556,0,0,0.0,0.0,0,18.0,111111.111111111,0,0.0,0,0.0,0.0,0.0,0,0,0,0.0,0.0,18,32,0.0
26883,331075,67419,22,15765.4761904762,712,67419,331617,66.3415928616,1976,1976,89.8181818182,89.8181818182,640,7712.023255814,132.6831857233,976,103.1333333333,223,121.1363636364,105.4772727273,121.1363636364,976,2665,2665,41513.4363636364,203.7484634633,5,32,138.0336868351
26883,387387,107351,22,18447.0,712,87725,387467,56.7790289238,1944,1944,88.3636363636,88.3636363636,640,9010.8604651163,113.5580578475,976,102.4222222222,341,121.1363636364,104.75,121.1363636364,976,2665,2665,41511.6585858586,203.7441007388,4,32,137.8690011274
26883,213255,82838,22,10155.0,712,82838,213296,103.1430500338,1912,1912,86.9090909091,86.9090909091,640,5202.3414634146,196.9094591554,976,106.4418604651,273,133.25,108.9761904762,133.25,976,2665,2665,42969.919158361,207.2918694941,2,32,137.6880217811
26883,254713,79171,22,12129.1904761905,712,79171,255359,86.153219585,1944,1944,88.3636363636,88.3636363636,640,5938.5813953488,172.30643917,976,102.4222222222,363,121.1363636364,104.75,121.1363636364,976,2665,2665,41511.6585858586,203.7441007388,2,32,137.8690011274
26883,365576,81166,22,16617.0909090909,744,81166,365630,62.905122665,1912,1912,83.1304347826,83.1304347826,640,8309.7727272727,123.0752399967,976,99.5,188,121.1363636364,101.7111111111,121.1363636364,976,2665,2665,40811.3222222222,202.0181234994,5,32,135.7374820439
26883,378496,116529,22,18023.619047619,712,116529,382257,57.5529028899,1944,1944,88.3636363636,88.3636363636,640,9323.3414634146,109.873723699,976,107.1860465116,205,133.25,109.7380952381,133.25,976,2665,2665,42965.6312292359,207.2815265026,5,32,137.8690011274
26883,287442,61517,22,14372.1,680,61517,287507,73.0416998543,1944,1944,92.5714285714,92.5714285714,640,6845.4047619048,149.5615758921,976,104.75,384,121.1363636364,107.1860465116,121.1363636364,976,2665,2665,42227.5406976744,205.4934079178,5,32,139.8186580641
26883,406611,125217,22,19362.4285714286,712,125217,406657,54.0996466309,1928,1928,87.6363636364,87.6363636364,640,9918.4634146342,103.2811435682,976,106.8139534884,223,133.25,109.3571428571,133.25,976,2665,2665,42967.9169435216,207.2870399796,2,32,137.7805520365
26883,374529,72009,22,17834.7142857143,712,72009,375355,58.6111814149,1928,1928,87.6363636364,87.6363636364,640,9155.0,111.8940736103,976,106.8139534884,234,133.25,109.3571428571,133.25,976,2665,2665,42967.9169435216,207.2870399796,6,32,137.7805520365
26883,356294,123637,22,16966.3809523809,712,123637,356337,61.7393085759,1960,1960,89.0909090909,89.0909090909,640,8286.9069767442,123.4786171517,976,102.7777777778,277,121.1363636364,105.1136363636,121.1363636364,976,2665,2665,41512.6767676768,203.7465994015,3,32,137.9533769037
241,0,0,22,0.0,32,4,4,250000.0,0,0,0.0,0.0,0,4.0,500000.0,0,0.0,0,0.0,0.0,0.0,0,0,0,0.0,0.0,4,32,0.0
26883,373775,91261,22,17798.8095238095,712,91261,373821,58.8516964001,1912,1912,86.9090909091,86.9090909091,640,8693.511627907,117.7033928003,976,101.7111111111,293,121.1363636364,104.0227272727,121.1363636364,976,2665,2665,41508.8464646465,203.7371995112,4,32,137.6880217811
26883,350457,90129,22,17522.85,680,90129,351110,59.8103158554,1912,1912,91.0476190476,91.0476190476,640,8359.7619047619,122.4687419897,976,104.0227272727,334,121.1363636364,106.4418604651,121.1363636364,976,2665,2665,42228.1157505285,205.4948071133,5,32,139.6790879804
26883,397642,98744,22,18074.6363636364,744,98744,397705,57.8318100099,1976,1976,85.9130434783,85.9130434783,640,9038.75,113.1491934977,976,100.8913043478,271,121.1363636364,103.1333333333,121.1363636364,976,2665,2665,40822.1434782609,202.0449046085,2,32,136.154295176
26883,383834,140006,22,16688.4347826087,776,140006,383913,62.5141633651,1960,1960,81.6666666667,81.6666666667,640,8928.2093023256,114.6092995028,976,102.7777777778,214,133.25,105.1136363636,133.25,976,2665,2665,41512.6767676767,203.7465994015,5,32,134.1973454888
26883,351403,75377,22,16733.4761904762,712,75377,351450,62.5978090767,1928,1928,87.6363636364,87.6363636364,640,8173.2558139535,125.1956181534,976,102.0666666667,142,121.1363636364,104.3863636364,121.1363636364,976,2665,2665,41510.3818181818,203.7409674518,6,32,137.7805520365
26883,391608,151017,22,18648.0,712,151017,391651,56.1724596643,1912,1912,86.9090909091,86.9090909091,640,9108.1627906977,112.3449193287,976,101.7111111111,238,121.1363636364,104.0227272727,121.1363636364,976,2665,2665,41508.8464646465,203.7371995112,4,32,137.6880217811
26883,381444,138498,22,18164.0,712,138498,381487,57.6690686708,1928,1928,87.6363636364,87.6363636364,640,8871.7906976744,115.3381373415,976,102.0666666667,202,121.1363636364,104.3863636364,121.1363636364,976,2665,2665,41510.3818181818,203.7409674518,3,32,137.7805520365
241,0,0,22,0.0,32,17,17,58823.5294117647,0,0,0.0,0.0,0,17.0,117647.058823529,0,0.0,0,0.0,0.0,0.0,0,0,0,0.0,0.0,17,32,0.0
26883,362899,118405,22,17280.9047619048,712,118405,363146,60.5816944149,2008,2008,91.2727272727,91.2727272727,640,8445.2558139535,121.1633888298,976,103.8444444444,164,121.1363636364,106.2045454545,121.1363636364,976,2665,2665,41514.1797979798,203.7502878476,3,32,138.1821371607
241,0,0,22,0.0,32,19,19,52631.5789473684,0,0,0.0,0.0,0,19.0,105263.157894737,0,0.0,0,0.0,0.0,0.0,0,0,0,0.0,0.0,19,32,0.0
26883,291614,99757,22,15348.1052631579,648,99757,291655,68.5741715383,1960,1960,98.0,98.0,640,7113.5365853659,144.0057602304,976,107.5581395349,246,121.1363636364,110.119047619,121.1363636364,976,2665,2665,42963.0620155039,207.2753290083,3,32,141.8286586732
241,0,0,22,0.0,32,7,7,142857.142857143,0,0,0.0,0.0,0,7.0,285714.285714286,0,0.0,0,0.0,0.0,0.0,0,0,0,0.0,0.0,7,32,0.0
241,0,0,22,0.0,32,4,4,250000.0,0,0,0.0,0.0,0,4.0,500000.0,0,0.0,0,0.0,0.0,0.0,0,0,0,0.0,0.0,4,32,0.0
26883,345234,58733,22,15692.4545454545,744,58733,345288,66.6110609115,1960,1960,85.2173913043,85.2173913043,640,8221.1428571429,124.5337225736,976,105.1136363636,71,133.25,107.5581395349,133.25,976,2665,2665,42226.8472515856,205.49172064,5,32,136.0557895336
26883,379342,130965,22,18063.9047619048,712,130965,379386,57.9884339433,1912,1912,86.9090909091,86.9090909091,640,8822.9302325581,115.9768678865,976,101.7111111111,125,121.1363636364,104.0227272727,121.1363636364,976,2665,2665,41508.8464646465,203.7371995112,6,32,137.6880217811
241,0,0,22,0.0,32,7,7,142857.142857143,0,0,0.0,0.0,0,7.0,285714.285714286,0,0.0,0,0.0,0.0,0.0,0,0,0,0.0,0.0,7,32,0.0
26883,374241,99927,22,17821.0,712,99927,374289,58.7781099632,1960,1960,89.0909090909,89.0909090909,640,9129.0,112.2127553842,976,107.5581395349,220,133.25,110.119047619,133.25,976,2665,2665,42963.0620155039,207.2753290083,2,32,137.9533769037
26883,358197,104865,22,17057.0,712,104865,359830,61.1399827696,2008,2008,91.2727272727,91.2727272727,640,8368.1395348837,122.2799655393,976,103.8444444444,154,121.1363636364,106.2045454545,121.1363636364,976,2665,2665,41514.1797979798,203.7502878476,8,32,138.1821371607
26883,378786,130425,22,18037.4285714286,712,130425,378822,58.0747686248,1928,1928,87.6363636364,87.6363636364,640,8809.8139534884,116.1495372497,976,102.0666666667,214,121.1363636364,104.3863636364,121.1363636364,976,2665,2665,41510.3818181818,203.7409674518,3,32,137.7805520365
26883,362071,93133,22,17241.4761904762,712,93133,362112,60.7546836338,1912,1912,86.9090909091,86.9090909091,640,8421.2093023256,121.5093672676,976,101.7111111111,103,121.1363636364,104.0227272727,121.1363636364,976,2665,2665,41508.8464646465,203.7371995112,3,32,137.6880217811
241,0,0,22,0.0,32,4,4,250000.0,0,0,0.0,0.0,0,4.0,500000.0,0,0.0,0,0.0,0.0,0.0,0,0,0,0.0,0.0,4,32,0.0
26883,379785,80897,22,16512.3913043478,776,80897,379897,63.1750184919,1944,1944,81.0,81.0,640,8834.8139534884,115.8208672351,976,102.4222222222,103,133.25,104.75,133.25,976,2665,2665,41511.6585858586,203.7441007388,4,32,134.0797945417
26883,367279,152394,22,17489.4761904762,712,152394,367330,59.8916505594,1944,1944,88.3636363636,88.3636363636,640,8959.2682926829,114.3386056135,976,107.1860465116,200,133.25,109.7380952381,133.25,976,2665,2665,42965.6312292359,207.2815265026,6,32,137.8690011274
26883,283943,86415,22,13521.0952380952,712,86415,283984,77.4691531917,1912,1912,86.9090909091,86.9090909091,640,6761.5238095238,151.4169812384,976,104.0227272727,284,126.9047619048,106.4418604651,126.9047619048,976,2665,2665,42228.1157505285,205.4948071133,3,32,137.6880217811
241,0,0,22,0.0,32,5,5,200000.0,0,0,0.0,0.0,0,5.0,400000.0,0,0.0,0,0.0,0.0,0.0,0,0,0,0.0,0.0,5,32,0.0
26883,333837,136515,22,15897.0,712,136515,333886,65.8907531313,1912,1912,86.9090909091,86.9090909091,640,7764.7906976744,131.7815062626,976,101.7111111111,190,121.1363636364,104.0227272727,121.1363636364,976,2665,2665,41508.8464646465,203.7371995112,1,32,137.6880217811
26883,382841,91064,22,18230.5238095238,712,91064,382889,57.4579055549,1928,1928,87.6363636364,87.6363636364,640,9338.756097561,109.6923651502,976,106.8139534884,249,133.25,109.3571428571,133.25,976,2665,2665,42967.9169435216,207.2870399796,2,32,137.7805520365
26883,373134,135185,22,17768.2857142857,712,135185,373176,58.9534160825,1928,1928,87.6363636364,87.6363636364,640,9101.8536585366,112.5474307029,976,106.8139534884,269,133.25,109.3571428571,133.25,976,2665,2665,42967.9169435216,207.2870399796,4,32,137.7805520365
26883,347339,106018,22,16539.9523809524,712,106018,347395,63.3284877445,1912,1912,86.9090909091,86.9090909091,640,8271.3095238095,123.7784078642,976,104.0227272727,269,126.9047619048,106.4418604651,126.9047619048,976,2665,2665,42228.1157505285,205.4948071133,4,32,137.6880217811
26883,278617,52949,22,13930.85,680,52949,278677,75.3560573711,1976,1976,94.0952380952,94.0952380952,640,6635.1666666667,154.3004984265,976,105.4772727273,185,121.1363636364,107.9302325581,121.1363636364,976,2665,2665,42225.883192389,205.4893748893,3,32,139.9406676995
26883,388327,99584,22,17651.2272727273,744,99584,388383,59.2198937647,1912,1912,83.1304347826,83.1304347826,640,9247.2142857143,110.71545356,976,104.0227272727,244,133.25,106.4418604651,133.25,976,2665,2665,42228.1157505285,205.4948071133,5,32,135.7374820439
241,0,0,22,0.0,32,10,10,100000.0,0,0,0.0,0.0,0,10.0,200000.0,0,0.0,0,0.0,0.0,0.0,0,0,0,0.0,0.0,10,32,0.0
26883,356690,84409,22,16985.2380952381,712,84409,356741,61.6693903981,1960,1960,89.0909090909,89.0909090909,640,8493.8333333333,120.5356266871,976,105.1136363636,330,126.9047619048,107.5581395349,126.9047619048,976,2665,2665,42226.8472515856,205.49172064,5,32,137.9533769037
241,0,0,22,0.0,32,4,4,250000.0,0,0,0.0,0.0,0,4.0,500000.0,0,0.0,0,0.0,0.0,0.0,0,0,0,0.0,0.0,4,32,0.0
26883,391429,127255,22,18639.4761904762,712,127255,391481,56.1968524654,1928,1928,87.6363636364,87.6363636364,640,9104.2093023256,112.3937049308,976,102.0666666667,195,121.1363636364,104.3863636364,121.1363636364,976,2665,2665,41510.3818181818,203.7409674518,3,32,137.7805520365
241,0,0,22,0.0,32,6,6,166666.666666667,0,0,0.0,0.0,0,6.0,333333.333333333,0,0.0,0,0.0,0.0,0.0,0,0,0,0.0,0.0,6,32,0.0
26883,389857,207332,22,18564.619047619,712,207332,390788,56.2965085929,1912,1912,86.9090909091,86.9090909091,640,9531.4146341463,107.4751527683,976,106.4418604651,210,133.25,108.9761904762,133.25,976,2665,2665,42969.919158361,207.2918694941,3,32,137.6880217811
26883,387544,121234,22,18454.4761904762,712,121234,387830,56.7258850527,1944,1944,88.3636363636,88.3636363636,640,9019.3023255814,113.4517701055,976,102.4222222222,215,121.1363636364,104.75,121.1363636364,976,2665,2665,41511.6585858586,203.7441007388,4,32,137.8690011274
241,0,0,22,0.0,32,7,7,142857.142857143,0,0,0.0,0.0,0,7.0,285714.285714286,0,0.0,0,0.0,0.0,0.0,0,0,0,0.0,0.0,7,32,0.0
26883,304592,56988,22,14504.380952381,712,56988,305093,72.1091601577,1944,1944,88.3636363636,88.3636363636,640,7095.1860465116,144.2183203154,976,102.4222222222,225,121.1363636364,104.75,121.1363636364,976,2665,2665,41511.6585858586,203.7441007388,3,32,137.8690011274
26883,332108,123277,22,17479.3684210526,648,123277,332611,60.1303023652,1912,1912,95.6,95.6,640,8112.4634146341,126.273634967,976,106.4418604651,321,121.1363636364,108.9761904762,121.1363636364,976,2665,2665,42969.919158361,207.2918694941,8,32,141.7003510006
26883,426211,141283,22,20295.7619047619,712,102129,426258,51.6119345561,1944,1944,88.3636363636,88.3636363636,640,9912.9767441861,103.2238691121,976,102.4222222222,215,121.1363636364,104.75,121.1363636364,976,2665,2665,41511.6585858586,203.7441007388,4,32,137.8690011274
241,0,0,22,0.0,32,7,7,142857.142857143,0,0,0.0,0.0,0,7.0,285714.285714286,0,0.0,0,0.0,0.0,0.0,0,0,0,0.0,0.0,7,32,0.0
26883,367768,152745,22,17512.7619047619,712,152745,368920,59.6335248834,1912,1912,86.9090909091,86.9090909091,640,8579.5348837209,119.2670497669,976,101.7111111111,239,121.1363636364,104.0227272727,121.1363636364,976,2665,2665,41508.8464646465,203.7371995112,4,32,137.6880217811
26883,380775,98677,22,18132.1428571429,712,98677,381143,57.7211177957,1944,1944,88.3636363636,88.3636363636,640,9296.1707317073,110.1948612463,976,107.1860465116,194,133.25,109.7380952381,133.25,976,2665,2665,42965.6312292359,207.2815265026,5,32,137.8690011274
26883,312039,103149,22,15601.95,680,103149,312662,67.1651815699,1912,1912,91.0476190476,91.0476190476,640,7444.3333333333,137.5287051193,976,104.0227272727,299,121.1363636364,106.4418604651,121.1363636364,976,2665,2665,42228.1157505285,205.4948071133,5,32,139.6790879804
26883,373675,87960,22,16985.2272727273,744,65050,373994,61.4983128072,1928,1928,83.8260869565,83.8260869565,640,8904.6190476191,114.9751065525,976,104.3863636364,263,133.25,106.8139534884,133.25,976,2665,2665,42227.9635306554,205.4944367389,3,32,135.8473917085
26883,348844,72960,22,16611.619047619,712,72960,348900,63.0553167097,1912,1912,86.9090909091,86.9090909091,640,8113.9534883721,126.1106334193,976,101.7111111111,282,121.1363636364,104.0227272727,121.1363636364,976,2665,2665,41508.8464646465,203.7371995112,4,32,137.6880217811
26883,434156,151991,22,20674.0952380952,712,120830,434208,50.6669614563,1928,1928,87.6363636364,87.6363636364,640,10097.8604651163,101.3339229125,976,102.0666666667,224,121.1363636364,104.3863636364,121.1363636364,976,2665,2665,41510.3818181818,203.7409674518,3,32,137.7805520365
26883,376937,51280,22,17133.5,744,51280,376998,61.008281211,1944,1944,84.5217391304,84.5217391304,640,8976.1428571429,114.058960525,976,104.75,302,133.25,107.1860465116,133.25,976,2665,2665,42227.5406976744,205.4934079178,6,32,135.9534912338
26883,316478,93135,22,15070.380952381,712,93135,316536,69.5023630803,1912,1912,86.9090909091,86.9090909091,640,7361.3023255814,139.0047261607,976,101.7111111111,172,121.1363636364,104.0227272727,121.1363636364,976,2665,2665,41508.8464646465,203.7371995112,7,32,137.6880217811
26883,382058,174366,22,18193.2380952381,712,174366,382108,57.5753451904,1928,1928,87.6363636364,87.6363636364,640,9319.7073170732,109.9165680907,976,106.8139534884,208,133.25,109.3571428571,133.25,976,2665,2665,42967.9169435216,207.2870399796,5,32,137.7805520365
241,0,0,22,0.0,32,19,19,52631.5789473684,0,0,0.0,0.0,0,19.0,105263.157894737,0,0.0,0,0.0,0.0,0.0,0,0,0,0.0,0.0,19,32,0.0
241,0,0,22,0.0,32,6,6,166666.666666667,0,0,0.0,0.0,0,6.0,333333.333333333,0,0.0,0,0.0,0.0,0.0,0,0,0,0.0,0.0,6,32,0.0
26883,356112,146637,22,16957.7142857143,712,146637,357559,61.5283072164,1912,1912,86.9090909091,86.9090909091,640,8720.9512195122,117.4631319586,976,106.4418604651,203,133.25,108.9761904762,133.25,976,2665,2665,42969.919158361,207.2918694941,7,32,137.6880217811
26883,333483,137023,22,15880.1428571429,712,137023,333530,65.9610829611,1944,1944,88.3636363636,88.3636363636,640,7756.511627907,131.9221659221,976,102.4222222222,295,121.1363636364,104.75,121.1363636364,976,2665,2665,41511.6585858586,203.7441007388,1,32,137.8690011274
26883,384094,95952,22,18290.1904761905,712,95952,384306,57.2460487216,1912,1912,86.9090909091,86.9090909091,640,8937.3488372093,114.4920974432,976,101.7111111111,234,121.1363636364,104.0227272727,121.1363636364,976,2665,2665,41508.8464646465,203.7371995112,4,32,137.6880217811
241,0,0,22,0.0,32,5,5,200000.0,0,0,0.0,0.0,0,5.0,400000.0,0,0.0,0,0.0,0.0,0.0,0,0,0,0.0,0.0,5,32,0.0
26883,393162,101477,22,17871.0,744,101477,393220,58.491429734,1928,1928,83.8260869565,83.8260869565,640,9362.380952381,109.3535425462,976,104.3863636364,248,133.25,106.8139534884,133.25,976,2665,2665,42227.9635306554,205.4944367389,4,32,135.8473917085
26883,342720,56807,22,14900.8695652174,776,56807,343857,69.7964560849,1928,1928,80.3333333333,80.3333333333,640,7996.6744186047,127.9601694891,976,102.0666666667,295,133.25,104.3863636364,133.25,976,2665,2665,41510.3818181818,203.7409674518,5,32,133.9586784655
26883,377326,116062,22,17967.9047619048,712,77497,378886,58.0649588531,1912,1912,86.9090909091,86.9090909091,640,8811.3023255814,116.1299177061,976,101.7111111111,264,121.1363636364,104.0227272727,121.1363636364,976,2665,2665,41508.8464646465,203.7371995112,3,32,137.6880217811
241,0,0,22,0.0,32,8,8,125000.0,0,0,0.0,0.0,0,8.0,250000.0,0,0.0,0,0.0,0.0,0.0,0,0,0,0.0,0.0,8,32,0.0
26883,357213,53405,22,15531.0,776,51718,357259,67.1781536644,1912,1912,79.6666666667,79.6666666667,640,7939.0888888889,128.7581278568,976,97.3829787234,303,121.1363636364,99.5,121.1363636364,976,2665,2665,40134.7631822387,200.3366246652,4,32,133.8339875812
26883,386658,85158,22,16811.2173913044,776,85158,386718,62.0607264208,1912,1912,79.6666666667,79.6666666667,640,8593.7333333333,118.9497256399,976,97.3829787234,143,121.1363636364,99.5,121.1363636364,976,2665,2665,40134.7631822387,200.3366246652,5,32,133.8339875812
26883,382193,108948,22,16617.0869565217,776,108948,382567,62.7341093194,1912,1912,79.6666666667,79.6666666667,640,8896.9069767442,115.0125337523,976,101.7111111111,293,133.25,104.0227272727,133.25,976,2665,2665,41508.8464646465,203.7371995112,5,32,133.8339875812
26883,321273,104480,22,15298.7142857143,712,104480,321307,68.4703414491,1912,1912,86.9090909091,86.9090909091,640,7472.2558139535,136.9406828983,976,101.7111111111,164,121.1363636364,104.0227272727,121.1363636364,976,2665,2665,41508.8464646465,203.7371995112,3,32,137.6880217811
241,0,0,22,0.0,32,7,7,142857.142857143,0,0,0.0,0.0,0,7.0,285714.285714286,0,0.0,0,0.0,0.0,0.0,0,0,0,0.0,0.0,7,32,0.0
26883,368704,82023,22,17557.3333333333,712,59439,369710,59.5060993752,1928,1928,87.6363636364,87.6363636364,640,8597.9069767442,119.0121987504,976,102.0666666667,269,121.1363636364,104.3863636364,121.1363636364,976,2665,2665,41510.3818181818,203.7409674518,4,32,137.7805520365
26883,352798,115451,22,17639.9,680,115451,352941,59.50002975,1912,1912,91.0476190476,91.0476190476,640,8403.3571428571,121.83339425,976,104.0227272727,263,121.1363636364,106.4418604651,121.1363636364,976,2665,2665,42228.1157505285,205.4948071133,3,32,139.6790879804
26883,345449,121040,22,16449.9523809524,712,121040,345498,63.6762007305,1928,1928,87.6363636364,87.6363636364,640,8034.8372093023,127.3524014611,976,102.0666666667,228,121.1363636364,104.3863636364,121.1363636364,976,2665,2665,41510.3818181818,203.7409674518,4,32,137.7805520365
26883,350862,76935,22,17543.1,680,76935,350906,59.8450867184,1944,1944,92.5714285714,92.5714285714,640,8354.9047619048,122.539939471,976,104.75,352,121.1363636364,107.1860465116,121.1363636364,976,2665,2665,42227.5406976744,205.4934079178,6,32,139.8186580641
26883,378728,99923,22,17214.9090909091,744,99923,380455,60.4539301626,1912,1912,83.1304347826,83.1304347826,640,8646.7045454545,118.2794285789,976,99.5,162,121.1363636364,101.7111111111,121.1363636364,976,2665,2665,40811.3222222222,202.0181234994,5,32,135.7374820439
26883,313507,71686,22,14928.9047619048,712,69746,314002,70.0632480048,1912,1912,86.9090909091,86.9090909091,640,7302.3720930233,140.1264960096,976,101.7111111111,139,121.1363636364,104.0227272727,121.1363636364,976,2665,2665,41508.8464646465,203.7371995112,8,32,137.6880217811
26883,375529,60107,22,15647.0416666667,808,43718,377099,66.2955881612,1992,1992,79.68,79.68,640,8570.4318181818,119.3320586902,976,101.2391304348,19,133.25,103.4888888889,133.25,976,2665,2665,40824.2304347826,202.0500691284,5,32,132.6344349456
26883,378097,75508,22,16439.0,776,75508,378146,63.4675495708,1944,1944,81.0,81.0,640,8403.2444444444,121.6461366774,976,98.0638297872,76,121.1363636364,100.1956521739,121.1363636364,976,2665,2665,40143.4958371878,200.3584184335,2,32,134.0797945417
241,0,0,22,0.0,32,6,6,166666.666666667,0,0,0.0,0.0,0,6.0,333333.333333333,0,0.0,0,0.0,0.0,0.0,0,0,0,0.0,0.0,6,32,0.0
26883,375425,100363,22,17877.380952381,712,100363,375475,58.5924495639,1928,1928,87.6363636364,87.6363636364,640,8731.9767441861,117.1848991278,976,102.0666666667,126,121.1363636364,104.3863636364,121.1363636364,976,2665,2665,41510.3818181818,203.7409674518,4,32,137.7805520365
26883,355357,82350,22,16921.7619047619,712,82350,355409,61.9005146184,1928,1928,87.6363636364,87.6363636364,640,8265.3255813954,123.8010292367,976,102.0666666667,345,121.1363636364,104.3863636364,121.1363636364,976,2665,2665,41510.3818181818,203.7409674518,2,32,137.7805520365
26883,388728,107150,22,18510.8571428571,712,107150,389487,56.4845553253,1928,1928,87.6363636364,87.6363636364,640,9057.8372093023,112.9691106507,976,102.0666666667,6,121.1363636364,104.3863636364,121.1363636364,976,2665,2665,41510.3818181818,203.7409674518,3,32,137.7805520365
26883,350060,55308,22,15220.0,776,55308,350122,68.5475348593,1912,1912,79.6666666667,79.6666666667,640,7780.4888888889,131.3827751469,976,97.3829787234,225,121.1363636364,99.5,121.1363636364,976,2665,2665,40134.7631822387,200.3366246652,4,32,133.8339875812
26883,287773,128097,22,15145.9473684211,648,128097,288347,69.3608742245,1928,1928,96.4,96.4,640,7032.8536585366,145.6578358714,976,106.8139534884,333,121.1363636364,109.3571428571,121.1363636364,976,2665,2665,42967.9169435216,207.2870399796,4,32,141.7478859027
26883,250307,62240,22,12515.35,680,62240,250937,83.6863435842,1928,1928,91.8095238095,91.8095238095,640,5974.6904761905,171.3577511487,976,104.3863636364,305,121.1363636364,106.8139534884,121.1363636364,976,2665,2665,42227.9635306554,205.4944367389,5,32,139.7510712115
26883,366930,125762,22,17472.8571428571,712,125762,367155,59.9201971919,1928,1928,87.6363636364,87.6363636364,640,8538.488372093,119.8403943838,976,102.0666666667,201,121.1363636364,104.3863636364,121.1363636364,976,2665,2665,41510.3818181818,203.7409674518,3,32,137.7805520365
26883,326972,71711,22,15570.0952380952,712,71711,327523,67.1708551766,1912,1912,86.9090909091,86.9090909091,640,7616.8139534884,134.3417103532,976,101.7111111111,188,121.1363636364,104.0227272727,121.1363636364,976,2665,2665,41508.8464646465,203.7371995112,4,32,137.6880217811
26883,390187,105452,22,18580.3333333333,712,82622,390234,56.3764305519,1912,1912,86.9090909091,86.9090909091,640,9075.2093023256,112.7528611039,976,101.7111111111,287,121.1363636364,104.0227272727,121.1363636364,976,2665,2665,41508.8464646465,203.7371995112,4,32,137.6880217811
241,0,0,22,0.0,32,8,8,125000.0,0,0,0.0,0.0,0,8.0,250000.0,0,0.0,0,0.0,0.0,0.0,0,0,0,0.0,0.0,8,32,0.0
26883,368506,110571,22,17547.9047619048,712,110571,368556,59.6924212331,1928,1928,87.6363636364,87.6363636364,640,8989.1707317073,113.9582587178,976,106.8139534884,252,133.25,109.3571428571,133.25,976,2665,2665,42967.9169435216,207.2870399796,3,32,137.7805520365
26883,408951,134240,22,19473.8571428571,712,112499,409042,53.7842079786,1944,1944,88.3636363636,88.3636363636,640,9512.6046511628,107.5684159573,976,102.4222222222,194,121.1363636364,104.75,121.1363636364,976,2665,2665,41511.6585858586,203.7441007388,5,32,137.8690011274
26883,385813,159458,22,18372.0476190476,712,119665,385866,57.0146112899,2008,2008,91.2727272727,91.2727272727,640,8973.6279069768,114.0292225799,976,103.8444444444,285,121.1363636364,106.2045454545,121.1363636364,976,2665,2665,41514.1797979798,203.7502878476,4,32,138.1821371607
241,0,0,22,0.0,32,8,8,125000.0,0,0,0.0,0.0,0,8.0,250000.0,0,0.0,0,0.0,0.0,0.0,0,0,0,0.0,0.0,8,32,0.0
26883,378149,107462,22,18007.0952380952,712,71218,378195,58.1710493264,1912,1912,86.9090909091,86.9090909091,640,8795.2325581395,116.3420986528,976,101.7111111111,322,121.1363636364,104.0227272727,121.1363636364,976,2665,2665,41508.8464646465,203.7371995112,5,32,137.6880217811
26883,342211,103587,22,16295.7619047619,712,69896,342297,64.2716705084,1912,1912,86.9090909091,86.9090909091,640,7960.3953488372,128.5433410167,976,101.7111111111,290,121.1363636364,104.0227272727,121.1363636364,976,2665,2665,41508.8464646465,203.7371995112,3,32,137.6880217811
26883,313739,68020,22,14939.9523809524,712,64166,313835,70.1005305336,1912,1912,86.9090909091,86.9090909091,640,7298.488372093,140.2010610671,976,101.7111111111,133,121.1363636364,104.0227272727,121.1363636364,976,2665,2665,41508.8464646465,203.7371995112,3,32,137.6880217811
26883,366468,98324,22,17450.8571428571,712,98324,367148,59.9213396233,1944,1944,88.3636363636,88.3636363636,640,8741.6190476191,117.1189819909,976,104.75,323,126.9047619048,107.1860465116,126.9047619048,976,2665,2665,42227.5406976744,205.4934079178,1,32,137.8690011274
26883,377675,100023,22,17984.5238095238,712,100023,378785,58.0804414114,1912,1912,86.9090909091,86.9090909091,640,9238.6585365854,110.8808426944,976,106.4418604651,235,133.25,108.9761904762,133.25,976,2665,2665,42969.919158361,207.2918694941,4,32,137.6880217811
26883,384837,104439,22,18325.5714285714,712,104439,384886,57.1597823771,1912,1912,86.9090909091,86.9090909091,640,8950.8372093023,114.3195647542,976,101.7111111111,223,121.1363636364,104.0227272727,121.1363636364,976,2665,2665,41508.8464646465,203.7371995112,3,32,137.6880217811
241,0,0,22,0.0,32,18,18,55555.5555555556,0,0,0.0,0.0,0,18.0,111111.111111111,0,0.0,0,0.0,0.0,0.0,0,0,0,0.0,0.0,18,32,0.0
26883,393532,132112,22,19676.6,680,132112,394079,53.2888075741,1944,1944,92.5714285714,92.5714285714,640,9382.8333333333,109.1151774137,976,104.75,356,121.1363636364,107.1860465116,121.1363636364,976,2665,2665,42227.5406976744,205.4934079178,5,32,139.8186580641
26883,382844,83254,22,15313.76,840,83254,383470,67.8019141002,1912,1912,73.5384615385,73.5384615385,640,8521.5555555556,119.9572326388,976,97.3829787234,101,133.25,99.5,133.25,976,2665,2665,40134.7631822387,200.3366246652,5,32,130.1817900535
26883,382499,92234,22,18214.2380952381,712,92234,382560,57.5073191133,2008,2008,91.2727272727,91.2727272727,640,9330.7317073171,109.7867001255,976,108.6744186047,239,133.25,111.2619047619,133.25,976,2665,2665,42953.6533776301,207.2526317749,3,32,138.1821371607
26883,329400,84092,22,15685.7142857143,712,84092,329978,66.6711114074,1944,1944,88.3636363636,88.3636363636,640,7673.9069767442,133.3422228149,976,102.4222222222,248,121.1363636364,104.75,121.1363636364,976,2665,2665,41511.6585858586,203.7441007388,7,32,137.8690011274
26883,339219,125682,22,16960.95,680,125682,339828,61.7959673717,1928,1928,91.8095238095,91.8095238095,640,8091.1428571429,126.5345998564,976,104.3863636364,338,121.1363636364,106.8139534884,121.1363636364,976,2665,2665,42227.9635306554,205.4944367389,7,32,139.7510712115
26883,379989,125207,22,18094.7142857143,712,125207,380041,57.8884909786,1928,1928,87.6363636364,87.6363636364,640,9269.2926829268,110.5143918682,976,106.8139534884,219,133.25,109.3571428571,133.25,976,2665,2665,42967.9169435216,207.2870399796,6,32,137.7805520365
26883,371321,92263,22,17681.9523809524,712,92263,371361,59.2415466352,1928,1928,87.6363636364,87.6363636364,640,8636.3023255814,118.4830932704,976,102.0666666667,93,121.1363636364,104.3863636364,121.1363636364,976,2665,2665,41510.3818181818,203.7409674518,6,32,137.7805520365
26883,390540,130357,22,16980.0,776,130357,390591,61.4453482031,1912,1912,79.6666666667,79.6666666667,640,9083.511627907,112.649805039,976,101.7111111111,201,133.25,104.0227272727,133.25,976,2665,2665,41508.8464646465,203.7371995112,6,32,133.8339875812
26883,388520,107662,22,18500.9523809524,712,80769,388577,56.6168352733,1928,1928,87.6363636364,87.6363636364,640,9036.6744186047,113.2336705466,976,102.0666666667,243,121.1363636364,104.3863636364,121.1363636364,976,2665,2665,41510.3818181818,203.7409674518,5,32,137.7805520365
241,0,0,22,0.0,32,8,8,125000.0,0,0,0.0,0.0,0,8.0,250000.0,0,0.0,0,0.0,0.0,0.0,0,0,0,0.0,0.0,8,32,0.0
26883,344093,122709,22,16385.380952381,712,122709,346179,63.5509375208,1912,1912,86.9090909091,86.9090909091,640,8050.6744186047,127.1018750415,976,101.7111111111,309,121.1363636364,104.0227272727,121.1363636364,976,2665,2665,41508.8464646465,203.7371995112,1,32,137.6880217811
26883,385369,108731,22,18350.9047619048,712,108731,385422,57.0802912133,1944,1944,88.3636363636,88.3636363636,640,9400.5365853659,108.9714650435,976,107.1860465116,186,133.25,109.7380952381,133.25,976,2665,2665,42965.6312292359,207.2815265026,5,32,137.8690011274
26883,384430,127633,22,18306.1904761905,712,127633,384477,57.2205879676,1944,1944,88.3636363636,88.3636363636,640,9377.4878048781,109.2393043017,976,107.1860465116,229,133.25,109.7380952381,133.25,976,2665,2665,42965.6312292359,207.2815265026,6,32,137.8690011274
26883,333879,154186,22,15899.0,712,154186,333931,65.8818738003,1944,1944,88.3636363636,88.3636363636,640,7765.8372093023,131.7637476006,976,102.4222222222,295,121.1363636364,104.75,121.1363636364,976,2665,2665,41511.6585858586,203.7441007388,6,32,137.8690011274
26883,375046,130629,22,17859.3333333333,712,130629,375801,58.5416217626,1912,1912,86.9090909091,86.9090909091,640,9165.8780487805,111.7612779104,976,106.4418604651,197,133.25,108.9761904762,133.25,976,2665,2665,42969.919158361,207.2918694941,3,32,137.6880217811
26883,382630,102079,22,18220.4761904762,712,102079,383136,57.4208636098,1944,1944,88.3636363636,88.3636363636,640,8910.1395348837,114.8417272196,976,102.4222222222,159,121.1363636364,104.75,121.1363636364,976,2665,2665,41511.6585858586,203.7441007388,5,32,137.8690011274
241,0,0,22,0.0,32,7,7,142857.142857143,0,0,0.0,0.0,0,7.0,285714.285714286,0,0.0,0,0.0,0.0,0.0,0,0,0,0.0,0.0,7,32,0.0
241,0,0,22,0.0,32,4,4,250000.0,0,0,0.0,0.0,0,4.0,500000.0,0,0.0,0,0.0,0.0,0.0,0,0,0,0.0,0.0,4,32,0.0
26883,335453,67381,22,15973.9523809524,712,67381,336691,65.3418119284,1960,1960,89.0909090909,89.0909090909,640,7830.023255814,130.6836238569,976,102.7777777778,150,121.1363636364,105.1136363636,121.1363636364,976,2665,2665,41512.6767676768,203.7465994015,3,32,137.9533769037
26883,381537,96085,22,17342.5909090909,744,96085,381583,60.2752219045,1928,1928,83.8260869565,83.8260869565,640,9085.3095238095,112.6884583433,976,104.3863636364,271,133.25,106.8139534884,133.25,976,2665,2665,42227.9635306554,205.4944367389,3,32,135.8473917085
26883,295641,68083,22,14782.05,680,68083,296140,70.9124062943,1912,1912,91.0476190476,91.0476190476,640,7050.9523809524,145.2015938408,976,104.0227272727,351,121.1363636364,106.4418604651,121.1363636364,976,2665,2665,42228.1157505285,205.4948071133,3,32,139.6790879804
26883,344056,101397,22,16383.619047619,712,101397,344097,63.9354600592,1944,1944,88.3636363636,88.3636363636,640,8002.2558139535,127.8709201185,976,102.4222222222,139,121.1363636364,104.75,121.1363636364,976,2665,2665,41511.6585858586,203.7441007388,4,32,137.8690011274
26883,359629,60133,22,16346.7727272727,744,60133,359674,63.9467962655,1912,1912,83.1304347826,83.1304347826,640,8174.4090909091,125.1132970412,976,99.5,272,121.1363636364,101.7111111111,121.1363636364,976,2665,2665,40811.3222222222,202.0181234994,6,32,135.7374820439
26883,365592,99608,22,15895.3043478261,776,99608,365642,65.6379737558,1944,1944,81.0,81.0,640,8503.3023255814,120.3362852189,976,102.4222222222,233,133.25,104.75,133.25,976,2665,2665,41511.6585858586,203.7441007388,2,32,134.0797945417
26883,385513,83921,22,15420.52,840,83921,385562,67.434031362,1944,1944,74.7692307692,74.7692307692,640,8568.0444444444,119.3063631789,976,98.0638297872,210,133.25,100.1956521739,133.25,976,2665,2665,40143.4958371878,200.3584184335,2,32,130.4749194879
26883,378080,128712,22,16438.2608695652,776,128712,378136,63.4692280026,1912,1912,79.6666666667,79.6666666667,640,8793.8604651163,116.3602513381,976,101.7111111111,191,133.25,104.0227272727,133.25,976,2665,2665,41508.8464646465,203.7371995112,5,32,133.8339875812
26883,318567,73666,22,15169.8571428571,712,73666,318612,69.0495022159,1944,1944,88.3636363636,88.3636363636,640,7409.5813953488,138.0990044317,976,102.4222222222,315,121.1363636364,104.75,121.1363636364,976,2665,2665,41511.6585858586,203.7441007388,3,32,137.8690011274
26883,360859,192112,22,18042.95,680,192112,360925,58.1838332063,1960,1960,93.3333333333,93.3333333333,640,8593.4523809524,119.1383251368,976,105.1136363636,180,121.1363636364,107.5581395349,121.1363636364,976,2665,2665,42226.8472515856,205.49172064,4,32,139.881854911
26883,374360,76688,22,17826.6666666667,712,69911,374424,58.7569172916,1912,1912,86.9090909091,86.9090909091,640,8707.5348837209,117.5138345833,976,101.7111111111,289,121.1363636364,104.0227272727,121.1363636364,976,2665,2665,41508.8464646465,203.7371995112,6,32,137.6880217811
26883,379614,125940,22,18076.8571428571,712,125940,383454,57.3732442483,1928,1928,87.6363636364,87.6363636364,640,8917.5348837209,114.7464884967,976,102.0666666667,357,121.1363636364,104.3863636364,121.1363636364,976,2665,2665,41510.3818181818,203.7409674518,1,32,137.7805520365
26883,384222,131683,22,16705.3043478261,776,131683,384275,62.4552729165,1928,1928,80.3333333333,80.3333333333,640,8936.6279069767,114.5013336803,976,102.0666666667,278,133.25,104.3863636364,133.25,976,2665,2665,41510.3818181818,203.7409674518,4,32,133.9586784655
26883,368764,101879,22,16033.2173913043,776,101879,368824,65.0716873089,1944,1944,81.0,81.0,640,8196.0888888889,124.7207340086,976,98.0638297872,185,121.1363636364,100.1956521739,121.1363636364,976,2665,2665,40143.4958371878,200.3584184335,4,32,134.0797945417
26883,387543,103619,22,18454.4285714286,712,103619,387713,56.7430032008,1928,1928,87.6363636364,87.6363636364,640,9016.5813953488,113.4860064016,976,102.0666666667,248,121.1363636364,104.3863636364,121.1363636364,976,2665,2665,41510.3818181818,203.7409674518,3,32,137.7805520365
26883,376172,168922,22,17912.9523809524,712,168922,376384,58.4509437171,1912,1912,86.9090909091,86.9090909091,640,9180.0975609756,111.588165278,976,106.4418604651,222,133.25,108.9761904762,133.25,976,2665,2665,42969.919158361,207.2918694941,3,32,137.6880217811
241,0,0,22,0.0,32,8,8,125000.0,0,0,0.0,0.0,0,8.0,250000.0,0,0.0,0,0.0,0.0,0.0,0,0,0,0.0,0.0,8,32,0.0
241,0,0,22,0.0,32,8,8,125000.0,0,0,0.0,0.0,0,8.0,250000.0,0,0.0,0,0.0,0.0,0.0,0,0,0,0.0,0.0,8,32,0.0
241,0,0,22,0.0,32,7,7,142857.142857143,0,0,0.0,0.0,0,7.0,285714.285714286,0,0.0,0,0.0,0.0,0.0,0,0,0,0.0,0.0,7,32,0.0
26883,359742,117939,22,17130.5714285714,712,117939,359788,61.1471199706,1912,1912,86.9090909091,86.9090909091,640,8367.1627906977,122.2942399413,976,101.7111111111,327,121.1363636364,104.0227272727,121.1363636364,976,2665,2665,41508.8464646465,203.7371995112,3,32,137.6880217811
26883,400677,143619,22,19079.8571428571,712,143619,401018,54.8603803321,1928,1928,87.6363636364,87.6363636364,640,9780.9268292683,104.7334533612,976,106.8139534884,231,133.25,109.3571428571,133.25,976,2665,2665,42967.9169435216,207.2870399796,2,32,137.7805520365
26883,394951,104431,22,18807.1904761905,712,104338,394985,55.6983176576,1960,1960,89.0909090909,89.0909090909,640,9185.6976744186,111.3966353153,976,102.7777777778,266,121.1363636364,105.1136363636,121.1363636364,976,2665,2665,41512.6767676768,203.7465994015,5,32,137.9533769037
26883,373521,48608,22,15563.375,808,43541,373588,66.9186376436,1944,1944,77.76,77.76,640,8490.6363636364,120.4535477585,976,100.1956521739,290,133.25,102.4222222222,133.25,976,2665,2665,40817.2275362319,202.0327387733,2,32,132.2526874333
26883,357031,136364,22,17001.4761904762,712,136364,357075,61.6117062242,1912,1912,86.9090909091,86.9090909091,640,8304.0697674419,123.2234124484,976,101.7111111111,263,121.1363636364,104.0227272727,121.1363636364,976,2665,2665,41508.8464646465,203.7371995112,2,32,137.6880217811
26883,356906,122272,22,16995.5238095238,712,122272,357730,61.4988958153,1928,1928,87.6363636364,87.6363636364,640,8319.3023255814,122.9977916306,976,102.0666666667,172,121.1363636364,104.3863636364,121.1363636364,976,2665,2665,41510.3818181818,203.7409674518,8,32,137.7805520365
26883,377782,77660,22,16425.3043478261,776,77660,381964,62.8331465793,1912,1912,79.6666666667,79.6666666667,640,8488.0888888889,120.4301976102,976,97.3829787234,257,121.1363636364,99.5,121.1363636364,976,2665,2665,40134.7631822387,200.3366246652,5,32,133.8339875812
26883,381729,88973,22,16596.9130434783,776,88973,381780,62.8634292001,1928,1928,80.3333333333,80.3333333333,640,8484.0,120.4882393001,976,97.7234042553,208,121.1363636364,99.847826087,121.1363636364,976,2665,2665,40139.2479185939,200.3478173542,4,32,133.9586784655
26883,355315,109389,22,16919.7619047619,712,109389,355800,61.832490163,1912,1912,86.9090909091,86.9090909091,640,8274.4186046512,123.664980326,976,101.7111111111,164,121.1363636364,104.0227272727,121.1363636364,976,2665,2665,41508.8464646465,203.7371995112,3,32,137.6880217811
26883,339810,64028,22,16181.4285714286,712,64028,340343,64.6406713228,1928,1928,87.6363636364,87.6363636364,640,7914.9534883721,129.2813426455,976,102.0666666667,284,121.1363636364,104.3863636364,121.1363636364,976,2665,2665,41510.3818181818,203.7409674518,3,32,137.7805520365
241,275,275,22,275.0,64,271,275,7272.7272727273,0,0,0.0,0.0,0,137.5,10909.0909090909,0,0.0,275,0.0,0.0,0.0,0,0,0,0.0,0.0,4,32,0.0
26883,379925,54828,22,18996.25,680,54828,379974,55.2669393169,1944,1944,92.5714285714,92.5714285714,640,9499.35,107.9021196187,976,109.7380952381,243,133.25,112.4146341463,133.25,976,2665,2665,43726.6858304297,209.1092676818,5,32,139.8186580641
26883,388400,127966,22,18495.2380952381,712,127966,388453,56.6349082128,1928,1928,87.6363636364,87.6363636364,640,9033.7906976744,113.2698164257,976,102.0666666667,265,121.1363636364,104.3863636364,121.1363636364,976,2665,2665,41510.3818181818,203.7409674518,5,32,137.7805520365
26883,319992,123463,22,15237.7142857143,712,123463,320041,68.7411925347,1928,1928,87.6363636364,87.6363636364,640,7620.0238095238,134.3577854087,976,104.3863636364,107,126.9047619048,106.8139534884,126.9047619048,976,2665,2665,42227.9635306554,205.4944367389,3,32,137.7805520365
26883,316360,106368,22,15818.0,680,106368,316405,66.3706325753,1928,1928,91.8095238095,91.8095238095,640,7533.4523809524,135.9017714638,976,104.3863636364,325,121.1363636364,106.8139534884,121.1363636364,976,2665,2665,42227.9635306554,205.4944367389,4,32,139.7510712115
26883,340549,90868,22,16216.619047619,712,90868,341085,64.5000513069,1928,1928,87.6363636364,87.6363636364,640,7932.2093023256,129.0001026137,976,102.0666666667,185,121.1363636364,104.3863636364,121.1363636364,976,2665,2665,41510.3818181818,203.7409674518,6,32,137.7805520365
26883,409716,192970,22,19510.2857142857,712,192970,409767,53.6890476783,1928,1928,87.6363636364,87.6363636364,640,9994.3170731707,102.4972728404,976,106.8139534884,231,133.25,109.3571428571,133.25,976,2665,2665,42967.9169435216,207.2870399796,3,32,137.7805520365
26883,383036,108278,22,18239.8095238095,712,108278,383088,57.4280583051,1992,1992,90.5454545455,90.5454545455,640,8909.023255814,114.8561166103,976,103.4888888889,313,121.1363636364,105.8409090909,121.1363636364,976,2665,2665,41513.9373737374,203.7496929415,4,32,138.1099380144
241,0,0,22,0.0,32,8,8,125000.0,0,0,0.0,0.0,0,8.0,250000.0,0,0.0,0,0.0,0.0,0.0,0,0,0,0.0,0.0,8,32,0.0
26883,381016,106363,22,18143.619047619,712,106363,381070,57.7321751909,1944,1944,88.3636363636,88.3636363636,640,8862.0930232558,115.4643503818,976,102.4222222222,197,121.1363636364,104.75,121.1363636364,976,2665,2665,41511.6585858586,203.7441007388,5,32,137.8690011274
26883,372000,117182,22,17714.2857142857,712,117182,372519,59.0573903613,1912,1912,86.9090909091,86.9090909091,640,8663.2325581395,118.1147807226,976,101.7111111111,294,121.1363636364,104.0227272727,121.1363636364,976,2665,2665,41508.8464646465,203.7371995112,5,32,137.6880217811
26883,374471,152023,22,17831.9523809524,712,152023,374516,58.7424836322,1928,1928,87.6363636364,87.6363636364,640,9134.5365853659,112.1447414797,976,106.8139534884,216,133.25,109.3571428571,133.25,976,2665,2665,42967.9169435216,207.2870399796,2,32,137.7805520365
26883,324475,65960,22,15451.1904761905,712,65573,324557,67.7847034573,1912,1912,86.9090909091,86.9090909091,640,7547.8372093023,135.5694069147,976,101.7111111111,159,121.1363636364,104.0227272727,121.1363636364,976,2665,2665,41508.8464646465,203.7371995112,3,32,137.6880217811
241,0,0,22,0.0,32,18,18,55555.5555555556,0,0,0.0,0.0,0,18.0,111111.111111111,0,0.0,0,0.0,0.0,0.0,0,0,0,0.0,0.0,18,32,0.0
26883,379563,129409,22,18074.4285714286,712,129409,380075,57.8833125041,1912,1912,86.9090909091,86.9090909091,640,8838.9534883721,115.7666250082,976,101.7111111111,350,121.1363636364,104.0227272727,121.1363636364,976,2665,2665,41508.8464646465,203.7371995112,4,32,137.6880217811
26883,393689,155637,22,19684.45,680,155637,393946,53.3067983937,1928,1928,91.8095238095,91.8095238095,640,9848.65,104.0751778162,976,109.3571428571,255,133.25,112.0243902439,133.25,976,2665,2665,43731.0156794425,209.1196205033,2,32,139.7510712115
26883,281025,60237,22,14051.25,680,48117,281080,74.7118258147,1912,1912,91.0476190476,91.0476190476,640,6692.380952381,152.9813576206,976,104.0227272727,242,121.1363636364,106.4418604651,121.1363636364,976,2665,2665,42228.1157505285,205.4948071133,2,32,139.6790879804
26883,372644,134108,22,17744.9523809524,712,134108,372676,59.0325108137,1960,1960,89.0909090909,89.0909090909,640,8666.8837209302,118.0650216274,976,102.7777777778,372,121.1363636364,105.1136363636,121.1363636364,976,2665,2665,41512.6767676768,203.7465994015,2,32,137.9533769037
26883,406327,206574,22,19348.9047619048,712,206574,406369,54.1379878879,1928,1928,87.6363636364,87.6363636364,640,9911.4390243902,103.3543405132,976,106.8139534884,249,133.25,109.3571428571,133.25,976,2665,2665,42967.9169435216,207.2870399796,3,32,137.7805520365
26883,356467,99962,22,15498.5652173913,776,99962,356563,67.3092833525,1912,1912,79.6666666667,79.6666666667,640,7923.6222222222,129.0094597589,976,97.3829787234,182,121.1363636364,99.5,121.1363636364,976,2665,2665,40134.7631822387,200.3366246652,3,32,133.8339875812
241,0,0,22,0.0,32,9,9,111111.111111111,0,0,0.0,0.0,0,9.0,222222.222222222,0,0.0,0,0.0,0.0,0.0,0,0,0,0.0,0.0,9,32,0.0
26883,405066,102510,22,19288.8571428571,712,102510,405124,54.3043611339,2008,2008,91.2727272727,91.2727272727,640,9421.488372093,108.6087222678,976,103.8444444444,172,121.1363636364,106.2045454545,121.1363636364,976,2665,2665,41514.1797979798,203.7502878476,3,32,138.1821371607
26883,380397,83709,22,17290.7727272727,744,83709,381617,60.26985171,1928,1928,83.8260869565,83.8260869565,640,9086.1190476191,112.6784184143,976,104.3863636364,298,133.25,106.8139534884,133.25,976,2665,2665,42227.9635306554,205.4944367389,7,32,135.8473917085
26883,374288,90752,22,17013.0909090909,744,90752,375096,61.3176360185,1912,1912,83.1304347826,83.1304347826,640,8524.9090909091,119.9692878623,976,99.5,241,121.1363636364,101.7111111111,121.1363636364,976,2665,2665,40811.3222222222,202.0181234994,4,32,135.7374820439
241,0,0,22,0.0,32,9,9,111111.111111111,0,0,0.0,0.0,0,9.0,222222.222222222,0,0.0,0,0.0,0.0,0.0,0,0,0,0.0,0.0,9,32,0.0
26883,382271,54314,22,15927.9583333333,808,54314,382699,65.3254907904,1912,1912,76.48,76.48,640,8697.7045454546,117.5858834227,976,99.5,192,133.25,101.7111111111,133.25,976,2665,2665,40811.3222222222,202.0181234994,6,32,131.9814128328
26883,383914,123212,22,18281.619047619,712,89460,384023,57.2882353401,1928,1928,87.6363636364,87.6363636364,640,8930.7674418605,114.5764706801,976,102.0666666667,162,121.1363636364,104.3863636364,121.1363636364,976,2665,2665,41510.3818181818,203.7409674518,3,32,137.7805520365
26883,310294,52025,22,15514.7,680,52025,310867,67.5530049828,1912,1912,91.0476190476,91.0476190476,640,7771.675,131.8892002046,976,108.9761904762,226,133.25,111.6341463415,133.25,976,2665,2665,43735.0481997677,209.1292619405,4,32,139.6790879804
26883,364793,62490,22,15860.5652173913,776,46560,364860,65.7786548265,1912,1912,79.6666666667,79.6666666667,640,8108.0,126.0757550841,976,97.3829787234,240,121.1363636364,99.5,121.1363636364,976,2665,2665,40134.7631822387,200.3366246652,3,32,133.8339875812
26883,375885,61542,22,15661.875,808,61542,375939,66.5001502903,1928,1928,77.12,77.12,640,8544.0681818182,119.7002705226,976,99.847826087,63,133.25,102.0666666667,133.25,976,2665,2665,40814.3985507246,202.0257373473,5,32,132.1187344777
26883,384994,99134,22,16738.8695652174,776,99134,385666,62.2300124979,1928,1928,80.3333333333,80.3333333333,640,8968.9767441861,114.0883562461,976,102.0666666667,229,133.25,104.3863636364,133.25,976,2665,2665,41510.3818181818,203.7409674518,2,32,133.9586784655
26883,407823,153455,22,19420.1428571429,712,117116,407891,53.9359779941,1944,1944,88.3636363636,88.3636363636,640,9485.8372093023,107.8719559882,976,102.4222222222,148,121.1363636364,104.75,121.1363636364,976,2665,2665,41511.6585858586,203.7441007388,5,32,137.8690011274
26883,389559,95436,22,16937.347826087,776,95436,389832,61.5649818383,1912,1912,79.6666666667,79.6666666667,640,9065.8604651163,112.8691333703,976,101.7111111111,274,133.25,104.0227272727,133.25,976,2665,2665,41508.8464646465,203.7371995112,6,32,133.8339875812
241,0,0,22,0.0,32,4,4,250000.0,0,0,0.0,0.0,0,4.0,500000.0,0,0.0,0,0.0,0.0,0.0,0,0,0,0.0,0.0,4,32,0.0
26883,304828,69512,22,14515.619047619,712,69512,304865,72.1630885802,1928,1928,87.6363636364,87.6363636364,640,7258.6904761905,141.0460367704,976,104.3863636364,318,126.9047619048,106.8139534884,126.9047619048,976,2665,2665,42227.9635306554,205.4944367389,5,32,137.7805520365
26883,347861,68050,22,17393.05,680,43163,347913,60.3599175656,1928,1928,91.8095238095,91.8095238095,640,8283.6428571429,123.59411692,976,104.3863636364,284,121.1363636364,106.8139534884,121.1363636364,976,2665,2665,42227.9635306554,205.4944367389,5,32,139.7510712115
26883,349724,51004,22,16653.5238095238,712,51004,349775,62.8975770138,1912,1912,86.9090909091,86.9090909091,640,8134.3023255814,125.7951540276,976,101.7111111111,264,121.1363636364,104.0227272727,121.1363636364,976,2665,2665,41508.8464646465,203.7371995112,5,32,137.6880217811
26883,397939,128755,22,18949.4761904762,712,128755,398105,55.2618027907,1912,1912,86.9090909091,86.9090909091,640,9258.2558139535,110.5236055814,976,101.7111111111,226,121.1363636364,104.0227272727,121.1363636364,976,2665,2665,41508.8464646465,203.7371995112,4,32,137.6880217811
26883,358557,98853,22,17074.1428571429,712,98853,359128,61.2594952218,1912,1912,86.9090909091,86.9090909091,640,8351.8139534884,122.5189904435,976,101.7111111111,155,121.1363636364,104.0227272727,121.1363636364,976,2665,2665,41508.8464646465,203.7371995112,4,32,137.6880217811
241,0,0,22,0.0,32,7,7,142857.142857143,0,0,0.0,0.0,0,7.0,285714.285714286,0,0.0,0,0.0,0.0,0.0,0,0,0,0.0,0.0,7,32,0.0
241,0,0,22,0.0,32,6,6,166666.666666667,0,0,0.0,0.0,0,6.0,333333.333333333,0,0.0,0,0.0,0.0,0.0,0,0,0,0.0,0.0,6,32,0.0
26883,398347,158497,22,18968.9047619048,712,158497,398722,55.1762882409,1912,1912,86.9090909091,86.9090909091,640,9724.9268292683,105.3365502781,976,106.4418604651,237,133.25,108.9761904762,133.25,976,2665,2665,42969.919158361,207.2918694941,2,32,137.6880217811
26883,368427,88194,22,16746.6818181818,744,88194,368478,62.4189232464,1928,1928,83.8260869565,83.8260869565,640,8374.5,122.1239802648,976,99.847826087,242,121.1363636364,102.0666666667,121.1363636364,976,2665,2665,40814.3985507246,202.0257373473,4,32,135.8473917085
26883,384062,78402,22,16698.347826087,776,78402,384186,62.4697412191,1928,1928,80.3333333333,80.3333333333,640,8537.4666666667,119.7336706699,976,97.7234042553,203,121.1363636364,99.847826087,121.1363636364,976,2665,2665,40139.2479185939,200.3478173542,3,32,133.9586784655
26883,402057,194890,22,19145.5714285714,712,194890,402334,54.6809367342,1912,1912,86.9090909091,86.9090909091,640,9356.6046511628,109.3618734683,976,101.7111111111,259,121.1363636364,104.0227272727,121.1363636364,976,2665,2665,41508.8464646465,203.7371995112,6,32,137.6880217811
241,0,0,22,0.0,32,7,7,142857.142857143,0,0,0.0,0.0,0,7.0,285714.285714286,0,0.0,0,0.0,0.0,0.0,0,0,0,0.0,0.0,7,32,0.0
241,0,0,22,0.0,32,6,6,166666.666666667,0,0,0.0,0.0,0,6.0,333333.333333333,0,0.0,0,0.0,0.0,0.0,0,0,0,0.0,0.0,6,32,0.0
241,0,0,22,0.0,32,7,7,142857.142857143,0,0,0.0,0.0,0,7.0,285714.285714286,0,0.0,0,0.0,0.0,0.0,0,0,0,0.0,0.0,7,32,0.0
26883,366192,96892,22,17437.7142857143,712,96892,366254,60.0676033572,1944,1944,88.3636363636,88.3636363636,640,8517.5348837209,120.1352067145,976,102.4222222222,199,121.1363636364,104.75,121.1363636364,976,2665,2665,41511.6585858586,203.7441007388,5,32,137.8690011274
26883,374419,133893,22,17829.4761904762,712,133893,374459,58.7514253897,1912,1912,86.9090909091,86.9090909091,640,9133.1463414634,112.1618121076,976,106.4418604651,206,133.25,108.9761904762,133.25,976,2665,2665,42969.919158361,207.2918694941,5,32,137.6880217811
26883,391921,219266,22,18662.9047619048,712,219266,391970,56.1267443937,1912,1912,86.9090909091,86.9090909091,640,9560.243902439,107.1510574789,976,106.4418604651,211,133.25,108.9761904762,133.25,976,2665,2665,42969.919158361,207.2918694941,3,32,137.6880217811
26883,379075,58411,22,17230.6818181818,744,50754,379126,60.6658472381,1912,1912,83.1304347826,83.1304347826,640,9026.8095238095,113.41875788,976,104.0227272727,332,133.25,106.4418604651,133.25,976,2665,2665,42228.1157505285,205.4948071133,7,32,135.7374820439
26883,355990,85040,22,16951.9047619048,712,85040,356559,61.70086858,1928,1928,87.6363636364,87.6363636364,640,8292.0697674419,123.4017371599,976,102.0666666667,125,121.1363636364,104.3863636364,121.1363636364,976,2665,2665,41510.3818181818,203.7409674518,4,32,137.7805520365
26883,365794,71668,22,17418.7619047619,712,71668,365843,60.1350852688,1912,1912,86.9090909091,86.9090909091,640,8507.9767441861,120.2701705376,976,101.7111111111,288,121.1363636364,104.0227272727,121.1363636364,976,2665,2665,41508.8464646465,203.7371995112,5,32,137.6880217811
26883,342112,70097,22,16291.0476190476,712,70097,342156,64.2981563965,1976,1976,89.8181818182,89.8181818182,640,7957.1162790698,128.596312793,976,103.1333333333,178,121.1363636364,105.4772727273,121.1363636364,976,2665,2665,41513.4363636364,203.7484634633,5,32,138.0336868351
26883,407586,118635,22,19408.8571428571,712,118635,407631,53.9703800741,1912,1912,86.9090909091,86.9090909091,640,9479.7906976744,107.9407601483,976,101.7111111111,177,121.1363636364,104.0227272727,121.1363636364,976,2665,2665,41508.8464646465,203.7371995112,6,32,137.6880217811
26883,318358,63592,22,15159.9047619048,712,63592,318984,68.9689765004,1912,1912,86.9090909091,86.9090909091,640,7418.2325581395,137.9379530008,976,101.7111111111,267,121.1363636364,104.0227272727,121.1363636364,976,2665,2665,41508.8464646465,203.7371995112,5,32,137.6880217811
26883,328174,103548,22,15627.3333333333,712,103548,328220,67.0282127841,1928,1928,87.6363636364,87.6363636364,640,7633.023255814,134.0564255682,976,102.0666666667,324,121.1363636364,104.3863636364,121.1363636364,976,2665,2665,41510.3818181818,203.7409674518,2,32,137.7805520365
26883,358894,70068,22,17944.7,680,54610,358933,58.5067408124,1928,1928,91.8095238095,91.8095238095,640,8546.0238095238,119.7995169015,976,104.3863636364,294,121.1363636364,106.8139534884,121.1363636364,976,2665,2665,42227.9635306554,205.4944367389,5,32,139.7510712115
26883,394531,86162,22,18787.1904761905,712,86162,394601,55.7525196338,1912,1912,86.9090909091,86.9090909091,640,9176.7674418605,111.5050392675,976,101.7111111111,141,121.1363636364,104.0227272727,121.1363636364,976,2665,2665,41508.8464646465,203.7371995112,4,32,137.6880217811
26883,316699,147936,22,15080.9047619048,712,147936,316743,69.456941432,1912,1912,86.9090909091,86.9090909091,640,7366.1162790698,138.913882864,976,101.7111111111,130,121.1363636364,104.0227272727,121.1363636364,976,2665,2665,41508.8464646465,203.7371995112,4,32,137.6880217811
26883,374513,111970,22,17833.9523809524,712,111970,374564,58.734955842,1944,1944,88.3636363636,88.3636363636,640,8710.7906976744,117.469911684,976,102.4222222222,214,121.1363636364,104.75,121.1363636364,976,2665,2665,41511.6585858586,203.7441007388,5,32,137.8690011274
26883,378031,91197,22,16436.1304347826,776,91197,378080,63.4786288616,1912,1912,79.6666666667,79.6666666667,640,8792.5581395349,116.3774862463,976,101.7111111111,211,133.25,104.0227272727,133.25,976,2665,2665,41508.8464646465,203.7371995112,5,32,133.8339875812
26883,394314,128538,22,18776.8571428571,712,128538,394361,55.7864494714,1912,1912,86.9090909091,86.9090909091,640,9618.5609756098,106.5014035364,976,106.4418604651,261,133.25,108.9761904762,133.25,976,2665,2665,42969.919158361,207.2918694941,4,32,137.6880217811
26883,376736,72259,22,17124.3636363636,744,72259,376830,61.03548019,1912,1912,83.1304347826,83.1304347826,640,8564.3181818182,119.41724385,976,99.5,245,121.1363636364,101.7111111111,121.1363636364,976,2665,2665,40811.3222222222,202.0181234994,4,32,135.7374820439
241,0,0,22,0.0,32,8,8,125000.0,0,0,0.0,0.0,0,8.0,250000.0,0,0.0,0,0.0,0.0,0.0,0,0,0,0.0,0.0,8,32,0.0
26883,353734,105988,22,16844.4761904762,712,105988,353783,62.1850117162,1928,1928,87.6363636364,87.6363636364,640,8227.511627907,124.3700234324,976,102.0666666667,319,121.1363636364,104.3863636364,121.1363636364,976,2665,2665,41510.3818181818,203.7409674518,3,32,137.7805520365
26883,374422,139517,22,17829.619047619,712,139517,374473,58.7492289164,1928,1928,87.6363636364,87.6363636364,640,9133.4878048781,112.1576188403,976,106.8139534884,117,133.25,109.3571428571,133.25,976,2665,2665,42967.9169435216,207.2870399796,2,32,137.7805520365
26883,388674,149837,22,18508.2857142857,712,149837,388828,56.5802874279,1912,1912,86.9090909091,86.9090909091,640,9483.6097560976,108.0169123623,976,106.4418604651,212,133.25,108.9761904762,133.25,976,2665,2665,42969.919158361,207.2918694941,4,32,137.6880217811
26883,353015,133085,22,16046.1363636364,744,133085,353562,65.0522397769,1912,1912,83.1304347826,83.1304347826,640,8418.1428571429,121.6194048003,976,104.0227272727,230,133.25,106.4418604651,133.25,976,2665,2665,42228.1157505285,205.4948071133,5,32,135.7374820439
26883,355303,120304,22,16919.1904761905,712,120304,357237,61.5837665191,1912,1912,86.9090909091,86.9090909091,640,8307.8372093023,123.1675330383,976,101.7111111111,159,121.1363636364,104.0227272727,121.1363636364,976,2665,2665,41508.8464646465,203.7371995112,2,32,137.6880217811
26883,326474,106402,22,15546.380952381,712,106402,327008,67.2766415501,1912,1912,86.9090909091,86.9090909091,640,7604.8372093023,134.5532831001,976,101.7111111111,148,121.1363636364,104.0227272727,121.1363636364,976,2665,2665,41508.8464646465,203.7371995112,4,32,137.6880217811
26883,402379,123595,22,19160.9047619048,712,123595,402438,54.6668058185,1928,1928,87.6363636364,87.6363636364,640,9359.023255814,109.3336116371,976,102.0666666667,306,121.1363636364,104.3863636364,121.1363636364,976,2665,2665,41510.3818181818,203.7409674518,1,32,137.7805520365
26883,377224,86474,22,17146.5454545455,744,86474,377474,60.9313489141,1928,1928,83.8260869565,83.8260869565,640,8987.4761904762,113.9151305785,976,104.3863636364,261,133.25,106.8139534884,133.25,976,2665,2665,42227.9635306554,205.4944367389,7,32,135.8473917085
241,0,0,22,0.0,32,18,18,55555.5555555556,0,0,0.0,0.0,0,18.0,111111.111111111,0,0.0,0,0.0,0.0,0.0,0,0,0,0.0,0.0,18,32,0.0
26883,385302,72251,22,16054.25,808,72251,385349,64.8762550312,1912,1912,76.48,76.48,640,8757.9318181818,116.7772590561,976,99.5,202,133.25,101.7111111111,133.25,976,2665,2665,40811.3222222222,202.0181234994,5,32,131.9814128328
26883,397940,91214,22,18949.5238095238,712,91214,398091,55.2637462289,1960,1960,89.0909090909,89.0909090909,640,9257.9302325581,110.5274924578,976,102.7777777778,262,121.1363636364,105.1136363636,121.1363636364,976,2665,2665,41512.6767676768,203.7465994015,3,32,137.9533769037
26883,390544,184182,22,18597.3333333333,712,184182,390596,56.3241815072,1928,1928,87.6363636364,87.6363636364,640,9526.7317073171,107.5279828774,976,106.8139534884,356,133.25,109.3571428571,133.25,976,2665,2665,42967.9169435216,207.2870399796,2,32,137.7805520365
26883,313790,82707,22,14942.3809523809,712,82707,313838,70.0998604376,1912,1912,86.9090909091,86.9090909091,640,7298.5581395349,140.1997208751,976,101.7111111111,325,121.1363636364,104.0227272727,121.1363636364,976,2665,2665,41508.8464646465,203.7371995112,3,32,137.6880217811
26883,384310,132195,22,18300.4761904762,712,132195,384525,57.2134451596,1912,1912,86.9090909091,86.9090909091,640,8942.4418604651,114.4268903192,976,101.7111111111,326,121.1363636364,104.0227272727,121.1363636364,976,2665,2665,41508.8464646465,203.7371995112,3,32,137.6880217811
241,0,0,22,0.0,32,4,4,250000.0,0,0,0.0,0.0,0,4.0,500000.0,0,0.0,0,0.0,0.0,0.0,0,0,0,0.0,0.0,4,32,0.0
26883,386395,174865,22,18399.7619047619,712,174865,386514,56.9190249254,1912,1912,86.9090909091,86.9090909091,640,9427.1707317073,108.6635930393,976,106.4418604651,140,133.25,108.9761904762,133.25,976,2665,2665,42969.919158361,207.2918694941,3,32,137.6880217811
241,0,0,22,0.0,32,11,11,90909.0909090909,0,0,0.0,0.0,0,11.0,181818.181818182,0,0.0,0,0.0,0.0,0.0,0,0,0,0.0,0.0,11,32,0.0
241,0,0,22,0.0,32,6,6,166666.666666667,0,0,0.0,0.0,0,6.0,333333.333333333,0,0.0,0,0.0,0.0,0.0,0,0,0,0.0,0.0,6,32,0.0
26883,411871,129643,22,19612.9047619048,712,129643,412138,53.3801784839,1912,1912,86.9090909091,86.9090909091,640,9812.8095238095,104.3339852185,976,104.0227272727,118,126.9047619048,106.4418604651,126.9047619048,976,2665,2665,42228.1157505285,205.4948071133,3,32,137.6880217811
241,12,12,22,12.0,64,6,12,166666.666666667,0,0,0.0,0.0,0,6.0,250000.0,0,0.0,12,0.0,0.0,0.0,0,0,0,0.0,0.0,6,32,0.0
26883,329019,85182,22,15667.5714285714,712,85182,329159,66.8369997478,1944,1944,88.3636363636,88.3636363636,640,7654.8604651163,133.6739994957,976,102.4222222222,195,121.1363636364,104.75,121.1363636364,976,2665,2665,41511.6585858586,203.7441007388,3,32,137.8690011274
26883,394912,105407,22,18805.3333333333,712,105407,394979,55.699163753,1928,1928,87.6363636364,87.6363636364,640,9185.5581395349,111.398327506,976,102.0666666667,349,121.1363636364,104.3863636364,121.1363636364,976,2665,2665,41510.3818181818,203.7409674518,9,32,137.7805520365
26883,358090,95761,22,17051.9047619048,712,95761,358755,61.3231871333,1944,1944,88.3636363636,88.3636363636,640,8343.1395348837,122.6463742666,976,102.4222222222,287,121.1363636364,104.75,121.1363636364,976,2665,2665,41511.6585858586,203.7441007388,5,32,137.8690011274
241,0,0,22,0.0,32,4,4,250000.0,0,0,0.0,0.0,0,4.0,500000.0,0,0.0,0,0.0,0.0,0.0,0,0,0,0.0,0.0,4,32,0.0
26883,385418,109502,22,19270.9,680,71461,385782,54.4348880974,1944,1944,92.5714285714,92.5714285714,640,9644.55,106.2776386664,976,109.7380952381,323,133.25,112.4146341463,133.25,976,2665,2665,43726.6858304298,209.1092676818,7,32,139.8186580641
241,0,0,22,0.0,32,6,6,166666.666666667,0,0,0.0,0.0,0,6.0,333333.333333333,0,0.0,0,0.0,0.0,0.0,0,0,0,0.0,0.0,6,32,0.0
26883,382784,105821,22,18227.8095238095,712,95668,382883,57.4588059538,1992,1992,90.5454545455,90.5454545455,640,8904.2558139535,114.9176119076,976,103.4888888889,264,121.1363636364,105.8409090909,121.1363636364,976,2665,2665,41513.9373737374,203.7496929415,4,32,138.1099380144
26883,319218,58958,22,15960.9,680,41149,319266,65.7758734096,1912,1912,91.0476190476,91.0476190476,640,7601.5714285714,134.6839312673,976,104.0227272727,254,121.1363636364,106.4418604651,121.1363636364,976,2665,2665,42228.1157505285,205.4948071133,2,32,139.6790879804
26883,396999,122984,22,18904.7142857143,712,85895,397315,55.3716824182,1912,1912,86.9090909091,86.9090909091,640,9239.8837209302,110.7433648365,976,101.7111111111,109,121.1363636364,104.0227272727,121.1363636364,976,2665,2665,41508.8464646465,203.7371995112,3,32,137.6880217811
26883,371135,45087,22,15463.9583333333,808,43131,372098,67.1866013792,1928,1928,77.12,77.12,640,8456.7727272727,120.9358824826,976,99.847826087,191,133.25,102.0666666667,133.25,976,2665,2665,40814.3985507246,202.0257373473,7,32,132.1187344777
26883,366811,102572,22,17467.1904761905,712,102572,366853,59.969524578,1912,1912,86.9090909091,86.9090909091,640,8531.4651162791,119.9390491559,976,101.7111111111,198,121.1363636364,104.0227272727,121.1363636364,976,2665,2665,41508.8464646465,203.7371995112,5,32,137.6880217811
26883,282264,65745,22,12272.347826087,776,65745,282313,85.0120256595,1928,1928,80.3333333333,80.3333333333,640,6565.4186046512,155.8553803757,976,102.0666666667,248,133.25,104.3863636364,133.25,976,2665,2665,41510.3818181818,203.7409674518,6,32,133.9586784655
241,0,0,22,0.0,32,6,6,166666.666666667,0,0,0.0,0.0,0,6.0,333333.333333333,0,0.0,0,0.0,0.0,0.0,0,0,0,0.0,0.0,6,32,0.0
26883,386392,143352,22,18399.6190476191,712,143352,386436,56.9305137203,1912,1912,86.9090909091,86.9090909091,640,8986.8837209302,113.8610274405,976,101.7111111111,134,121.1363636364,104.0227272727,121.1363636364,976,2665,2665,41508.8464646465,203.7371995112,3,32,137.6880217811
26883,383599,46201,22,15343.96,840,44711,383650,67.7701029584,1928,1928,74.1538461538,74.1538461538,640,8162.7659574468,125.1140362309,976,93.7346938776,224,121.1363636364,95.6875,121.1363636364,976,2665,2665,38848.4489795918,197.1000988828,6,32,130.3299481494
26883,369044,100651,22,17573.5238095238,712,100651,369091,59.6058966488,1928,1928,87.6363636364,87.6363636364,640,8583.511627907,119.2117932976,976,102.0666666667,235,121.1363636364,104.3863636364,121.1363636364,976,2665,2665,41510.3818181818,203.7409674518,2,32,137.7805520365
26883,367404,123569,22,17495.4285714286,712,123569,368480,59.704732957,1912,1912,86.9090909091,86.9090909091,640,8569.3023255814,119.409465914,976,101.7111111111,168,121.1363636364,104.0227272727,121.1363636364,976,2665,2665,41508.8464646465,203.7371995112,4,32,137.6880217811
26883,375923,94442,22,17901.0952380952,712,73509,375965,58.5160852739,1928,1928,87.6363636364,87.6363636364,640,8743.3720930233,117.0321705478,976,102.0666666667,260,121.1363636364,104.3863636364,121.1363636364,976,2665,2665,41510.3818181818,203.7409674518,6,32,137.7805520365
26883,377495,117440,22,16412.8260869565,776,117440,377733,63.5369427612,1960,1960,81.6666666667,81.6666666667,640,8784.488372093,116.4843950621,976,102.7777777778,136,133.25,105.1136363636,133.25,976,2665,2665,41512.6767676768,203.7465994015,5,32,134.1973454888
26883,319498,59810,22,15214.1904761905,712,59810,319963,68.757950138,1912,1912,86.9090909091,86.9090909091,640,7441.0,137.515900276,976,101.7111111111,143,121.1363636364,104.0227272727,121.1363636364,976,2665,2665,41508.8464646465,203.7371995112,6,32,137.6880217811
241,0,0,22,0.0,32,7,7,142857.142857143,0,0,0.0,0.0,0,7.0,285714.285714286,0,0.0,0,0.0,0.0,0.0,0,0,0,0.0,0.0,7,32,0.0
26883,347641,83376,22,16554.3333333333,712,83376,348310,63.1621256926,1912,1912,86.9090909091,86.9090909091,640,8100.2325581395,126.3242513853,976,101.7111111111,325,121.1363636364,104.0227272727,121.1363636364,976,2665,2665,41508.8464646465,203.7371995112,4,32,137.6880217811
26883,310032,147292,22,15501.6,680,147292,310534,67.6254452008,1912,1912,91.0476190476,91.0476190476,640,7393.6666666667,138.471149697,976,104.0227272727,357,121.1363636364,106.4418604651,121.1363636364,976,2665,2665,42228.1157505285,205.4948071133,6,32,139.6790879804
26883,380078,96479,22,18098.9523809524,712,96479,380411,57.8321867664,1928,1928,87.6363636364,87.6363636364,640,8846.7674418605,115.6643735328,976,102.0666666667,336,121.1363636364,104.3863636364,121.1363636364,976,2665,2665,41510.3818181818,203.7409674518,4,32,137.7805520365
26883,368501,79514,22,16750.0454545455,744,79514,368558,62.4053744594,1928,1928,83.8260869565,83.8260869565,640,8775.1904761905,116.6709174675,976,104.3863636364,309,133.25,106.8139534884,133.25,976,2665,2665,42227.9635306554,205.4944367389,5,32,135.8473917085
26883,355854,101090,22,16945.4285714286,712,101090,355902,61.8147692342,1928,1928,87.6363636364,87.6363636364,640,8276.7906976744,123.6295384685,976,102.0666666667,165,121.1363636364,104.3863636364,121.1363636364,976,2665,2665,41510.3818181818,203.7409674518,5,32,137.7805520365
241,0,0,22,0.0,32,6,6,166666.666666667,0,0,0.0,0.0,0,6.0,333333.333333333,0,0.0,0,0.0,0.0,0.0,0,0,0,0.0,0.0,6,32,0.0
26883,373623,94841,22,17791.5714285714,712,94841,373890,58.8408355399,1944,1944,88.3636363636,88.3636363636,640,9119.2682926829,112.3325042125,976,107.1860465116,211,133.25,109.7380952381,133.25,976,2665,2665,42965.6312292359,207.2815265026,3,32,137.8690011274
26883,338884,68148,22,16137.3333333333,712,68148,339529,64.7956433766,1928,1928,87.6363636364,87.6363636364,640,7896.023255814,129.5912867531,976,102.0666666667,239,121.1363636364,104.3863636364,121.1363636364,976,2665,2665,41510.3818181818,203.7409674518,4,32,137.7805520365
26883,361651,83103,22,17221.4761904762,712,83103,362136,60.7506572117,1960,1960,89.0909090909,89.0909090909,640,8421.7674418605,121.5013144233,976,102.7777777778,183,121.1363636364,105.1136363636,121.1363636364,976,2665,2665,41512.6767676768,203.7465994015,4,32,137.9533769037
26883,376590,141152,22,17932.8571428571,712,141152,376638,58.4115251249,1976,1976,89.8181818182,89.8181818182,640,9186.2926829268,111.5129116021,976,107.9302325581,206,133.25,110.5,133.25,976,2665,2665,42960.2093023256,207.2684474355,2,32,138.0336868351
26883,293258,45942,22,14662.9,680,43826,293304,71.5980688978,1928,1928,91.8095238095,91.8095238095,640,6983.4285714286,146.6055696479,976,104.3863636364,324,121.1363636364,106.8139534884,121.1363636364,976,2665,2665,42227.9635306554,205.4944367389,5,32,139.7510712115
26883,315877,67776,22,15793.85,680,43510,315912,66.4742080073,1928,1928,91.8095238095,91.8095238095,640,7521.7142857143,136.1138544911,976,104.3863636364,351,121.1363636364,106.8139534884,121.1363636364,976,2665,2665,42227.9635306554,205.4944367389,2,32,139.7510712115
26883,424057,108664,22,19275.3181818182,744,108664,424575,54.1718188777,1928,1928,83.8260869565,83.8260869565,640,10108.9285714286,101.2777483366,976,104.3863636364,236,133.25,106.8139534884,133.25,976,2665,2665,42227.9635306554,205.4944367389,5,32,135.8473917085
241,0,0,22,0.0,32,6,6,166666.666666667,0,0,0.0,0.0,0,6.0,333333.333333333,0,0.0,0,0.0,0.0,0.0,0,0,0,0.0,0.0,6,32,0.0
26883,383322,199307,22,17423.7272727273,744,199307,383370,59.9942614185,1928,1928,83.8260869565,83.8260869565,640,9127.8571428571,112.1631843911,976,104.3863636364,246,133.25,106.8139534884,133.25,976,2665,2665,42227.9635306554,205.4944367389,7,32,135.8473917085
26883,363185,79337,22,17294.5238095238,712,79337,363917,60.4533451309,1912,1912,86.9090909091,86.9090909091,640,8463.1860465116,120.9066902618,976,101.7111111111,141,121.1363636364,104.0227272727,121.1363636364,976,2665,2665,41508.8464646465,203.7371995112,3,32,137.6880217811
26883,379997,104224,22,17272.5909090909,744,104224,380041,60.5197860231,1912,1912,83.1304347826,83.1304347826,640,8637.2954545455,118.4082770017,976,99.5,326,121.1363636364,101.7111111111,121.1363636364,976,2665,2665,40811.3222222222,202.0181234994,2,32,135.7374820439
241,0,0,22,0.0,32,6,6,166666.666666667,0,0,0.0,0.0,0,6.0,333333.333333333,0,0.0,0,0.0,0.0,0.0,0,0,0,0.0,0.0,6,32,0.0
26883,378027,104156,22,18001.2857142857,712,104156,378080,58.1887431231,1976,1976,89.8181818182,89.8181818182,640,8792.5581395349,116.3774862463,976,103.1333333333,281,121.1363636364,105.4772727273,121.1363636364,976,2665,2665,41513.4363636364,203.7484634633,3,32,138.0336868351
26883,347500,73270,22,16547.619047619,712,73270,348054,63.2085825763,1912,1912,86.9090909091,86.9090909091,640,8094.2790697674,126.4171651525,976,101.7111111111,142,121.1363636364,104.0227272727,121.1363636364,976,2665,2665,41508.8464646465,203.7371995112,3,32,137.6880217811
26883,390598,111164,22,18599.9047619048,712,111164,391815,56.1489478453,1928,1928,87.6363636364,87.6363636364,640,9556.4634146342,107.1934458865,976,106.8139534884,220,133.25,109.3571428571,133.25,976,2665,2665,42967.9169435216,207.2870399796,3,32,137.7805520365
26883,369249,186383,22,17583.2857142857,712,186383,369293,59.5732927513,1912,1912,86.9090909091,86.9090909091,640,8588.2093023256,119.1465855026,976,101.7111111111,56,121.1363636364,104.0227272727,121.1363636364,976,2665,2665,41508.8464646465,203.7371995112,4,32,137.6880217811
26883,362683,79206,22,17270.6190476191,712,79206,363341,60.5491810723,1912,1912,86.9090909091,86.9090909091,640,8449.7906976744,121.0983621447,976,101.7111111111,226,121.1363636364,104.0227272727,121.1363636364,976,2665,2665,41508.8464646465,203.7371995112,5,32,137.6880217811
26883,378277,148820,22,18013.1904761905,712,148820,378317,58.1522902751,1928,1928,87.6363636364,87.6363636364,640,9007.5476190476,113.6612946286,976,104.3863636364,173,126.9047619048,106.8139534884,126.9047619048,976,2665,2665,42227.9635306554,205.4944367389,3,32,137.7805520365
26883,297175,95151,22,14858.75,680,95151,297674,70.5469742067,1912,1912,91.0476190476,91.0476190476,640,7087.4761904762,144.4533281375,976,104.0227272727,346,121.1363636364,106.4418604651,121.1363636364,976,2665,2665,42228.1157505285,205.4948071133,6,32,139.6790879804
26883,308138,95782,22,15406.9,680,95782,308648,68.0386718851,1912,1912,91.0476190476,91.0476190476,640,7348.7619047619,139.3172805267,976,104.0227272727,378,121.1363636364,106.4418604651,121.1363636364,976,2665,2665,42228.1157505285,205.4948071133,6,32,139.6790879804
26883,356444,126666,22,16973.5238095238,712,126666,356637,61.6873739965,1928,1928,87.6363636364,87.6363636364,640,8293.8837209302,123.3747479931,976,102.0666666667,161,121.1363636364,104.3863636364,121.1363636364,976,2665,2665,41510.3818181818,203.7409674518,1,32,137.7805520365
26883,390931,126527,22,18615.7619047619,712,126527,391099,56.2517418863,1912,1912,86.9090909091,86.9090909091,640,9539.0,107.3896890557,976,106.4418604651,225,133.25,108.9761904762,133.25,976,2665,2665,42969.919158361,207.2918694941,6,32,137.6880217811
241,0,0,22,0.0,32,4,4,250000.0,0,0,0.0,0.0,0,4.0,500000.0,0,0.0,0,0.0,0.0,0.0,0,0,0,0.0,0.0,4,32,0.0
26883,355589,85206,22,16932.8095238095,712,85206,355631,61.8618736837,1928,1928,87.6363636364,87.6363636364,640,8270.488372093,123.7237473674,976,102.0666666667,244,121.1363636364,104.3863636364,121.1363636364,976,2665,2665,41510.3818181818,203.7409674518,3,32,137.7805520365
26883,373022,152052,22,17762.9523809524,712,152052,373069,58.9703245244,1944,1944,88.3636363636,88.3636363636,640,8676.023255814,117.9406490488,976,102.4222222222,267,121.1363636364,104.75,121.1363636364,976,2665,2665,41511.6585858586,203.7441007388,3,32,137.8690011274
26883,384719,87525,22,17487.2272727273,744,87525,385540,59.6565855683,1928,1928,83.8260869565,83.8260869565,640,9179.5238095238,111.5318773668,976,104.3863636364,212,133.25,106.8139534884,133.25,976,2665,2665,42227.9635306554,205.4944367389,2,32,135.8473917085
241,0,0,22,0.0,32,5,5,200000.0,0,0,0.0,0.0,0,5.0,400000.0,0,0.0,0,0.0,0.0,0.0,0,0,0,0.0,0.0,5,32,0.0
26883,359285,48843,22,14371.4,840,48843,359334,72.356080972,1928,1928,74.1538461538,74.1538461538,640,7645.4042553192,133.5804571791,976,93.7346938776,104,121.1363636364,95.6875,121.1363636364,976,2665,2665,38848.4489795918,197.1000988828,2,32,130.3299481494
26883,366415,85508,22,17448.3333333333,712,85508,366473,60.0317076565,1912,1912,86.9090909091,86.9090909091,640,8938.3658536585,114.6059873442,976,106.4418604651,301,133.25,108.9761904762,133.25,976,2665,2665,42969.919158361,207.2918694941,5,32,137.6880217811
26883,388401,92723,22,18495.2857142857,712,92723,388936,56.5645761771,1928,1928,87.6363636364,87.6363636364,640,9045.023255814,113.1291523541,976,102.0666666667,326,121.1363636364,104.3863636364,121.1363636364,976,2665,2665,41510.3818181818,203.7409674518,3,32,137.7805520365
26883,379337,153159,22,18063.6666666667,712,153159,379393,57.9873640262,1960,1960,89.0909090909,89.0909090909,640,9253.4878048781,110.7031495046,976,107.5581395349,205,133.25,110.119047619,133.25,976,2665,2665,42963.0620155039,207.2753290083,3,32,137.9533769037
26883,394198,123019,22,18771.3333333333,712,123019,394250,55.8021559924,1912,1912,86.9090909091,86.9090909091,640,9168.6046511628,111.6043119848,976,101.7111111111,124,121.1363636364,104.0227272727,121.1363636364,976,2665,2665,41508.8464646465,203.7371995112,7,32,137.6880217811
26883,359980,111538,22,17141.9047619048,712,111538,361242,60.901002652,1928,1928,87.6363636364,87.6363636364,640,8400.976744186,121.8020053039,976,102.0666666667,247,121.1363636364,104.3863636364,121.1363636364,976,2665,2665,41510.3818181818,203.7409674518,3,32,137.7805520365
26883,375476,94547,22,17879.8095238095,712,94547,375522,58.5851161849,1944,1944,88.3636363636,88.3636363636,640,8733.0697674419,117.1702323699,976,102.4222222222,277,121.1363636364,104.75,121.1363636364,976,2665,2665,41511.6585858586,203.7441007388,3,32,137.8690011274
26883,370293,110973,22,17633.0,712,110973,370367,59.4005405449,1912,1912,86.9090909091,86.9090909091,640,8613.1860465116,118.8010810898,976,101.7111111111,262,121.1363636364,104.0227272727,121.1363636364,976,2665,2665,41508.8464646465,203.7371995112,2,32,137.6880217811
26883,364420,106265,22,17353.3333333333,712,106265,364456,60.36393968,1928,1928,87.6363636364,87.6363636364,640,8475.7209302326,120.7278793599,976,102.0666666667,135,121.1363636364,104.3863636364,121.1363636364,976,2665,2665,41510.3818181818,203.7409674518,7,32,137.7805520365
26883,376304,69774,22,16361.0434782609,776,52067,376357,63.7692403755,1944,1944,81.0,81.0,640,8363.4888888889,122.2243773864,976,98.0638297872,302,121.1363636364,100.1956521739,121.1363636364,976,2665,2665,40143.4958371878,200.3584184335,2,32,134.0797945417
26883,379521,68926,22,16500.9130434783,776,66233,379563,63.2306099383,1912,1912,79.6666666667,79.6666666667,640,8434.7333333333,121.1920023817,976,97.3829787234,188,121.1363636364,99.5,121.1363636364,976,2665,2665,40134.7631822387,200.3366246652,5,32,133.8339875812
26883,372893,77440,22,16212.7391304348,776,47138,372964,64.3493742023,1928,1928,80.3333333333,80.3333333333,640,8288.0888888889,123.3363005545,976,97.7234042553,304,121.1363636364,99.847826087,121.1363636364,976,2665,2665,40139.2479185939,200.3478173542,1,32,133.9586784655
26883,381572,76836,22,16590.0869565217,776,76836,381626,62.8887968849,1992,1992,83.0,83.0,640,8480.5777777778,120.5368606961,976,99.085106383,286,121.1363636364,101.2391304348,121.1363636364,976,2665,2665,40154.8186864015,200.3866729261,5,32,134.421789124
241,0,0,22,0.0,32,6,6,166666.666666667,0,0,0.0,0.0,0,6.0,333333.333333333,0,0.0,0,0.0,0.0,0.0,0,0,0,0.0,0.0,6,32,0.0
241,0,0,22,0.0,32,7,7,142857.142857143,0,0,0.0,0.0,0,7.0,285714.285714286,0,0.0,0,0.0,0.0,0.0,0,0,0,0.0,0.0,7,32,0.0
26883,359872,115089,22,17136.7619047619,712,78585,360048,61.1029640492,1912,1912,86.9090909091,86.9090909091,640,8373.2093023256,122.2059280985,976,101.7111111111,229,121.1363636364,104.0227272727,121.1363636364,976,2665,2665,41508.8464646465,203.7371995112,3,32,137.6880217811
26883,370063,66454,22,16821.0454545455,744,66454,370111,62.1435191064,1944,1944,84.5217391304,84.5217391304,640,8411.6136363636,121.5851460778,976,100.1956521739,224,121.1363636364,102.4222222222,121.1363636364,976,2665,2665,40817.2275362319,202.0327387733,5,32,135.9534912338
241,0,0,22,0.0,32,7,7,142857.142857143,0,0,0.0,0.0,0,7.0,285714.285714286,0,0.0,0,0.0,0.0,0.0,0,0,0,0.0,0.0,7,32,0.0
26883,392424,160323,22,19621.2,680,160323,392466,53.5078197857,1912,1912,91.0476190476,91.0476190476,640,9344.4285714286,109.5636309897,976,104.0227272727,330,121.1363636364,106.4418604651,121.1363636364,976,2665,2665,42228.1157505285,205.4948071133,6,32,139.6790879804
26883,402495,193998,22,19166.4285714286,712,193998,403999,54.4555803356,1928,1928,87.6363636364,87.6363636364,640,9853.6341463415,103.960653368,976,106.8139534884,3,133.25,109.3571428571,133.25,976,2665,2665,42967.9169435216,207.2870399796,3,32,137.7805520365
241,0,0,22,0.0,32,7,7,142857.142857143,0,0,0.0,0.0,0,7.0,285714.285714286,0,0.0,0,0.0,0.0,0.0,0,0,0,0.0,0.0,7,32,0.0
26883,375702,122294,22,17890.5714285714,712,122294,376642,58.4109047849,1944,1944,88.3636363636,88.3636363636,640,9186.3902439024,111.5117273167,976,107.1860465116,217,133.25,109.7380952381,133.25,976,2665,2665,42965.6312292359,207.2815265026,4,32,137.8690011274
26883,362104,102158,22,17243.0476190476,712,102158,362142,60.7496506895,1960,1960,89.0909090909,89.0909090909,640,8622.4285714286,118.7379536204,976,105.1136363636,292,126.9047619048,107.5581395349,126.9047619048,976,2665,2665,42226.8472515856,205.49172064,5,32,137.9533769037
26883,334560,87594,22,15931.4285714286,712,87594,335195,65.6334372529,1928,1928,87.6363636364,87.6363636364,640,7795.2325581395,131.2668745059,976,102.0666666667,146,121.1363636364,104.3863636364,121.1363636364,976,2665,2665,41510.3818181818,203.7409674518,5,32,137.7805520365
26883,359933,84820,22,17139.6666666667,712,84820,359983,61.1139970499,1992,1992,90.5454545455,90.5454545455,640,8371.6976744186,122.2279940997,976,103.4888888889,280,121.1363636364,105.8409090909,121.1363636364,976,2665,2665,41513.9373737374,203.7496929415,4,32,138.1099380144
26883,394269,179067,22,18774.7142857143,712,179067,398798,55.1657731483,1912,1912,86.9090909091,86.9090909091,640,9726.7804878049,105.3164760104,976,106.4418604651,272,133.25,108.9761904762,133.25,976,2665,2665,42969.919158361,207.2918694941,2,32,137.6880217811
26883,330847,98710,22,15754.6190476191,712,98710,331342,66.3966536087,1928,1928,87.6363636364,87.6363636364,640,7889.0952380952,129.7752775078,976,104.3863636364,162,126.9047619048,106.8139534884,126.9047619048,976,2665,2665,42227.9635306554,205.4944367389,4,32,137.7805520365
26883,380885,87822,22,18137.380952381,712,87822,381054,57.7345992956,1912,1912,86.9090909091,86.9090909091,640,9294.0,110.2205986553,976,106.4418604651,241,133.25,108.9761904762,133.25,976,2665,2665,42969.919158361,207.2918694941,4,32,137.6880217811
241,0,0,22,0.0,32,7,7,142857.142857143,0,0,0.0,0.0,0,7.0,285714.285714286,0,0.0,0,0.0,0.0,0.0,0,0,0,0.0,0.0,7,32,0.0
241,0,0,22,0.0,32,6,6,166666.666666667,0,0,0.0,0.0,0,6.0,333333.333333333,0,0.0,0,0.0,0.0,0.0,0,0,0,0.0,0.0,6,32,0.0
26883,294170,76659,22,14008.0952380952,712,76659,294226,74.772453828,1992,1992,90.5454545455,90.5454545455,640,6842.4651162791,149.544907656,976,103.4888888889,133,121.1363636364,105.8409090909,121.1363636364,976,2665,2665,41513.9373737374,203.7496929415,2,32,138.1099380144
241,0,0,22,0.0,32,6,6,166666.666666667,0,0,0.0,0.0,0,6.0,333333.333333333,0,0.0,0,0.0,0.0,0.0,0,0,0,0.0,0.0,6,32,0.0
26883,370301,64201,22,16100.0434782609,776,41988,371235,64.6490767304,1912,1912,79.6666666667,79.6666666667,640,8249.6666666667,123.9107303999,976,97.3829787234,325,121.1363636364,99.5,121.1363636364,976,2665,2665,40134.7631822387,200.3366246652,5,32,133.8339875812
26883,397764,124489,22,18941.1428571429,712,124489,397816,55.3019486396,1912,1912,86.9090909091,86.9090909091,640,9251.5348837209,110.6038972791,976,101.7111111111,123,121.1363636364,104.0227272727,121.1363636364,976,2665,2665,41508.8464646465,203.7371995112,5,32,137.6880217811
26883,419717,117363,22,18248.5652173913,776,117363,419774,57.1736219966,1912,1912,79.6666666667,79.6666666667,640,9762.1860465116,104.8183069938,976,101.7111111111,156,133.25,104.0227272727,133.25,976,2665,2665,41508.8464646465,203.7371995112,6,32,133.8339875812
241,0,0,22,0.0,32,5,5,200000.0,0,0,0.0,0.0,0,5.0,400000.0,0,0.0,0,0.0,0.0,0.0,0,0,0,0.0,0.0,5,32,0.0
26883,386116,74165,22,18386.4761904762,712,47165,386165,56.9704659925,1960,1960,89.0909090909,89.0909090909,640,9418.6585365854,108.761798713,976,107.5581395349,278,133.25,110.119047619,133.25,976,2665,2665,42963.0620155039,207.2753290083,6,32,137.9533769037
241,0,0,22,0.0,32,7,7,142857.142857143,0,0,0.0,0.0,0,7.0,285714.285714286,0,0.0,0,0.0,0.0,0.0,0,0,0,0.0,0.0,7,32,0.0
26883,385211,126990,22,18343.380952381,712,126990,385441,57.0774774868,1912,1912,86.9090909091,86.9090909091,640,8963.7441860465,114.1549549737,976,101.7111111111,276,121.1363636364,104.0227272727,121.1363636364,976,2665,2665,41508.8464646465,203.7371995112,6,32,137.6880217811
26883,360729,82521,22,17177.5714285714,712,74631,360811,60.9737508003,1912,1912,86.9090909091,86.9090909091,640,8390.9534883721,121.9475016006,976,101.7111111111,284,121.1363636364,104.0227272727,121.1363636364,976,2665,2665,41508.8464646465,203.7371995112,2,32,137.6880217811
26883,341900,121043,22,16280.9523809524,712,121043,342364,64.2590926616,1912,1912,86.9090909091,86.9090909091,640,7961.9534883721,128.5181853232,976,101.7111111111,151,121.1363636364,104.0227272727,121.1363636364,976,2665,2665,41508.8464646465,203.7371995112,1,32,137.6880217811
241,0,0,22,0.0,32,8,8,125000.0,0,0,0.0,0.0,0,8.0,250000.0,0,0.0,0,0.0,0.0,0.0,0,0,0,0.0,0.0,8,32,0.0
241,0,0,22,0.0,32,6,6,166666.666666667,0,0,0.0,0.0,0,6.0,333333.333333333,0,0.0,0,0.0,0.0,0.0,0,0,0,0.0,0.0,6,32,0.0
26883,362146,90620,22,17245.0476190476,712,90620,362643,60.6657235904,1960,1960,89.0909090909,89.0909090909,640,8433.5581395349,121.3314471808,976,102.7777777778,161,121.1363636364,105.1136363636,121.1363636364,976,2665,2665,41512.6767676768,203.7465994015,5,32,137.9533769037
241,0,0,22,0.0,32,5,5,200000.0,0,0,0.0,0.0,0,5.0,400000.0,0,0.0,0,0.0,0.0,0.0,0,0,0,0.0,0.0,5,32,0.0
26883,385687,49361,22,16070.2916666667,808,43553,385740,64.8104941152,1912,1912,76.48,76.48,640,8766.8181818182,116.6588894074,976,99.5,209,133.25,101.7111111111,133.25,976,2665,2665,40811.3222222222,202.0181234994,5,32,131.9814128328
26883,395826,182020,22,18848.8571428571,712,182020,395873,55.5733783309,1928,1928,87.6363636364,87.6363636364,640,9655.4390243903,106.094631359,976,106.8139534884,293,133.25,109.3571428571,133.25,976,2665,2665,42967.9169435216,207.2870399796,5,32,137.7805520365
26883,369672,63920,22,16072.6956521739,776,63920,370534,64.7713840025,1912,1912,79.6666666667,79.6666666667,640,8234.0888888889,124.1451526716,976,97.3829787234,254,121.1363636364,99.5,121.1363636364,976,2665,2665,40134.7631822387,200.3366246652,5,32,133.8339875812
26883,369791,57210,22,16077.8695652174,776,57210,370706,64.7413314055,1912,1912,79.6666666667,79.6666666667,640,8237.9111111111,124.0875518605,976,97.3829787234,203,121.1363636364,99.5,121.1363636364,976,2665,2665,40134.7631822387,200.3366246652,5,32,133.8339875812
241,0,0,22,0.0,32,3,3,333333.333333333,0,0,0.0,0.0,0,3.0,666666.666666667,0,0.0,0,0.0,0.0,0.0,0,0,0,0.0,0.0,3,32,0.0
26883,392206,109460,22,18676.4761904762,712,109460,392354,56.0718126998,1928,1928,87.6363636364,87.6363636364,640,9124.511627907,112.1436253995,976,102.0666666667,239,121.1363636364,104.3863636364,121.1363636364,976,2665,2665,41510.3818181818,203.7409674518,6,32,137.7805520365
26883,374434,63016,22,16279.7391304348,776,43092,374517,64.0825383093,1928,1928,80.3333333333,80.3333333333,640,8322.6,122.8248650929,976,97.7234042553,241,121.1363636364,99.847826087,121.1363636364,976,2665,2665,40139.2479185939,200.3478173542,4,32,133.9586784655
241,0,0,22,0.0,32,18,18,55555.5555555556,0,0,0.0,0.0,0,18.0,111111.111111111,0,0.0,0,0.0,0.0,0.0,0,0,0,0.0,0.0,18,32,0.0
26883,373435,83593,22,16974.3181818182,744,83593,373590,61.5648170454,1928,1928,83.8260869565,83.8260869565,640,8895.0,115.0994405632,976,104.3863636364,221,133.25,106.8139534884,133.25,976,2665,2665,42227.9635306554,205.4944367389,6,32,135.8473917085
26883,380394,71393,22,18114.0,712,71393,380463,57.8242825189,1928,1928,87.6363636364,87.6363636364,640,8847.9767441861,115.6485650379,976,102.0666666667,191,121.1363636364,104.3863636364,121.1363636364,976,2665,2665,41510.3818181818,203.7409674518,5,32,137.7805520365
26883,364555,121204,22,18227.75,680,121204,365051,57.5262086667,1928,1928,91.8095238095,91.8095238095,640,8691.6904761905,117.7917606033,976,104.3863636364,411,121.1363636364,106.8139534884,121.1363636364,976,2665,2665,42227.9635306554,205.4944367389,5,32,139.7510712115
26883,418030,129936,22,19906.1904761905,712,129936,418071,52.6226406519,1944,1944,88.3636363636,88.3636363636,640,9722.5813953488,105.2452813039,976,102.4222222222,103,121.1363636364,104.75,121.1363636364,976,2665,2665,41511.6585858586,203.7441007388,1,32,137.8690011274
26883,279792,43460,22,13989.6,680,41371,279836,75.0439543161,1928,1928,91.8095238095,91.8095238095,640,6662.7619047619,153.6614302663,976,104.3863636364,293,121.1363636364,106.8139534884,121.1363636364,976,2665,2665,42227.9635306554,205.4944367389,5,32,139.7510712115
26883,387689,109942,22,18461.3809523809,712,109942,388026,56.6972316288,1912,1912,86.9090909091,86.9090909091,640,9023.8604651163,113.3944632576,976,101.7111111111,219,121.1363636364,104.0227272727,121.1363636364,976,2665,2665,41508.8464646465,203.7371995112,6,32,137.6880217811
