 Init_Win_bytes_forward, Fwd IAT Total, Fwd IAT Max, Destination Port, Fwd IAT Mean, Fwd Header Length, Flow IAT Max, Flow Duration, Fwd Packets/s, Total Length of Fwd Packets, Subflow Fwd Bytes, Fwd Packet Length Mean, Avg Fwd Segment Size, Fwd Packet Length Max, Flow IAT Mean, Flow Packets/s, Max Packet Length, Packet Length Mean, Fwd IAT Min, Bwd Packet Length Mean, Average Packet Size, Avg Bwd Segment Size, Bwd Packet Length Max, Total Length of Bwd Packets, Subflow Bwd Bytes, Packet Length Variance, Packet Length Std, Flow IAT Min, min_seg_size_forward, Fwd Packet Length Std, Label
225,37458,37458,80,37458.0,64,37458,37458,53.39313364,0,0,0.0,0.0,0,37458.0,53.39313364,0,0.0,37458,0.0,0.0,0.0,0,0,0,0.0,0.0,37458,32,0.0,DoS attacks-Hulk
241,0,0,22,0.0,32,11,11,90909.0909090909,0,0,0.0,0.0,0,11.0,181818.181818182,0,0.0,0,0.0,0.0,0.0,0,0,0,0.0,0.0,11,32,0.0,SSH-Bruteforce
26883,0,0,21,0.0,40,6,6,166666.6667,0,0,0.0,0.0,0,6.0,333333.3333,0,0.0,0,0.0,0.0,0.0,0,0,0,0.0,0.0,6,40,0.0,DoS attacks-SlowHTTPTest
26883,0,0,21,0.0,40,3,3,333333.3333,0,0,0.0,0.0,0,3.0,666666.6667,0,0.0,0,0.0,0.0,0.0,0,0,0,0.0,0.0,3,40,0.0,DoS attacks-SlowHTTPTest
-1,25199,25199,53,25199.0,16,54833,80078,24.97564874247609,66,66,33.0,33.0,33,26692.666666666664,49.95129748495217,123,69.0,25199,123.0,86.25,123.0,123,246,246,2430.0,49.29503017546495,46,8,0.0,Benign
2052,471,471,8080,471.0,40,471,471,4246.284501,0,0,0.0,0.0,0,471.0,4246.284501,0,0.0,471,0.0,0.0,0.0,0,0,0,0.0,0.0,471,20,0.0,Bot
26883,0,0,21,0.0,40,22,22,45454.54545,0,0,0.0,0.0,0,22.0,90909.09091,0,0.0,0,0.0,0.0,0.0,0,0,0,0.0,0.0,22,40,0.0,DoS attacks-SlowHTTPTest
-1,120000000,719527,80,1125.73829,851760,719527,119856230,888.3142745,3407040,3407040,32.0,32.0,32,1125.73829,888.3142745,32,32.0,0,0.0,32.00030055,0.0,0,0,0,0.0,0.0,0,8,0.0,DDOS attack-LOIC-UDP
2052,511,511,8080,511.0,40,511,511,3913.894325,0,0,0.0,0.0,0,511.0,3913.894325,0,0.0,511,0.0,0.0,0.0,0,0,0,0.0,0.0,511,20,0.0,Bot
2049,31300000,31300000,80,31300000.0,40,31300000,31319070,0.063858857,0,0,0.0,0.0,0,31300000.0,0.063858857,0,0.0,31300000,0.0,0.0,0.0,0,0,0,0.0,0.0,31300000,20,0.0,DDoS attacks-LOIC-HTTP
32738,2117,2117,80,2117.0,40,2117,2117,944.7331129,0,0,0.0,0.0,0,2117.0,944.7331129,0,0.0,2117,0.0,0.0,0.0,0,0,0,0.0,0.0,2117,20,0.0,DDOS attack-HOIC
32738,7339,7339,80,7339.0,40,7339,7339,272.5166916,0,0,0.0,0.0,0,7339.0,272.5166916,0,0.0,7339,0.0,0.0,0.0,0,0,0,0.0,0.0,7339,20,0.0,DDOS attack-HOIC
254,677,661,443,338.5,60,661,677,4431.314623,77,77,25.66666667,25.66666667,46,338.5,4431.314623,46,30.75,16,0.0,41.0,0.0,0,0,0,470.25,21.68524844,16,20,23.45918441,Infilteration
26883,0,0,21,0.0,40,5,5,200000.0,0,0,0.0,0.0,0,5.0,400000.0,0,0.0,0,0.0,0.0,0.0,0,0,0,0.0,0.0,5,40,0.0,DoS attacks-SlowHTTPTest
-1,0,0,53,0.0,8,844,844,1184.834123,43,43,43.0,43.0,43,844.0,2369.668246,71,52.33333333,0,71.0,78.5,71.0,71,71,71,261.3333333,16.16580754,844,8,0.0,Infilteration
26883,1013642,1005606,80,253410.5,168,1005266,1013642,4.9327079975,418,418,83.6,83.6,418,144806.0,7.892332796,662,120.0,355,220.6666666667,135.0,220.6666666667,662,662,662,60421.0,245.80683473,3,32,186.935282919,DoS attacks-GoldenEye
2053,461,461,80,461.0,40,461,461,4338.3947939263,0,0,0.0,0.0,0,461.0,4338.3947939263,0,0.0,461,0.0,0.0,0.0,0,0,0,0.0,0.0,461,20,0.0,Brute Force -XSS
26883,106814427,53247614,80,8216494.38461539,456,53247614,106814429,0.1310684346,2530,2530,180.7142857143,180.7142857143,230,6675901.8125,0.1591545277,230,140.5555555556,226,0.0,148.8235294118,0.0,0,0,0,13311.4379084967,115.375204912,2,32,97.9375221341,DoS attacks-Slowloris
26883,411602,138768,22,19600.0952380952,712,138768,412813,53.2928953303,1912,1912,86.9090909091,86.9090909091,640,9600.3023255814,106.5857906607,976,101.7111111111,249,121.1363636364,104.0227272727,121.1363636364,976,2665,2665,41508.8464646465,203.7371995112,3,32,137.6880217811,SSH-Bruteforce
8192,2230470,1199156,3389,318638.5714285714,172,953136,2230470,3.586688007460311,1148,1148,143.5,143.5,677,159319.2857142857,6.725040013988084,1173,170.56250000000003,54,225.8571428571429,181.9333333333333,225.8571428571429,1173,1581,1581,102037.59583333335,319.4332415909987,50,20,228.12966237897004,Benign
8192,538579,183017,443,76939.85714,172,135486,538579,14.85390258,313,313,39.125,39.125,187,35905.26667,29.70780517,1330,313.8235294,23,627.75,333.4375,627.75,1330,5022,5022,263198.9044,513.0291458,0,20,74.25715454,Infilteration
26883,361047,104219,22,17192.7142857143,712,104219,361219,60.9048804188,1912,1912,86.9090909091,86.9090909091,640,8400.4418604651,121.8097608376,976,101.7111111111,235,121.1363636364,104.0227272727,121.1363636364,976,2665,2665,41508.8464646465,203.7371995112,7,32,137.6880217811,SSH-Bruteforce
2052,460,460,8080,460.0,40,460,460,4347.826087,0,0,0.0,0.0,0,460.0,4347.826087,0,0.0,460,0.0,0.0,0.0,0,0,0,0.0,0.0,460,20,0.0,Bot
225,67194,39347,80,33597.0,96,39347,67194,44.64684347,0,0,0.0,0.0,0,33597.0,44.64684347,0,0.0,27847,0.0,0.0,0.0,0,0,0,0.0,0.0,27847,32,0.0,DoS attacks-Hulk
26883,0,0,21,0.0,40,1,1,1000000.0,0,0,0.0,0.0,0,1.0,2000000.0,0,0.0,0,0.0,0.0,0.0,0,0,0,0.0,0.0,1,40,0.0,FTP-BruteForce
-1,0,0,53,0.0,8,269,269,3717.472118959108,55,55,55.0,55.0,55,269.0,7434.944237918216,151,87.0,0,151.0,130.5,151.0,151,151,151,3072.0,55.42562584220407,269,8,0.0,Benign
8192,298,260,80,149.0,72,1331324,1331653,2.252839141,20,20,6.666666667,6.666666667,20,221942.1667,5.256624661,964,123.0,38,241.0,140.5714286,241.0,964,964,964,115523.4286,339.8873763,5,20,11.54700538,DDoS attacks-LOIC-HTTP
2052,511,511,8080,511.0,40,511,511,3913.894325,0,0,0.0,0.0,0,511.0,3913.894325,0,0.0,511,0.0,0.0,0.0,0,0,0,0.0,0.0,511,20,0.0,Bot
-1,0,0,53,0.0,8,1044,1044,957.8544061302682,35,35,35.0,35.0,35,1044.0,1915.7088122605364,99,56.33333333333333,0,99.0,84.5,99.0,99,99,99,1365.3333333333333,36.95041722813605,1044,8,0.0,Benign
168,0,0,51786,0.0,20,34,34,29411.764705882357,0,0,0.0,0.0,0,34.0,58823.52941176471,0,0.0,0,0.0,0.0,0.0,0,0,0,0.0,0.0,34,20,0.0,Benign
26883,0,0,21,0.0,40,4,4,250000.0,0,0,0.0,0.0,0,4.0,500000.0,0,0.0,0,0.0,0.0,0.0,0,0,0,0.0,0.0,4,40,0.0,DoS attacks-SlowHTTPTest
31,17,17,52584,17.0,40,17,17,117647.0588,0,0,0.0,0.0,0,17.0,117647.0588,0,0.0,17,0.0,0.0,0.0,0,0,0,0.0,0.0,17,20,0.0,Infilteration
26883,6874532,6842026,80,1718633.0,168,6841714,6874532,0.7273222381,348,348,69.6,69.6,348,982076.0,1.1637155809,662,112.2222222222,191,220.6666666667,126.25,220.6666666667,662,662,662,55750.4444444445,236.1153202239,3,32,155.630331234,DoS attacks-GoldenEye
-1,120000000,698698,80,1137.88137,840872,698698,119600435,878.8345962,3363488,3363488,32.0,32.0,32,1137.88137,878.8345962,32,32.0,0,0.0,32.00030445,0.0,0,0,0,0.0,0.0,0,8,0.0,DDOS attack-LOIC-UDP
32738,259,259,80,259.0,40,259,259,7722.007722,0,0,0.0,0.0,0,259.0,7722.007722,0,0.0,259,0.0,0.0,0.0,0,0,0,0.0,0.0,259,20,0.0,DDOS attack-HOIC
26883,0,0,21,0.0,40,7,7,142857.1429,0,0,0.0,0.0,0,7.0,285714.2857,0,0.0,0,0.0,0.0,0.0,0,0,0,0.0,0.0,7,40,0.0,DoS attacks-SlowHTTPTest
32738,8252,8252,80,8252.0,40,8252,8252,242.3654872,0,0,0.0,0.0,0,8252.0,242.3654872,0,0.0,8252,0.0,0.0,0.0,0,0,0,0.0,0.0,8252,20,0.0,DDOS attack-HOIC
-1,120000000,561947,80,765.3650059,1253248,561947,119898255,1306.574479,5012992,5012992,32.0,32.0,32,765.3650059,1306.574479,32,32.0,0,0.0,32.00020427,0.0,0,0,0,0.0,0.0,0,8,0.0,DDOS attack-LOIC-UDP
288,0,0,55476,0.0,20,21,21,47619.04762,0,0,0.0,0.0,0,21.0,95238.09524,0,0.0,0,0.0,0.0,0.0,0,0,0,0.0,0.0,21,20,0.0,Infilteration
8192,351,349,80,175.5,72,1435262,1435644,2.089654538,20,20,6.666666667,6.666666667,20,239274.0,4.875860589,964,123.0,2,241.0,140.5714286,241.0,964,964,964,115523.4286,339.8873763,2,20,11.54700538,DDoS attacks-LOIC-HTTP
32738,5916,5916,80,5916.0,40,5916,5916,338.066261,0,0,0.0,0.0,0,5916.0,338.066261,0,0.0,5916,0.0,0.0,0.0,0,0,0,0.0,0.0,5916,20,0.0,DDOS attack-HOIC
26883,0,0,21,0.0,40,2,2,500000.0,0,0,0.0,0.0,0,2.0,1000000.0,0,0.0,0,0.0,0.0,0.0,0,0,0,0.0,0.0,2,40,0.0,FTP-BruteForce
26883,0,0,21,0.0,40,25,25,40000.0,0,0,0.0,0.0,0,25.0,80000.0,0,0.0,0,0.0,0.0,0.0,0,0,0,0.0,0.0,25,40,0.0,FTP-BruteForce
2052,580,580,8080,580.0,40,580,580,3448.275862,0,0,0.0,0.0,0,580.0,3448.275862,0,0.0,580,0.0,0.0,0.0,0,0,0,0.0,0.0,580,20,0.0,Bot
26883,0,0,21,0.0,40,2,2,500000.0,0,0,0.0,0.0,0,2.0,1000000.0,0,0.0,0,0.0,0.0,0.0,0,0,0,0.0,0.0,2,40,0.0,FTP-BruteForce
241,0,0,22,0.0,32,10,10,100000.0,0,0,0.0,0.0,0,10.0,200000.0,0,0.0,0,0.0,0.0,0.0,0,0,0,0.0,0.0,10,32,0.0,SSH-Bruteforce
26883,0,0,21,0.0,40,7,7,142857.1429,0,0,0.0,0.0,0,7.0,285714.2857,0,0.0,0,0.0,0.0,0.0,0,0,0,0.0,0.0,7,40,0.0,DoS attacks-SlowHTTPTest
-1,91600000,733223,80,375.9991584,1948680,733223,91587379,2659.59134,7794720,7794720,32.0,32.0,32,375.9991584,2659.59134,32,32.0,0,0.0,32.00013137,0.0,0,0,0,0.0,0.0,0,8,0.0,DDOS attack-LOIC-UDP
26883,0,0,21,0.0,40,2,2,500000.0,0,0,0.0,0.0,0,2.0,1000000.0,0,0.0,0,0.0,0.0,0.0,0,0,0,0.0,0.0,2,40,0.0,FTP-BruteForce
65535,2027,1241,50779,506.75,124,897,2027,2466.699556,935,935,187.0,187.0,935,337.8333333,3453.379378,935,157.625,7,163.0,180.1428571,163.0,326,326,326,111676.5536,334.1804207,7,20,418.1447118,Benign
8192,314,266,80,157.0,72,1497449,1497795,2.002944328,20,20,6.666666667,6.666666667,20,249632.5,4.673536766,964,123.0,48,241.0,140.5714286,241.0,964,964,964,115523.4286,339.8873763,5,20,11.54700538,DDoS attacks-LOIC-HTTP
26883,0,0,21,0.0,40,19,19,52631.5789473684,0,0,0.0,0.0,0,19.0,105263.157894737,0,0.0,0,0.0,0.0,0.0,0,0,0,0.0,0.0,19,40,0.0,FTP-BruteForce
26883,30836,30350,80,10278.6666666667,136,5003558,5034394,0.7945345557,245,245,61.25,61.25,245,719199.142857143,1.5890691114,972,135.2222222222,197,243.0,152.125,243.0,972,972,972,105030.444444444,324.0840083133,7,32,122.5,DoS attacks-GoldenEye
8192,4105780,1281041,3389,315829.230769231,292,953098,4105780,3.4098271218,1456,1456,104.0,104.0,741,195513.333333333,5.3582997628,1179,138.5652173913,28377,216.375,144.8636363636,216.375,1179,1731,1731,78616.7114624506,280.3867176998,23,20,195.0136089926,Benign
226,9571420,9571420,80,9571420.0,64,9571420,9571420,0.208955411,0,0,0.0,0.0,0,9571420.0,0.208955411,0,0.0,9571420,0.0,0.0,0.0,0,0,0,0.0,0.0,9571420,32,0.0,DoS attacks-GoldenEye
26883,0,0,21,0.0,40,18,18,55555.5555555556,0,0,0.0,0.0,0,18.0,111111.111111111,0,0.0,0,0.0,0.0,0.0,0,0,0,0.0,0.0,18,40,0.0,FTP-BruteForce
225,24943,24943,80,24943.0,64,24943,24943,80.18281682,0,0,0.0,0.0,0,24943.0,80.18281682,0,0.0,24943,0.0,0.0,0.0,0,0,0,0.0,0.0,24943,32,0.0,DoS attacks-Hulk
26883,339245,101616,22,16154.5238095238,712,101616,339291,64.8410951071,1928,1928,87.6363636364,87.6363636364,640,8078.3571428571,126.7348677094,976,104.3863636364,148,126.9047619048,106.8139534884,126.9047619048,976,2665,2665,42227.9635306554,205.4944367389,4,32,137.7805520365,SSH-Bruteforce
221,19103211,19103211,80,19103211.0,64,19103211,19103211,0.1046944412,0,0,0.0,0.0,0,19103211.0,0.1046944412,0,0.0,19103211,0.0,0.0,0.0,0,0,0,0.0,0.0,19103211,32,0.0,DoS attacks-GoldenEye
32738,685,685,80,685.0,40,685,685,2919.708029,0,0,0.0,0.0,0,685.0,2919.708029,0,0.0,685,0.0,0.0,0.0,0,0,0,0.0,0.0,685,20,0.0,DDOS attack-HOIC
26883,371339,83306,22,16145.1739130435,776,67856,371388,64.6224433746,1928,1928,80.3333333333,80.3333333333,640,8253.0666666667,123.8596831346,976,97.7234042553,247,121.1363636364,99.847826087,121.1363636364,976,2665,2665,40139.2479185939,200.3478173542,5,32,133.9586784655,SSH-Bruteforce
2053,155,149,80,77.5,60,149,155,19354.8387096774,0,0,0.0,0.0,0,77.5,19354.8387096774,0,0.0,6,0.0,0.0,0.0,0,0,0,0.0,0.0,6,20,0.0,Brute Force -XSS
32738,13554,13554,80,13554.0,40,13554,13554,147.5579165,0,0,0.0,0.0,0,13554.0,147.5579165,0,0.0,13554,0.0,0.0,0.0,0,0,0,0.0,0.0,13554,20,0.0,DDOS attack-HOIC
8192,56352737,1087857,80,370741.690789474,3072,1087857,56354394,2.7149613214,54995,54995,359.4444444444,359.4444444444,646,220134.3515625,4.5604252261,1068,494.1162790698,378,696.9903846154,496.0389105058,696.9903846154,1068,72487,72487,126315.885259253,355.4094614093,5,20,271.4171844443,Brute Force -Web
279,96,96,80,96.0,40,96,96,20833.3333333333,0,0,0.0,0.0,0,96.0,20833.3333333333,0,0.0,96,0.0,0.0,0.0,0,0,0,0.0,0.0,96,20,0.0,Benign
8192,512,458,8080,256.0,72,10488,11371,263.8290388,326,326,108.6666667,108.6666667,326,1895.166667,615.6010905,326,56.875,54,32.25,65.0,32.25,112,129,129,13318.69643,115.4066568,1,20,188.2161878,Bot
2049,8634725,8634725,80,8634725.0,40,8634725,8634725,0.231622895,0,0,0.0,0.0,0,8634725.0,0.231622895,0,0.0,8634725,0.0,0.0,0.0,0,0,0,0.0,0.0,8634725,20,0.0,DDoS attacks-LOIC-HTTP
256,227,205,443,113.5,60,205,227,13215.859030837,77,77,25.6666666667,25.6666666667,46,113.5,13215.859030837,46,30.75,22,0.0,41.0,0.0,0,0,0,470.25,21.6852484422,22,20,23.4591844132,Benign
-1,0,0,53,0.0,8,251,251,3984.0637450199,54,54,54.0,54.0,54,251.0,7968.1274900399,86,64.6666666667,0,86.0,97.0,86.0,86,86,86,341.3333333333,18.4752086141,251,8,0.0,Benign
8192,404,362,80,202.0,72,1226435,1226869,2.445248841,20,20,6.666666667,6.666666667,20,204478.1667,5.705580628,964,123.0,42,241.0,140.5714286,241.0,964,964,964,115523.4286,339.8873763,10,20,11.54700538,DDoS attacks-LOIC-HTTP
26883,7612425,6588544,80,1903106.25,176,6588244,12616743,0.3962987912,430,430,86.0,86.0,430,1577092.875,0.7133378242,972,140.2,373,243.0,155.7777777778,243.0,972,972,972,103680.4,321.9944098894,4,32,192.301846065,DoS attacks-GoldenEye
8192,534,467,8080,267.0,72,8917,9797,306.2161886,326,326,108.6666667,108.6666667,326,1632.833333,714.5044401,326,56.875,67,32.25,65.0,32.25,112,129,129,13318.69643,115.4066568,21,20,188.2161878,Bot
65535,8343,7952,80,4171.5,72,7952,9085,330.2146395,288,288,96.0,96.0,288,1514.166667,770.5008255,935,152.875,391,233.75,174.7142857,233.75,935,935,935,110028.9821,331.7061684,3,20,166.2768775,DDOS attack-HOIC
-1,0,0,53,0.0,8,242,242,4132.231405,41,41,41.0,41.0,41,242.0,8264.46281,105,62.33333333,0,105.0,93.5,105.0,105,105,105,1365.333333,36.95041723,242,8,0.0,Infilteration
2049,31300000,31300000,80,31300000.0,40,31300000,31325922,0.063844889,0,0,0.0,0.0,0,31300000.0,0.063844889,0,0.0,31300000,0.0,0.0,0.0,0,0,0,0.0,0.0,31300000,20,0.0,DDoS attacks-LOIC-HTTP
8192,3959604,3432462,443,494950.5,192,4829961,8789565,1.023941458,1771,1771,196.7777778,196.7777778,677,517033.2353,2.047882916,1460,301.4210526,194,439.5555556,318.1666667,439.5555556,1460,3956,3956,178384.0351,422.3553422,0,20,269.488765,Infilteration
-1,0,0,53,0.0,8,77471,77471,12.9080559177,38,38,38.0,38.0,38,77471.0,25.8161118354,132,69.3333333333,0,132.0,104.0,132.0,132,132,132,2945.3333333333,54.2709253038,77471,8,0.0,Benign
32738,15216,15216,80,15216.0,40,15216,15216,131.4405889,0,0,0.0,0.0,0,15216.0,131.4405889,0,0.0,15216,0.0,0.0,0.0,0,0,0,0.0,0.0,15216,20,0.0,DDOS attack-HOIC
26883,382947,81022,22,16649.8695652174,776,81022,383453,62.5891569501,1912,1912,79.6666666667,79.6666666667,640,8917.511627907,114.7467877419,976,101.7111111111,274,133.25,104.0227272727,133.25,976,2665,2665,41508.8464646465,203.7371995112,4,32,133.8339875812,SSH-Bruteforce
26883,0,0,21,0.0,40,2,2,500000.0,0,0,0.0,0.0,0,2.0,1000000.0,0,0.0,0,0.0,0.0,0.0,0,0,0,0.0,0.0,2,40,0.0,FTP-BruteForce
-1,120000000,874071,80,1236.810347,774096,874071,119675006,808.5397547,3096384,3096384,32.0,32.0,32,1236.810347,808.5397547,32,32.0,0,0.0,32.00033071,0.0,0,0,0,0.0,0.0,0,8,0.0,DDOS attack-LOIC-UDP
-1,120000000,675064,80,981.6317123,975832,675064,119737473,1018.720347,3903328,3903328,32.0,32.0,32,981.6317123,1018.720347,32,32.0,0,0.0,32.00026234,0.0,0,0,0,0.0,0.0,0,8,0.0,DDOS attack-LOIC-UDP
8192,627,549,8080,313.5,72,9934,10981,273.1991622,326,326,108.6666667,108.6666667,326,1830.166667,637.4647118,326,56.875,78,32.25,65.0,32.25,112,129,129,13318.69643,115.4066568,18,20,188.2161878,Bot
26883,6969859,6957613,80,1742464.75,168,6957289,6969859,0.7173746269,414,414,82.8,82.8,414,995694.142857143,1.1477994031,662,119.5555555556,3,220.6666666667,134.5,220.6666666667,662,662,662,60124.7777777778,245.2035435669,3,32,185.146428537,DoS attacks-GoldenEye
26883,0,0,21,0.0,40,23,23,43478.2608695652,0,0,0.0,0.0,0,23.0,86956.5217391304,0,0.0,0,0.0,0.0,0.0,0,0,0,0.0,0.0,23,40,0.0,FTP-BruteForce
26883,6986162,6973815,80,1746540.5,168,6973449,6986162,0.715700552,520,520,104.0,104.0,520,998023.142857143,1.1451208833,972,165.7777777778,66,324.0,186.5,324.0,972,972,972,120980.444444444,347.822432348,2,32,232.55106966,DoS attacks-GoldenEye
32738,9652,9652,80,9652.0,40,9652,9652,207.2109407,0,0,0.0,0.0,0,9652.0,207.2109407,0,0.0,9652,0.0,0.0,0.0,0,0,0,0.0,0.0,9652,20,0.0,DDOS attack-HOIC
-1,0,0,53,0.0,8,660,660,1515.151515,36,36,36.0,36.0,36,660.0,3030.30303,68,46.66666667,0,68.0,70.0,68.0,68,68,68,341.3333333,18.47520861,660,8,0.0,Infilteration
-1,0,0,53,0.0,8,93220,93220,10.72731174,33,33,33.0,33.0,33,93220.0,21.45462347,113,59.66666667,0,113.0,89.5,113.0,113,113,113,2133.333333,46.18802154,93220,8,0.0,Infilteration
26883,0,0,21,0.0,40,19,19,52631.5789473684,0,0,0.0,0.0,0,19.0,105263.157894737,0,0.0,0,0.0,0.0,0.0,0,0,0,0.0,0.0,19,40,0.0,FTP-BruteForce
8192,504,453,8080,252.0,72,9983,10798,277.8292276,326,326,108.6666667,108.6666667,326,1799.666667,648.2681978,326,56.875,51,32.25,65.0,32.25,112,129,129,13318.69643,115.4066568,0,20,188.2161878,Bot
26883,3038303,2011659,80,1519151.5,120,2011659,3038303,0.9873932916,0,0,0.0,0.0,0,1519151.5,0.9873932916,0,0.0,1026644,0.0,0.0,0.0,0,0,0,0.0,0.0,1026644,40,0.0,DoS attacks-Slowloris
8192,553,500,8080,276.5,72,10087,10938,274.2731761,326,326,108.6666667,108.6666667,326,1823.0,639.9707442,326,56.875,53,32.25,65.0,32.25,112,129,129,13318.69643,115.4066568,1,20,188.2161878,Bot
241,0,0,22,0.0,32,6,6,166666.666666667,0,0,0.0,0.0,0,6.0,333333.333333333,0,0.0,0,0.0,0.0,0.0,0,0,0,0.0,0.0,6,32,0.0,SSH-Bruteforce
8192,116950614,58654921,443,10631874.0,252,58654921,116950614,0.1026074134164015,632,632,52.66666666666666,52.66666666666666,199,5315937.000000001,0.1966642090481029,1460,197.58333333333331,107,373.6363636363637,206.17391304347825,373.6363636363636,1460,4110,4110,177288.5144927536,421.0564267325148,1,20,73.35881100123659,Benign
26883,361717,102853,22,17224.6190476191,712,102853,361759,60.8139673097,1960,1960,89.0909090909,89.0909090909,640,8413.0,121.6279346195,976,102.7777777778,280,121.1363636364,105.1136363636,121.1363636364,976,2665,2665,41512.6767676768,203.7465994015,5,32,137.9533769037,SSH-Bruteforce
8192,116218701,10109093,80,7747913.4,332,10015497,116218701,0.1376714751,445,445,27.8125,27.8125,434,4007541.4137931,0.2581340158,706,37.1290322581,203,50.4285714286,38.3666666667,50.4285714286,706,706,706,21468.9161290322,146.5227495273,38,20,108.3175693659,Benign
8192,327,324,80,163.5,72,1340615,1340969,2.237188183,20,20,6.666666667,6.666666667,20,223494.8333,5.220105759,964,123.0,3,241.0,140.5714286,241.0,964,964,964,115523.4286,339.8873763,3,20,11.54700538,DDoS attacks-LOIC-HTTP
26883,355648,106581,22,16935.619047619,712,106581,355691,61.8514384677,1912,1912,86.9090909091,86.9090909091,640,8271.8837209302,123.7028769353,976,101.7111111111,219,121.1363636364,104.0227272727,121.1363636364,976,2665,2665,41508.8464646465,203.7371995112,3,32,137.6880217811,SSH-Bruteforce
26883,0,0,21,0.0,40,3,3,333333.3333,0,0,0.0,0.0,0,3.0,666666.6667,0,0.0,0,0.0,0.0,0.0,0,0,0,0.0,0.0,3,40,0.0,DoS attacks-SlowHTTPTest
-1,0,0,53,0.0,8,36504,36504,27.39425816348893,58,58,58.0,58.0,58,36504.0,54.78851632697786,124,80.0,0,124.0,120.0,124.0,124,124,124,1452.0,38.1051177665153,36504,8,0.0,Benign
26883,4626,3745,80,1542.0,136,5000783,5005409,0.7991354952,386,386,96.5,96.5,386,715058.428571429,1.5982709904,972,150.8888888889,282,243.0,169.75,243.0,972,972,972,111109.111111111,333.3303333198,7,32,193.0,DoS attacks-GoldenEye
-1,120000000,624159,80,838.9449605,1140280,624159,119578181,1191.981671,4561120,4561120,32.0,32.0,32,838.9449605,1191.981671,32,32.0,0,0.0,32.00022451,0.0,0,0,0,0.0,0.0,0,8,0.0,DDOS attack-LOIC-UDP
225,43411,43411,80,43411.0,64,43411,43411,46.07127226,0,0,0.0,0.0,0,43411.0,46.07127226,0,0.0,43411,0.0,0.0,0.0,0,0,0,0.0,0.0,43411,32,0.0,DoS attacks-Hulk
-1,120000000,656140,80,880.5753322,1087936,656140,119750320,1135.629533,4351744,4351744,32.0,32.0,32,880.5753322,1135.629533,32,32.0,0,0.0,32.00023531,0.0,0,0,0,0.0,0.0,0,8,0.0,DDOS attack-LOIC-UDP
26883,0,0,21,0.0,40,19,19,52631.5789473684,0,0,0.0,0.0,0,19.0,105263.157894737,0,0.0,0,0.0,0.0,0.0,0,0,0,0.0,0.0,19,40,0.0,FTP-BruteForce
26883,375026,78674,22,17858.380952381,712,63113,375073,58.655248445,1912,1912,86.9090909091,86.9090909091,640,8722.6279069767,117.3104968899,976,101.7111111111,275,121.1363636364,104.0227272727,121.1363636364,976,2665,2665,41508.8464646465,203.7371995112,3,32,137.6880217811,SSH-Bruteforce
1024,0,0,4567,0.0,24,281,281,3558.718861,0,0,0.0,0.0,0,281.0,7117.437722,0,0.0,0,0.0,0.0,0.0,0,0,0,0.0,0.0,281,24,0.0,Infilteration
32738,25078,25078,80,25078.0,40,25078,25078,79.75117633,0,0,0.0,0.0,0,25078.0,79.75117633,0,0.0,25078,0.0,0.0,0.0,0,0,0,0.0,0.0,25078,20,0.0,DDOS attack-HOIC
8192,1717,1433,80,858.5,72,1144133,1145874,2.6180889,20,20,6.666666667,6.666666667,20,190979.0,6.1088741,964,123.0,284,241.0,140.5714286,241.0,964,964,964,115523.4286,339.8873763,2,20,11.54700538,DDoS attacks-LOIC-HTTP
26883,0,0,21,0.0,40,14,14,71428.5714285714,0,0,0.0,0.0,0,14.0,142857.142857143,0,0.0,0,0.0,0.0,0.0,0,0,0,0.0,0.0,14,40,0.0,FTP-BruteForce
26883,373859,111234,22,17802.8095238095,712,111234,374359,58.7671192625,1944,1944,88.3636363636,88.3636363636,640,8706.023255814,117.5342385251,976,102.4222222222,156,121.1363636364,104.75,121.1363636364,976,2665,2665,41511.6585858586,203.7441007388,3,32,137.8690011274,SSH-Bruteforce
2052,495,495,8080,495.0,40,495,495,4040.40404,0,0,0.0,0.0,0,495.0,4040.40404,0,0.0,495,0.0,0.0,0.0,0,0,0,0.0,0.0,495,20,0.0,Bot
-1,0,0,53,0.0,8,1095,1095,913.2420091,42,42,42.0,42.0,42,1095.0,1826.484018,96,60.0,0,96.0,90.0,96.0,96,96,96,972.0,31.17691454,1095,8,0.0,Infilteration
26883,204556,145000,80,51139.0,168,145000,204556,24.4431842625,410,410,82.0,82.0,410,29222.2857142857,39.10909482,662,119.1111111111,297,220.6666666667,134.0,220.6666666667,662,662,662,59832.1111111111,244.6060324504,7,32,183.357574155,DoS attacks-GoldenEye
26883,110094747,53247571,80,7339649.8,536,53247571,110094749,0.1453293653,2530,2530,158.125,158.125,230,6116374.94444444,0.1725786213,230,126.5,119,0.0,133.1578947368,0.0,0,0,0,13781.8421052632,117.3960906728,2,32,110.104117392,DoS attacks-Slowloris
221,2001459,2001459,80,2001459.0,64,2001459,2001459,0.9992710318,0,0,0.0,0.0,0,2001459.0,0.9992710318,0,0.0,2001459,0.0,0.0,0.0,0,0,0,0.0,0.0,2001459,32,0.0,DoS attacks-GoldenEye
225,2726,2726,80,2726.0,64,2726,2726,733.6757153,0,0,0.0,0.0,0,2726.0,733.6757153,0,0.0,2726,0.0,0.0,0.0,0,0,0,0.0,0.0,2726,32,0.0,DoS attacks-Hulk
26883,0,0,21,0.0,40,3,3,333333.3333,0,0,0.0,0.0,0,3.0,666666.6667,0,0.0,0,0.0,0.0,0.0,0,0,0,0.0,0.0,3,40,0.0,DoS attacks-SlowHTTPTest
26883,0,0,21,0.0,40,18,18,55555.5555555556,0,0,0.0,0.0,0,18.0,111111.111111111,0,0.0,0,0.0,0.0,0.0,0,0,0,0.0,0.0,18,40,0.0,FTP-BruteForce
26883,412417,119353,22,19638.9047619048,712,119353,412600,53.320407174,1928,1928,87.6363636364,87.6363636364,640,9595.3488372093,106.640814348,976,102.0666666667,169,121.1363636364,104.3863636364,121.1363636364,976,2665,2665,41510.3818181818,203.7409674518,5,32,137.7805520365,SSH-Bruteforce
32738,12827,12827,80,12827.0,40,12827,12827,155.9211039,0,0,0.0,0.0,0,12827.0,155.9211039,0,0.0,12827,0.0,0.0,0.0,0,0,0,0.0,0.0,12827,20,0.0,DDOS attack-HOIC
300,2828681,2828681,53061,1414340.5,60,2828681,2828681,1.060564977,788,788,262.6666667,262.6666667,788,1414340.5,1.060564977,788,197.0,0,0.0,262.6666667,0.0,0,0,0,155236.0,394.0,0,20,454.9520121,Infilteration
2049,25600000,25600000,80,25600000.0,40,25600000,25604475,0.078111346,0,0,0.0,0.0,0,25600000.0,0.078111346,0,0.0,25600000,0.0,0.0,0.0,0,0,0,0.0,0.0,25600000,20,0.0,DDoS attacks-LOIC-HTTP
26883,374529,72009,22,17834.7142857143,712,72009,375355,58.6111814149,1928,1928,87.6363636364,87.6363636364,640,9155.0,111.8940736103,976,106.8139534884,234,133.25,109.3571428571,133.25,976,2665,2665,42967.9169435216,207.2870399796,6,32,137.7805520365,SSH-Bruteforce
-1,120000000,731172,80,1138.963865,841520,731172,119806470,877.9993267,3366080,3366080,32.0,32.0,32,1138.963865,877.9993267,32,32.0,0,0.0,32.00030421,0.0,0,0,0,0.0,0.0,0,8,0.0,DDOS attack-LOIC-UDP
32738,6001,6001,80,6001.0,40,6001,6001,333.277787,0,0,0.0,0.0,0,6001.0,333.277787,0,0.0,6001,0.0,0.0,0.0,0,0,0,0.0,0.0,6001,20,0.0,DDOS attack-HOIC
26883,6962205,6955184,80,1740551.25,168,6954882,6962205,0.718163283,237,237,47.4,47.4,237,994600.714285714,1.1490612529,972,134.3333333333,38,324.0,151.125,324.0,972,972,972,104818.0,323.756081024,3,32,105.9896221335,DoS attacks-GoldenEye
26883,108126038,53247463,80,7723288.42857143,496,53247463,108126040,0.1387269894,2530,2530,168.6666666667,168.6666666667,230,6360355.29411765,0.1664723872,230,133.1578947368,242,0.0,140.5555555556,0.0,0,0,0,13611.6959064327,116.6691729054,2,32,105.2796728899,DoS attacks-Slowloris
8192,10200000,10000000,443,1015248.4,232,10000000,10152484,1.083478684,1279,1279,116.2727273,116.2727273,739,507624.2,2.068459305,1460,236.9090909,29,393.3,248.1904762,393.3,1460,3933,3933,198027.2294,445.002505,0,20,220.3765373,Infilteration
26883,106762645,53247348,80,8212511.15384615,456,53247348,106762647,0.1311320054,2530,2530,180.7142857143,180.7142857143,230,6672665.4375,0.1592317208,230,140.5555555556,41,0.0,148.8235294118,0.0,0,0,0,13311.4379084967,115.375204912,2,32,97.9375221341,DoS attacks-Slowloris
26883,389682,149236,22,17712.8181818182,744,149236,391441,58.7572584374,1928,1928,83.8260869565,83.8260869565,640,9320.0238095238,109.8505266439,976,104.3863636364,229,133.25,106.8139534884,133.25,976,2665,2665,42227.9635306554,205.4944367389,2,32,135.8473917085,SSH-Bruteforce
32738,1807,1807,80,1807.0,40,1807,1807,1106.806862,0,0,0.0,0.0,0,1807.0,1106.806862,0,0.0,1807,0.0,0.0,0.0,0,0,0,0.0,0.0,1807,20,0.0,DDOS attack-HOIC
225,1679,1679,80,1679.0,64,1679,1679,1191.185229,0,0,0.0,0.0,0,1679.0,1191.185229,0,0.0,1679,0.0,0.0,0.0,0,0,0,0.0,0.0,1679,32,0.0,DoS attacks-Hulk
2047,113,113,80,113.0,40,113,113,17699.1150442478,0,0,0.0,0.0,0,113.0,17699.1150442478,0,0.0,113,0.0,0.0,0.0,0,0,0,0.0,0.0,113,20,0.0,Brute Force -Web
225,11974,11974,80,11974.0,64,11974,11974,167.0285619,0,0,0.0,0.0,0,11974.0,167.0285619,0,0.0,11974,0.0,0.0,0.0,0,0,0,0.0,0.0,11974,32,0.0,DoS attacks-Hulk
-1,0,0,53,0.0,8,13339,13339,74.96813854,46,46,46.0,46.0,46,13339.0,149.9362771,62,51.33333333,0,62.0,77.0,62.0,62,62,62,85.33333333,9.237604307,13339,8,0.0,Infilteration
-1,269327,269327,53,269327.0,16,267995,269735,7.414684783,100,100,50.0,50.0,50,89911.66667,14.82936957,132,82.8,269327,132.0,103.5,132.0,132,264,264,2017.2,44.91324972,408,8,0.0,Infilteration
26883,0,0,21,0.0,40,2,2,500000.0,0,0,0.0,0.0,0,2.0,1000000.0,0,0.0,0,0.0,0.0,0.0,0,0,0,0.0,0.0,2,40,0.0,FTP-BruteForce
26883,0,0,21,0.0,40,19,19,52631.5789473684,0,0,0.0,0.0,0,19.0,105263.157894737,0,0.0,0,0.0,0.0,0.0,0,0,0,0.0,0.0,19,40,0.0,FTP-BruteForce
211,105084559,105084559,80,105084559.0,64,105084557,105084561,0.0190322915,16,16,8.0,8.0,8,35028187.0,0.0380645831,8,4.8,105084559,0.0,6.0,0.0,0,0,0,19.2,4.38178046,2,32,0.0,DoS attacks-Slowloris
32738,3243,3243,80,3243.0,40,3243,3243,616.7129201,0,0,0.0,0.0,0,3243.0,616.7129201,0,0.0,3243,0.0,0.0,0.0,0,0,0,0.0,0.0,3243,20,0.0,DDOS attack-HOIC
-1,331254,331254,53,331254.0,16,330463,331707,6.0294175281,78,78,39.0,39.0,39,110569.0,12.0588350562,67,50.2,331254,67.0,62.75,67.0,67,134,134,235.2,15.3362316101,453,8,0.0,Benign
1024,0,0,3370,0.0,24,228,228,4385.964912,0,0,0.0,0.0,0,228.0,8771.929825,0,0.0,0,0.0,0.0,0.0,0,0,0,0.0,0.0,228,24,0.0,Infilteration
8192,519,453,8080,259.5,72,8902,9679,309.9493749,326,326,108.6666667,108.6666667,326,1613.166667,723.2152082,326,56.875,66,32.25,65.0,32.25,112,129,129,13318.69643,115.4066568,2,20,188.2161878,Bot
256,52556640,52443641,443,13139160.0,112,52443641,52556640,0.0951354577,123,123,24.6,24.6,46,8759440.0,0.1331896407,46,32.625,19,46.0,37.2857142857,46.0,46,92,92,432.2678571429,20.7910523337,19,20,23.2765976895,Benign
225,1243,1243,80,1243.0,64,1243,1243,1609.010459,0,0,0.0,0.0,0,1243.0,1609.010459,0,0.0,1243,0.0,0.0,0.0,0,0,0,0.0,0.0,1243,32,0.0,DoS attacks-Hulk
26883,0,0,21,0.0,40,28,28,35714.28571,0,0,0.0,0.0,0,28.0,71428.57143,0,0.0,0,0.0,0.0,0.0,0,0,0,0.0,0.0,28,40,0.0,DoS attacks-SlowHTTPTest
2049,5435039,5435039,80,5435039.0,40,5435039,5435039,0.36798264,0,0,0.0,0.0,0,5435039.0,0.36798264,0,0.0,5435039,0.0,0.0,0.0,0,0,0,0.0,0.0,5435039,20,0.0,DDoS attacks-LOIC-HTTP
8192,3469281,1226870,3389,385475.6667,212,953292,3469281,2.882441636,1148,1148,114.8,114.8,677,216830.0625,4.900150781,1173,151.6111111,290,225.8571429,160.5294118,225.8571429,1173,1581,1581,93075.4281,305.0826578,80,20,210.0924664,Infilteration
8192,419851,113715,443,52481.375,192,102193,419851,21.4361761673,506,506,56.2222222222,56.2222222222,194,27990.0666666667,38.1087576307,1430,223.0,23,469.2857142857,236.9375,469.2857142857,1430,3285,3285,213599.875,462.1686650997,1,20,82.2659981064,Benign
-1,0,0,53,0.0,8,235,235,4255.3191489362,32,32,32.0,32.0,32,235.0,8510.6382978724,48,37.3333333333,0,48.0,56.0,48.0,48,48,48,85.3333333333,9.237604307,235,8,0.0,Benign
8192,673281,582423,443,84160.125,192,582423,673281,13.3673755832,553,553,61.4444444444,61.4444444444,202,44885.4,23.7642232589,1410,243.5882352941,28,512.5714285714,258.8125,512.5714285714,1410,3588,3588,207186.507352941,455.1774460064,7,20,87.5344376676,Benign
226,1973280,1973280,80,1973280.0,64,1973280,1973280,1.0135409065,0,0,0.0,0.0,0,1973280.0,1.0135409065,0,0.0,1973280,0.0,0.0,0.0,0,0,0,0.0,0.0,1973280,32,0.0,DoS attacks-GoldenEye
0,0,0,443,0.0,20,639,640,1562.4999999999998,0,0,0.0,0.0,0,320.0,4687.5,0,0.0,0,0.0,0.0,0.0,0,0,0,0.0,0.0,1,20,0.0,Benign
26883,0,0,21,0.0,40,21,21,47619.04762,0,0,0.0,0.0,0,21.0,95238.09524,0,0.0,0,0.0,0.0,0.0,0,0,0,0.0,0.0,21,40,0.0,DoS attacks-SlowHTTPTest
8192,576,512,8080,288.0,72,11491,12371,242.5026271,326,326,108.6666667,108.6666667,326,2061.833333,565.8394633,326,56.875,64,32.25,65.0,32.25,112,129,129,13318.69643,115.4066568,21,20,188.2161878,Bot
225,16716,16716,80,16716.0,64,16716,16716,119.6458483,0,0,0.0,0.0,0,16716.0,119.6458483,0,0.0,16716,0.0,0.0,0.0,0,0,0,0.0,0.0,16716,32,0.0,DoS attacks-Hulk
2052,485,485,8080,485.0,40,485,485,4123.71134,0,0,0.0,0.0,0,485.0,4123.71134,0,0.0,485,0.0,0.0,0.0,0,0,0,0.0,0.0,485,20,0.0,Bot
-1,120000000,726245,80,1090.631633,878784,726245,119802613,916.9082147,3515136,3515136,32.0,32.0,32,1090.631633,916.9082147,32,32.0,0,0.0,32.00029131,0.0,0,0,0,0.0,0.0,0,8,0.0,DDOS attack-LOIC-UDP
65535,8685,8389,80,4342.5,72,8389,8944,335.4203936,249,249,83.0,83.0,249,1490.666667,782.647585,935,148.0,296,233.75,169.1428571,233.75,935,935,935,108713.4286,329.7171948,3,20,143.760217,DDOS attack-HOIC
-1,0,0,53,0.0,8,1386,1386,721.5007215,48,48,48.0,48.0,48,1386.0,1443.001443,113,69.66666667,0,113.0,104.5,113.0,113,113,113,1408.333333,37.5277675,1386,8,0.0,Infilteration
26883,0,0,21,0.0,40,17,17,58823.5294117647,0,0,0.0,0.0,0,17.0,117647.058823529,0,0.0,0,0.0,0.0,0.0,0,0,0,0.0,0.0,17,40,0.0,FTP-BruteForce
26883,367768,152745,22,17512.7619047619,712,152745,368920,59.6335248834,1912,1912,86.9090909091,86.9090909091,640,8579.5348837209,119.2670497669,976,101.7111111111,239,121.1363636364,104.0227272727,121.1363636364,976,2665,2665,41508.8464646465,203.7371995112,4,32,137.6880217811,SSH-Bruteforce
26883,108093825,53247400,80,7720987.5,496,53247400,108093839,0.1387683159,2530,2530,168.6666666667,168.6666666667,230,6358461.11764706,0.1665219791,230,133.1578947368,193,0.0,140.5555555556,0.0,0,0,0,13611.6959064327,116.6691729054,14,32,105.2796728899,DoS attacks-Slowloris
26883,0,0,21,0.0,40,6,6,166666.6667,0,0,0.0,0.0,0,6.0,333333.3333,0,0.0,0,0.0,0.0,0.0,0,0,0,0.0,0.0,6,40,0.0,DoS attacks-SlowHTTPTest
-1,120000000,668045,80,1026.001328,933440,668045,119712809,974.6659608,3733760,3733760,32.0,32.0,32,1026.001328,974.6659608,32,32.0,0,0.0,32.00027425,0.0,0,0,0,0.0,0.0,0,8,0.0,DDOS attack-LOIC-UDP
8192,338,314,80,169.0,72,1689025,1689389,1.775789945,20,20,6.666666667,6.666666667,20,281564.8333,4.143509873,964,123.0,24,241.0,140.5714286,241.0,964,964,964,115523.4286,339.8873763,4,20,11.54700538,DDoS attacks-LOIC-HTTP
8192,48565743,1221138,80,373582.638461538,2632,1221138,48565743,2.6973745671,46267,46267,353.1832061069,353.1832061069,646,223805.267281106,4.48876073,1068,490.2146118721,328,702.183908046,492.4633027523,702.183908046,1068,61090,61090,127636.756482761,357.2628674838,7,20,273.1809713366,Brute Force -Web
8192,5181548,4953555,443,740221.142857143,172,4953555,5181548,1.543940150703998,353,353,44.125,44.125,196,398580.6153846154,2.7018952637319966,1460,280.46666666666664,29,642.3333333333334,300.5,642.3333333333334,1460,3854,3854,261576.40952380956,511.44541206643896,8,20,75.28695106059217,Benign
26883,108351356,53239837,80,7739382.57142857,496,53239837,108351359,0.1384385036,2530,2530,168.6666666667,168.6666666667,230,6373609.35294118,0.1661262043,230,133.1578947368,377,0.0,140.5555555556,0.0,0,0,0,13611.6959064327,116.6691729054,3,32,105.2796728899,DoS attacks-Slowloris
26883,0,0,21,0.0,40,4,4,250000.0,0,0,0.0,0.0,0,4.0,500000.0,0,0.0,0,0.0,0.0,0.0,0,0,0,0.0,0.0,4,40,0.0,DoS attacks-SlowHTTPTest
219,4280522,4189600,44752,1070130.5,168,4189593,4280522,1.168081837,935,935,187.0,187.0,935,611503.1429,1.868930939,935,139.6666667,9492,107.3333333,157.125,107.3333333,322,322,322,100293.5,316.6914903,7,32,418.1447118,Benign
26883,313949,69142,22,14949.9523809524,712,69142,317278,69.3398218597,1912,1912,86.9090909091,86.9090909091,640,7378.5581395349,138.6796437194,976,101.7111111111,141,121.1363636364,104.0227272727,121.1363636364,976,2665,2665,41508.8464646465,203.7371995112,4,32,137.6880217811,SSH-Bruteforce
8192,40500000,10200000,80,5790219.429,172,10200000,46043957,0.173747013,441,441,55.125,55.125,437,2877747.313,0.369212403,1460,159.2777778,334,269.5555556,168.6470588,269.5555556,1460,2426,2426,164651.7418,405.7730176,14,20,154.3015948,Infilteration
241,0,0,22,0.0,32,7,7,142857.142857143,0,0,0.0,0.0,0,7.0,285714.285714286,0,0.0,0,0.0,0.0,0.0,0,0,0,0.0,0.0,7,32,0.0,SSH-Bruteforce
26883,317440,316035,80,79360.0,168,316035,317440,15.7510080645,291,291,58.2,58.2,291,45348.5714285714,25.2016129032,972,140.3333333333,317,324.0,157.875,324.0,972,972,972,106528.0,326.3862742212,7,32,130.1391562905,DoS attacks-GoldenEye
-1,0,0,53,0.0,8,2147,2147,465.7661854,45,45,45.0,45.0,45,2147.0,931.5323707,177,89.0,0,177.0,133.5,177.0,177,177,177,5808.0,76.21023553,2147,8,0.0,Infilteration
31,26,26,51252,26.0,40,26,26,76923.07692,0,0,0.0,0.0,0,26.0,76923.07692,0,0.0,26,0.0,0.0,0.0,0,0,0,0.0,0.0,26,20,0.0,Infilteration
256,505,505,8080,505.0,40,505,505,3960.39604,0,0,0.0,0.0,0,505.0,3960.39604,0,0.0,505,0.0,0.0,0.0,0,0,0,0.0,0.0,505,20,0.0,Bot
1024,0,0,4279,0.0,24,298,298,3355.704698,0,0,0.0,0.0,0,298.0,6711.409396,0,0.0,0,0.0,0.0,0.0,0,0,0,0.0,0.0,298,24,0.0,Infilteration
2049,9518296,9518296,80,9518296.0,40,9518296,9518296,0.210121644,0,0,0.0,0.0,0,9518296.0,0.210121644,0,0.0,9518296,0.0,0.0,0.0,0,0,0,0.0,0.0,9518296,20,0.0,DDoS attacks-LOIC-HTTP
8192,1034602,518988,443,517301.0,92,507329,1046321,2.867188941,0,0,0.0,0.0,0,209264.2,5.734377882,0,0.0,515614,0.0,0.0,0.0,0,0,0,0.0,0.0,11659,28,0.0,Infilteration
8192,435277,110248,445,54409.625,192,110248,435277,20.67648876,279,279,31.0,31.0,139,36273.08333,29.86603933,139,35.0,303,52.75,37.69230769,52.75,133,211,211,2560.0,50.59644256,30,20,51.29571132,Infilteration
1024,0,0,3551,0.0,24,276,276,3623.188406,0,0,0.0,0.0,0,276.0,7246.376812,0,0.0,0,0.0,0.0,0.0,0,0,0,0.0,0.0,276,24,0.0,Infilteration
26883,0,0,21,0.0,40,25,25,40000.0,0,0,0.0,0.0,0,25.0,80000.0,0,0.0,0,0.0,0.0,0.0,0,0,0,0.0,0.0,25,40,0.0,FTP-BruteForce
-1,120000000,651935,80,907.061031,1055864,651935,119715729,1102.470002,4223456,4223456,32.0,32.0,32,907.061031,1102.470002,32,32.0,0,0.0,32.00024246,0.0,0,0,0,0.0,0.0,0,8,0.0,DDOS attack-LOIC-UDP
26883,5017962,5017465,80,1672654.0,136,5017133,10019070,0.3992386519,397,397,99.25,99.25,397,1431295.71428571,0.7984773038,972,152.1111111111,208,243.0,171.125,243.0,972,972,972,111769.111111111,334.3188763907,5,32,198.5,DoS attacks-GoldenEye
26883,6617168,6616860,80,2205722.66666667,136,6616579,11621582,0.3441872199,419,419,104.75,104.75,419,1660226.0,0.6883744399,662,120.1111111111,26,165.5,135.125,165.5,662,662,662,60495.6111111111,245.9585556778,4,32,209.5,DoS attacks-GoldenEye
2052,504,504,8080,504.0,40,504,504,3968.253968,0,0,0.0,0.0,0,504.0,3968.253968,0,0.0,504,0.0,0.0,0.0,0,0,0,0.0,0.0,504,20,0.0,Bot
1024,0,0,1073,0.0,24,2,2,500000.0,0,0,0.0,0.0,0,2.0,1000000.0,0,0.0,0,0.0,0.0,0.0,0,0,0,0.0,0.0,2,24,0.0,Infilteration
-1,120000000,613129,80,911.5736717,1053112,613129,119997735,1097.012373,4212448,4212448,32.0,32.0,32,911.5736717,1097.012373,32,32.0,0,0.0,32.00024309,0.0,0,0,0,0.0,0.0,0,8,0.0,DDOS attack-LOIC-UDP
26883,0,0,21,0.0,40,4,4,250000.0,0,0,0.0,0.0,0,4.0,500000.0,0,0.0,0,0.0,0.0,0.0,0,0,0,0.0,0.0,4,40,0.0,DoS attacks-SlowHTTPTest
-1,120000000,695871,80,1047.086202,914048,695871,119634834,955.0395665,3656192,3656192,32.0,32.0,32,1047.086202,955.0395665,32,32.0,0,0.0,32.00028007,0.0,0,0,0,0.0,0.0,0,8,0.0,DDOS attack-LOIC-UDP
-1,120000000,702988,80,1090.151548,877352,702988,119554740,917.3120196,3509408,3509408,32.0,32.0,32,1090.151548,917.3120196,32,32.0,0,0.0,32.00029179,0.0,0,0,0,0.0,0.0,0,8,0.0,DDOS attack-LOIC-UDP
26883,0,0,21,0.0,40,8,8,125000.0,0,0,0.0,0.0,0,8.0,250000.0,0,0.0,0,0.0,0.0,0.0,0,0,0,0.0,0.0,8,40,0.0,FTP-BruteForce
225,76597,41317,80,38298.5,96,41317,76597,39.16602478,0,0,0.0,0.0,0,38298.5,39.16602478,0,0.0,35280,0.0,0.0,0.0,0,0,0,0.0,0.0,35280,32,0.0,DoS attacks-Hulk
32738,30311,30311,80,30311.0,40,30311,30311,65.98264656,0,0,0.0,0.0,0,30311.0,65.98264656,0,0.0,30311,0.0,0.0,0.0,0,0,0,0.0,0.0,30311,20,0.0,DDOS attack-HOIC
8192,5006185,4937634,80,1251546.25,112,4937634,5006185,0.9987645283,558,558,111.6,111.6,558,715169.285714286,1.5980232452,558,105.1111111111,319,129.3333333333,118.25,129.3333333333,388,388,388,45309.1111111111,212.8593693289,19,20,249.545186289,SQL Injection
26883,0,0,21,0.0,40,16,16,62500.0,0,0,0.0,0.0,0,16.0,125000.0,0,0.0,0,0.0,0.0,0.0,0,0,0,0.0,0.0,16,40,0.0,FTP-BruteForce
26883,0,0,21,0.0,40,3,3,333333.3333,0,0,0.0,0.0,0,3.0,666666.6667,0,0.0,0,0.0,0.0,0.0,0,0,0,0.0,0.0,3,40,0.0,DoS attacks-SlowHTTPTest
32738,622,622,80,622.0,40,622,622,3215.434084,0,0,0.0,0.0,0,622.0,3215.434084,0,0.0,622,0.0,0.0,0.0,0,0,0,0.0,0.0,622,20,0.0,DDOS attack-HOIC
26883,0,0,21,0.0,40,19,19,52631.5789473684,0,0,0.0,0.0,0,19.0,105263.157894737,0,0.0,0,0.0,0.0,0.0,0,0,0,0.0,0.0,19,40,0.0,FTP-BruteForce
2053,849,849,80,849.0,40,849,849,2355.7126030624,0,0,0.0,0.0,0,849.0,2355.7126030624,0,0.0,849,0.0,0.0,0.0,0,0,0,0.0,0.0,849,20,0.0,Brute Force -XSS
8192,611923,202445,445,152980.75,112,202343,611978,8.170228342,286,286,57.2,57.2,103,76497.25,14.70641101,131,45.6,6465,42.5,50.66666667,42.5,131,170,170,2807.377778,52.98469381,55,20,52.48523602,Benign
225,20733,20733,80,20733.0,64,20733,20733,96.46457339,0,0,0.0,0.0,0,20733.0,96.46457339,0,0.0,20733,0.0,0.0,0.0,0,0,0,0.0,0.0,20733,32,0.0,DoS attacks-Hulk
-1,0,0,53,0.0,8,37987,37987,26.32479532,48,48,48.0,48.0,48,37987.0,52.64959065,138,78.0,0,138.0,117.0,138.0,138,138,138,2700.0,51.96152423,37987,8,0.0,Infilteration
8192,628,581,8080,314.0,72,10423,11602,258.5761076,326,326,108.6666667,108.6666667,326,1933.666667,603.344251,326,56.875,47,32.25,65.0,32.25,112,129,129,13318.69643,115.4066568,16,20,188.2161878,Bot
211,111160886,111160886,80,111160886.0,64,111160884,111160888,0.0179919398,16,16,8.0,8.0,8,37053629.3333333,0.0359838795,8,4.8,111160886,0.0,6.0,0.0,0,0,0,19.2,4.38178046,2,32,0.0,DoS attacks-Slowloris
-1,0,0,53,0.0,8,12972,12972,77.089115017,41,41,41.0,41.0,41,12972.0,154.1782300339,102,61.3333333333,0,102.0,92.0,102.0,102,102,102,1240.3333333333,35.2183664206,12972,8,0.0,Benign
241,0,0,22,0.0,32,5,5,200000.0,0,0,0.0,0.0,0,5.0,400000.0,0,0.0,0,0.0,0.0,0.0,0,0,0,0.0,0.0,5,32,0.0,SSH-Bruteforce
8192,850,498,80,425.0,72,1288648,1289546,2.326400144,20,20,6.666666667,6.666666667,20,214924.3333,5.428267002,964,123.0,352,241.0,140.5714286,241.0,964,964,964,115523.4286,339.8873763,9,20,11.54700538,DDoS attacks-LOIC-HTTP
225,610,610,80,610.0,64,610,610,3278.688525,0,0,0.0,0.0,0,610.0,3278.688525,0,0.0,610,0.0,0.0,0.0,0,0,0,0.0,0.0,610,32,0.0,DoS attacks-Hulk
211,99999433,99999433,80,99999433.0,64,99999431,99999435,0.020000113,16,16,8.0,8.0,8,33333145.0,0.040000226,8,4.8,99999433,0.0,6.0,0.0,0,0,0,19.2,4.38178046,2,32,0.0,DoS attacks-Slowloris
946,1,1,50772,1.0,40,1,1,2000000.0,31,31,15.5,15.5,31,1.0,2000000.0,31,20.66666667,1,0.0,31.0,0.0,0,0,0,320.3333333,17.89785834,1,20,21.92031022,Infilteration
-1,120000000,667352,80,1087.788372,881064,667352,119800309,919.3048075,3524256,3524256,32.0,32.0,32,1087.788372,919.3048075,32,32.0,0,0.0,32.00029056,0.0,0,0,0,0.0,0.0,0,8,0.0,DDOS attack-LOIC-UDP
-1,110085880,110085880,53,110085880.0,16,110084922,110086157,0.0181675885007049,72,72,36.0,36.0,40,36695385.66666667,0.0363351770014099,121,56.2,110085880,88.5,70.25,88.5,121,177,177,1408.2,37.5259909929105,277,8,5.656854249492381,Benign
8192,2079966,1111265,3389,231107.3333333333,212,953145,2079966,4.807770896255034,1032,1032,103.2,103.2,565,129997.875,8.173210523633559,1149,136.72222222222223,59,204.1428571428571,144.76470588235293,204.14285714285717,1149,1429,1429,82614.33006535948,287.427086519972,59,20,176.94242629234577,Benign
8192,119902302,10022732,80,7493893.875,352,10001797,119923199,0.1417573926,597,597,35.1176470588,35.1176470588,293,3747599.96875,0.275176115,384,40.1470588235,21619,48.0,41.3636363636,48.0,384,768,768,12479.4019607843,111.7112436632,49,20,97.0643358506,Benign
26883,361327,100477,22,17206.0476190476,712,100477,361382,60.8774095002,1944,1944,88.3636363636,88.3636363636,640,8404.2325581395,121.7548190004,976,102.4222222222,373,121.1363636364,104.75,121.1363636364,976,2665,2665,41511.6585858586,203.7441007388,5,32,137.8690011274,SSH-Bruteforce
26883,0,0,21,0.0,40,11,11,90909.09091,0,0,0.0,0.0,0,11.0,181818.1818,0,0.0,0,0.0,0.0,0.0,0,0,0,0.0,0.0,11,40,0.0,DoS attacks-SlowHTTPTest
26883,33271572,13056003,80,2559351.69230769,464,13056003,33271572,0.4207796373,3330,3330,237.8571428571,237.8571428571,370,2079473.25,0.5109467025,972,239.0,52,324.0,253.0588235294,324.0,972,972,972,67570.9411764706,259.9441116403,24,32,183.9807084966,DoS attacks-GoldenEye
225,4395,4395,80,4395.0,64,4395,4395,455.0625711,0,0,0.0,0.0,0,4395.0,455.0625711,0,0.0,4395,0.0,0.0,0.0,0,0,0,0.0,0.0,4395,32,0.0,DoS attacks-Hulk
26883,0,0,21,0.0,40,18,18,55555.5555555556,0,0,0.0,0.0,0,18.0,111111.111111111,0,0.0,0,0.0,0.0,0.0,0,0,0,0.0,0.0,18,40,0.0,FTP-BruteForce
26883,0,0,21,0.0,40,20,20,50000.0,0,0,0.0,0.0,0,20.0,100000.0,0,0.0,0,0.0,0.0,0.0,0,0,0,0.0,0.0,20,40,0.0,DoS attacks-SlowHTTPTest
221,15933996,15933996,80,15933996.0,64,15933996,15933996,0.1255177923,0,0,0.0,0.0,0,15933996.0,0.1255177923,0,0.0,15933996,0.0,0.0,0.0,0,0,0,0.0,0.0,15933996,32,0.0,DoS attacks-GoldenEye
26883,0,0,21,0.0,40,34,34,29411.76471,0,0,0.0,0.0,0,34.0,58823.52941,0,0.0,0,0.0,0.0,0.0,0,0,0,0.0,0.0,34,40,0.0,DoS attacks-SlowHTTPTest
8192,333,288,8080,166.5,72,6810,7414,404.6398705,285,285,95.0,95.0,285,1235.666667,944.1596979,285,51.75,45,32.25,59.14285714,32.25,112,129,129,10376.21429,101.8637045,1,20,164.5448267,Bot
-1,120000000,915065,80,1489.775818,643664,915065,119862893,671.2502759,2574656,2574656,32.0,32.0,32,1489.775818,671.2502759,32,32.0,1,0.0,32.00039772,0.0,0,0,0,0.0,0.0,1,8,0.0,DDOS attack-LOIC-UDP
32738,2479,2479,80,2479.0,40,2479,2479,806.7769262,0,0,0.0,0.0,0,2479.0,806.7769262,0,0.0,2479,0.0,0.0,0.0,0,0,0,0.0,0.0,2479,20,0.0,DDOS attack-HOIC
-1,120000000,691102,80,933.5814251,1025392,691102,119659932,1071.152205,4101568,4101568,32.0,32.0,32,933.5814251,1071.152205,32,32.0,0,0.0,32.00024966,0.0,0,0,0,0.0,0.0,0,8,0.0,DDOS attack-LOIC-UDP
32738,25659,25659,80,25659.0,40,25659,25659,77.9453603,0,0,0.0,0.0,0,25659.0,77.9453603,0,0.0,25659,0.0,0.0,0.0,0,0,0,0.0,0.0,25659,20,0.0,DDOS attack-HOIC
26883,352933,69504,22,16806.3333333333,712,68772,353383,62.2553999485,1944,1944,88.3636363636,88.3636363636,640,8218.2093023256,124.510799897,976,102.4222222222,288,121.1363636364,104.75,121.1363636364,976,2665,2665,41511.6585858586,203.7441007388,3,32,137.8690011274,SSH-Bruteforce
8192,613,508,8080,306.5,72,9111,10082,297.5600079,326,326,108.6666667,108.6666667,326,1680.333333,694.3066852,326,56.875,105,32.25,65.0,32.25,112,129,129,13318.69643,115.4066568,30,20,188.2161878,Bot
26883,0,0,21,0.0,40,1,1,1000000.0,0,0,0.0,0.0,0,1.0,2000000.0,0,0.0,0,0.0,0.0,0.0,0,0,0,0.0,0.0,1,40,0.0,FTP-BruteForce
241,0,0,22,0.0,32,6,6,166666.666666667,0,0,0.0,0.0,0,6.0,333333.333333333,0,0.0,0,0.0,0.0,0.0,0,0,0,0.0,0.0,6,32,0.0,SSH-Bruteforce
226,1943577,1943577,80,1943577.0,64,1943577,1943577,1.0290304938,0,0,0.0,0.0,0,1943577.0,1.0290304938,0,0.0,1943577,0.0,0.0,0.0,0,0,0,0.0,0.0,1943577,32,0.0,DoS attacks-GoldenEye
225,7273,7273,80,7273.0,64,7273,7273,274.9896879,0,0,0.0,0.0,0,7273.0,274.9896879,0,0.0,7273,0.0,0.0,0.0,0,0,0,0.0,0.0,7273,32,0.0,DoS attacks-Hulk
26883,6435780,6435455,80,2145260.0,136,6435176,11439854,0.349654812,314,314,78.5,78.5,314,1634264.85714286,0.6993096241,662,108.4444444444,27,165.5,122.0,165.5,662,662,662,53874.7777777778,232.1094090677,4,32,157.0,DoS attacks-GoldenEye
26883,0,0,21,0.0,40,3,3,333333.3333,0,0,0.0,0.0,0,3.0,666666.6667,0,0.0,0,0.0,0.0,0.0,0,0,0,0.0,0.0,3,40,0.0,DoS attacks-SlowHTTPTest
8192,696,584,8080,348.0,72,9442,10745,279.1996277,326,326,108.6666667,108.6666667,326,1790.833333,651.465798,326,56.875,112,32.25,65.0,32.25,112,129,129,13318.69643,115.4066568,30,20,188.2161878,Bot
26883,0,0,21,0.0,40,1,1,1000000.0,0,0,0.0,0.0,0,1.0,2000000.0,0,0.0,0,0.0,0.0,0.0,0,0,0,0.0,0.0,1,40,0.0,FTP-BruteForce
2052,506,506,8080,506.0,40,506,506,3952.56917,0,0,0.0,0.0,0,506.0,3952.56917,0,0.0,506,0.0,0.0,0.0,0,0,0,0.0,0.0,506,20,0.0,Bot
26883,363746,109219,22,17321.2380952381,712,109219,363850,60.4644771197,1944,1944,88.3636363636,88.3636363636,640,8461.6279069767,120.9289542394,976,102.4222222222,131,121.1363636364,104.75,121.1363636364,976,2665,2665,41511.6585858586,203.7441007388,3,32,137.8690011274,SSH-Bruteforce
-1,0,0,53,0.0,8,319,319,3134.7962382445,37,37,37.0,37.0,37,319.0,6269.592476489,53,42.3333333333,0,53.0,63.5,53.0,53,53,53,85.3333333333,9.237604307,319,8,0.0,Benign
225,66053,42426,80,33026.5,96,42426,66053,45.41807337,0,0,0.0,0.0,0,33026.5,45.41807337,0,0.0,23627,0.0,0.0,0.0,0,0,0,0.0,0.0,23627,32,0.0,DoS attacks-Hulk
26883,0,0,21,0.0,40,33,33,30303.0303,0,0,0.0,0.0,0,33.0,60606.06061,0,0.0,0,0.0,0.0,0.0,0,0,0,0.0,0.0,33,40,0.0,DoS attacks-SlowHTTPTest
0,1,1,53584,1.0,40,1,1,2000000.0,0,0,0.0,0.0,0,1.0,2000000.0,0,0.0,1,0.0,0.0,0.0,0,0,0,0.0,0.0,1,20,0.0,Infilteration
26883,68318,67996,80,22772.6666666667,136,5003559,5071877,0.7886626588,279,279,69.75,69.75,279,724553.857142857,1.5773253176,972,139.0,25,243.0,156.375,243.0,972,972,972,106092.0,325.7176691554,6,32,139.5,DoS attacks-GoldenEye
26883,0,0,21,0.0,40,4,4,250000.0,0,0,0.0,0.0,0,4.0,500000.0,0,0.0,0,0.0,0.0,0.0,0,0,0,0.0,0.0,4,40,0.0,DoS attacks-SlowHTTPTest
-1,0,0,53,0.0,8,270,270,3703.703704,28,28,28.0,28.0,28,270.0,7407.407407,44,33.33333333,0,44.0,50.0,44.0,44,44,44,85.33333333,9.237604307,270,8,0.0,Infilteration
1024,0,0,5298,0.0,24,250,250,4000.0,0,0,0.0,0.0,0,250.0,8000.0,0,0.0,0,0.0,0.0,0.0,0,0,0,0.0,0.0,250,24,0.0,Infilteration
8192,400,289,80,200.0,72,957396,957848,3.132020947,20,20,6.666666667,6.666666667,20,159641.3333,7.308048876,964,123.0,111,241.0,140.5714286,241.0,964,964,964,115523.4286,339.8873763,4,20,11.54700538,DDoS attacks-LOIC-HTTP
-1,21618,21618,53,21618.0,16,100838,122491,16.3277302006,74,74,37.0,37.0,37,40830.3333333333,32.6554604012,69,49.8,21618,69.0,62.25,69.0,69,138,138,307.2,17.5271218402,35,8,0.0,Benign
26883,368562,156871,22,17550.5714285714,712,156871,368716,59.6665184044,1912,1912,86.9090909091,86.9090909091,640,8574.7906976744,119.3330368088,976,101.7111111111,258,121.1363636364,104.0227272727,121.1363636364,976,2665,2665,41508.8464646465,203.7371995112,3,32,137.6880217811,SSH-Bruteforce
26883,0,0,21,0.0,40,19,19,52631.5789473684,0,0,0.0,0.0,0,19.0,105263.157894737,0,0.0,0,0.0,0.0,0.0,0,0,0,0.0,0.0,19,40,0.0,FTP-BruteForce
26883,0,0,21,0.0,40,30,30,33333.3333333333,0,0,0.0,0.0,0,30.0,66666.6666666667,0,0.0,0,0.0,0.0,0.0,0,0,0,0.0,0.0,30,40,0.0,FTP-BruteForce
26883,378786,130425,22,18037.4285714286,712,130425,378822,58.0747686248,1928,1928,87.6363636364,87.6363636364,640,8809.8139534884,116.1495372497,976,102.0666666667,214,121.1363636364,104.3863636364,121.1363636364,976,2665,2665,41510.3818181818,203.7409674518,3,32,137.7805520365,SSH-Bruteforce
2052,492,492,8080,492.0,40,492,492,4065.04065,0,0,0.0,0.0,0,492.0,4065.04065,0,0.0,492,0.0,0.0,0.0,0,0,0,0.0,0.0,492,20,0.0,Bot
26883,0,0,21,0.0,40,19,19,52631.5789473684,0,0,0.0,0.0,0,19.0,105263.157894737,0,0.0,0,0.0,0.0,0.0,0,0,0,0.0,0.0,19,40,0.0,FTP-BruteForce
-1,20385,20385,53,20385.0,16,19459,20746,96.4041261,66,66,33.0,33.0,33,6915.333333,192.8082522,49,39.4,20385,49.0,49.25,49.0,49,98,98,76.8,8.76356092,361,8,0.0,Infilteration
-1,120000000,602942,80,932.6980671,1028104,602942,119862894,1072.166671,4112416,4112416,32.0,32.0,32,932.6980671,1072.166671,32,32.0,0,0.0,32.000249,0.0,0,0,0,0.0,0.0,0,8,0.0,DDOS attack-LOIC-UDP
8192,2892037,1306681,3389,413148.142857143,168,953173,2892037,2.7662163382,1148,1148,143.5,143.5,677,206574.071428571,5.1866556341,1173,170.5625,3,225.8571428571,181.9333333333,225.8571428571,1173,1581,1581,102037.595833333,319.433241591,3,20,228.129662379,Benign
237,5029318,4936239,49934,1257329.5,168,4936233,5029318,0.994170581,935,935,187.0,187.0,935,628664.75,1.789507046,935,127.4,7336,84.75,141.5555556,84.75,339,339,339,91870.93333,303.102183,6,32,418.1447118,Benign
2052,497,497,8080,497.0,40,497,497,4024.144869,0,0,0.0,0.0,0,497.0,4024.144869,0,0.0,497,0.0,0.0,0.0,0,0,0,0.0,0.0,497,20,0.0,Bot
26883,371553,76866,22,17693.0,712,76866,371609,59.2020107156,1912,1912,86.9090909091,86.9090909091,640,8642.0697674419,118.4040214311,976,101.7111111111,306,121.1363636364,104.0227272727,121.1363636364,976,2665,2665,41508.8464646465,203.7371995112,4,32,137.6880217811,SSH-Bruteforce
32738,1075,1075,80,1075.0,40,1075,1075,1860.465116,0,0,0.0,0.0,0,1075.0,1860.465116,0,0.0,1075,0.0,0.0,0.0,0,0,0,0.0,0.0,1075,20,0.0,DDOS attack-HOIC
256,700,700,80,700.0,40,700,700,2857.1428571428573,0,0,0.0,0.0,0,700.0,2857.1428571428573,0,0.0,700,0.0,0.0,0.0,0,0,0,0.0,0.0,700,20,0.0,Benign
26883,950,563,80,316.6666666667,136,5000889,5001839,0.7997058682,464,464,116.0,116.0,464,714548.428571429,1.5994117364,972,159.5555555556,124,243.0,179.5,243.0,972,972,972,116369.777777778,341.1301478582,6,32,232.0,DoS attacks-GoldenEye
26883,377056,86239,22,17955.0476190476,712,86239,377599,58.2628661623,1944,1944,88.3636363636,88.3636363636,640,8781.3720930233,116.5257323245,976,102.4222222222,340,121.1363636364,104.75,121.1363636364,976,2665,2665,41511.6585858586,203.7441007388,5,32,137.8690011274,SSH-Bruteforce
225,4437,4437,80,4437.0,64,4437,4437,450.7550146,0,0,0.0,0.0,0,4437.0,450.7550146,0,0.0,4437,0.0,0.0,0.0,0,0,0,0.0,0.0,4437,32,0.0,DoS attacks-Hulk
241,0,0,22,0.0,32,7,7,142857.142857143,0,0,0.0,0.0,0,7.0,285714.285714286,0,0.0,0,0.0,0.0,0.0,0,0,0,0.0,0.0,7,32,0.0,SSH-Bruteforce
62561,86100000,86100000,22507,86100000.0,40,86100000,86055645,0.023240776,0,0,0.0,0.0,0,86100000.0,0.023240776,0,0.0,86100000,0.0,0.0,0.0,0,0,0,0.0,0.0,86100000,20,0.0,Benign
65535,13268,12935,80,6634.0,72,12935,14509,206.7682128,266,266,88.66666667,88.66666667,266,2418.166667,482.4591633,935,150.125,333,233.75,171.5714286,233.75,935,935,935,109240.125,330.5149391,3,20,153.5751716,DDOS attack-HOIC
26883,7152251,6959588,80,1788062.75,168,6959196,7152251,0.6990806111,512,512,102.4,102.4,512,1021750.14285714,1.1185289778,662,130.4444444444,69,220.6666666667,146.75,220.6666666667,662,662,662,68405.7777777778,261.5449823219,6,32,228.973360896,DoS attacks-GoldenEye
26883,0,0,21,0.0,40,5,5,200000.0,0,0,0.0,0.0,0,5.0,400000.0,0,0.0,0,0.0,0.0,0.0,0,0,0,0.0,0.0,5,40,0.0,FTP-BruteForce
225,3705,3705,80,3705.0,64,3705,3705,539.8110661,0,0,0.0,0.0,0,3705.0,539.8110661,0,0.0,3705,0.0,0.0,0.0,0,0,0,0.0,0.0,3705,32,0.0,DoS attacks-Hulk
225,208,208,80,208.0,64,208,208,9615.384615,0,0,0.0,0.0,0,208.0,9615.384615,0,0.0,208,0.0,0.0,0.0,0,0,0,0.0,0.0,208,32,0.0,DoS attacks-Hulk
26883,0,0,21,0.0,40,23,23,43478.26087,0,0,0.0,0.0,0,23.0,86956.52174,0,0.0,0,0.0,0.0,0.0,0,0,0,0.0,0.0,23,40,0.0,DoS attacks-SlowHTTPTest
8192,448,397,8080,224.0,72,23982,24715,121.383775,326,326,108.6666667,108.6666667,326,4119.166667,283.2288084,326,56.875,51,32.25,65.0,32.25,112,129,129,13318.69643,115.4066568,15,20,188.2161878,Bot
8192,257767,257767,445,128883.5,72,257711,257767,11.63841764,0,0,0.0,0.0,0,85922.33333,15.51789019,0,0.0,0,0.0,0.0,0.0,0,0,0,0.0,0.0,0,20,0.0,Infilteration
225,59247,44776,80,29623.5,96,44776,59247,50.63547521,0,0,0.0,0.0,0,29623.5,50.63547521,0,0.0,14471,0.0,0.0,0.0,0,0,0,0.0,0.0,14471,32,0.0,DoS attacks-Hulk
225,313,313,80,313.0,64,313,313,6389.776358,0,0,0.0,0.0,0,313.0,6389.776358,0,0.0,313,0.0,0.0,0.0,0,0,0,0.0,0.0,313,32,0.0,DoS attacks-Hulk
-1,0,0,53,0.0,8,423,423,2364.066194,44,44,44.0,44.0,44,423.0,4728.132388,60,49.33333333,0,60.0,74.0,60.0,60,60,60,85.33333333,9.237604307,423,8,0.0,Infilteration
26883,3035685,2016023,80,1517842.5,120,2016023,3035685,0.9882448278,0,0,0.0,0.0,0,1517842.5,0.9882448278,0,0.0,1019662,0.0,0.0,0.0,0,0,0,0.0,0.0,1019662,40,0.0,DoS attacks-Slowloris
-1,238865,238865,53,238865.0,16,211575,239173,8.362147901,94,94,47.0,47.0,47,79724.33333,16.7242958,175,98.2,238865,175.0,122.75,175.0,175,350,350,4915.2,70.10848736,308,8,0.0,Infilteration
26883,347500,73270,22,16547.619047619,712,73270,348054,63.2085825763,1912,1912,86.9090909091,86.9090909091,640,8094.2790697674,126.4171651525,976,101.7111111111,142,121.1363636364,104.0227272727,121.1363636364,976,2665,2665,41508.8464646465,203.7371995112,3,32,137.6880217811,SSH-Bruteforce
241,0,0,22,0.0,32,3,3,333333.333333333,0,0,0.0,0.0,0,3.0,666666.666666667,0,0.0,0,0.0,0.0,0.0,0,0,0,0.0,0.0,3,32,0.0,SSH-Bruteforce
225,11046,11046,80,11046.0,64,11046,11046,181.0610176,0,0,0.0,0.0,0,11046.0,181.0610176,0,0.0,11046,0.0,0.0,0.0,0,0,0,0.0,0.0,11046,32,0.0,DoS attacks-Hulk
32738,2172,2172,80,2172.0,40,2172,2172,920.8103131,0,0,0.0,0.0,0,2172.0,920.8103131,0,0.0,2172,0.0,0.0,0.0,0,0,0,0.0,0.0,2172,20,0.0,DDOS attack-HOIC
26883,347861,68050,22,17393.05,680,43163,347913,60.3599175656,1928,1928,91.8095238095,91.8095238095,640,8283.6428571429,123.59411692,976,104.3863636364,284,121.1363636364,106.8139534884,121.1363636364,976,2665,2665,42227.9635306554,205.4944367389,5,32,139.7510712115,SSH-Bruteforce
2049,40300000,40300000,80,40300000.0,40,40300000,40336207,0.049583244,0,0,0.0,0.0,0,40300000.0,0.049583244,0,0.0,40300000,0.0,0.0,0.0,0,0,0,0.0,0.0,40300000,20,0.0,DDoS attacks-LOIC-HTTP
8192,115478839,10015374,443,6077833.63157895,412,10005863,115478839,0.173191904,1109,1109,55.45,55.45,780,3121049.7027027,0.3290646176,1460,155.2820512821,19,274.8333333333,159.3684210526,274.8333333333,1460,4947,4947,158496.155195682,398.1157560254,12,20,176.8381582423,Benign
226,53169098,53169098,80,53169098.0,64,53169098,53169098,0.0376158347,0,0,0.0,0.0,0,53169098.0,0.0376158347,0,0.0,53169098,0.0,0.0,0.0,0,0,0,0.0,0.0,53169098,32,0.0,DoS attacks-GoldenEye
26883,362353,76412,22,15754.4782608696,776,46838,362402,66.2248000839,1912,1912,79.6666666667,79.6666666667,640,8053.3777777778,126.9308668274,976,97.3829787234,125,121.1363636364,99.5,121.1363636364,976,2665,2665,40134.7631822387,200.3366246652,5,32,133.8339875812,SSH-Bruteforce
8192,324,267,80,162.0,72,1647386,1647744,1.820671172,20,20,6.666666667,6.666666667,20,274624.0,4.248232735,964,123.0,57,241.0,140.5714286,241.0,964,964,964,115523.4286,339.8873763,7,20,11.54700538,DDoS attacks-LOIC-HTTP
26883,0,0,21,0.0,40,3,3,333333.3333,0,0,0.0,0.0,0,3.0,666666.6667,0,0.0,0,0.0,0.0,0.0,0,0,0,0.0,0.0,3,40,0.0,DoS attacks-SlowHTTPTest
26883,0,0,21,0.0,40,3,3,333333.3333,0,0,0.0,0.0,0,3.0,666666.6667,0,0.0,0,0.0,0.0,0.0,0,0,0,0.0,0.0,3,40,0.0,DoS attacks-SlowHTTPTest
-1,0,0,53,0.0,8,1743,1743,573.7234652897304,37,37,37.0,37.0,37,1743.0,1147.4469305794607,77,50.333333333333336,0,77.0,75.5,77.0,77,77,77,533.3333333333334,23.094010767585036,1743,8,0.0,Benign
65535,0,0,6379,0.0,20,21,21,47619.04762,0,0,0.0,0.0,0,21.0,95238.09524,0,0.0,0,0.0,0.0,0.0,0,0,0,0.0,0.0,21,20,0.0,Infilteration
26883,0,0,21,0.0,40,2,2,500000.0,0,0,0.0,0.0,0,2.0,1000000.0,0,0.0,0,0.0,0.0,0.0,0,0,0,0.0,0.0,2,40,0.0,DoS attacks-SlowHTTPTest
8192,484,421,80,242.0,72,1652222,1652740,1.81516754,20,20,6.666666667,6.666666667,20,275456.6667,4.235390927,964,123.0,63,241.0,140.5714286,241.0,964,964,964,115523.4286,339.8873763,11,20,11.54700538,DDoS attacks-LOIC-HTTP
-1,120000000,851634,80,1577.910829,607472,851634,119815503,633.75772,2429888,2429888,32.0,32.0,32,1577.910829,633.75772,32,32.0,1,0.0,32.00042142,0.0,0,0,0,0.0,0.0,1,8,0.0,DDOS attack-LOIC-UDP
8192,1930,1578,80,965.0,72,1368479,1370431,2.189092337,20,20,6.666666667,6.666666667,20,228405.1667,5.107882119,964,123.0,352,241.0,140.5714286,241.0,964,964,964,115523.4286,339.8873763,5,20,11.54700538,DDoS attacks-LOIC-HTTP
32738,10101,10101,80,10101.0,40,10101,10101,198.000198,0,0,0.0,0.0,0,10101.0,198.000198,0,0.0,10101,0.0,0.0,0.0,0,0,0,0.0,0.0,10101,20,0.0,DDOS attack-HOIC
65535,1008,728,80,504.0,72,728,1250,2400.0,261,261,87.0,87.0,261,208.3333333,5600.0,935,149.5,280,233.75,170.8571429,233.75,935,935,935,109077.7143,330.2691543,8,20,150.6884203,DDOS attack-HOIC
211,117505247,117505247,80,117505247.0,64,117505244,117505248,0.0170205164,16,16,8.0,8.0,8,39168416.0,0.0340410328,8,4.8,117505247,0.0,6.0,0.0,0,0,0,19.2,4.38178046,1,32,0.0,DoS attacks-Slowloris
-1,120000000,633030,80,1118.480151,856856,633030,119795935,894.0787515,3427424,3427424,32.0,32.0,32,1118.480151,894.0787515,32,32.0,0,0.0,32.00029877,0.0,0,0,0,0.0,0.0,0,8,0.0,DDOS attack-LOIC-UDP
26883,0,0,21,0.0,40,2,2,500000.0,0,0,0.0,0.0,0,2.0,1000000.0,0,0.0,0,0.0,0.0,0.0,0,0,0,0.0,0.0,2,40,0.0,FTP-BruteForce
32738,23565,23565,80,23565.0,40,23565,23565,84.87163166,0,0,0.0,0.0,0,23565.0,84.87163166,0,0.0,23565,0.0,0.0,0.0,0,0,0,0.0,0.0,23565,20,0.0,DDOS attack-HOIC
225,2747,2747,80,2747.0,64,2747,2747,728.0669822,0,0,0.0,0.0,0,2747.0,728.0669822,0,0.0,2747,0.0,0.0,0.0,0,0,0,0.0,0.0,2747,32,0.0,DoS attacks-Hulk
8192,556,502,8080,278.0,72,10121,11056,271.3458755,326,326,108.6666667,108.6666667,326,1842.666667,633.1403763,326,56.875,54,32.25,65.0,32.25,112,129,129,13318.69643,115.4066568,15,20,188.2161878,Bot
-1,0,0,53,0.0,8,303,303,3300.330033,33,33,33.0,33.0,33,303.0,6600.660066,65,43.66666667,0,65.0,65.5,65.0,65,65,65,341.3333333,18.47520861,303,8,0.0,Benign
32738,5423,5423,80,5423.0,40,5423,5423,368.7995574,0,0,0.0,0.0,0,5423.0,368.7995574,0,0.0,5423,0.0,0.0,0.0,0,0,0,0.0,0.0,5423,20,0.0,DDOS attack-HOIC
26883,107646056,53247816,80,7689004.0,496,53247816,107646059,0.1393455565,2530,2530,168.6666666667,168.6666666667,230,6332121.11764706,0.1672146678,230,133.1578947368,113,0.0,140.5555555556,0.0,0,0,0,13611.6959064327,116.6691729054,3,32,105.2796728899,DoS attacks-Slowloris
26883,6500661,6499380,80,2166887.0,136,6499047,11505447,0.3476614164,418,418,104.5,104.5,418,1643635.28571429,0.6953228327,972,154.4444444444,333,243.0,173.75,243.0,972,972,972,113103.777777778,336.30905099,4,32,209.0,DoS attacks-GoldenEye
26883,0,0,21,0.0,40,2,2,500000.0,0,0,0.0,0.0,0,2.0,1000000.0,0,0.0,0,0.0,0.0,0.0,0,0,0,0.0,0.0,2,40,0.0,DoS attacks-SlowHTTPTest
-1,120000000,588404,80,934.4693531,1026016,588404,119846629,1070.134397,4104064,4104064,32.0,32.0,32,934.4693531,1070.134397,32,32.0,0,0.0,32.00024951,0.0,0,0,0,0.0,0.0,0,8,0.0,DDOS attack-LOIC-UDP
-1,120000000,682085,80,1018.865425,942232,682085,119999932,981.4922228,3768928,3768928,32.0,32.0,32,1018.865425,981.4922228,32,32.0,0,0.0,32.0002717,0.0,0,0,0,0.0,0.0,0,8,0.0,DDOS attack-LOIC-UDP
226,47658209,47658209,80,47658209.0,64,47658209,47658209,0.041965488,0,0,0.0,0.0,0,47658209.0,0.041965488,0,0.0,47658209,0.0,0.0,0.0,0,0,0,0.0,0.0,47658209,32,0.0,DoS attacks-GoldenEye
26883,0,0,21,0.0,40,1,1,1000000.0,0,0,0.0,0.0,0,1.0,2000000.0,0,0.0,0,0.0,0.0,0.0,0,0,0,0.0,0.0,1,40,0.0,FTP-BruteForce
-1,120000000,650231,80,823.9606881,1162200,650231,119700065,1213.658489,4648800,4648800,32.0,32.0,32,823.9606881,1213.658489,32,32.0,0,0.0,32.00022027,0.0,0,0,0,0.0,0.0,0,8,0.0,DDOS attack-LOIC-UDP
8192,23855,23611,80,11927.5,72,23620,47685,62.91286568,437,437,145.6666667,145.6666667,437,7947.5,146.7966866,860,162.125,244,215.0,185.2857143,215.0,860,860,860,102898.9821,320.7787121,22,20,252.3020676,Infilteration
225,75004,40484,80,37502.0,96,40484,75004,39.99786678,0,0,0.0,0.0,0,37502.0,39.99786678,0,0.0,34520,0.0,0.0,0.0,0,0,0,0.0,0.0,34520,32,0.0,DoS attacks-Hulk
26883,0,0,21,0.0,40,3,3,333333.333333333,0,0,0.0,0.0,0,3.0,666666.666666667,0,0.0,0,0.0,0.0,0.0,0,0,0,0.0,0.0,3,40,0.0,FTP-BruteForce
26883,0,0,21,0.0,40,17,17,58823.5294117647,0,0,0.0,0.0,0,17.0,117647.058823529,0,0.0,0,0.0,0.0,0.0,0,0,0,0.0,0.0,17,40,0.0,FTP-BruteForce
8192,1395211,1065884,3389,199315.8571,168,969039,1395211,5.733899747,1132,1132,141.5,141.5,661,99657.92857,10.75106203,1173,169.5625,157,225.8571429,180.8666667,225.8571429,1173,1581,1581,100973.1958,317.7627981,80,20,222.7920235,Infilteration
32738,970,970,80,970.0,40,970,970,2061.85567,0,0,0.0,0.0,0,970.0,2061.85567,0,0.0,970,0.0,0.0,0.0,0,0,0,0.0,0.0,970,20,0.0,DDOS attack-HOIC
226,1845319,1845319,80,1845319.0,64,1845319,1845319,1.0838234473,0,0,0.0,0.0,0,1845319.0,1.0838234473,0,0.0,1845319,0.0,0.0,0.0,0,0,0,0.0,0.0,1845319,32,0.0,DoS attacks-GoldenEye
2049,33000000,33000000,80,33000000.0,40,33000000,32958694,0.060682016,0,0,0.0,0.0,0,33000000.0,0.060682016,0,0.0,33000000,0.0,0.0,0.0,0,0,0,0.0,0.0,33000000,20,0.0,DDoS attacks-LOIC-HTTP
2049,28100000,28100000,80,28100000.0,40,28100000,28054938,0.071288698,0,0,0.0,0.0,0,28100000.0,0.071288698,0,0.0,28100000,0.0,0.0,0.0,0,0,0,0.0,0.0,28100000,20,0.0,DDoS attacks-LOIC-HTTP
226,23037610,23037610,80,23037610.0,64,23037610,23037610,0.0868145611,0,0,0.0,0.0,0,23037610.0,0.0868145611,0,0.0,23037610,0.0,0.0,0.0,0,0,0,0.0,0.0,23037610,32,0.0,DoS attacks-GoldenEye
26883,16524,16245,80,8262.0,104,16245,29734,100.8945988,367,367,122.3333333,122.3333333,367,4955.666667,235.4207305,935,162.75,279,233.75,186.0,233.75,935,935,935,113859.0714,337.4300986,5,32,211.8875488,DoS attacks-Hulk
8192,62749548,10073709,443,3921846.75,352,10070549,62749548,0.2709182861364994,2594,2594,152.58823529411768,152.58823529411765,1169,1743042.9999999995,0.5896456815912045,1460,319.7105263157895,182,477.75,328.3513513513513,477.75,1460,9555,9555,315381.18421052635,561.5880912292624,0,20,373.8059421049125,Benign
181,1,1,50083,1.0,40,1,1,2000000.0,0,0,0.0,0.0,0,1.0,2000000.0,0,0.0,1,0.0,0.0,0.0,0,0,0,0.0,0.0,1,20,0.0,Benign
26883,6960791,6959761,80,2320263.66666667,136,6959390,11965337,0.3342989838,272,272,68.0,68.0,272,1709333.85714286,0.6685979676,972,138.2222222222,324,243.0,155.5,243.0,972,972,972,105852.444444444,325.3497263629,7,32,136.0,DoS attacks-GoldenEye
241,0,0,22,0.0,32,8,8,125000.0,0,0,0.0,0.0,0,8.0,250000.0,0,0.0,0,0.0,0.0,0.0,0,0,0,0.0,0.0,8,32,0.0,SSH-Bruteforce
26883,339899,93876,22,16185.6666666667,712,93876,340399,64.6300371035,1960,1960,89.0909090909,89.0909090909,640,7916.2558139535,129.260074207,976,102.7777777778,135,121.1363636364,105.1136363636,121.1363636364,976,2665,2665,41512.6767676768,203.7465994015,5,32,137.9533769037,SSH-Bruteforce
-1,120000000,579434,80,646.2182621,1482336,579434,119738428,1547.47313,5929344,5929344,32.0,32.0,32,646.2182621,1547.47313,32,32.0,0,0.0,32.0001727,0.0,0,0,0,0.0,0.0,0,8,0.0,DDOS attack-LOIC-UDP
2052,492,492,8080,492.0,40,492,492,4065.04065,0,0,0.0,0.0,0,492.0,4065.04065,0,0.0,492,0.0,0.0,0.0,0,0,0,0.0,0.0,492,20,0.0,Bot
2052,478,478,8080,478.0,40,478,478,4184.100418,0,0,0.0,0.0,0,478.0,4184.100418,0,0.0,478,0.0,0.0,0.0,0,0,0,0.0,0.0,478,20,0.0,Bot
225,29486,29486,80,29486.0,64,29486,29486,67.82880011,0,0,0.0,0.0,0,29486.0,67.82880011,0,0.0,29486,0.0,0.0,0.0,0,0,0,0.0,0.0,29486,32,0.0,DoS attacks-Hulk
-1,0,0,53,0.0,8,315,315,3174.6031746031745,51,51,51.0,51.0,51,315.0,6349.206349206349,67,56.333333333333336,0,67.0,84.5,67.0,67,67,67,85.33333333333333,9.237604307034012,315,8,0.0,Benign
-1,120000000,577782,80,950.4469809,1008248,577782,119784833,1052.14489,4032992,4032992,32.0,32.0,32,950.4469809,1052.14489,32,32.0,0,0.0,32.00025391,0.0,0,0,0,0.0,0.0,0,8,0.0,DDOS attack-LOIC-UDP
32738,4942,4942,80,4942.0,40,4942,4942,404.6944557,0,0,0.0,0.0,0,4942.0,404.6944557,0,0.0,4942,0.0,0.0,0.0,0,0,0,0.0,0.0,4942,20,0.0,DDOS attack-HOIC
2052,477,477,8080,477.0,40,477,477,4192.872117,0,0,0.0,0.0,0,477.0,4192.872117,0,0.0,477,0.0,0.0,0.0,0,0,0,0.0,0.0,477,20,0.0,Bot
26883,0,0,21,0.0,40,20,20,50000.0,0,0,0.0,0.0,0,20.0,100000.0,0,0.0,0,0.0,0.0,0.0,0,0,0,0.0,0.0,20,40,0.0,DoS attacks-SlowHTTPTest
8192,123936,123554,3389,61968.0,72,123554,131969,22.73261145,54,54,18.0,18.0,54,32992.25,37.88768574,54,9.0,382,0.0,10.8,0.0,0,0,0,486.0,22.04540769,21,20,31.17691454,Infilteration
-1,120000000,664324,80,936.4167194,1024640,664324,119935317,1067.908963,4098560,4098560,32.0,32.0,32,936.4167194,1067.908963,32,32.0,0,0.0,32.00024984,0.0,0,0,0,0.0,0.0,0,8,0.0,DDOS attack-LOIC-UDP
65535,30118,29815,51020,7529.5,124,29510,30118,166.0136795,935,935,187.0,187.0,935,5019.666667,232.4191513,935,154.375,3,150.0,176.4285714,150.0,300,300,300,110510.2679,332.4308467,3,20,418.1447118,Benign
8192,593,501,8080,296.5,72,13430,14326,209.4094653,326,326,108.6666667,108.6666667,326,2387.666667,488.6220857,326,56.875,92,32.25,65.0,32.25,112,129,129,13318.69643,115.4066568,1,20,188.2161878,Bot
-1,1519906,765571,137,759953.0,24,765571,1519906,1.9738062749,150,150,50.0,50.0,50,759953.0,1.9738062749,50,50.0,754335,0.0,66.6666666667,0.0,0,0,0,0.0,0.0,754335,8,0.0,Benign
65535,6210,5817,80,3105.0,72,5817,6470,463.6785162,314,314,104.6666667,104.6666667,314,1078.333333,1081.916538,935,156.125,393,233.75,178.4285714,233.75,935,935,935,111117.2679,333.3425683,4,20,181.2879845,DDOS attack-HOIC
26883,0,0,21,0.0,40,2,2,500000.0,0,0,0.0,0.0,0,2.0,1000000.0,0,0.0,0,0.0,0.0,0.0,0,0,0,0.0,0.0,2,40,0.0,DoS attacks-SlowHTTPTest
-1,90800000,620144,80,992.5592048,731976,620144,90815197,1007.507587,2927904,2927904,32.0,32.0,32,992.5592048,1007.507587,32,32.0,0,0.0,32.00034974,0.0,0,0,0,0.0,0.0,0,8,0.0,DDOS attack-LOIC-UDP
-1,0,0,53,0.0,8,2049,2049,488.0429478,38,38,38.0,38.0,38,2049.0,976.0858956,86,54.0,0,86.0,81.0,86.0,86,86,86,768.0,27.71281292,2049,8,0.0,Infilteration
-1,0,0,53,0.0,8,1006,1006,994.0357853,30,30,30.0,30.0,30,1006.0,1988.071571,158,72.66666667,0,158.0,109.0,158.0,158,158,158,5461.333333,73.90083446,1006,8,0.0,Infilteration
-1,0,0,53,0.0,8,256,256,3906.25,81,81,81.0,81.0,81,256.0,7812.5,129,97.0,0,129.0,145.5,129.0,129,129,129,768.0,27.71281292,256,8,0.0,Infilteration
26883,0,0,21,0.0,40,2,2,500000.0,0,0,0.0,0.0,0,2.0,1000000.0,0,0.0,0,0.0,0.0,0.0,0,0,0,0.0,0.0,2,40,0.0,FTP-BruteForce
2052,484,484,8080,484.0,40,484,484,4132.231405,0,0,0.0,0.0,0,484.0,4132.231405,0,0.0,484,0.0,0.0,0.0,0,0,0,0.0,0.0,484,20,0.0,Bot
26883,6388701,6387458,80,2129567.0,136,6387136,11393580,0.3510749036,548,548,137.0,137.0,548,1627654.28571429,0.7021498072,972,168.8888888889,307,243.0,190.0,243.0,972,972,972,123547.111111111,351.4926899825,4,32,274.0,DoS attacks-GoldenEye
225,45755,45755,80,45755.0,64,45755,45755,43.71106983,0,0,0.0,0.0,0,45755.0,43.71106983,0,0.0,45755,0.0,0.0,0.0,0,0,0,0.0,0.0,45755,32,0.0,DoS attacks-Hulk
2052,509,509,8080,509.0,40,509,509,3929.273084,0,0,0.0,0.0,0,509.0,3929.273084,0,0.0,509,0.0,0.0,0.0,0,0,0,0.0,0.0,509,20,0.0,Bot
26883,0,0,21,0.0,40,19,19,52631.5789473684,0,0,0.0,0.0,0,19.0,105263.157894737,0,0.0,0,0.0,0.0,0.0,0,0,0,0.0,0.0,19,40,0.0,FTP-BruteForce
-1,0,0,53,0.0,8,12558,12558,79.63051441,22,22,22.0,22.0,22,12558.0,159.2610288,93,45.66666667,0,93.0,68.5,93.0,93,93,93,1680.333333,40.99186911,12558,8,0.0,Infilteration
26883,0,0,21,0.0,40,5,5,200000.0,0,0,0.0,0.0,0,5.0,400000.0,0,0.0,0,0.0,0.0,0.0,0,0,0,0.0,0.0,5,40,0.0,FTP-BruteForce
226,1947850,1947850,80,1947850.0,64,1947850,1947850,1.0267731088,0,0,0.0,0.0,0,1947850.0,1.0267731088,0,0.0,1947850,0.0,0.0,0.0,0,0,0,0.0,0.0,1947850,32,0.0,DoS attacks-GoldenEye
8192,487,436,8080,243.5,72,10132,10978,273.2738204,326,326,108.6666667,108.6666667,326,1829.666667,637.6389142,326,56.875,51,32.25,65.0,32.25,112,129,129,13318.69643,115.4066568,17,20,188.2161878,Bot
-1,120000000,634035,80,878.5950945,1091344,634035,119855307,1138.189067,4365376,4365376,32.0,32.0,32,878.5950945,1138.189067,32,32.0,0,0.0,32.00023457,0.0,0,0,0,0.0,0.0,0,8,0.0,DDOS attack-LOIC-UDP
8192,116000000,10000000,443,4464258.038,552,10000000,116070709,0.232616827,1166,1166,43.18518519,43.18518519,808,1842392.206,0.551388034,1380,417.3538462,13,701.6756757,423.875,701.6756757,1380,25962,25962,372484.8572,610.3153752,0,20,158.7763393,Infilteration
8192,1904,1542,80,952.0,72,1688955,1690891,1.774212531,20,20,6.666666667,6.666666667,20,281815.1667,4.139829238,964,123.0,362,241.0,140.5714286,241.0,964,964,964,115523.4286,339.8873763,3,20,11.54700538,DDoS attacks-LOIC-HTTP
26883,2775,2451,80,925.0,136,5003287,5006062,0.7990312545,453,453,113.25,113.25,453,715151.714285714,1.598062509,972,158.3333333333,28,243.0,178.125,243.0,972,972,972,115546.0,339.9205789593,7,32,226.5,DoS attacks-GoldenEye
26883,0,0,21,0.0,40,1,1,1000000.0,0,0,0.0,0.0,0,1.0,2000000.0,0,0.0,0,0.0,0.0,0.0,0,0,0,0.0,0.0,1,40,0.0,FTP-BruteForce
221,8057715,8057715,80,8057715.0,64,8057715,8057715,0.2482093249,0,0,0.0,0.0,0,8057715.0,0.2482093249,0,0.0,8057715,0.0,0.0,0.0,0,0,0,0.0,0.0,8057715,32,0.0,DoS attacks-GoldenEye
32738,15618,15618,80,15618.0,40,15618,15618,128.0573697,0,0,0.0,0.0,0,15618.0,128.0573697,0,0.0,15618,0.0,0.0,0.0,0,0,0,0.0,0.0,15618,20,0.0,DDOS attack-HOIC
253,110169085,10015423,443,10015371.3636364,240,10004618,119629732,0.1003095117,12,12,1.0,1.0,1,4785189.28,0.2173372753,31,1.6296296296,10015337,2.2142857143,1.6923076923,2.2142857143,31,31,31,34.7037037037,5.8909849519,1,20,0.0,Benign
8192,530,491,8080,265.0,72,10506,11502,260.8242045,326,326,108.6666667,108.6666667,326,1917.0,608.5898105,326,56.875,39,32.25,65.0,32.25,112,129,129,13318.69643,115.4066568,1,20,188.2161878,Bot
-1,120000000,634927,80,955.986528,1002976,634927,119852987,1046.048189,4011904,4011904,32.0,32.0,32,955.986528,1046.048189,32,32.0,0,0.0,32.00025524,0.0,0,0,0,0.0,0.0,0,8,0.0,DDOS attack-LOIC-UDP
8192,140148,47096,443,28029.6,132,20300000,20558282,0.291853181,709,709,118.1666667,118.1666667,388,1581406.308,0.680990756,1460,293.6,251,461.875,314.5714286,461.875,1460,3695,3695,257668.8286,507.6109027,0,20,159.6225757,Infilteration
225,40971,40803,80,20485.5,96,40803,40971,73.22252325,0,0,0.0,0.0,0,20485.5,73.22252325,0,0.0,168,0.0,0.0,0.0,0,0,0,0.0,0.0,168,32,0.0,DoS attacks-Hulk
-1,120000000,670172,80,1039.007261,922144,670172,119763250,962.465531,3688576,3688576,32.0,32.0,32,1039.007261,962.465531,32,32.0,0,0.0,32.00027761,0.0,0,0,0,0.0,0.0,0,8,0.0,DDOS attack-LOIC-UDP
2049,20300000,20300000,80,20300000.0,40,20300000,20275129,0.098643022,0,0,0.0,0.0,0,20300000.0,0.098643022,0,0.0,20300000,0.0,0.0,0.0,0,0,0,0.0,0.0,20300000,20,0.0,DDoS attacks-LOIC-HTTP
-1,71900000,675832,80,910.4596476,632040,675832,71929954,1098.360219,2528160,2528160,32.0,32.0,32,910.4596476,1098.360219,32,32.0,0,0.0,32.00040504,0.0,0,0,0,0.0,0.0,0,8,0.0,DDOS attack-LOIC-UDP
32738,756,756,80,756.0,40,756,756,2645.502646,0,0,0.0,0.0,0,756.0,2645.502646,0,0.0,756,0.0,0.0,0.0,0,0,0,0.0,0.0,756,20,0.0,DDOS attack-HOIC
-1,120000000,734009,80,859.0642791,1116016,734009,119840326,1164.065592,4464064,4464064,32.0,32.0,32,859.0642791,1164.065592,32,32.0,0,0.0,32.00022939,0.0,0,0,0,0.0,0.0,0,8,0.0,DDOS attack-LOIC-UDP
26883,0,0,21,0.0,40,3,3,333333.333333333,0,0,0.0,0.0,0,3.0,666666.666666667,0,0.0,0,0.0,0.0,0.0,0,0,0,0.0,0.0,3,40,0.0,FTP-BruteForce
2052,662,662,8080,662.0,40,662,662,3021.148036,0,0,0.0,0.0,0,662.0,3021.148036,0,0.0,662,0.0,0.0,0.0,0,0,0,0.0,0.0,662,20,0.0,Bot
8192,565,496,8080,282.5,72,10862,11696,256.497948,326,326,108.6666667,108.6666667,326,1949.333333,598.495212,326,56.875,69,32.25,65.0,32.25,112,129,129,13318.69643,115.4066568,15,20,188.2161878,Bot
257,24,24,57958,24.0,40,24,24,83333.33333333333,0,0,0.0,0.0,0,24.0,83333.33333333333,0,0.0,24,0.0,0.0,0.0,0,0,0,0.0,0.0,24,20,0.0,Benign
225,39289,39289,80,39289.0,64,39289,39289,50.90483341,0,0,0.0,0.0,0,39289.0,50.90483341,0,0.0,39289,0.0,0.0,0.0,0,0,0,0.0,0.0,39289,32,0.0,DoS attacks-Hulk
2052,508,508,8080,508.0,40,508,508,3937.007874,0,0,0.0,0.0,0,508.0,3937.007874,0,0.0,508,0.0,0.0,0.0,0,0,0,0.0,0.0,508,20,0.0,Bot
2049,4853217,4853217,80,4853217.0,40,4853217,4853217,0.41209779,0,0,0.0,0.0,0,4853217.0,0.41209779,0,0.0,4853217,0.0,0.0,0.0,0,0,0,0.0,0.0,4853217,20,0.0,DDoS attacks-LOIC-HTTP
26883,370440,76954,22,17640.0,712,49866,370508,59.3779351593,1912,1912,86.9090909091,86.9090909091,640,8616.4651162791,118.7558703186,976,101.7111111111,213,121.1363636364,104.0227272727,121.1363636364,976,2665,2665,41508.8464646465,203.7371995112,5,32,137.6880217811,SSH-Bruteforce
26883,0,0,21,0.0,40,3,3,333333.333333333,0,0,0.0,0.0,0,3.0,666666.666666667,0,0.0,0,0.0,0.0,0.0,0,0,0,0.0,0.0,3,40,0.0,FTP-BruteForce
225,4182,4182,80,4182.0,64,4182,4182,478.2400765,0,0,0.0,0.0,0,4182.0,478.2400765,0,0.0,4182,0.0,0.0,0.0,0,0,0,0.0,0.0,4182,32,0.0,DoS attacks-Hulk
26883,17600,17252,80,5866.6666666667,136,5003296,5020896,0.7966705544,368,368,92.0,92.0,368,717270.857142857,1.5933411088,662,114.4444444444,61,165.5,128.75,165.5,662,662,662,56973.7777777778,238.6918050076,7,32,184.0,DoS attacks-GoldenEye
-1,120000000,713044,80,929.8893191,1031008,713044,119839486,1075.405147,4124032,4124032,32.0,32.0,32,929.8893191,1075.405147,32,32.0,0,0.0,32.0002483,0.0,0,0,0,0.0,0.0,0,8,0.0,DDOS attack-LOIC-UDP
226,1988172,1988172,80,1988172.0,64,1988172,1988172,1.0059491835,0,0,0.0,0.0,0,1988172.0,1.0059491835,0,0.0,1988172,0.0,0.0,0.0,0,0,0,0.0,0.0,1988172,32,0.0,DoS attacks-GoldenEye
225,33171,33171,80,33171.0,64,33171,33171,60.29362998,0,0,0.0,0.0,0,33171.0,60.29362998,0,0.0,33171,0.0,0.0,0.0,0,0,0,0.0,0.0,33171,32,0.0,DoS attacks-Hulk
32738,5706,5706,80,5706.0,40,5706,5706,350.5082369,0,0,0.0,0.0,0,5706.0,350.5082369,0,0.0,5706,0.0,0.0,0.0,0,0,0,0.0,0.0,5706,20,0.0,DDOS attack-HOIC
226,1977794,1977794,80,1977794.0,64,1977794,1977794,1.0112276607,0,0,0.0,0.0,0,1977794.0,1.0112276607,0,0.0,1977794,0.0,0.0,0.0,0,0,0,0.0,0.0,1977794,32,0.0,DoS attacks-GoldenEye
225,41084,41084,80,41084.0,64,41084,41084,48.68075163,0,0,0.0,0.0,0,41084.0,48.68075163,0,0.0,41084,0.0,0.0,0.0,0,0,0,0.0,0.0,41084,32,0.0,DoS attacks-Hulk
26883,0,0,21,0.0,40,1,1,1000000.0,0,0,0.0,0.0,0,1.0,2000000.0,0,0.0,0,0.0,0.0,0.0,0,0,0,0.0,0.0,1,40,0.0,FTP-BruteForce
-1,0,0,53,0.0,8,278,278,3597.1223021582737,42,42,42.0,42.0,42,278.0,7194.244604316547,58,47.333333333333336,0,58.0,71.0,58.0,58,58,58,85.33333333333333,9.237604307034012,278,8,0.0,Benign
26883,381931,63179,22,18187.1904761905,712,47588,381980,57.5946384627,1912,1912,86.9090909091,86.9090909091,640,8883.2558139535,115.1892769255,976,101.7111111111,208,121.1363636364,104.0227272727,121.1363636364,976,2665,2665,41508.8464646465,203.7371995112,3,32,137.6880217811,SSH-Bruteforce
225,2383,2383,80,2383.0,64,2383,2383,839.2782207,0,0,0.0,0.0,0,2383.0,839.2782207,0,0.0,2383,0.0,0.0,0.0,0,0,0,0.0,0.0,2383,32,0.0,DoS attacks-Hulk
225,39814,39814,80,39814.0,64,39814,39814,50.23358618,0,0,0.0,0.0,0,39814.0,50.23358618,0,0.0,39814,0.0,0.0,0.0,0,0,0,0.0,0.0,39814,32,0.0,DoS attacks-Hulk
8192,388,387,80,194.0,72,1076497,1076920,2.785722245,20,20,6.666666667,6.666666667,20,179486.6667,6.500018571,964,123.0,1,241.0,140.5714286,241.0,964,964,964,115523.4286,339.8873763,1,20,11.54700538,DDoS attacks-LOIC-HTTP
26883,370254,48665,22,15427.25,808,41044,371057,67.3750933145,1928,1928,77.12,77.12,640,8066.4565217391,126.6651754313,976,95.6875,282,121.1363636364,97.7234042553,121.1363636364,976,2665,2665,39484.1768617021,198.7062577316,4,32,132.1187344777,SSH-Bruteforce
225,52416,44263,80,26208.0,96,44263,52416,57.23443223,0,0,0.0,0.0,0,26208.0,57.23443223,0,0.0,8153,0.0,0.0,0.0,0,0,0,0.0,0.0,8153,32,0.0,DoS attacks-Hulk
26883,0,0,21,0.0,40,3,3,333333.3333,0,0,0.0,0.0,0,3.0,666666.6667,0,0.0,0,0.0,0.0,0.0,0,0,0,0.0,0.0,3,40,0.0,DoS attacks-SlowHTTPTest
1024,0,0,22,0.0,24,16000000,30997753,0.032260403,0,0,0.0,0.0,0,5166292.167,0.22582282,0,0.0,0,0.0,0.0,0.0,0,0,0,0.0,0.0,430,24,0.0,Infilteration
-1,120000000,856823,80,1008.120426,949640,856823,119667927,991.953341,3798560,3798560,32.0,32.0,32,1008.120426,991.953341,32,32.0,0,0.0,32.00026958,0.0,0,0,0,0.0,0.0,0,8,0.0,DDOS attack-LOIC-UDP
8192,303378,96995,443,37922.25000000001,192,95722,303378,29.665961276031883,506,506,56.22222222222222,56.22222222222222,194,20225.2,52.73948671294557,1430,223.0,36,469.2857142857143,236.9375,469.2857142857143,1430,3285,3285,213599.87500000003,462.1686650996582,0,20,82.26599810641359,Benign
26883,0,0,21,0.0,40,19,19,52631.5789473684,0,0,0.0,0.0,0,19.0,105263.157894737,0,0.0,0,0.0,0.0,0.0,0,0,0,0.0,0.0,19,40,0.0,FTP-BruteForce
26883,391431,138447,22,18639.5714285714,712,138447,391484,56.1964218206,1928,1928,87.6363636364,87.6363636364,640,9548.3902439024,107.2840780211,976,106.8139534884,298,133.25,109.3571428571,133.25,976,2665,2665,42967.9169435216,207.2870399796,1,32,137.7805520365,SSH-Bruteforce
8192,57933528,1296020,80,381141.631578948,3072,1296020,57935079,2.6408870522,54995,54995,359.4444444444,359.4444444444,646,226308.90234375,4.4359998197,1068,494.0813953488,250,696.9038461538,496.0038910506,696.9038461538,1068,72478,72478,126276.26961361,355.3537246373,4,20,271.4171844443,Brute Force -Web
2052,697,697,8080,697.0,40,697,697,2869.440459,0,0,0.0,0.0,0,697.0,2869.440459,0,0.0,697,0.0,0.0,0.0,0,0,0,0.0,0.0,697,20,0.0,Bot
509,0,0,50199,0.0,20,52,52,19230.7692307692,0,0,0.0,0.0,0,52.0,38461.5384615385,0,0.0,0,0.0,0.0,0.0,0,0,0,0.0,0.0,52,20,0.0,Benign
65535,11497,11163,80,5748.5,72,11163,12041,249.1487418,299,299,99.66666667,99.66666667,299,2006.833333,581.3470642,935,154.25,334,233.75,176.2857143,233.75,935,935,935,110468.7857,332.3684487,4,20,172.6277305,DDOS attack-HOIC
225,58693,42089,80,29346.5,96,42089,58693,51.11342068,0,0,0.0,0.0,0,29346.5,51.11342068,0,0.0,16604,0.0,0.0,0.0,0,0,0,0.0,0.0,16604,32,0.0,DoS attacks-Hulk
225,1378,1378,80,1378.0,64,1378,1378,1451.37881,0,0,0.0,0.0,0,1378.0,1451.37881,0,0.0,1378,0.0,0.0,0.0,0,0,0,0.0,0.0,1378,32,0.0,DoS attacks-Hulk
26883,7070181,6949576,80,1767545.25,168,6949291,7070181,0.7071954735,430,430,86.0,86.0,430,1010025.85714286,1.1315127576,662,121.3333333333,39,220.6666666667,136.5,220.6666666667,662,662,662,61331.0,247.6509640603,4,32,192.301846065,DoS attacks-GoldenEye
26883,0,0,21,0.0,40,21,21,47619.04762,0,0,0.0,0.0,0,21.0,95238.09524,0,0.0,0,0.0,0.0,0.0,0,0,0,0.0,0.0,21,40,0.0,DoS attacks-SlowHTTPTest
32738,12413,12413,80,12413.0,40,12413,12413,161.121405,0,0,0.0,0.0,0,12413.0,161.121405,0,0.0,12413,0.0,0.0,0.0,0,0,0,0.0,0.0,12413,20,0.0,DDOS attack-HOIC
8192,473,422,8080,236.5,72,8640,9498,315.8559697,326,326,108.6666667,108.6666667,326,1583.0,736.9972626,326,56.875,51,32.25,65.0,32.25,112,129,129,13318.69643,115.4066568,15,20,188.2161878,Bot
26883,17488558,6656003,80,1748855.8,360,6656003,22491247,0.4890791515,2344,2344,213.0909090909,213.0909090909,293,1606517.64285714,0.6669261157,972,207.25,283,243.0,221.0666666667,243.0,972,972,972,62955.6666666667,250.9096783041,4,32,136.8601143836,DoS attacks-GoldenEye
258,47308,47308,443,47308.0,40,47308,47308,42.2761478,0,0,0.0,0.0,0,47308.0,42.2761478,0,0.0,47308,0.0,0.0,0.0,0,0,0,0.0,0.0,47308,20,0.0,Infilteration
-1,0,0,53,0.0,8,12775,12775,78.2778865,34,34,34.0,34.0,34,12775.0,156.555773,98,55.33333333,0,98.0,83.0,98.0,98,98,98,1365.333333,36.95041723,12775,8,0.0,Infilteration
-1,0,0,53,0.0,8,294,294,3401.360544,28,28,28.0,28.0,28,294.0,6802.721088,44,33.33333333,0,44.0,50.0,44.0,44,44,44,85.33333333,9.237604307,294,8,0.0,Infilteration
-1,0,0,53,0.0,8,571,571,1751.3134851138354,36,36,36.0,36.0,36,571.0,3502.626970227671,52,41.333333333333336,0,52.0,62.0,52.0,52,52,52,85.33333333333333,9.237604307034012,571,8,0.0,Benign
-1,120000000,651756,80,978.4447722,979008,651756,119737179,1022.038443,3916032,3916032,32.0,32.0,32,978.4447722,1022.038443,32,32.0,0,0.0,32.00026149,0.0,0,0,0,0.0,0.0,0,8,0.0,DDOS attack-LOIC-UDP
2049,20300000,20300000,80,20300000.0,40,20300000,20258221,0.098725352,0,0,0.0,0.0,0,20300000.0,0.098725352,0,0.0,20300000,0.0,0.0,0.0,0,0,0,0.0,0.0,20300000,20,0.0,DDoS attacks-LOIC-HTTP
26883,0,0,21,0.0,40,4,4,250000.0,0,0,0.0,0.0,0,4.0,500000.0,0,0.0,0,0.0,0.0,0.0,0,0,0,0.0,0.0,4,40,0.0,FTP-BruteForce
193,28,28,51576,28.0,40,28,28,71428.57143,0,0,0.0,0.0,0,28.0,71428.57143,0,0.0,28,0.0,0.0,0.0,0,0,0,0.0,0.0,28,20,0.0,Infilteration
-1,120000000,921609,80,1766.126821,543264,921609,119932374,566.2190928,2173056,2173056,32.0,32.0,32,1766.126821,566.2190928,32,32.0,1,0.0,32.00047123,0.0,0,0,0,0.0,0.0,1,8,0.0,DDOS attack-LOIC-UDP
8192,446,443,80,223.0,72,1212162,1212641,2.473939113,20,20,6.666666667,6.666666667,20,202106.8333,5.772524597,964,123.0,3,241.0,140.5714286,241.0,964,964,964,115523.4286,339.8873763,3,20,11.54700538,DDoS attacks-LOIC-HTTP
-1,89479850,41988062,500,17895970.0,48,41988062,89479850,0.0670542027,3000,3000,500.0,500.0,500,17895970.0,0.0670542027,500,500.0,4000186,0.0,583.3333333333,0.0,0,0,0,0.0,0.0,4000186,8,0.0,Brute Force -XSS
2049,22700000,22700000,80,22700000.0,40,22700000,22737694,0.087959667,0,0,0.0,0.0,0,22700000.0,0.087959667,0,0.0,22700000,0.0,0.0,0.0,0,0,0,0.0,0.0,22700000,20,0.0,DDoS attacks-LOIC-HTTP
-1,120000000,651401,80,984.225371,974792,651401,119925893,1016.035795,3899168,3899168,32.0,32.0,32,984.225371,1016.035795,32,32.0,0,0.0,32.00026262,0.0,0,0,0,0.0,0.0,0,8,0.0,DDOS attack-LOIC-UDP
26883,7069773,6952556,80,1767443.25,168,6952287,7069773,0.7072362861,383,383,76.6,76.6,383,1009967.57142857,1.1315780577,972,150.5555555556,34,324.0,169.375,324.0,972,972,972,110933.777777778,333.0672271146,4,32,171.2828070765,DoS attacks-GoldenEye
32738,1920,1920,80,1920.0,40,1920,1920,1041.666667,0,0,0.0,0.0,0,1920.0,1041.666667,0,0.0,1920,0.0,0.0,0.0,0,0,0,0.0,0.0,1920,20,0.0,DDOS attack-HOIC
26883,378254,80100,22,18012.0952380952,712,80100,378783,58.08074808,1944,1944,88.3636363636,88.3636363636,640,8808.9069767442,116.1614961601,976,102.4222222222,134,121.1363636364,104.75,121.1363636364,976,2665,2665,41511.6585858586,203.7441007388,3,32,137.8690011274,SSH-Bruteforce
26883,0,0,21,0.0,40,20,20,50000.0,0,0,0.0,0.0,0,20.0,100000.0,0,0.0,0,0.0,0.0,0.0,0,0,0,0.0,0.0,20,40,0.0,DoS attacks-SlowHTTPTest
8192,118107048,58932995,443,6947473.411764706,372,58932995,118107048,0.1524041139356899,1194,1194,66.33333333333333,66.33333333333333,335,3579001.4545454546,0.287874437434081,1460,176.62857142857143,33,311.75,181.8235294117647,311.75,1460,4988,4988,124828.41680672269,353.3106519859296,1,20,102.03229015999844,Benign
8192,505,447,8080,252.5,72,10675,11527,260.2585235,326,326,108.6666667,108.6666667,326,1921.166667,607.2698881,326,56.875,58,32.25,65.0,32.25,112,129,129,13318.69643,115.4066568,21,20,188.2161878,Bot
1024,0,0,1047,0.0,24,5,5,200000.0,0,0,0.0,0.0,0,5.0,400000.0,0,0.0,0,0.0,0.0,0.0,0,0,0,0.0,0.0,5,24,0.0,Infilteration
-1,120000000,583928,80,767.0246704,1249440,583928,119793146,1303.747378,4997760,4997760,32.0,32.0,32,767.0246704,1303.747378,32,32.0,1,0.0,32.00020489,0.0,0,0,0,0.0,0.0,1,8,0.0,DDoS attacks-LOIC-HTTP
8192,494155,125647,443,82359.16667,152,125587,494155,14.16559582,353,353,50.42857143,50.42857143,196,41179.58333,26.30753509,1460,280.8571429,104,596.5,302.4615385,596.5,1460,3579,3579,264417.2088,514.2151386,2,20,79.0060275,Infilteration
-1,120000000,812914,80,1156.926851,828784,812914,119854151,864.3672258,3315136,3315136,32.0,32.0,32,1156.926851,864.3672258,32,32.0,0,0.0,32.00030889,0.0,0,0,0,0.0,0.0,0,8,0.0,DDOS attack-LOIC-UDP
225,23836,23836,80,23836.0,64,23836,23836,83.90669575,0,0,0.0,0.0,0,23836.0,83.90669575,0,0.0,23836,0.0,0.0,0.0,0,0,0,0.0,0.0,23836,32,0.0,DoS attacks-Hulk
32738,9317,9317,80,9317.0,40,9317,9317,214.6613717,0,0,0.0,0.0,0,9317.0,214.6613717,0,0.0,9317,0.0,0.0,0.0,0,0,0,0.0,0.0,9317,20,0.0,DDOS attack-HOIC
8192,55127,54207,80,18375.6666666667,92,4953175,5008302,0.7986738819,646,646,161.5,161.5,646,715471.714285714,1.5973477638,646,112.2222222222,381,91.0,126.25,91.0,364,364,364,54558.4444444445,233.5774913052,19,20,323.0,Brute Force -Web
225,1169,1169,80,1169.0,64,1169,1169,1710.863986,0,0,0.0,0.0,0,1169.0,1710.863986,0,0.0,1169,0.0,0.0,0.0,0,0,0,0.0,0.0,1169,32,0.0,DoS attacks-Hulk
-1,21404,21404,53,21404.0,16,21404,24437,81.84310676433277,74,74,37.0,37.0,37,8145.666666666666,163.68621352866555,95,60.2,21404,95.0,75.25,95.0,95,190,190,1009.2,31.767908335299637,24,8,0.0,Benign
26883,108409406,53243819,80,7743529.0,496,53243819,108409407,0.1383643764,2530,2530,168.6666666667,168.6666666667,230,6377023.94117647,0.1660372517,230,133.1578947368,430,0.0,140.5555555556,0.0,0,0,0,13611.6959064327,116.6691729054,1,32,105.2796728899,DoS attacks-Slowloris
26883,414445,91096,22,19735.4761904762,712,91096,414489,53.0774037429,1912,1912,86.9090909091,86.9090909091,640,9639.2790697675,106.1548074858,976,101.7111111111,144,121.1363636364,104.0227272727,121.1363636364,976,2665,2665,41508.8464646465,203.7371995112,5,32,137.6880217811,SSH-Bruteforce
8192,611,559,8080,305.5,72,10501,11428,262.5131257,326,326,108.6666667,108.6666667,326,1904.666667,612.5306265,326,56.875,52,32.25,65.0,32.25,112,129,129,13318.69643,115.4066568,1,20,188.2161878,Bot
26883,0,0,21,0.0,40,2,2,500000.0,0,0,0.0,0.0,0,2.0,1000000.0,0,0.0,0,0.0,0.0,0.0,0,0,0,0.0,0.0,2,40,0.0,FTP-BruteForce
26883,10909,10169,80,3636.3333333333,136,5003684,5014593,0.7976719147,404,404,101.0,101.0,404,716370.428571429,1.5953438295,972,152.8888888889,325,243.0,172.0,243.0,972,972,972,112203.111111111,334.9673284234,6,32,202.0,DoS attacks-GoldenEye
26883,0,0,21,0.0,40,4,4,250000.0,0,0,0.0,0.0,0,4.0,500000.0,0,0.0,0,0.0,0.0,0.0,0,0,0,0.0,0.0,4,40,0.0,FTP-BruteForce
8192,2816,2536,80,1408.0,72,1650816,1653659,1.814158784,20,20,6.666666667,6.666666667,20,275609.8333,4.233037162,964,123.0,280,241.0,140.5714286,241.0,964,964,964,115523.4286,339.8873763,4,20,11.54700538,DDoS attacks-LOIC-HTTP
1129,76,42,50348,38.0,60,42,76,39473.68421052631,31,31,10.333333333333332,10.333333333333334,31,25.33333333333333,52631.57894736842,31,6.2,34,0.0,7.75,0.0,0,0,0,192.2,13.863621460498695,14,20,17.8978583448784,Benign
26883,0,0,21,0.0,40,3,3,333333.333333333,0,0,0.0,0.0,0,3.0,666666.666666667,0,0.0,0,0.0,0.0,0.0,0,0,0,0.0,0.0,3,40,0.0,FTP-BruteForce
2049,24000000,24000000,80,24000000.0,40,24000000,24028211,0.083235493,0,0,0.0,0.0,0,24000000.0,0.083235493,0,0.0,24000000,0.0,0.0,0.0,0,0,0,0.0,0.0,24000000,20,0.0,DDoS attacks-LOIC-HTTP
-1,120000000,600544,80,953.9780341,1004840,600544,119823457,1048.250511,4019360,4019360,32.0,32.0,32,953.9780341,1048.250511,32,32.0,1,0.0,32.00025477,0.0,0,0,0,0.0,0.0,1,8,0.0,DDOS attack-LOIC-UDP
26883,0,0,21,0.0,40,4,4,250000.0,0,0,0.0,0.0,0,4.0,500000.0,0,0.0,0,0.0,0.0,0.0,0,0,0,0.0,0.0,4,40,0.0,DoS attacks-SlowHTTPTest
26883,0,0,21,0.0,40,1,1,1000000.0,0,0,0.0,0.0,0,1.0,2000000.0,0,0.0,0,0.0,0.0,0.0,0,0,0,0.0,0.0,1,40,0.0,FTP-BruteForce
8192,56650946,1112676,80,372703.592105263,3072,1112676,56652503,2.7006750258,54995,54995,359.4444444444,359.4444444444,646,221298.83984375,4.5364279845,1068,494.0503875969,280,696.8269230769,495.9727626459,696.8269230769,1068,72470,72470,126240.72507767,355.3037082239,5,20,271.4171844443,Brute Force -Web
26883,0,0,21,0.0,40,1,1,1000000.0,0,0,0.0,0.0,0,1.0,2000000.0,0,0.0,0,0.0,0.0,0.0,0,0,0,0.0,0.0,1,40,0.0,FTP-BruteForce
253,550,538,443,275.0,60,538,550,5454.545454545454,77,77,25.666666666666664,25.666666666666668,46,275.0,5454.545454545454,46,30.75,12,0.0,41.0,0.0,0,0,0,470.25,21.68524844220144,12,20,23.45918441321721,Benign
8192,451,338,80,225.5,72,1060366,1060856,2.827905013,20,20,6.666666667,6.666666667,20,176809.3333,6.598445029,964,123.0,113,241.0,140.5714286,241.0,964,964,964,115523.4286,339.8873763,5,20,11.54700538,DDoS attacks-LOIC-HTTP
8192,2593586,1261486,3389,370512.2857,168,953214,2593586,3.084532381,1148,1148,143.5,143.5,677,185256.1429,5.783498214,1173,170.5625,1324,225.8571429,181.9333333,225.8571429,1173,1581,1581,102037.5958,319.4332416,64,20,228.1296624,Infilteration
26883,5997063,5996749,80,1999021.0,136,5996409,10999854,0.3636411901,418,418,104.5,104.5,418,1571407.71428571,0.7272823803,972,154.4444444444,37,243.0,173.75,243.0,972,972,972,113103.777777778,336.30905099,4,32,209.0,DoS attacks-GoldenEye
65535,9325,9044,80,4662.5,72,9435,18794,159.6254124,314,314,104.6666667,104.6666667,314,3132.333333,372.4592955,935,156.125,281,233.75,178.4285714,233.75,935,935,935,111117.2679,333.3425683,6,20,181.2879845,DDOS attack-HOIC
26883,0,0,21,0.0,40,20,20,50000.0,0,0,0.0,0.0,0,20.0,100000.0,0,0.0,0,0.0,0.0,0.0,0,0,0,0.0,0.0,20,40,0.0,FTP-BruteForce
-1,120000000,632001,80,895.1661991,1072120,632001,119964803,1117.119327,4288480,4288480,32.0,32.0,32,895.1661991,1117.119327,32,32.0,0,0.0,32.00023878,0.0,0,0,0,0.0,0.0,0,8,0.0,DDOS attack-LOIC-UDP
26883,0,0,21,0.0,40,3,3,333333.333333333,0,0,0.0,0.0,0,3.0,666666.666666667,0,0.0,0,0.0,0.0,0.0,0,0,0,0.0,0.0,3,40,0.0,FTP-BruteForce
8192,359,357,80,179.5,72,1181374,1181765,2.538575774,20,20,6.666666667,6.666666667,20,196960.8333,5.923343474,964,123.0,2,241.0,140.5714286,241.0,964,964,964,115523.4286,339.8873763,2,20,11.54700538,DDoS attacks-LOIC-HTTP
226,1407897,1407897,80,1407897.0,64,1407897,1407897,1.4205584641,0,0,0.0,0.0,0,1407897.0,1.4205584641,0,0.0,1407897,0.0,0.0,0.0,0,0,0,0.0,0.0,1407897,32,0.0,DoS attacks-GoldenEye
26883,0,0,21,0.0,40,21,21,47619.04762,0,0,0.0,0.0,0,21.0,95238.09524,0,0.0,0,0.0,0.0,0.0,0,0,0,0.0,0.0,21,40,0.0,DoS attacks-SlowHTTPTest
26883,380830,82059,22,16557.8260869565,776,82059,380875,63.0127994749,1928,1928,80.3333333333,80.3333333333,640,8463.8888888889,120.7745323269,976,97.7234042553,162,121.1363636364,99.847826087,121.1363636364,976,2665,2665,40139.2479185939,200.3478173542,5,32,133.9586784655,SSH-Bruteforce
26883,0,0,21,0.0,40,21,21,47619.04762,0,0,0.0,0.0,0,21.0,95238.09524,0,0.0,0,0.0,0.0,0.0,0,0,0,0.0,0.0,21,40,0.0,DoS attacks-SlowHTTPTest
-1,0,0,53,0.0,8,280,280,3571.428571,42,42,42.0,42.0,42,280.0,7142.857143,58,47.33333333,0,58.0,71.0,58.0,58,58,58,85.33333333,9.237604307,280,8,0.0,Infilteration
26883,0,0,21,0.0,40,2,2,500000.0,0,0,0.0,0.0,0,2.0,1000000.0,0,0.0,0,0.0,0.0,0.0,0,0,0,0.0,0.0,2,40,0.0,DoS attacks-SlowHTTPTest
26883,355085,93061,22,16908.8095238095,712,93061,355220,61.9334496931,1928,1928,87.6363636364,87.6363636364,640,8260.9302325581,123.8668993863,976,102.0666666667,204,121.1363636364,104.3863636364,121.1363636364,976,2665,2665,41510.3818181818,203.7409674518,4,32,137.7805520365,SSH-Bruteforce
32738,30187,30187,80,30187.0,40,30187,30187,66.25368536,0,0,0.0,0.0,0,30187.0,66.25368536,0,0.0,30187,0.0,0.0,0.0,0,0,0,0.0,0.0,30187,20,0.0,DDOS attack-HOIC
-1,120000000,907488,80,1515.747691,633232,907488,119975977,659.7487429,2532928,2532928,32.0,32.0,32,1515.747691,659.7487429,32,32.0,1,0.0,32.00040428,0.0,0,0,0,0.0,0.0,1,8,0.0,DDOS attack-LOIC-UDP
946,27,27,50920,27.0,40,15,27,74074.07407,31,31,15.5,15.5,31,13.5,111111.1111,31,15.5,27,0.0,20.66666667,0.0,0,0,0,320.3333333,17.89785834,12,20,21.92031022,Infilteration
26883,0,0,21,0.0,40,26,26,38461.5384615385,0,0,0.0,0.0,0,26.0,76923.0769230769,0,0.0,0,0.0,0.0,0.0,0,0,0,0.0,0.0,26,40,0.0,FTP-BruteForce
26883,0,0,21,0.0,40,1,1,1000000.0,0,0,0.0,0.0,0,1.0,2000000.0,0,0.0,0,0.0,0.0,0.0,0,0,0,0.0,0.0,1,40,0.0,FTP-BruteForce
8192,1782,1395,80,891.0,72,1355934,1357745,2.209545975,20,20,6.666666667,6.666666667,20,226290.8333,5.155607275,964,123.0,387,241.0,140.5714286,241.0,964,964,964,115523.4286,339.8873763,10,20,11.54700538,DDoS attacks-LOIC-HTTP
-1,120000000,701376,80,1032.415398,926368,701376,119548541,968.6107336,3705472,3705472,32.0,32.0,32,1032.415398,968.6107336,32,32.0,0,0.0,32.00027635,0.0,0,0,0,0.0,0.0,0,8,0.0,DDOS attack-LOIC-UDP
26883,18933928,6655950,80,1721266.18181818,400,6655950,23935911,0.5013387625,4200,4200,350.0,350.0,525,1595727.4,0.6684516833,662,286.0,445,165.5,303.875,165.5,662,662,662,78294.5,279.8115437218,6,32,258.4921310566,DoS attacks-GoldenEye
8192,1420,1047,80,710.0,72,1721604,1723071,1.741077414,20,20,6.666666667,6.666666667,20,287178.5,4.062513965,964,123.0,373,241.0,140.5714286,241.0,964,964,964,115523.4286,339.8873763,6,20,11.54700538,DDoS attacks-LOIC-HTTP
8192,461,407,8080,230.5,72,9325,10218,293.5995302,326,326,108.6666667,108.6666667,326,1703.0,685.0655706,326,56.875,54,32.25,65.0,32.25,112,129,129,13318.69643,115.4066568,1,20,188.2161878,Bot
225,26254,26254,80,26254.0,64,26254,26254,76.17886798,0,0,0.0,0.0,0,26254.0,76.17886798,0,0.0,26254,0.0,0.0,0.0,0,0,0,0.0,0.0,26254,32,0.0,DoS attacks-Hulk
225,5737,5737,80,5737.0,64,5737,5737,348.6142583,0,0,0.0,0.0,0,5737.0,348.6142583,0,0.0,5737,0.0,0.0,0.0,0,0,0,0.0,0.0,5737,32,0.0,DoS attacks-Hulk
31337,656415,218924,30557,218805.0,160,218924,656415,6.093705963,0,0,0.0,0.0,0,218805.0,6.093705963,0,0.0,218738,0.0,0.0,0.0,0,0,0,0.0,0.0,218738,40,0.0,Infilteration
26883,0,0,21,0.0,40,21,21,47619.04762,0,0,0.0,0.0,0,21.0,95238.09524,0,0.0,0,0.0,0.0,0.0,0,0,0,0.0,0.0,21,40,0.0,DoS attacks-SlowHTTPTest
1024,0,0,5221,0.0,24,2,2,500000.0,0,0,0.0,0.0,0,2.0,1000000.0,0,0.0,0,0.0,0.0,0.0,0,0,0,0.0,0.0,2,24,0.0,Infilteration
26883,341510,63731,22,17075.5,680,54131,341564,61.4818891921,1944,1944,92.5714285714,92.5714285714,640,8132.4761904762,125.8914873933,976,104.75,271,121.1363636364,107.1860465116,121.1363636364,976,2665,2665,42227.5406976744,205.4934079178,2,32,139.8186580641,SSH-Bruteforce
26883,65528,64183,80,21842.6666666667,136,5000047,5065575,0.7896438213,410,410,102.5,102.5,410,723653.571428572,1.5792876426,972,153.5555555556,324,243.0,172.75,243.0,972,972,972,112583.777777778,335.5350619202,3,32,205.0,DoS attacks-GoldenEye
8192,57395698,1018372,80,284137.118811881,4072,1018372,57397913,3.5367139568,56330,56330,277.4876847291,277.4876847291,680,187574.879084967,5.3486265258,1936,799.7857142857,423,1826.9615384615,802.3908794788,1826.9615384615,1936,190004,190004,630782.748720335,794.2183256009,22,20,292.8687801257,Brute Force -XSS
-1,120000000,615099,80,951.8740328,1007064,615099,119823807,1050.567522,4028256,4028256,32.0,32.0,32,951.8740328,1050.567522,32,32.0,0,0.0,32.0002542,0.0,0,0,0,0.0,0.0,0,8,0.0,DDOS attack-LOIC-UDP
-1,0,0,53,0.0,8,27620,27620,36.20564808,47,47,47.0,47.0,47,27620.0,72.41129616,128,74.0,0,128.0,111.0,128.0,128,128,128,2187.0,46.7653718,27620,8,0.0,Benign
2049,15900000,15900000,80,15900000.0,40,15900000,15949006,0.125399664,0,0,0.0,0.0,0,15900000.0,0.125399664,0,0.0,15900000,0.0,0.0,0.0,0,0,0,0.0,0.0,15900000,20,0.0,DDoS attacks-LOIC-HTTP
65535,15149,14857,80,7574.5,72,14857,16561,181.1484814,314,314,104.6666667,104.6666667,314,2760.166667,422.6797899,935,156.125,292,233.75,178.4285714,233.75,935,935,935,111117.2679,333.3425683,3,20,181.2879845,DDOS attack-HOIC
225,5508,5508,80,5508.0,64,5508,5508,363.1082062,0,0,0.0,0.0,0,5508.0,363.1082062,0,0.0,5508,0.0,0.0,0.0,0,0,0,0.0,0.0,5508,32,0.0,DoS attacks-Hulk
1024,0,0,445,0.0,24,12000000,21235839,0.047090204,0,0,0.0,0.0,0,5308959.75,0.235451022,0,0.0,0,0.0,0.0,0.0,0,0,0,0.0,0.0,294,24,0.0,Infilteration
8192,643,637,80,321.5,72,1377199,1377870,2.177273618,20,20,6.666666667,6.666666667,20,229645.0,5.080305109,964,123.0,6,241.0,140.5714286,241.0,964,964,964,115523.4286,339.8873763,3,20,11.54700538,DDoS attacks-LOIC-HTTP
26883,354005,125497,22,17700.25,680,125497,354530,59.2333511974,1928,1928,91.8095238095,91.8095238095,640,8441.1904761905,121.287338166,976,104.3863636364,305,121.1363636364,106.8139534884,121.1363636364,976,2665,2665,42227.9635306554,205.4944367389,3,32,139.7510712115,SSH-Bruteforce
1024,0,0,9103,0.0,24,2,2,500000.0,0,0,0.0,0.0,0,2.0,1000000.0,0,0.0,0,0.0,0.0,0.0,0,0,0,0.0,0.0,2,24,0.0,Infilteration
26883,0,0,21,0.0,40,5,5,200000.0,0,0,0.0,0.0,0,5.0,400000.0,0,0.0,0,0.0,0.0,0.0,0,0,0,0.0,0.0,5,40,0.0,DoS attacks-SlowHTTPTest
8192,3014691,3014691,1433,3014691.0,64,3014691,3014691,0.663417909,0,0,0.0,0.0,0,3014691.0,0.663417909,0,0.0,3014691,0.0,0.0,0.0,0,0,0,0.0,0.0,3014691,32,0.0,Infilteration
26883,0,0,21,0.0,40,3,3,333333.333333333,0,0,0.0,0.0,0,3.0,666666.666666667,0,0.0,0,0.0,0.0,0.0,0,0,0,0.0,0.0,3,40,0.0,FTP-BruteForce
8192,360,359,80,180.0,72,794480,794868,3.774211567,20,20,6.666666667,6.666666667,20,132478.0,8.806493657,964,123.0,1,241.0,140.5714286,241.0,964,964,964,115523.4286,339.8873763,1,20,11.54700538,DDoS attacks-LOIC-HTTP
26883,0,0,21,0.0,40,2,2,500000.0,0,0,0.0,0.0,0,2.0,1000000.0,0,0.0,0,0.0,0.0,0.0,0,0,0,0.0,0.0,2,40,0.0,DoS attacks-SlowHTTPTest
8192,537,486,8080,268.5,72,9760,10615,282.6189355,326,326,108.6666667,108.6666667,326,1769.166667,659.4441828,326,56.875,51,32.25,65.0,32.25,112,129,129,13318.69643,115.4066568,22,20,188.2161878,Bot
225,1669,1669,80,1669.0,64,1669,1669,1198.322349,0,0,0.0,0.0,0,1669.0,1198.322349,0,0.0,1669,0.0,0.0,0.0,0,0,0,0.0,0.0,1669,32,0.0,DoS attacks-Hulk
8192,56704756,1127463,80,373057.605263158,3072,1127463,56706281,2.6981138121,54995,54995,359.4444444444,359.4444444444,646,221508.91015625,4.5321258151,1069,494.1240310078,421,697.0096153846,496.046692607,697.0096153846,1069,72489,72489,126325.011793805,355.4223006422,4,20,271.4171844443,Brute Force -Web
8192,5501261,5391655,443,785894.4286,172,5391655,5501261,1.454212043,350,350,43.75,43.75,193,458438.4167,2.36309457,1460,249.0,16,627.2,268.1538462,627.2,1460,3136,3136,258334.7692,508.2664353,1,20,74.42493822,Infilteration
8192,478,429,8080,239.0,72,9655,10434,287.5215641,326,326,108.6666667,108.6666667,326,1739.0,670.8836496,326,56.875,49,32.25,65.0,32.25,112,129,129,13318.69643,115.4066568,14,20,188.2161878,Bot
8192,367,320,80,183.5,72,1295759,1296163,2.314523713,20,20,6.666666667,6.666666667,20,216027.1667,5.400555331,964,123.0,47,241.0,140.5714286,241.0,964,964,964,115523.4286,339.8873763,10,20,11.54700538,DDoS attacks-LOIC-HTTP
237,4700064,4559901,55968,1175016.0,168,4559896,4700064,1.063815301,935,935,187.0,187.0,935,671437.7143,1.702104482,935,135.6666667,22,95.33333333,152.625,95.33333333,286,286,286,98796.5,314.3191054,5,32,418.1447118,Benign
8192,382,348,80,191.0,72,877459,877873,3.417350801,20,20,6.666666667,6.666666667,20,146312.1667,7.973818536,964,123.0,34,241.0,140.5714286,241.0,964,964,964,115523.4286,339.8873763,7,20,11.54700538,DDoS attacks-LOIC-HTTP
-1,120000000,810132,80,1214.103425,788056,810132,119596472,823.6614204,3152224,3152224,32.0,32.0,32,1214.103425,823.6614204,32,32.0,1,0.0,32.00032485,0.0,0,0,0,0.0,0.0,1,8,0.0,DDOS attack-LOIC-UDP
-1,120000000,757359,80,984.8577262,973624,757359,119859155,1015.383431,3894496,3894496,32.0,32.0,32,984.8577262,1015.383431,32,32.0,1,0.0,32.00026294,0.0,0,0,0,0.0,0.0,1,8,0.0,DDOS attack-LOIC-UDP
0,24,24,51663,24.0,40,24,24,83333.33333333333,0,0,0.0,0.0,0,24.0,83333.33333333333,0,0.0,24,0.0,0.0,0.0,0,0,0,0.0,0.0,24,20,0.0,Benign
-1,0,0,53,0.0,8,977,977,1023.541453,41,41,41.0,41.0,41,977.0,2047.082907,69,50.33333333,0,69.0,75.5,69.0,69,69,69,261.3333333,16.16580754,977,8,0.0,Benign
26883,373730,353221,80,93432.5,168,353221,373730,13.3786423354,385,385,77.0,77.0,385,53390.0,21.4058277366,972,150.7777777778,22,324.0,169.625,324.0,972,972,972,111050.444444444,333.2423209084,6,32,172.1772342675,DoS attacks-GoldenEye
127,37,37,54541,37.0,40,37,37,54054.05405,0,0,0.0,0.0,0,37.0,54054.05405,0,0.0,37,0.0,0.0,0.0,0,0,0,0.0,0.0,37,20,0.0,Infilteration
2047,105,105,80,105.0,40,105,105,19047.619047619,0,0,0.0,0.0,0,105.0,19047.619047619,0,0.0,105,0.0,0.0,0.0,0,0,0,0.0,0.0,105,20,0.0,Brute Force -Web
-1,0,0,53,0.0,8,100305,100305,9.969592742,30,30,30.0,30.0,30,100305.0,19.93918548,132,64.0,0,132.0,96.0,132.0,132,132,132,3468.0,58.88972746,100305,8,0.0,Infilteration
-1,89479485,41990180,500,17895897.0,48,41990180,89479485,0.0670544762,3000,3000,500.0,500.0,500,17895897.0,0.0670544762,500,500.0,4000386,0.0,583.3333333333,0.0,0,0,0,0.0,0.0,4000386,8,0.0,Brute Force -Web
241,0,0,22,0.0,32,7,7,142857.142857143,0,0,0.0,0.0,0,7.0,285714.285714286,0,0.0,0,0.0,0.0,0.0,0,0,0,0.0,0.0,7,32,0.0,SSH-Bruteforce
8192,56462081,1143666,80,371461.059210526,3072,1143666,56463629,2.7097089349,54995,54995,359.4444444444,359.4444444444,646,220561.05078125,4.55160259,1068,494.0930232558,284,696.9326923077,496.0155642023,696.9326923077,1068,72481,72481,126289.360962809,355.3721443259,5,20,271.4171844443,Brute Force -Web
8192,62851,61778,80,20950.3333333333,92,4945520,5008371,0.7986628786,646,646,161.5,161.5,646,715481.571428571,1.5973257572,646,112.2222222222,376,91.0,126.25,91.0,364,364,364,54558.4444444445,233.5774913052,17,20,323.0,Brute Force -Web
1024,0,0,5825,0.0,24,274,274,3649.635036,0,0,0.0,0.0,0,274.0,7299.270073,0,0.0,0,0.0,0.0,0.0,0,0,0,0.0,0.0,274,24,0.0,Infilteration
-1,120000000,573401,80,888.49184,1079416,573401,119880650,1125.511081,4317664,4317664,32.0,32.0,32,888.49184,1125.511081,32,32.0,0,0.0,32.00023717,0.0,0,0,0,0.0,0.0,0,8,0.0,DDOS attack-LOIC-UDP
26883,106942716,53247680,80,8226362.76923077,456,53247680,106942718,0.1309112043,2530,2530,180.7142857143,180.7142857143,230,6683919.875,0.1589636052,230,140.5555555556,209,0.0,148.8235294118,0.0,0,0,0,13311.4379084967,115.375204912,2,32,97.9375221341,DoS attacks-Slowloris
8192,6062743,5814570,443,356631.9411764706,372,5814570,6062743,2.968953161959859,599,599,33.27777777777778,33.27777777777778,342,144351.02380952382,7.09249922023744,535,194.5454545454545,7,318.44,199.06976744186048,318.44,535,7961,7961,55191.88160676531,234.9295247659717,0,20,91.21906763749338,Benign
211,99999535,99999535,80,99999535.0,64,99999533,99999537,0.0200000926,16,16,8.0,8.0,8,33333179.0,0.0400001852,8,4.8,99999535,0.0,6.0,0.0,0,0,0,19.2,4.38178046,2,32,0.0,DoS attacks-Slowloris
-1,120000000,647894,80,976.2827832,980632,647894,119670791,1024.301745,3922528,3922528,32.0,32.0,32,976.2827832,1024.301745,32,32.0,0,0.0,32.00026106,0.0,0,0,0,0.0,0.0,0,8,0.0,DDOS attack-LOIC-UDP
8192,194361,68900,443,19436.1,232,57510,194361,56.59571622,511,511,46.45454545,46.45454545,194,10797.83333,97.75623711,1460,400.65,14,937.75,421.7368421,937.75,1460,7502,7502,391487.7132,625.6897899,1,20,77.94660177,Infilteration
-1,89479515,41990410,500,17895903.0,48,41990410,89479515,0.0670544537,3000,3000,500.0,500.0,500,17895903.0,0.0670544537,500,500.0,4000238,0.0,583.3333333333,0.0,0,0,0,0.0,0.0,4000238,8,0.0,Brute Force -Web
26883,0,0,21,0.0,40,5,5,200000.0,0,0,0.0,0.0,0,5.0,400000.0,0,0.0,0,0.0,0.0,0.0,0,0,0,0.0,0.0,5,40,0.0,DoS attacks-SlowHTTPTest
32738,9587,9587,80,9587.0,40,9587,9587,208.6158339,0,0,0.0,0.0,0,9587.0,208.6158339,0,0.0,9587,0.0,0.0,0.0,0,0,0,0.0,0.0,9587,20,0.0,DDOS attack-HOIC
8192,465,324,80,232.5,72,266,792,3787.878787878788,161,161,53.66666666666666,53.66666666666666,161,132.0,8838.38383838384,488,81.125,141,122.0,92.71428571428572,122.0,488,488,488,30202.125,173.78758586274222,1,20,92.95339333952974,Benign
8192,579,527,8080,289.5,72,9139,10025,299.2518703,326,326,108.6666667,108.6666667,326,1670.833333,698.2543641,326,56.875,52,32.25,65.0,32.25,112,129,129,13318.69643,115.4066568,1,20,188.2161878,Bot
26883,7022013,6952895,80,1755503.25,168,6952547,7022013,0.7120465314,389,389,77.8,77.8,389,1003144.71428571,1.1392744502,662,116.7777777778,64,220.6666666667,131.375,220.6666666667,662,662,662,58353.9444444444,241.5656110551,6,32,173.9660886495,DoS attacks-GoldenEye
26883,0,0,21,0.0,40,6,6,166666.6667,0,0,0.0,0.0,0,6.0,333333.3333,0,0.0,0,0.0,0.0,0.0,0,0,0,0.0,0.0,6,40,0.0,DoS attacks-SlowHTTPTest
241,0,0,22,0.0,32,6,6,166666.666666667,0,0,0.0,0.0,0,6.0,333333.333333333,0,0.0,0,0.0,0.0,0.0,0,0,0,0.0,0.0,6,32,0.0,SSH-Bruteforce
8192,1441905,1087344,3389,205986.428571429,172,974203,1441905,5.5482157285,1128,1128,141.0,141.0,661,102993.214285714,10.4029044909,1173,169.3125,4,225.8571428571,180.6,225.8571428571,1173,1581,1581,100953.1625,317.7312740352,4,20,222.62332056,Benign
-1,120000000,827383,80,1337.374755,717832,827383,119999962,747.7419035,2871328,2871328,32.0,32.0,32,1337.374755,747.7419035,32,32.0,1,0.0,32.00035663,0.0,0,0,0,0.0,0.0,1,8,0.0,DDOS attack-LOIC-UDP
32738,2096,2096,80,2096.0,40,2096,2096,954.1984733,0,0,0.0,0.0,0,2096.0,954.1984733,0,0.0,2096,0.0,0.0,0.0,0,0,0,0.0,0.0,2096,20,0.0,DDOS attack-HOIC
8192,352,304,80,176.0,72,1741956,1742336,1.72182633,20,20,6.666666667,6.666666667,20,290389.3333,4.017594769,964,123.0,48,241.0,140.5714286,241.0,964,964,964,115523.4286,339.8873763,4,20,11.54700538,DDoS attacks-LOIC-HTTP
26883,361396,85955,22,15712.8695652174,776,85955,362493,66.2081750544,1960,1960,81.6666666667,81.6666666667,640,8430.0697674419,121.3816542664,976,102.7777777778,270,133.25,105.1136363636,133.25,976,2665,2665,41512.6767676768,203.7465994015,2,32,134.1973454888,SSH-Bruteforce
225,4077,4077,80,4077.0,64,4077,4077,490.5567819,0,0,0.0,0.0,0,4077.0,490.5567819,0,0.0,4077,0.0,0.0,0.0,0,0,0,0.0,0.0,4077,32,0.0,DoS attacks-Hulk
65535,1623,1390,64058,405.75,124,1112,1623,3080.714726,935,935,187.0,187.0,935,270.5,4313.000616,935,150.375,7,134.0,171.8571429,134.0,268,268,268,109306.8393,330.6158485,7,20,418.1447118,Benign
26883,407823,153455,22,19420.1428571429,712,117116,407891,53.9359779941,1944,1944,88.3636363636,88.3636363636,640,9485.8372093023,107.8719559882,976,102.4222222222,148,121.1363636364,104.75,121.1363636364,976,2665,2665,41511.6585858586,203.7441007388,5,32,137.8690011274,SSH-Bruteforce
2049,1778974,1778974,80,1778974.0,40,1778974,1778974,1.124243525,0,0,0.0,0.0,0,1778974.0,1.124243525,0,0.0,1778974,0.0,0.0,0.0,0,0,0,0.0,0.0,1778974,20,0.0,DDoS attacks-LOIC-HTTP
26883,3356,2217,80,1118.6666666667,136,5004256,5007612,0.7987839313,314,314,78.5,78.5,314,715373.142857143,1.5975678627,662,108.4444444444,323,165.5,122.0,165.5,662,662,662,53874.7777777778,232.1094090677,6,32,157.0,DoS attacks-GoldenEye
225,18443,18443,80,18443.0,64,18443,18443,108.4422274,0,0,0.0,0.0,0,18443.0,108.4422274,0,0.0,18443,0.0,0.0,0.0,0,0,0,0.0,0.0,18443,32,0.0,DoS attacks-Hulk
225,47165,47165,80,47165.0,64,47165,47165,42.40432524,0,0,0.0,0.0,0,47165.0,42.40432524,0,0.0,47165,0.0,0.0,0.0,0,0,0,0.0,0.0,47165,32,0.0,DoS attacks-Hulk
2049,13500000,13500000,80,13500000.0,40,13500000,13501378,0.148133028,0,0,0.0,0.0,0,13500000.0,0.148133028,0,0.0,13500000,0.0,0.0,0.0,0,0,0,0.0,0.0,13500000,20,0.0,DDoS attacks-LOIC-HTTP
26883,0,0,21,0.0,40,17,17,58823.52941,0,0,0.0,0.0,0,17.0,117647.0588,0,0.0,0,0.0,0.0,0.0,0,0,0,0.0,0.0,17,40,0.0,DoS attacks-SlowHTTPTest
26883,334271,88326,22,15917.6666666667,712,88326,334322,65.8048228953,1928,1928,87.6363636364,87.6363636364,640,7774.9302325581,131.6096457906,976,102.0666666667,204,121.1363636364,104.3863636364,121.1363636364,976,2665,2665,41510.3818181818,203.7409674518,2,32,137.7805520365,SSH-Bruteforce
26883,107710474,53247513,80,7693605.28571429,496,53247513,107710487,0.1392622057,2530,2530,168.6666666667,168.6666666667,230,6335911.0,0.1671146469,230,133.1578947368,185,0.0,140.5555555556,0.0,0,0,0,13611.6959064327,116.6691729054,13,32,105.2796728899,DoS attacks-Slowloris
26883,0,0,21,0.0,40,19,19,52631.5789473684,0,0,0.0,0.0,0,19.0,105263.157894737,0,0.0,0,0.0,0.0,0.0,0,0,0,0.0,0.0,19,40,0.0,FTP-BruteForce
-1,120000000,648349,80,969.5783427,988128,648349,119757469,1031.384523,3952512,3952512,32.0,32.0,32,969.5783427,1031.384523,32,32.0,0,0.0,32.00025908,0.0,0,0,0,0.0,0.0,0,8,0.0,DDOS attack-LOIC-UDP
226,9447557,9447557,80,9447557.0,64,9447557,9447557,0.2116949387,0,0,0.0,0.0,0,9447557.0,0.2116949387,0,0.0,9447557,0.0,0.0,0.0,0,0,0,0.0,0.0,9447557,32,0.0,DoS attacks-GoldenEye
-1,120000000,896349,80,1684.079825,568552,896349,119684185,593.8044362,2274208,2274208,32.0,32.0,32,1684.079825,593.8044362,32,32.0,0,0.0,32.00045027,0.0,0,0,0,0.0,0.0,0,8,0.0,DDOS attack-LOIC-UDP
2049,4531150,4531150,80,4531150.0,40,4531150,4531150,0.441389051,0,0,0.0,0.0,0,4531150.0,0.441389051,0,0.0,4531150,0.0,0.0,0.0,0,0,0,0.0,0.0,4531150,20,0.0,DDoS attacks-LOIC-HTTP
26883,0,0,21,0.0,40,22,22,45454.54545,0,0,0.0,0.0,0,22.0,90909.09091,0,0.0,0,0.0,0.0,0.0,0,0,0,0.0,0.0,22,40,0.0,DoS attacks-SlowHTTPTest
225,21029,21029,80,21029.0,64,21029,21029,95.10675734,0,0,0.0,0.0,0,21029.0,95.10675734,0,0.0,21029,0.0,0.0,0.0,0,0,0,0.0,0.0,21029,32,0.0,DoS attacks-Hulk
-1,120000000,642127,80,800.1870067,1194960,642127,119523133,1249.716237,4779840,4779840,32.0,32.0,32,800.1870067,1249.716237,32,32.0,0,0.0,32.00021423,0.0,0,0,0,0.0,0.0,0,8,0.0,DDOS attack-LOIC-UDP
26883,361763,112144,22,17226.8095238095,712,112144,361800,60.8070757324,1928,1928,87.6363636364,87.6363636364,640,8413.9534883721,121.6141514649,976,102.0666666667,289,121.1363636364,104.3863636364,121.1363636364,976,2665,2665,41510.3818181818,203.7409674518,3,32,137.7805520365,SSH-Bruteforce
8192,549,500,8080,274.5,72,8768,9661,310.5268606,326,326,108.6666667,108.6666667,326,1610.166667,724.5626747,326,56.875,49,32.25,65.0,32.25,112,129,129,13318.69643,115.4066568,18,20,188.2161878,Bot
2052,486,486,8080,486.0,40,486,486,4115.226337,0,0,0.0,0.0,0,486.0,4115.226337,0,0.0,486,0.0,0.0,0.0,0,0,0,0.0,0.0,486,20,0.0,Bot
8192,611,557,8080,305.5,72,10151,11190,268.0965147,326,326,108.6666667,108.6666667,326,1865.0,625.5585344,326,56.875,54,32.25,65.0,32.25,112,129,129,13318.69643,115.4066568,23,20,188.2161878,Bot
241,0,0,22,0.0,32,6,6,166666.666666667,0,0,0.0,0.0,0,6.0,333333.333333333,0,0.0,0,0.0,0.0,0.0,0,0,0,0.0,0.0,6,32,0.0,SSH-Bruteforce
8192,381,379,80,190.5,72,1473735,1474164,2.035051731,20,20,6.666666667,6.666666667,20,245694.0,4.748454039,964,123.0,2,241.0,140.5714286,241.0,964,964,964,115523.4286,339.8873763,2,20,11.54700538,DDoS attacks-LOIC-HTTP
221,1888744,1888744,80,1888744.0,64,1888744,1888744,1.0589047536,0,0,0.0,0.0,0,1888744.0,1.0589047536,0,0.0,1888744,0.0,0.0,0.0,0,0,0,0.0,0.0,1888744,32,0.0,DoS attacks-GoldenEye
26883,28520,28206,80,9506.6666666667,136,5002140,5030660,0.7951242978,316,316,79.0,79.0,316,718665.714285714,1.5902485956,972,143.1111111111,23,243.0,161.0,243.0,972,972,972,107539.111111111,327.9315646764,7,32,158.0,DoS attacks-GoldenEye
8192,556,494,8080,278.0,72,9785,10651,281.6636935,326,326,108.6666667,108.6666667,326,1775.166667,657.2152849,326,56.875,62,32.25,65.0,32.25,112,129,129,13318.69643,115.4066568,15,20,188.2161878,Bot
26883,0,0,21,0.0,40,2,2,500000.0,0,0,0.0,0.0,0,2.0,1000000.0,0,0.0,0,0.0,0.0,0.0,0,0,0,0.0,0.0,2,40,0.0,DoS attacks-SlowHTTPTest
26883,0,0,21,0.0,40,8,8,125000.0,0,0,0.0,0.0,0,8.0,250000.0,0,0.0,0,0.0,0.0,0.0,0,0,0,0.0,0.0,8,40,0.0,FTP-BruteForce
226,1955229,1955229,80,1955229.0,64,1955229,1955229,1.0228980851,0,0,0.0,0.0,0,1955229.0,1.0228980851,0,0.0,1955229,0.0,0.0,0.0,0,0,0,0.0,0.0,1955229,32,0.0,DoS attacks-GoldenEye
225,9905,9905,80,9905.0,64,9905,9905,201.9182231,0,0,0.0,0.0,0,9905.0,201.9182231,0,0.0,9905,0.0,0.0,0.0,0,0,0,0.0,0.0,9905,32,0.0,DoS attacks-Hulk
26883,0,0,21,0.0,40,5,5,200000.0,0,0,0.0,0.0,0,5.0,400000.0,0,0.0,0,0.0,0.0,0.0,0,0,0,0.0,0.0,5,40,0.0,FTP-BruteForce
-1,73200000,844136,80,1010.675833,579808,844136,73248731,989.4505886,2319232,2319232,32.0,32.0,32,1010.675833,989.4505886,32,32.0,0,0.0,32.00044153,0.0,0,0,0,0.0,0.0,0,8,0.0,DDOS attack-LOIC-UDP
2052,496,496,8080,496.0,40,496,496,4032.258065,0,0,0.0,0.0,0,496.0,4032.258065,0,0.0,496,0.0,0.0,0.0,0,0,0,0.0,0.0,496,20,0.0,Bot
8192,119000000,58900000,443,7434521.938,352,58900000,118952351,0.142914367,1235,1235,72.64705882,72.64705882,585,3717260.969,0.277422007,1430,183.7647059,44,313.3125,189.3333333,313.3125,1430,5013,5013,131365.3369,362.4435637,2,20,146.1788037,Infilteration
26883,0,0,21,0.0,40,22,22,45454.54545,0,0,0.0,0.0,0,22.0,90909.09091,0,0.0,0,0.0,0.0,0.0,0,0,0,0.0,0.0,22,40,0.0,DoS attacks-SlowHTTPTest
26883,6982951,6838703,80,1745737.75,168,6838426,6982951,0.7160296557,340,340,68.0,68.0,340,997564.428571429,1.1456474491,972,145.7777777778,283,324.0,164.0,324.0,972,972,972,108640.444444444,329.6064993965,4,32,152.05262247,DoS attacks-GoldenEye
26883,377452,129568,22,17973.9047619048,712,129568,379115,58.029885391,1912,1912,86.9090909091,86.9090909091,640,9246.7073170732,110.7843266555,976,106.4418604651,173,133.25,108.9761904762,133.25,976,2665,2665,42969.919158361,207.2918694941,5,32,137.6880217811,SSH-Bruteforce
32738,1364,1364,80,1364.0,40,1364,1364,1466.27566,0,0,0.0,0.0,0,1364.0,1466.27566,0,0.0,1364,0.0,0.0,0.0,0,0,0,0.0,0.0,1364,20,0.0,DDOS attack-HOIC
226,1958661,1958661,80,1958661.0,64,1958661,1958661,1.0211057452,0,0,0.0,0.0,0,1958661.0,1.0211057452,0,0.0,1958661,0.0,0.0,0.0,0,0,0,0.0,0.0,1958661,32,0.0,DoS attacks-GoldenEye
2053,405,396,80,202.5,60,396,405,7407.4074074074,0,0,0.0,0.0,0,202.5,7407.4074074074,0,0.0,9,0.0,0.0,0.0,0,0,0,0.0,0.0,9,20,0.0,Brute Force -XSS
1024,0,0,3659,0.0,24,236,236,4237.288136,0,0,0.0,0.0,0,236.0,8474.576271,0,0.0,0,0.0,0.0,0.0,0,0,0,0.0,0.0,236,24,0.0,Infilteration
2053,352,325,80,176.0,60,325,352,8522.7272727273,0,0,0.0,0.0,0,176.0,8522.7272727273,0,0.0,27,0.0,0.0,0.0,0,0,0,0.0,0.0,27,20,0.0,Brute Force -XSS
26883,391571,81834,22,17024.8260869565,776,81834,391621,61.2837411681,1912,1912,79.6666666667,79.6666666667,640,9107.4651162791,112.3535254749,976,101.7111111111,296,133.25,104.0227272727,133.25,976,2665,2665,41508.8464646465,203.7371995112,3,32,133.8339875812,SSH-Bruteforce
-1,0,0,53,0.0,8,25202,25202,39.67939052,49,49,49.0,49.0,49,25202.0,79.35878105,65,54.33333333,0,65.0,81.5,65.0,65,65,65,85.33333333,9.237604307,25202,8,0.0,Infilteration
-1,120000000,599914,80,775.6602923,1237472,599914,119981461,1289.232509,4949888,4949888,32.0,32.0,32,775.6602923,1289.232509,32,32.0,0,0.0,32.00020687,0.0,0,0,0,0.0,0.0,0,8,0.0,DDOS attack-LOIC-UDP
26883,0,0,21,0.0,40,4,4,250000.0,0,0,0.0,0.0,0,4.0,500000.0,0,0.0,0,0.0,0.0,0.0,0,0,0,0.0,0.0,4,40,0.0,FTP-BruteForce
225,24389,24389,80,24389.0,64,24389,24389,82.00418221,0,0,0.0,0.0,0,24389.0,82.00418221,0,0.0,24389,0.0,0.0,0.0,0,0,0,0.0,0.0,24389,32,0.0,DoS attacks-Hulk
225,27711,27711,80,27711.0,64,27711,27711,72.17350511,0,0,0.0,0.0,0,27711.0,72.17350511,0,0.0,27711,0.0,0.0,0.0,0,0,0,0.0,0.0,27711,32,0.0,DoS attacks-Hulk
2052,709,709,8080,709.0,40,709,709,2820.874471,0,0,0.0,0.0,0,709.0,2820.874471,0,0.0,709,0.0,0.0,0.0,0,0,0,0.0,0.0,709,20,0.0,Bot
-1,120000000,686514,80,1074.71487,891616,686514,119778047,930.4877045,3566464,3566464,32.0,32.0,32,1074.71487,930.4877045,32,32.0,0,0.0,32.00028712,0.0,0,0,0,0.0,0.0,0,8,0.0,DDOS attack-LOIC-UDP
26883,0,0,21,0.0,40,18,18,55555.5555555556,0,0,0.0,0.0,0,18.0,111111.111111111,0,0.0,0,0.0,0.0,0.0,0,0,0,0.0,0.0,18,40,0.0,FTP-BruteForce
-1,162602,162602,53,162602.0,16,95564,162989,12.270766738859678,70,70,35.0,35.0,35,54329.66666666667,24.541533477719355,91,57.4,162602,91.0,71.75,91.0,91,182,182,940.8000000000002,30.672463220289305,387,8,0.0,Benign
26883,396999,122984,22,18904.7142857143,712,85895,397315,55.3716824182,1912,1912,86.9090909091,86.9090909091,640,9239.8837209302,110.7433648365,976,101.7111111111,109,121.1363636364,104.0227272727,121.1363636364,976,2665,2665,41508.8464646465,203.7371995112,3,32,137.6880217811,SSH-Bruteforce
2049,37700000,37700000,80,37700000.0,40,37700000,37684386,0.053072379,0,0,0.0,0.0,0,37700000.0,0.053072379,0,0.0,37700000,0.0,0.0,0.0,0,0,0,0.0,0.0,37700000,20,0.0,DDoS attacks-LOIC-HTTP
225,4595,4595,80,4595.0,64,4595,4595,435.2557127,0,0,0.0,0.0,0,4595.0,435.2557127,0,0.0,4595,0.0,0.0,0.0,0,0,0,0.0,0.0,4595,32,0.0,DoS attacks-Hulk
8192,70459,65993,80,23486.3333333333,92,4952048,5022507,0.7964150174,599,599,149.75,149.75,599,717501.0,1.5928300349,599,107.0,366,91.0,120.375,91.0,364,364,364,48532.0,220.299795733,19,20,299.5,Brute Force -Web
26883,0,0,21,0.0,40,17,17,58823.5294117647,0,0,0.0,0.0,0,17.0,117647.058823529,0,0.0,0,0.0,0.0,0.0,0,0,0,0.0,0.0,17,40,0.0,FTP-BruteForce
225,4348,4348,80,4348.0,64,4348,4348,459.9816007,0,0,0.0,0.0,0,4348.0,459.9816007,0,0.0,4348,0.0,0.0,0.0,0,0,0,0.0,0.0,4348,32,0.0,DoS attacks-Hulk
26883,0,0,21,0.0,40,1,1,1000000.0,0,0,0.0,0.0,0,1.0,2000000.0,0,0.0,0,0.0,0.0,0.0,0,0,0,0.0,0.0,1,40,0.0,FTP-BruteForce
-1,0,0,53,0.0,8,457,457,2188.1838074398,36,36,36.0,36.0,36,457.0,4376.3676148797,68,46.6666666667,0,68.0,70.0,68.0,68,68,68,341.3333333333,18.4752086141,457,8,0.0,Benign
2052,502,502,8080,502.0,40,502,502,3984.063745,0,0,0.0,0.0,0,502.0,3984.063745,0,0.0,502,0.0,0.0,0.0,0,0,0,0.0,0.0,502,20,0.0,Bot
2052,528,528,8080,528.0,40,528,528,3787.878788,0,0,0.0,0.0,0,528.0,3787.878788,0,0.0,528,0.0,0.0,0.0,0,0,0,0.0,0.0,528,20,0.0,Bot
32738,15270,15270,80,15270.0,40,15270,15270,130.9757695,0,0,0.0,0.0,0,15270.0,130.9757695,0,0.0,15270,0.0,0.0,0.0,0,0,0,0.0,0.0,15270,20,0.0,DDOS attack-HOIC
2051,13,13,80,13.0,40,13,13,153846.153846154,0,0,0.0,0.0,0,13.0,153846.153846154,0,0.0,13,0.0,0.0,0.0,0,0,0,0.0,0.0,13,20,0.0,SQL Injection
32738,3868,3868,80,3868.0,40,3868,3868,517.0630817,0,0,0.0,0.0,0,3868.0,517.0630817,0,0.0,3868,0.0,0.0,0.0,0,0,0,0.0,0.0,3868,20,0.0,DDOS attack-HOIC
26883,0,0,21,0.0,40,20,20,50000.0,0,0,0.0,0.0,0,20.0,100000.0,0,0.0,0,0.0,0.0,0.0,0,0,0,0.0,0.0,20,40,0.0,FTP-BruteForce
225,18379,18379,80,18379.0,64,18379,18379,108.8198487,0,0,0.0,0.0,0,18379.0,108.8198487,0,0.0,18379,0.0,0.0,0.0,0,0,0,0.0,0.0,18379,32,0.0,DoS attacks-Hulk
0,0,0,443,0.0,20,54,54,18518.51851851852,0,0,0.0,0.0,0,27.0,55555.55555555556,0,0.0,0,0.0,0.0,0.0,0,0,0,0.0,0.0,0,20,0.0,Benign
8192,1448,793,80,724.0,72,1263453,1264926,2.371680241,20,20,6.666666667,6.666666667,20,210821.0,5.533920561,964,123.0,655,241.0,140.5714286,241.0,964,964,964,115523.4286,339.8873763,4,20,11.54700538,DDoS attacks-LOIC-HTTP
26883,0,0,21,0.0,40,6,6,166666.6667,0,0,0.0,0.0,0,6.0,333333.3333,0,0.0,0,0.0,0.0,0.0,0,0,0,0.0,0.0,6,40,0.0,DoS attacks-SlowHTTPTest
26883,0,0,21,0.0,40,20,20,50000.0,0,0,0.0,0.0,0,20.0,100000.0,0,0.0,0,0.0,0.0,0.0,0,0,0,0.0,0.0,20,40,0.0,FTP-BruteForce
26883,0,0,21,0.0,40,9,9,111111.111111111,0,0,0.0,0.0,0,9.0,222222.222222222,0,0.0,0,0.0,0.0,0.0,0,0,0,0.0,0.0,9,40,0.0,FTP-BruteForce
2049,9505339,9505339,80,9505339.0,40,9505339,9505339,0.210408066,0,0,0.0,0.0,0,9505339.0,0.210408066,0,0.0,9505339,0.0,0.0,0.0,0,0,0,0.0,0.0,9505339,20,0.0,DDoS attacks-LOIC-HTTP
257,226,206,443,113.0,60,206,226,13274.33628,77,77,25.66666667,25.66666667,46,113.0,13274.33628,46,30.75,20,0.0,41.0,0.0,0,0,0,470.25,21.68524844,20,20,23.45918441,Infilteration
2052,467,467,8080,467.0,40,467,467,4282.655246,0,0,0.0,0.0,0,467.0,4282.655246,0,0.0,467,0.0,0.0,0.0,0,0,0,0.0,0.0,467,20,0.0,Bot
8192,364,348,80,182.0,72,1468638,1469037,2.042154146,20,20,6.666666667,6.666666667,20,244839.5,4.76502634,964,123.0,16,241.0,140.5714286,241.0,964,964,964,115523.4286,339.8873763,3,20,11.54700538,DDoS attacks-LOIC-HTTP
8192,399,397,80,199.5,72,1265774,1266205,2.369284595,20,20,6.666666667,6.666666667,20,211034.1667,5.528330721,964,123.0,2,241.0,140.5714286,241.0,964,964,964,115523.4286,339.8873763,2,20,11.54700538,DDoS attacks-LOIC-HTTP
226,45016934,45016934,80,45016934.0,64,45016934,45016934,0.0444277258,0,0,0.0,0.0,0,45016934.0,0.0444277258,0,0.0,45016934,0.0,0.0,0.0,0,0,0,0.0,0.0,45016934,32,0.0,DoS attacks-GoldenEye
26883,315190,49524,22,14326.8181818182,744,43431,315264,72.9547300041,1912,1912,83.1304347826,83.1304347826,640,7165.0909090909,142.7375152253,976,99.5,262,121.1363636364,101.7111111111,121.1363636364,976,2665,2665,40811.3222222222,202.0181234994,4,32,135.7374820439,SSH-Bruteforce
26883,358388,119246,22,17066.0952380952,712,119246,359139,61.2576189164,1944,1944,88.3636363636,88.3636363636,640,8352.0697674419,122.5152378327,976,102.4222222222,215,121.1363636364,104.75,121.1363636364,976,2665,2665,41511.6585858586,203.7441007388,3,32,137.8690011274,SSH-Bruteforce
8192,483,420,8080,241.5,72,9521,10376,289.1287587,326,326,108.6666667,108.6666667,326,1729.333333,674.6337702,326,56.875,63,32.25,65.0,32.25,112,129,129,13318.69643,115.4066568,18,20,188.2161878,Bot
226,2211508,2211508,80,2211508.0,64,2211508,2211508,0.9043602827,0,0,0.0,0.0,0,2211508.0,0.9043602827,0,0.0,2211508,0.0,0.0,0.0,0,0,0,0.0,0.0,2211508,32,0.0,DoS attacks-GoldenEye
-1,120000000,906813,80,1463.007158,656016,906813,119968050,683.5319904,2624064,2624064,32.0,32.0,32,1463.007158,683.5319904,32,32.0,1,0.0,32.00039023,0.0,0,0,0,0.0,0.0,1,8,0.0,DDOS attack-LOIC-UDP
8192,115578016,10214240,443,6083053.473684209,412,10182092,115578016,0.1730432887859919,800,800,40.0,40.0,437,3210500.444444444,0.3201300842540851,1460,113.5526315789474,16,206.76470588235296,116.62162162162164,206.76470588235293,1460,3515,3515,105293.82147937412,324.4900945782076,7,20,106.08884062550196,Benign
26883,359285,48843,22,14371.4,840,48843,359334,72.356080972,1928,1928,74.1538461538,74.1538461538,640,7645.4042553192,133.5804571791,976,93.7346938776,104,121.1363636364,95.6875,121.1363636364,976,2665,2665,38848.4489795918,197.1000988828,2,32,130.3299481494,SSH-Bruteforce
259,25,25,61656,25.0,40,25,25,80000.0,0,0,0.0,0.0,0,25.0,80000.0,0,0.0,25,0.0,0.0,0.0,0,0,0,0.0,0.0,25,20,0.0,Infilteration
8192,295,293,80,147.5,72,1178612,1178939,2.54466092,20,20,6.666666667,6.666666667,20,196489.8333,5.937542146,964,123.0,2,241.0,140.5714286,241.0,964,964,964,115523.4286,339.8873763,2,20,11.54700538,DDoS attacks-LOIC-HTTP
26883,0,0,21,0.0,40,18,18,55555.5555555556,0,0,0.0,0.0,0,18.0,111111.111111111,0,0.0,0,0.0,0.0,0.0,0,0,0,0.0,0.0,18,40,0.0,FTP-BruteForce
-1,119000000,883523,80,1532.252513,623056,883523,119333358,652.6423232,2492224,2492224,32.0,32.0,32,1532.252513,652.6423232,32,32.0,1,0.0,32.00041088,0.0,0,0,0,0.0,0.0,1,8,0.0,DDOS attack-LOIC-UDP
252,19700000,19700000,80,19700000.0,40,19700000,19745756,0.101287588,0,0,0.0,0.0,0,19700000.0,0.101287588,0,0.0,19700000,0.0,0.0,0.0,0,0,0,0.0,0.0,19700000,20,0.0,DDoS attacks-LOIC-HTTP
26883,292049,72457,22,13907.0952380952,712,69889,292538,75.2039051337,2008,2008,91.2727272727,91.2727272727,640,6803.2093023256,150.4078102674,976,103.8444444444,161,121.1363636364,106.2045454545,121.1363636364,976,2665,2665,41514.1797979798,203.7502878476,6,32,138.1821371607,SSH-Bruteforce
8192,69408,61440,80,23136.0,92,4942153,5011561,0.7981545071,603,603,150.75,150.75,603,715937.285714286,1.5963090143,603,107.4444444444,434,91.0,120.875,91.0,364,364,364,49025.7777777778,221.4176546208,14,20,301.5,SQL Injection
2049,36500000,36500000,80,36500000.0,40,36500000,36483816,0.054818827,0,0,0.0,0.0,0,36500000.0,0.054818827,0,0.0,36500000,0.0,0.0,0.0,0,0,0,0.0,0.0,36500000,20,0.0,DDoS attacks-LOIC-HTTP
65535,6331,6069,80,3165.5,72,6069,7666,391.3383773,299,299,99.66666667,99.66666667,299,1277.666667,913.1228803,935,154.25,262,233.75,176.2857143,233.75,935,935,935,110468.7857,332.3684487,3,20,172.6277305,DDOS attack-HOIC
26883,107101783,53246907,80,7650127.35714286,496,53246907,107101785,0.1400536882,2530,2530,168.6666666667,168.6666666667,230,6300105.0,0.1680644258,230,133.1578947368,195,0.0,140.5555555556,0.0,0,0,0,13611.6959064327,116.6691729054,2,32,105.2796728899,DoS attacks-Slowloris
26883,0,0,21,0.0,40,3,3,333333.333333333,0,0,0.0,0.0,0,3.0,666666.666666667,0,0.0,0,0.0,0.0,0.0,0,0,0,0.0,0.0,3,40,0.0,FTP-BruteForce
26883,359839,69807,22,17991.95,680,69807,359927,58.3451644361,1928,1928,91.8095238095,91.8095238095,640,8569.6904761905,119.4686700359,976,104.3863636364,345,121.1363636364,106.8139534884,121.1363636364,976,2665,2665,42227.9635306554,205.4944367389,3,32,139.7510712115,SSH-Bruteforce
26883,0,0,21,0.0,40,23,23,43478.26087,0,0,0.0,0.0,0,23.0,86956.52174,0,0.0,0,0.0,0.0,0.0,0,0,0,0.0,0.0,23,40,0.0,DoS attacks-SlowHTTPTest
26883,214585,168168,80,53646.25,168,168168,214585,23.3007898968,387,387,77.4,77.4,387,30655.0,37.2812638348,972,151.0,257,324.0,169.875,324.0,972,972,972,111168.0,333.4186557468,3,32,173.0716614585,DoS attacks-GoldenEye
225,7826,7826,80,7826.0,64,7826,7826,255.5583951,0,0,0.0,0.0,0,7826.0,255.5583951,0,0.0,7826,0.0,0.0,0.0,0,0,0,0.0,0.0,7826,32,0.0,DoS attacks-Hulk
225,3528,3528,80,3528.0,64,3528,3528,566.893424,0,0,0.0,0.0,0,3528.0,566.893424,0,0.0,3528,0.0,0.0,0.0,0,0,0,0.0,0.0,3528,32,0.0,DoS attacks-Hulk
26883,378248,68489,22,17193.0909090909,744,68489,378312,60.7963797078,1912,1912,83.1304347826,83.1304347826,640,9007.4285714286,113.6627968449,976,104.0227272727,225,133.25,106.4418604651,133.25,976,2665,2665,42228.1157505285,205.4948071133,6,32,135.7374820439,SSH-Bruteforce
26883,0,0,21,0.0,40,3,3,333333.333333333,0,0,0.0,0.0,0,3.0,666666.666666667,0,0.0,0,0.0,0.0,0.0,0,0,0,0.0,0.0,3,40,0.0,FTP-BruteForce
8192,5008209,4953704,80,1252052.25,112,4953704,5008209,0.9983608911,646,646,129.2,129.2,646,715458.428571429,1.5973774257,646,112.2222222222,386,121.3333333333,126.25,121.3333333333,364,364,364,54558.4444444445,233.5774913052,16,20,288.899982693,Brute Force -Web
2049,19300000,19300000,80,19300000.0,40,19300000,19309345,0.103576791,0,0,0.0,0.0,0,19300000.0,0.103576791,0,0.0,19300000,0.0,0.0,0.0,0,0,0,0.0,0.0,19300000,20,0.0,DDoS attacks-LOIC-HTTP
26883,0,0,21,0.0,40,1,1,1000000.0,0,0,0.0,0.0,0,1.0,2000000.0,0,0.0,0,0.0,0.0,0.0,0,0,0,0.0,0.0,1,40,0.0,DoS attacks-SlowHTTPTest
241,0,0,22,0.0,32,6,6,166666.666666667,0,0,0.0,0.0,0,6.0,333333.333333333,0,0.0,0,0.0,0.0,0.0,0,0,0,0.0,0.0,6,32,0.0,SSH-Bruteforce
-1,0,0,53,0.0,8,974,974,1026.6940451745,51,51,51.0,51.0,51,974.0,2053.3880903491,79,60.3333333333,0,79.0,90.5,79.0,79,79,79,261.3333333333,16.1658075373,974,8,0.0,Benign
241,0,0,22,0.0,32,18,18,55555.5555555556,0,0,0.0,0.0,0,18.0,111111.111111111,0,0.0,0,0.0,0.0,0.0,0,0,0,0.0,0.0,18,32,0.0,SSH-Bruteforce
221,23119618,23119618,80,23119618.0,64,23119618,23119618,0.0865066196,0,0,0.0,0.0,0,23119618.0,0.0865066196,0,0.0,23119618,0.0,0.0,0.0,0,0,0,0.0,0.0,23119618,32,0.0,DoS attacks-GoldenEye
32738,630,630,80,630.0,40,630,630,3174.603175,0,0,0.0,0.0,0,630.0,3174.603175,0,0.0,630,0.0,0.0,0.0,0,0,0,0.0,0.0,630,20,0.0,DDOS attack-HOIC
26883,356112,146637,22,16957.7142857143,712,146637,357559,61.5283072164,1912,1912,86.9090909091,86.9090909091,640,8720.9512195122,117.4631319586,976,106.4418604651,203,133.25,108.9761904762,133.25,976,2665,2665,42969.919158361,207.2918694941,7,32,137.6880217811,SSH-Bruteforce
8192,285,283,80,142.5,72,1490231,1490549,2.012681234,20,20,6.666666667,6.666666667,20,248424.8333,4.696256212,964,123.0,2,241.0,140.5714286,241.0,964,964,964,115523.4286,339.8873763,2,20,11.54700538,DDoS attacks-LOIC-HTTP
32738,5060,5060,80,5060.0,40,5060,5060,395.256917,0,0,0.0,0.0,0,5060.0,395.256917,0,0.0,5060,0.0,0.0,0.0,0,0,0,0.0,0.0,5060,20,0.0,DDOS attack-HOIC
2047,70,70,80,70.0,40,70,70,28571.4285714286,0,0,0.0,0.0,0,70.0,28571.4285714286,0,0.0,70,0.0,0.0,0.0,0,0,0,0.0,0.0,70,20,0.0,Brute Force -Web
8192,735945,256950,445,183986.25,112,256914,736042,6.793090612,286,286,57.2,57.2,103,92005.25,12.2275631,131,45.6,13038,42.5,50.66666667,42.5,131,170,170,2807.377778,52.98469381,36,20,52.48523602,Benign
26883,0,0,21,0.0,40,2,2,500000.0,0,0,0.0,0.0,0,2.0,1000000.0,0,0.0,0,0.0,0.0,0.0,0,0,0,0.0,0.0,2,40,0.0,FTP-BruteForce
1024,0,0,2200,0.0,24,277,277,3610.108303,0,0,0.0,0.0,0,277.0,7220.216606,0,0.0,0,0.0,0.0,0.0,0,0,0,0.0,0.0,277,24,0.0,Infilteration
26883,106926676,53247432,80,7637619.71428572,496,53247432,106926678,0.1402830452,2380,2380,158.6666666667,158.6666666667,238,6289804.58823529,0.1683396542,238,125.2631578947,356,0.0,132.2222222222,0.0,0,0,0,14701.8713450292,121.2512735811,2,32,114.9948239001,DoS attacks-Slowloris
2052,506,506,8080,506.0,40,506,506,3952.56917,0,0,0.0,0.0,0,506.0,3952.56917,0,0.0,506,0.0,0.0,0.0,0,0,0,0.0,0.0,506,20,0.0,Bot
257,60300000,60100000,443,20100000.0,80,60100000,60276571,0.066360776,148,148,37.0,37.0,74,12100000.0,0.099541163,126,67.71428571,74801,126.0,79.0,126.0,126,252,252,2680.571429,51.77423518,21971,20,42.72391992,Infilteration
211,116030915,116030915,80,116030915.0,64,116030913,116030917,0.0172367853,16,16,8.0,8.0,8,38676972.3333333,0.0344735705,8,4.8,116030915,0.0,6.0,0.0,0,0,0,19.2,4.38178046,2,32,0.0,DoS attacks-Slowloris
32738,25989,25989,80,25989.0,40,25989,25989,76.95563508,0,0,0.0,0.0,0,25989.0,76.95563508,0,0.0,25989,0.0,0.0,0.0,0,0,0,0.0,0.0,25989,20,0.0,DDOS attack-HOIC
26883,6853498,6826654,80,1713374.5,168,6826311,6853498,0.7295544553,527,527,105.4,105.4,527,979071.142857143,1.1672871284,662,132.1111111111,262,220.6666666667,148.625,220.6666666667,662,662,662,69861.6111111111,264.3134713009,3,32,235.6815648285,DoS attacks-GoldenEye
8192,399,321,80,199.5,72,1099448,1099876,2.7275802,20,20,6.666666667,6.666666667,20,183312.6667,6.3643538,964,123.0,78,241.0,140.5714286,241.0,964,964,964,115523.4286,339.8873763,6,20,11.54700538,DDoS attacks-LOIC-HTTP
2052,530,530,8080,530.0,40,530,530,3773.584906,0,0,0.0,0.0,0,530.0,3773.584906,0,0.0,530,0.0,0.0,0.0,0,0,0,0.0,0.0,530,20,0.0,Bot
26883,0,0,21,0.0,40,1,1,1000000.0,0,0,0.0,0.0,0,1.0,2000000.0,0,0.0,0,0.0,0.0,0.0,0,0,0,0.0,0.0,1,40,0.0,FTP-BruteForce
2049,34100000,34100000,80,34100000.0,40,34100000,34086255,0.058674677,0,0,0.0,0.0,0,34100000.0,0.058674677,0,0.0,34100000,0.0,0.0,0.0,0,0,0,0.0,0.0,34100000,20,0.0,DDoS attacks-LOIC-HTTP
26883,0,0,21,0.0,40,1,1,1000000.0,0,0,0.0,0.0,0,1.0,2000000.0,0,0.0,0,0.0,0.0,0.0,0,0,0,0.0,0.0,1,40,0.0,FTP-BruteForce
2047,998,998,80,998.0,40,998,998,2004.0080160321,0,0,0.0,0.0,0,998.0,2004.0080160321,0,0.0,998,0.0,0.0,0.0,0,0,0,0.0,0.0,998,20,0.0,Brute Force -Web
26883,17741992,6655963,80,1612908.36363636,400,6655963,22742474,0.5276470801,4312,4312,359.3333333333,359.3333333333,539,1516164.93333333,0.7035294401,972,310.8235294118,37,243.0,330.25,243.0,972,972,972,101660.029411765,318.8416996125,6,32,265.3852545514,DoS attacks-GoldenEye
26883,368704,82023,22,17557.3333333333,712,59439,369710,59.5060993752,1928,1928,87.6363636364,87.6363636364,640,8597.9069767442,119.0121987504,976,102.0666666667,269,121.1363636364,104.3863636364,121.1363636364,976,2665,2665,41510.3818181818,203.7409674518,4,32,137.7805520365,SSH-Bruteforce
26883,0,0,21,0.0,40,18,18,55555.5555555556,0,0,0.0,0.0,0,18.0,111111.111111111,0,0.0,0,0.0,0.0,0.0,0,0,0,0.0,0.0,18,40,0.0,FTP-BruteForce
26883,0,0,21,0.0,40,2,2,500000.0,0,0,0.0,0.0,0,2.0,1000000.0,0,0.0,0,0.0,0.0,0.0,0,0,0,0.0,0.0,2,40,0.0,FTP-BruteForce
26883,0,0,21,0.0,40,2,2,500000.0,0,0,0.0,0.0,0,2.0,1000000.0,0,0.0,0,0.0,0.0,0.0,0,0,0,0.0,0.0,2,40,0.0,DoS attacks-SlowHTTPTest
225,17256,17256,80,17256.0,64,17256,17256,115.9017153,0,0,0.0,0.0,0,17256.0,115.9017153,0,0.0,17256,0.0,0.0,0.0,0,0,0,0.0,0.0,17256,32,0.0,DoS attacks-Hulk
32738,15372,15372,80,15372.0,40,15372,15372,130.1066875,0,0,0.0,0.0,0,15372.0,130.1066875,0,0.0,15372,0.0,0.0,0.0,0,0,0,0.0,0.0,15372,20,0.0,DDOS attack-HOIC
32738,5104,5104,80,5104.0,40,5104,5104,391.8495298,0,0,0.0,0.0,0,5104.0,391.8495298,0,0.0,5104,0.0,0.0,0.0,0,0,0,0.0,0.0,5104,20,0.0,DDOS attack-HOIC
8192,56999913,1141046,80,374999.427631579,3072,1141046,57001435,2.6841429518,54995,54995,359.4444444444,359.4444444444,646,222661.85546875,4.5086584224,1068,494.1046511628,314,696.9615384615,496.0272373541,696.9615384615,1068,72484,72484,126302.483168944,355.3906064726,5,20,271.4171844443,Brute Force -Web
32738,6564,6564,80,6564.0,40,6564,6564,304.6922608,0,0,0.0,0.0,0,6564.0,304.6922608,0,0.0,6564,0.0,0.0,0.0,0,0,0,0.0,0.0,6564,20,0.0,DDOS attack-HOIC
2052,578,578,8080,578.0,40,578,578,3460.207612,0,0,0.0,0.0,0,578.0,3460.207612,0,0.0,578,0.0,0.0,0.0,0,0,0,0.0,0.0,578,20,0.0,Bot
26883,328174,103548,22,15627.3333333333,712,103548,328220,67.0282127841,1928,1928,87.6363636364,87.6363636364,640,7633.023255814,134.0564255682,976,102.0666666667,324,121.1363636364,104.3863636364,121.1363636364,976,2665,2665,41510.3818181818,203.7409674518,2,32,137.7805520365,SSH-Bruteforce
8192,1718,1319,80,859.0,72,1683796,1685561,1.77982286,20,20,6.666666667,6.666666667,20,280926.8333,4.152920007,964,123.0,399,241.0,140.5714286,241.0,964,964,964,115523.4286,339.8873763,3,20,11.54700538,DDoS attacks-LOIC-HTTP
-1,120000000,618596,80,991.5552048,968184,618596,119999994,1008.52505,3872736,3872736,32.0,32.0,32,991.5552048,1008.52505,32,32.0,0,0.0,32.00026441,0.0,0,0,0,0.0,0.0,0,8,0.0,DDOS attack-LOIC-UDP
26883,366192,96892,22,17437.7142857143,712,96892,366254,60.0676033572,1944,1944,88.3636363636,88.3636363636,640,8517.5348837209,120.1352067145,976,102.4222222222,199,121.1363636364,104.75,121.1363636364,976,2665,2665,41511.6585858586,203.7441007388,5,32,137.8690011274,SSH-Bruteforce
226,43058051,43058051,80,43058051.0,64,43058051,43058051,0.0464489208,0,0,0.0,0.0,0,43058051.0,0.0464489208,0,0.0,43058051,0.0,0.0,0.0,0,0,0,0.0,0.0,43058051,32,0.0,DoS attacks-GoldenEye
8192,60225,59324,80,20075.0,92,4947981,5008206,0.7986891913,646,646,161.5,161.5,646,715458.0,1.5973783826,646,112.2222222222,378,91.0,126.25,91.0,364,364,364,54558.4444444445,233.5774913052,16,20,323.0,Brute Force -Web
26883,106865991,53261104,80,7633285.07142857,496,53261104,106865993,0.1403627064,2530,2530,168.6666666667,168.6666666667,230,6286234.88235294,0.1684352477,230,133.1578947368,318,0.0,140.5555555556,0.0,0,0,0,13611.6959064327,116.6691729054,2,32,105.2796728899,DoS attacks-Slowloris
32738,14905,14905,80,14905.0,40,14905,14905,134.18316,0,0,0.0,0.0,0,14905.0,134.18316,0,0.0,14905,0.0,0.0,0.0,0,0,0,0.0,0.0,14905,20,0.0,DDOS attack-HOIC
8192,667,602,8080,333.5,72,9422,10366,289.407679,326,326,108.6666667,108.6666667,326,1727.666667,675.2845842,326,56.875,65,32.25,65.0,32.25,112,129,129,13318.69643,115.4066568,18,20,188.2161878,Bot
8192,519,498,80,259.5,72,987426,987975,3.036514082,20,20,6.666666667,6.666666667,20,164662.5,7.085199524,964,123.0,21,241.0,140.5714286,241.0,964,964,964,115523.4286,339.8873763,6,20,11.54700538,DDoS attacks-LOIC-HTTP
-1,0,0,53,0.0,8,1127,1127,887.3114463,33,33,33.0,33.0,33,1127.0,1774.622893,193,86.33333333,0,193.0,129.5,193.0,193,193,193,8533.333333,92.37604307,1127,8,0.0,Infilteration
8192,6860324,1026446,80,254086.074074074,572,1026446,6860324,4.0814398853,7294,7294,260.5,260.5,680,163341.047619048,6.2679255382,2521,702.7954545455,334,1575.2666666667,719.1395348837,1575.2666666667,2521,23629,23629,655139.236257928,809.4067186884,17,20,296.4457979313,SQL Injection
26883,315265,61429,22,15012.619047619,712,61429,315733,69.6791276173,1944,1944,88.3636363636,88.3636363636,640,7342.6279069768,139.3582552346,976,102.4222222222,86,121.1363636364,104.75,121.1363636364,976,2665,2665,41511.6585858586,203.7441007388,3,32,137.8690011274,SSH-Bruteforce
26883,319710,81740,22,15224.2857142857,712,81740,320244,68.6976180662,1944,1944,88.3636363636,88.3636363636,640,7447.5348837209,137.3952361324,976,102.4222222222,154,121.1363636364,104.75,121.1363636364,976,2665,2665,41511.6585858586,203.7441007388,5,32,137.8690011274,SSH-Bruteforce
225,506,506,80,506.0,64,506,506,3952.56917,0,0,0.0,0.0,0,506.0,3952.56917,0,0.0,506,0.0,0.0,0.0,0,0,0,0.0,0.0,506,32,0.0,DoS attacks-Hulk
8192,500,433,8080,250.0,72,10025,10825,277.1362587,326,326,108.6666667,108.6666667,326,1804.166667,646.6512702,326,56.875,67,32.25,65.0,32.25,112,129,129,13318.69643,115.4066568,20,20,188.2161878,Bot
8192,1720463,1126871,3389,245780.428571429,172,953103,1720463,4.6499110995,1144,1144,143.0,143.0,677,122890.214285714,8.7185833116,1173,170.3125,3,225.8571428571,181.6666666667,225.8571428571,1173,1581,1581,102018.095833333,319.402717323,3,20,227.9699228282,Benign
32738,41281,41281,80,41281.0,40,41281,41281,48.44843875,0,0,0.0,0.0,0,41281.0,48.44843875,0,0.0,41281,0.0,0.0,0.0,0,0,0,0.0,0.0,41281,20,0.0,DDOS attack-HOIC
8192,59651951,1082885,80,295306.688118812,4072,1082885,59654146,3.4029487238,56330,56330,277.4876847291,277.4876847291,680,194948.189542484,5.1463313212,1935,799.8051948052,354,1827.0192307692,802.4104234528,1827.0192307692,1935,190010,190010,630821.512415923,794.2427289034,20,20,292.8687801257,Brute Force -XSS
32738,7031,7031,80,7031.0,40,7031,7031,284.4545584,0,0,0.0,0.0,0,7031.0,284.4545584,0,0.0,7031,0.0,0.0,0.0,0,0,0,0.0,0.0,7031,20,0.0,DDOS attack-HOIC
2049,4611945,4611945,80,4611945.0,40,4611945,4611945,0.433656516,0,0,0.0,0.0,0,4611945.0,0.433656516,0,0.0,4611945,0.0,0.0,0.0,0,0,0,0.0,0.0,4611945,20,0.0,DDoS attacks-LOIC-HTTP
26883,0,0,21,0.0,40,4,4,250000.0,0,0,0.0,0.0,0,4.0,500000.0,0,0.0,0,0.0,0.0,0.0,0,0,0,0.0,0.0,4,40,0.0,DoS attacks-SlowHTTPTest
2053,407,400,80,203.5,60,400,407,7371.0073710074,0,0,0.0,0.0,0,203.5,7371.0073710074,0,0.0,7,0.0,0.0,0.0,0,0,0,0.0,0.0,7,20,0.0,Brute Force -XSS
0,3777922,3705396,80,1259307.333,124,3705396,3792413,1.054737446,339,339,84.75,84.75,339,541773.2857,2.109474891,935,141.5555556,298,233.75,159.25,233.75,935,935,935,101100.5278,317.9630918,4,20,169.5,DoS attacks-Hulk
-1,0,0,53,0.0,8,21762,21762,45.95165885,30,30,30.0,30.0,30,21762.0,91.90331771,107,55.66666667,0,107.0,83.5,107.0,107,107,107,1976.333333,44.45597073,21762,8,0.0,Infilteration
2053,1093,1087,80,546.5,60,1087,1093,2744.7392497713,0,0,0.0,0.0,0,546.5,2744.7392497713,0,0.0,6,0.0,0.0,0.0,0,0,0,0.0,0.0,6,20,0.0,Brute Force -XSS
-1,120000000,843673,80,1018.743776,940280,843673,119737031,981.6094404,3761120,3761120,32.0,32.0,32,1018.743776,981.6094404,32,32.0,0,0.0,32.00027226,0.0,0,0,0,0.0,0.0,0,8,0.0,DDOS attack-LOIC-UDP
252,5609957,5609957,80,5609957.0,40,5609957,5609957,0.356508971,0,0,0.0,0.0,0,5609957.0,0.356508971,0,0.0,5609957,0.0,0.0,0.0,0,0,0,0.0,0.0,5609957,20,0.0,DDoS attacks-LOIC-HTTP
26883,373415,104709,22,17781.6666666667,712,66363,373468,58.9073227157,1912,1912,86.9090909091,86.9090909091,640,9108.9756097561,112.4594342755,976,106.4418604651,266,133.25,108.9761904762,133.25,976,2665,2665,42969.919158361,207.2918694941,3,32,137.6880217811,SSH-Bruteforce
26883,349812,98241,22,16657.7142857143,712,98241,350008,62.8557061553,1992,1992,90.5454545455,90.5454545455,640,8139.7209302326,125.7114123106,976,103.4888888889,289,121.1363636364,105.8409090909,121.1363636364,976,2665,2665,41513.9373737374,203.7496929415,2,32,138.1099380144,SSH-Bruteforce
226,43031023,43031023,80,43031023.0,64,43031023,43031023,0.0464780956,0,0,0.0,0.0,0,43031023.0,0.0464780956,0,0.0,43031023,0.0,0.0,0.0,0,0,0,0.0,0.0,43031023,32,0.0,DoS attacks-GoldenEye
26883,0,0,21,0.0,40,9,9,111111.111111111,0,0,0.0,0.0,0,9.0,222222.222222222,0,0.0,0,0.0,0.0,0.0,0,0,0,0.0,0.0,9,40,0.0,FTP-BruteForce
26883,6250030,6249744,80,2083343.33333333,136,6249431,11254412,0.3554161692,369,369,92.25,92.25,369,1607773.14285714,0.7108323385,972,149.0,27,243.0,167.625,243.0,972,972,972,110142.0,331.8764830475,4,32,184.5,DoS attacks-GoldenEye
252,96700000,96700000,80,96700000.0,40,96700000,96678790,0.020687061,0,0,0.0,0.0,0,96700000.0,0.020687061,0,0.0,96700000,0.0,0.0,0.0,0,0,0,0.0,0.0,96700000,20,0.0,DDoS attacks-LOIC-HTTP
26883,6992515,6972705,80,1748128.75,168,6972402,6992515,0.7150503074,317,317,63.4,63.4,317,998930.714285714,1.1440804918,972,143.2222222222,300,324.0,161.125,324.0,972,972,972,107582.444444444,327.9976287177,3,32,141.7667097735,DoS attacks-GoldenEye
32738,3923,3923,80,3923.0,40,3923,3923,509.8139179,0,0,0.0,0.0,0,3923.0,509.8139179,0,0.0,3923,0.0,0.0,0.0,0,0,0,0.0,0.0,3923,20,0.0,DDOS attack-HOIC
-1,0,0,67,0.0,8,675,675,1481.4814814815,300,300,300.0,300.0,300,675.0,2962.962962963,329,309.6666666667,0,329.0,464.5,329.0,329,329,329,280.3333333333,16.7431578065,675,8,0.0,Brute Force -XSS
8192,516,457,8080,258.0,72,9413,10297,291.3469943,326,326,108.6666667,108.6666667,326,1716.166667,679.8096533,326,56.875,59,32.25,65.0,32.25,112,129,129,13318.69643,115.4066568,1,20,188.2161878,Bot
8192,409,406,80,204.5,72,1650650,1651101,1.816969404,20,20,6.666666667,6.666666667,20,275183.5,4.239595276,964,123.0,3,241.0,140.5714286,241.0,964,964,964,115523.4286,339.8873763,3,20,11.54700538,DDoS attacks-LOIC-HTTP
221,1973948,1973948,80,1973948.0,64,1973948,1973948,1.0131979161,0,0,0.0,0.0,0,1973948.0,1.0131979161,0,0.0,1973948,0.0,0.0,0.0,0,0,0,0.0,0.0,1973948,32,0.0,DoS attacks-GoldenEye
225,9077,9077,80,9077.0,64,9077,9077,220.3371158,0,0,0.0,0.0,0,9077.0,220.3371158,0,0.0,9077,0.0,0.0,0.0,0,0,0,0.0,0.0,9077,32,0.0,DoS attacks-Hulk
-1,120000000,581251,80,859.0509165,1116816,581251,119924367,1164.083693,4467264,4467264,32.0,32.0,32,859.0509165,1164.083693,32,32.0,0,0.0,32.00022922,0.0,0,0,0,0.0,0.0,0,8,0.0,DDOS attack-LOIC-UDP
225,25075,25075,80,25075.0,64,25075,25075,79.76071785,0,0,0.0,0.0,0,25075.0,79.76071785,0,0.0,25075,0.0,0.0,0.0,0,0,0,0.0,0.0,25075,32,0.0,DoS attacks-Hulk
2051,13,13,80,13.0,40,13,13,153846.153846154,0,0,0.0,0.0,0,13.0,153846.153846154,0,0.0,13,0.0,0.0,0.0,0,0,0,0.0,0.0,13,20,0.0,Brute Force -Web
8192,404,347,80,202.0,72,1071886,1072835,2.796329352,20,20,6.666666667,6.666666667,20,178805.8333,6.524768487,964,123.0,57,241.0,140.5714286,241.0,964,964,964,115523.4286,339.8873763,7,20,11.54700538,DDoS attacks-LOIC-HTTP
26883,0,0,21,0.0,40,4,4,250000.0,0,0,0.0,0.0,0,4.0,500000.0,0,0.0,0,0.0,0.0,0.0,0,0,0,0.0,0.0,4,40,0.0,FTP-BruteForce
26883,0,0,21,0.0,40,26,26,38461.53846,0,0,0.0,0.0,0,26.0,76923.07692,0,0.0,0,0.0,0.0,0.0,0,0,0,0.0,0.0,26,40,0.0,DoS attacks-SlowHTTPTest
26883,393162,101477,22,17871.0,744,101477,393220,58.491429734,1928,1928,83.8260869565,83.8260869565,640,9362.380952381,109.3535425462,976,104.3863636364,248,133.25,106.8139534884,133.25,976,2665,2665,42227.9635306554,205.4944367389,4,32,135.8473917085,SSH-Bruteforce
256,931,916,443,465.5,60,916,931,3222.341568,77,77,25.66666667,25.66666667,46,465.5,3222.341568,46,30.75,15,0.0,41.0,0.0,0,0,0,470.25,21.68524844,15,20,23.45918441,Infilteration
-1,120000000,641901,80,879.1555621,1089888,641901,119771758,1137.463474,4359552,4359552,32.0,32.0,32,879.1555621,1137.463474,32,32.0,0,0.0,32.00023489,0.0,0,0,0,0.0,0.0,0,8,0.0,DDOS attack-LOIC-UDP
119,1,1,54196,1.0,40,1,1,2000000.0,0,0,0.0,0.0,0,1.0,2000000.0,0,0.0,1,0.0,0.0,0.0,0,0,0,0.0,0.0,1,20,0.0,Benign
225,158,158,80,158.0,64,158,158,12658.22785,0,0,0.0,0.0,0,158.0,12658.22785,0,0.0,158,0.0,0.0,0.0,0,0,0,0.0,0.0,158,32,0.0,DoS attacks-Hulk
8192,302,299,80,151.0,72,1547028,1547363,1.938782303,20,20,6.666666667,6.666666667,20,257893.8333,4.523825373,964,123.0,3,241.0,140.5714286,241.0,964,964,964,115523.4286,339.8873763,3,20,11.54700538,DDoS attacks-LOIC-HTTP
26883,0,0,21,0.0,40,2,2,500000.0,0,0,0.0,0.0,0,2.0,1000000.0,0,0.0,0,0.0,0.0,0.0,0,0,0,0.0,0.0,2,40,0.0,DoS attacks-SlowHTTPTest
2049,40400000,40400000,80,40400000.0,40,40400000,40419912,0.049480563,0,0,0.0,0.0,0,40400000.0,0.049480563,0,0.0,40400000,0.0,0.0,0.0,0,0,0,0.0,0.0,40400000,20,0.0,DDoS attacks-LOIC-HTTP
225,28064,28064,80,28064.0,64,28064,28064,71.26567845,0,0,0.0,0.0,0,28064.0,71.26567845,0,0.0,28064,0.0,0.0,0.0,0,0,0,0.0,0.0,28064,32,0.0,DoS attacks-Hulk
-1,0,0,53,0.0,8,353,353,2832.8611898017,38,38,38.0,38.0,38,353.0,5665.7223796034,70,48.66666666666666,0,70.0,73.0,70.0,70,70,70,341.3333333333333,18.475208614068023,353,8,0.0,Benign
8192,54800000,54500000,443,4567572.5,272,54500000,54810870,0.237179231,997,997,76.69230769,76.69230769,394,2283786.25,0.456113906,1430,176.5769231,77,299.5,183.64,299.5,1430,3594,3594,133528.5738,365.415618,1,20,123.9330361,Infilteration
-1,120000000,862855,80,1044.10171,916416,862855,119602895,957.7694587,3665664,3665664,32.0,32.0,32,1044.10171,957.7694587,32,32.0,1,0.0,32.00027935,0.0,0,0,0,0.0,0.0,1,8,0.0,DDOS attack-LOIC-UDP
8192,560,508,8080,280.0,72,10074,11183,268.2643298,326,326,108.6666667,108.6666667,326,1863.833333,625.9501028,326,56.875,52,32.25,65.0,32.25,112,129,129,13318.69643,115.4066568,1,20,188.2161878,Bot
26883,386345,107349,22,18397.380952381,712,107349,387128,56.8287491476,1944,1944,88.3636363636,88.3636363636,640,9002.9767441861,113.6574982951,976,102.4222222222,253,121.1363636364,104.75,121.1363636364,976,2665,2665,41511.6585858586,203.7441007388,3,32,137.8690011274,SSH-Bruteforce
255,98800000,31000000,443,24700000.0,100,31000000,98793494,0.05061062,316,316,63.2,63.2,79,11000000.0,0.10122124,79,42.72727273,5702370,15.0,47.0,15.0,75,75,75,1674.818182,40.92454254,11544,20,35.32987404,Infilteration
221,946278,946278,80,946278.0,64,946278,946278,2.1135438,0,0,0.0,0.0,0,946278.0,2.1135438,0,0.0,946278,0.0,0.0,0.0,0,0,0,0.0,0.0,946278,32,0.0,DoS attacks-GoldenEye
26883,108097639,53254608,80,7721259.92857143,496,53254608,108097642,0.1387634339,2530,2530,168.6666666667,168.6666666667,230,6358684.82352941,0.1665161207,230,133.1578947368,213,0.0,140.5555555556,0.0,0,0,0,13611.6959064327,116.6691729054,3,32,105.2796728899,DoS attacks-Slowloris
8192,1663030,1112342,3389,237575.7143,172,937534,1663030,4.810496503,1128,1128,141.0,141.0,661,118787.8571,9.019680944,1173,169.3125,3,225.8571429,180.6,225.8571429,1173,1581,1581,100953.1625,317.731274,3,20,222.6233206,Infilteration
65535,8849,8547,80,4424.5,72,8547,9332,321.4744964,325,325,108.3333333,108.3333333,325,1555.333333,750.1071582,935,157.5,302,233.75,180.0,233.75,935,935,935,111628.5714,334.1086222,3,20,187.6388375,DDOS attack-HOIC
225,4157418,4132242,80,1385806.0,136,4132236,4241677,0.943023243,345,345,86.25,86.25,345,530209.625,2.121802297,935,128.0,7444,187.0,142.2222222,187.0,935,935,935,92156.66667,303.5731653,5,32,172.5,DoS attacks-Hulk
225,4756,4756,80,4756.0,64,4756,4756,420.5214466,0,0,0.0,0.0,0,4756.0,420.5214466,0,0.0,4756,0.0,0.0,0.0,0,0,0,0.0,0.0,4756,32,0.0,DoS attacks-Hulk
-1,0,0,53,0.0,8,654,654,1529.0519877675845,31,31,31.0,31.0,31,654.0,3058.1039755351685,112,58.0,0,112.0,87.0,112.0,112,112,112,2187.0,46.76537180435969,654,8,0.0,Benign
32738,4543,4543,80,4543.0,40,4543,4543,440.2377284,0,0,0.0,0.0,0,4543.0,440.2377284,0,0.0,4543,0.0,0.0,0.0,0,0,0,0.0,0.0,4543,20,0.0,DDOS attack-HOIC
26883,6812928,6812575,80,2270976.0,136,6812295,11813236,0.3386032413,476,476,119.0,119.0,476,1687605.14285714,0.6772064826,662,126.4444444444,74,165.5,142.25,165.5,662,662,662,65115.7777777778,255.1779335636,3,32,238.0,DoS attacks-GoldenEye
2052,468,468,8080,468.0,40,468,468,4273.504274,0,0,0.0,0.0,0,468.0,4273.504274,0,0.0,468,0.0,0.0,0.0,0,0,0,0.0,0.0,468,20,0.0,Bot
226,1928256,1928256,80,1928256.0,64,1928256,1928256,1.037206678,0,0,0.0,0.0,0,1928256.0,1.037206678,0,0.0,1928256,0.0,0.0,0.0,0,0,0,0.0,0.0,1928256,32,0.0,DoS attacks-GoldenEye
-1,0,0,53,0.0,8,301,301,3322.259136,40,40,40.0,40.0,40,301.0,6644.518272,56,45.33333333,0,56.0,68.0,56.0,56,56,56,85.33333333,9.237604307,301,8,0.0,Infilteration
26883,0,0,21,0.0,40,26,26,38461.53846,0,0,0.0,0.0,0,26.0,76923.07692,0,0.0,0,0.0,0.0,0.0,0,0,0,0.0,0.0,26,40,0.0,DoS attacks-SlowHTTPTest
26883,372596,116713,22,17742.6666666667,712,116713,372650,59.0366295451,1912,1912,86.9090909091,86.9090909091,640,9089.0243902439,112.706292768,976,106.4418604651,224,133.25,108.9761904762,133.25,976,2665,2665,42969.919158361,207.2918694941,3,32,137.6880217811,SSH-Bruteforce
-1,0,0,53,0.0,8,1024,1024,976.5625,40,40,40.0,40.0,40,1024.0,1953.125,139,73.0,0,139.0,109.5,139.0,139,139,139,3267.0,57.15767664977295,1024,8,0.0,Benign
26883,0,0,21,0.0,40,9,9,111111.111111111,0,0,0.0,0.0,0,9.0,222222.222222222,0,0.0,0,0.0,0.0,0.0,0,0,0,0.0,0.0,9,40,0.0,FTP-BruteForce
26883,0,0,21,0.0,40,20,20,50000.0,0,0,0.0,0.0,0,20.0,100000.0,0,0.0,0,0.0,0.0,0.0,0,0,0,0.0,0.0,20,40,0.0,DoS attacks-SlowHTTPTest
225,51723,51723,80,51723.0,64,51723,51723,38.66751735,0,0,0.0,0.0,0,51723.0,38.66751735,0,0.0,51723,0.0,0.0,0.0,0,0,0,0.0,0.0,51723,32,0.0,DoS attacks-Hulk
-1,120000000,631282,80,877.1152381,1094368,631282,119984979,1140.10938,4377472,4377472,32.0,32.0,32,877.1152381,1140.10938,32,32.0,0,0.0,32.00023392,0.0,0,0,0,0.0,0.0,0,8,0.0,DDOS attack-LOIC-UDP
225,3171,3171,80,3171.0,64,3171,3171,630.7158625,0,0,0.0,0.0,0,3171.0,630.7158625,0,0.0,3171,0.0,0.0,0.0,0,0,0,0.0,0.0,3171,32,0.0,DoS attacks-Hulk
26883,17051,16263,80,5683.6666666667,136,5004920,5021971,0.7965000196,424,424,106.0,106.0,424,717424.428571429,1.5930000392,972,155.1111111111,258,243.0,174.5,243.0,972,972,972,113503.111111111,336.9022278215,5,32,212.0,DoS attacks-GoldenEye
8192,633,580,8080,316.5,72,31421,32310,92.85051068,326,326,108.6666667,108.6666667,326,5385.0,216.6511916,326,58.25,53,35.0,66.57142857,35.0,123,140,140,13507.07143,116.219927,0,20,188.2161878,Bot
26883,5164,4845,80,1721.3333333333,136,5002610,5007774,0.7987580909,410,410,102.5,102.5,410,715396.285714286,1.5975161818,972,153.5555555556,36,243.0,172.75,243.0,972,972,972,112583.777777778,335.5350619202,6,32,205.0,DoS attacks-GoldenEye
26883,0,0,21,0.0,40,4,4,250000.0,0,0,0.0,0.0,0,4.0,500000.0,0,0.0,0,0.0,0.0,0.0,0,0,0,0.0,0.0,4,40,0.0,DoS attacks-SlowHTTPTest
225,345,345,80,345.0,64,345,345,5797.101449,0,0,0.0,0.0,0,345.0,5797.101449,0,0.0,345,0.0,0.0,0.0,0,0,0,0.0,0.0,345,32,0.0,DoS attacks-Hulk
-1,120000000,621098,80,956.4847846,1001096,621098,119690680,1045.503292,4004384,4004384,32.0,32.0,32,956.4847846,1045.503292,32,32.0,0,0.0,32.00025572,0.0,0,0,0,0.0,0.0,0,8,0.0,DDOS attack-LOIC-UDP
26883,3995,3506,80,1331.6666666667,136,5002904,5006899,0.798897681,375,375,93.75,93.75,375,715271.285714286,1.597795362,972,149.6666666667,199,243.0,168.375,243.0,972,972,972,110476.0,332.3793014013,6,32,187.5,DoS attacks-GoldenEye
2049,31600000,31600000,80,31600000.0,40,31600000,31604414,0.0632823,0,0,0.0,0.0,0,31600000.0,0.0632823,0,0.0,31600000,0.0,0.0,0.0,0,0,0,0.0,0.0,31600000,20,0.0,DDoS attacks-LOIC-HTTP
-1,0,0,53,0.0,8,293,293,3412.9692832764504,42,42,42.0,42.0,42,293.0,6825.938566552901,58,47.333333333333336,0,58.0,71.0,58.0,58,58,58,85.33333333333333,9.237604307034012,293,8,0.0,Benign
2053,167,167,80,167.0,40,167,167,11976.0479041916,0,0,0.0,0.0,0,167.0,11976.0479041916,0,0.0,167,0.0,0.0,0.0,0,0,0,0.0,0.0,167,20,0.0,Brute Force -XSS
2049,28400000,28400000,80,28400000.0,40,28400000,28363434,0.070513324,0,0,0.0,0.0,0,28400000.0,0.070513324,0,0.0,28400000,0.0,0.0,0.0,0,0,0,0.0,0.0,28400000,20,0.0,DDoS attacks-LOIC-HTTP
225,36875,36875,80,36875.0,64,36875,36875,54.23728814,0,0,0.0,0.0,0,36875.0,54.23728814,0,0.0,36875,0.0,0.0,0.0,0,0,0,0.0,0.0,36875,32,0.0,DoS attacks-Hulk
26883,6582721,6582363,80,2194240.33333333,136,6582082,11584921,0.3452764158,380,380,95.0,95.0,380,1654988.71428571,0.6905528316,972,150.2222222222,28,243.0,169.0,243.0,972,972,972,110760.444444444,332.8069176631,4,32,190.0,DoS attacks-GoldenEye
26883,0,0,21,0.0,40,6,6,166666.6667,0,0,0.0,0.0,0,6.0,333333.3333,0,0.0,0,0.0,0.0,0.0,0,0,0,0.0,0.0,6,40,0.0,DoS attacks-SlowHTTPTest
65535,6171,5879,80,3085.5,72,5879,6665,450.1125281,310,310,103.3333333,103.3333333,310,1110.833333,1050.262566,935,155.625,292,233.75,177.8571429,233.75,935,935,935,110938.8393,333.0748254,5,20,178.9785834,DDOS attack-HOIC
241,0,0,22,0.0,32,5,5,200000.0,0,0,0.0,0.0,0,5.0,400000.0,0,0.0,0,0.0,0.0,0.0,0,0,0,0.0,0.0,5,32,0.0,SSH-Bruteforce
225,63165,40048,80,31582.5,96,40048,63165,47.49465685,0,0,0.0,0.0,0,31582.5,47.49465685,0,0.0,23117,0.0,0.0,0.0,0,0,0,0.0,0.0,23117,32,0.0,DoS attacks-Hulk
8192,436,434,80,218.0,72,1064626,1065103,2.816629002,20,20,6.666666667,6.666666667,20,177517.1667,6.572134338,964,123.0,2,241.0,140.5714286,241.0,964,964,964,115523.4286,339.8873763,2,20,11.54700538,DDoS attacks-LOIC-HTTP
2051,438,438,80,438.0,40,438,438,4566.2100456621,0,0,0.0,0.0,0,438.0,4566.2100456621,0,0.0,438,0.0,0.0,0.0,0,0,0,0.0,0.0,438,20,0.0,Brute Force -Web
-1,120000000,592161,80,836.848578,1147160,592161,119999065,1194.967644,4588640,4588640,32.0,32.0,32,836.848578,1194.967644,32,32.0,0,0.0,32.00022316,0.0,0,0,0,0.0,0.0,0,8,0.0,DDOS attack-LOIC-UDP
8192,550,508,8080,275.0,72,10552,11480,261.3240418,326,326,108.6666667,108.6666667,326,1913.333333,609.7560976,326,56.875,42,32.25,65.0,32.25,112,129,129,13318.69643,115.4066568,20,20,188.2161878,Bot
-1,120000000,702841,80,942.1445135,1018432,702841,119937823,1061.416631,4073728,4073728,32.0,32.0,32,942.1445135,1061.416631,32,32.0,0,0.0,32.00025137,0.0,0,0,0,0.0,0.0,0,8,0.0,DDOS attack-LOIC-UDP
-1,0,0,53,0.0,8,243,243,4115.22633744856,35,35,35.0,35.0,35,243.0,8230.45267489712,99,56.33333333333333,0,99.0,84.5,99.0,99,99,99,1365.3333333333333,36.95041722813605,243,8,0.0,Benign
62561,86211473,86211473,48740,86211473.0,40,86211473,86211473,0.0231987685,0,0,0.0,0.0,0,86211473.0,0.0231987685,0,0.0,86211473,0.0,0.0,0.0,0,0,0,0.0,0.0,86211473,20,0.0,Benign
-1,734701,551277,80,179.3265804,32784,551277,734701,5577.77926,131136,131136,32.0,32.0,32,179.3265804,5577.77926,32,32.0,1,0.0,32.00780869,0.0,0,0,0,0.0,0.0,1,8,0.0,DDOS attack-LOIC-UDP
-1,0,0,53,0.0,8,2709,2709,369.139904,40,40,40.0,40.0,40,2709.0,738.279808,139,73.0,0,139.0,109.5,139.0,139,139,139,3267.0,57.15767665,2709,8,0.0,Infilteration
26883,0,0,21,0.0,40,19,19,52631.5789473684,0,0,0.0,0.0,0,19.0,105263.157894737,0,0.0,0,0.0,0.0,0.0,0,0,0,0.0,0.0,19,40,0.0,FTP-BruteForce
26883,0,0,21,0.0,40,18,18,55555.55556,0,0,0.0,0.0,0,18.0,111111.1111,0,0.0,0,0.0,0.0,0.0,0,0,0,0.0,0.0,18,40,0.0,DoS attacks-SlowHTTPTest
2049,35800000,35800000,80,35800000.0,40,35800000,35795497,0.05587295,0,0,0.0,0.0,0,35800000.0,0.05587295,0,0.0,35800000,0.0,0.0,0.0,0,0,0,0.0,0.0,35800000,20,0.0,DDoS attacks-LOIC-HTTP
2049,13600000,13600000,80,13600000.0,40,13600000,13632318,0.146710193,0,0,0.0,0.0,0,13600000.0,0.146710193,0,0.0,13600000,0.0,0.0,0.0,0,0,0,0.0,0.0,13600000,20,0.0,DDoS attacks-LOIC-HTTP
225,35408,35408,80,35408.0,64,35408,35408,56.4844103,0,0,0.0,0.0,0,35408.0,56.4844103,0,0.0,35408,0.0,0.0,0.0,0,0,0,0.0,0.0,35408,32,0.0,DoS attacks-Hulk
26883,0,0,21,0.0,40,18,18,55555.5555555556,0,0,0.0,0.0,0,18.0,111111.111111111,0,0.0,0,0.0,0.0,0.0,0,0,0,0.0,0.0,18,40,0.0,FTP-BruteForce
8192,1406779,1077335,3389,200968.4286,172,968707,1406779,5.68674966,1148,1148,143.5,143.5,677,100484.2143,10.66265561,1173,170.5625,3,225.8571429,181.9333333,225.8571429,1173,1581,1581,102037.5958,319.4332416,3,20,228.1296624,Benign
8192,438,317,80,219.0,72,1468605,1469081,2.042092982,20,20,6.666666667,6.666666667,20,244846.8333,4.764883625,964,123.0,121,241.0,140.5714286,241.0,964,964,964,115523.4286,339.8873763,6,20,11.54700538,DDoS attacks-LOIC-HTTP
-1,120000000,652877,80,1132.808771,844984,652877,119649528,882.7698844,3379936,3379936,32.0,32.0,32,1132.808771,882.7698844,32,32.0,0,0.0,32.00030296,0.0,0,0,0,0.0,0.0,0,8,0.0,DDOS attack-LOIC-UDP
26883,4266987,4239922,80,1066746.75,168,4239569,4266987,1.1717870244,322,322,64.4,64.4,322,609569.571428572,1.8748592391,972,143.7777777778,121,324.0,161.75,324.0,972,972,972,107802.444444444,328.3328257187,3,32,144.002777751,DoS attacks-GoldenEye
65535,16727,16388,80,8363.5,72,16388,18013,166.5463832,263,263,87.66666667,87.66666667,263,3002.166667,388.6082274,935,149.75,339,233.75,171.1428571,233.75,935,935,935,109141.9286,330.3663551,4,20,151.8431208,DDOS attack-HOIC
26883,0,0,21,0.0,40,8,8,125000.0,0,0,0.0,0.0,0,8.0,250000.0,0,0.0,0,0.0,0.0,0.0,0,0,0,0.0,0.0,8,40,0.0,DoS attacks-SlowHTTPTest
26883,0,0,21,0.0,40,3,3,333333.333333333,0,0,0.0,0.0,0,3.0,666666.666666667,0,0.0,0,0.0,0.0,0.0,0,0,0,0.0,0.0,3,40,0.0,FTP-BruteForce
-1,120000000,635576,80,1028.347589,932904,635576,119917669,972.4421845,3731616,3731616,32.0,32.0,32,1028.347589,972.4421845,32,32.0,0,0.0,32.00027441,0.0,0,0,0,0.0,0.0,0,8,0.0,DDOS attack-LOIC-UDP
225,18397,18397,80,18397.0,64,18397,18397,108.7133772,0,0,0.0,0.0,0,18397.0,108.7133772,0,0.0,18397,0.0,0.0,0.0,0,0,0,0.0,0.0,18397,32,0.0,DoS attacks-Hulk
26883,0,0,21,0.0,40,2,2,500000.0,0,0,0.0,0.0,0,2.0,1000000.0,0,0.0,0,0.0,0.0,0.0,0,0,0,0.0,0.0,2,40,0.0,DoS attacks-SlowHTTPTest
26883,351934,67771,22,16758.7619047619,712,67771,352968,62.32859636,1928,1928,87.6363636364,87.6363636364,640,8208.5581395349,124.65719272,976,102.0666666667,185,121.1363636364,104.3863636364,121.1363636364,976,2665,2665,41510.3818181818,203.7409674518,7,32,137.7805520365,SSH-Bruteforce
8192,869,864,80,434.5,72,1275264,1276165,2.350793197,20,20,6.666666667,6.666666667,20,212694.1667,5.485184126,964,123.0,5,241.0,140.5714286,241.0,964,964,964,115523.4286,339.8873763,5,20,11.54700538,DDoS attacks-LOIC-HTTP
26883,107812903,53251560,80,7700921.64285714,496,53251560,107812905,0.1391299121,2530,2530,168.6666666667,168.6666666667,230,6341935.58823529,0.1669558946,230,133.1578947368,225,0.0,140.5555555556,0.0,0,0,0,13611.6959064327,116.6691729054,2,32,105.2796728899,DoS attacks-Slowloris
211,102036105,102036105,80,102036105.0,64,102036102,102036107,0.0196009046,16,16,8.0,8.0,8,34012035.6666667,0.0392018092,8,4.8,102036105,0.0,6.0,0.0,0,0,0,19.2,4.38178046,2,32,0.0,DoS attacks-Slowloris
8192,331,317,80,165.5,72,1252146,1252510,2.395190458,20,20,6.666666667,6.666666667,20,208751.6667,5.588777734,964,123.0,14,241.0,140.5714286,241.0,964,964,964,115523.4286,339.8873763,9,20,11.54700538,DDoS attacks-LOIC-HTTP
2049,15300000,15300000,80,15300000.0,40,15300000,15297954,0.130736437,0,0,0.0,0.0,0,15300000.0,0.130736437,0,0.0,15300000,0.0,0.0,0.0,0,0,0,0.0,0.0,15300000,20,0.0,DDoS attacks-LOIC-HTTP
26883,357213,53405,22,15531.0,776,51718,357259,67.1781536644,1912,1912,79.6666666667,79.6666666667,640,7939.0888888889,128.7581278568,976,97.3829787234,303,121.1363636364,99.5,121.1363636364,976,2665,2665,40134.7631822387,200.3366246652,4,32,133.8339875812,SSH-Bruteforce
8192,54631,54167,80,18210.3333333333,92,4952840,5007471,0.7988064234,709,709,177.25,177.25,709,715353.0,1.5976128469,709,121.5555555556,143,96.25,136.75,96.25,385,385,385,64740.5277777778,254.4415999356,17,20,354.5,SQL Injection
32738,5685,5685,80,5685.0,40,5685,5685,351.8029903,0,0,0.0,0.0,0,5685.0,351.8029903,0,0.0,5685,0.0,0.0,0.0,0,0,0,0.0,0.0,5685,20,0.0,DDOS attack-HOIC
1024,0,0,648,0.0,24,1,1,1000000.0,0,0,0.0,0.0,0,1.0,2000000.0,0,0.0,0,0.0,0.0,0.0,0,0,0,0.0,0.0,1,24,0.0,Infilteration
26883,0,0,21,0.0,40,22,22,45454.54545,0,0,0.0,0.0,0,22.0,90909.09091,0,0.0,0,0.0,0.0,0.0,0,0,0,0.0,0.0,22,40,0.0,DoS attacks-SlowHTTPTest
26883,107486641,53247716,80,8268203.15384615,456,53247716,107486649,0.1302487344,2530,2530,180.7142857143,180.7142857143,230,6717915.5625,0.1581591775,230,140.5555555556,238,0.0,148.8235294118,0.0,0,0,0,13311.4379084967,115.375204912,5,32,97.9375221341,DoS attacks-Slowloris
26883,0,0,21,0.0,40,3,3,333333.3333,0,0,0.0,0.0,0,3.0,666666.6667,0,0.0,0,0.0,0.0,0.0,0,0,0,0.0,0.0,3,40,0.0,DoS attacks-SlowHTTPTest
26883,372000,117182,22,17714.2857142857,712,117182,372519,59.0573903613,1912,1912,86.9090909091,86.9090909091,640,8663.2325581395,118.1147807226,976,101.7111111111,294,121.1363636364,104.0227272727,121.1363636364,976,2665,2665,41508.8464646465,203.7371995112,5,32,137.6880217811,SSH-Bruteforce
2049,4216840,4216840,80,4216840.0,40,4216840,4216840,0.474288804,0,0,0.0,0.0,0,4216840.0,0.474288804,0,0.0,4216840,0.0,0.0,0.0,0,0,0,0.0,0.0,4216840,20,0.0,DDoS attacks-LOIC-HTTP
26883,0,0,21,0.0,40,4,4,250000.0,0,0,0.0,0.0,0,4.0,500000.0,0,0.0,0,0.0,0.0,0.0,0,0,0,0.0,0.0,4,40,0.0,FTP-BruteForce
-1,120000000,654982,80,1000.301544,959336,654982,119952160,999.7068831,3837344,3837344,32.0,32.0,32,1000.301544,999.7068831,32,32.0,1,0.0,32.00026685,0.0,0,0,0,0.0,0.0,1,8,0.0,DDOS attack-LOIC-UDP
225,6828,6828,80,6828.0,64,6828,6828,292.9115407,0,0,0.0,0.0,0,6828.0,292.9115407,0,0.0,6828,0.0,0.0,0.0,0,0,0,0.0,0.0,6828,32,0.0,DoS attacks-Hulk
32738,14495,14495,80,14495.0,40,14495,14495,137.9786133,0,0,0.0,0.0,0,14495.0,137.9786133,0,0.0,14495,0.0,0.0,0.0,0,0,0,0.0,0.0,14495,20,0.0,DDOS attack-HOIC
-1,25642,25642,53,25642.0,16,217377,243020,8.2297753271,80,80,40.0,40.0,40,81006.6666666667,16.4595506543,146,82.4,25642,146.0,103.0,146.0,146,292,292,3370.8,58.0585910955,1,8,0.0,Benign
32738,41194,41194,80,41194.0,40,41194,41194,48.55075982,0,0,0.0,0.0,0,41194.0,48.55075982,0,0.0,41194,0.0,0.0,0.0,0,0,0,0.0,0.0,41194,20,0.0,DDOS attack-HOIC
26883,0,0,21,0.0,40,18,18,55555.5555555556,0,0,0.0,0.0,0,18.0,111111.111111111,0,0.0,0,0.0,0.0,0.0,0,0,0,0.0,0.0,18,40,0.0,FTP-BruteForce
211,105000757,105000757,80,105000757.0,64,105000755,105000759,0.0190474814,16,16,8.0,8.0,8,35000253.0,0.0380949627,8,4.8,105000757,0.0,6.0,0.0,0,0,0,19.2,4.38178046,2,32,0.0,DoS attacks-Slowloris
225,3401,3401,80,3401.0,64,3401,3401,588.0623346,0,0,0.0,0.0,0,3401.0,588.0623346,0,0.0,3401,0.0,0.0,0.0,0,0,0,0.0,0.0,3401,32,0.0,DoS attacks-Hulk
2049,20100000,20100000,80,20100000.0,40,20100000,20061211,0.099694879,0,0,0.0,0.0,0,20100000.0,0.099694879,0,0.0,20100000,0.0,0.0,0.0,0,0,0,0.0,0.0,20100000,20,0.0,DDoS attacks-LOIC-HTTP
8192,365,362,80,182.5,72,1119818,1120212,2.678064509,20,20,6.666666667,6.666666667,20,186702.0,6.248817188,964,123.0,3,241.0,140.5714286,241.0,964,964,964,115523.4286,339.8873763,3,20,11.54700538,DDoS attacks-LOIC-HTTP
-1,0,0,53,0.0,8,298,298,3355.704697986577,53,53,53.0,53.0,53,298.0,6711.4093959731545,101,69.0,0,101.0,103.5,101.0,101,101,101,768.0,27.712812921102035,298,8,0.0,Benign
-1,120000000,638200,80,863.090968,1111608,638200,119926490,1158.63476,4446432,4446432,32.0,32.0,32,863.090968,1158.63476,32,32.0,0,0.0,32.0002303,0.0,0,0,0,0.0,0.0,0,8,0.0,DDOS attack-LOIC-UDP
8192,170478,146766,80,85239.0,72,146766,194579,15.4179022402,438,438,146.0,146.0,438,32429.8333333333,35.9751052272,859,162.125,23712,214.75,185.2857142857,214.75,859,859,859,102778.410714286,320.5907215037,33,20,252.8794179051,Benign
26883,0,0,21,0.0,40,3,3,333333.3333,0,0,0.0,0.0,0,3.0,666666.6667,0,0.0,0,0.0,0.0,0.0,0,0,0,0.0,0.0,3,40,0.0,DoS attacks-SlowHTTPTest
26883,6760783,6760458,80,2253594.33333333,136,6760136,11763045,0.3400480063,315,315,78.75,78.75,315,1680435.0,0.6800960126,972,143.0,27,243.0,160.875,243.0,972,972,972,107496.0,327.8658262155,4,32,157.5,DoS attacks-GoldenEye
26883,0,0,21,0.0,40,3,3,333333.3333,0,0,0.0,0.0,0,3.0,666666.6667,0,0.0,0,0.0,0.0,0.0,0,0,0,0.0,0.0,3,40,0.0,DoS attacks-SlowHTTPTest
276,54027,54027,22,54027.0,40,54027,54027,37.01852777,0,0,0.0,0.0,0,54027.0,37.01852777,0,0.0,54027,0.0,0.0,0.0,0,0,0,0.0,0.0,54027,20,0.0,Infilteration
256,510,510,8080,510.0,40,510,510,3921.568627,0,0,0.0,0.0,0,510.0,3921.568627,0,0.0,510,0.0,0.0,0.0,0,0,0,0.0,0.0,510,20,0.0,Bot
26883,6938669,6937907,80,2312889.66666667,136,6937496,11943417,0.3349125296,273,273,68.25,68.25,273,1706202.42857143,0.6698250593,972,138.3333333333,315,243.0,155.625,243.0,972,972,972,105886.0,325.4012907166,4,32,136.5,DoS attacks-GoldenEye
65535,8104,7854,80,4052.0,72,7854,9456,317.2588832,325,325,108.3333333,108.3333333,325,1576.0,740.2707276,935,157.5,250,233.75,180.0,233.75,935,935,935,111628.5714,334.1086222,2,20,187.6388375,DDOS attack-HOIC
26883,106557771,53247596,80,7611269.35714286,496,53247596,106557773,0.1407687077,2530,2530,168.6666666667,168.6666666667,230,6268104.29411765,0.1689224492,230,133.1578947368,204,0.0,140.5555555556,0.0,0,0,0,13611.6959064327,116.6691729054,2,32,105.2796728899,DoS attacks-Slowloris
8192,583,487,8080,291.5,72,10149,11010,272.479564,326,326,108.6666667,108.6666667,326,1835.0,635.7856494,326,56.875,96,32.25,65.0,32.25,112,129,129,13318.69643,115.4066568,14,20,188.2161878,Bot
225,2531,2531,80,2531.0,64,2531,2531,790.2015014,0,0,0.0,0.0,0,2531.0,790.2015014,0,0.0,2531,0.0,0.0,0.0,0,0,0,0.0,0.0,2531,32,0.0,DoS attacks-Hulk
-1,120000000,620920,80,853.2216671,1122448,620920,119711266,1172.036724,4489792,4489792,32.0,32.0,32,853.2216671,1172.036724,32,32.0,0,0.0,32.00022807,0.0,0,0,0,0.0,0.0,0,8,0.0,DDOS attack-LOIC-UDP
176,160,160,51592,160.0,40,144,160,12499.999999999998,38,38,19.0,19.0,38,80.0,18750.0,38,19.0,160,0.0,25.33333333333333,0.0,0,0,0,481.3333333333333,21.939310229205777,16,20,26.87005768508881,Benign
1024,0,0,900,0.0,24,2,2,500000.0,0,0,0.0,0.0,0,2.0,1000000.0,0,0.0,0,0.0,0.0,0.0,0,0,0,0.0,0.0,2,24,0.0,Infilteration
225,34779,34779,80,34779.0,64,34779,34779,57.50596624,0,0,0.0,0.0,0,34779.0,57.50596624,0,0.0,34779,0.0,0.0,0.0,0,0,0,0.0,0.0,34779,32,0.0,DoS attacks-Hulk
2051,24,24,80,24.0,40,24,24,83333.3333333333,0,0,0.0,0.0,0,24.0,83333.3333333333,0,0.0,24,0.0,0.0,0.0,0,0,0,0.0,0.0,24,20,0.0,Brute Force -Web
65535,1291,1034,57303,322.75,124,749,1291,3872.966692,935,935,187.0,187.0,935,215.1666667,5422.153369,935,156.125,6,157.0,178.4285714,157.0,314,314,314,111117.2679,333.3425683,6,20,418.1447118,Benign
26883,329139,113356,22,15673.2857142857,712,113356,329197,66.8292845925,1912,1912,86.9090909091,86.9090909091,640,7655.7441860465,133.658569185,976,101.7111111111,130,121.1363636364,104.0227272727,121.1363636364,976,2665,2665,41508.8464646465,203.7371995112,6,32,137.6880217811,SSH-Bruteforce
8192,419,406,80,209.5,72,1621834,1622292,1.849235526,20,20,6.666666667,6.666666667,20,270382.0,4.314882894,964,123.0,13,241.0,140.5714286,241.0,964,964,964,115523.4286,339.8873763,6,20,11.54700538,DDoS attacks-LOIC-HTTP
-1,89479978,41990311,500,17895995.6,48,41990311,89479978,0.0670541068,3000,3000,500.0,500.0,500,17895995.6,0.0670541068,500,500.0,4000611,0.0,583.3333333333,0.0,0,0,0,0.0,0.0,4000611,8,0.0,Brute Force -Web
32738,4407,4407,80,4407.0,40,4407,4407,453.8234627,0,0,0.0,0.0,0,4407.0,453.8234627,0,0.0,4407,0.0,0.0,0.0,0,0,0,0.0,0.0,4407,20,0.0,DDOS attack-HOIC
26883,243444,75221,22,12812.8421052632,648,75221,243941,81.9870378493,1928,1928,96.4,96.4,640,5949.7804878049,172.1727794836,976,106.8139534884,320,121.1363636364,109.3571428571,121.1363636364,976,2665,2665,42967.9169435216,207.2870399796,4,32,141.7478859027,SSH-Bruteforce
-1,39972,39972,53,39972.0,16,39657,40311,49.61424921,122,122,61.0,61.0,61,13437.0,99.22849842,126,87.0,39972,126.0,108.75,126.0,126,252,252,1267.5,35.60196624,315,8,0.0,Benign
8192,895,601,80,447.5,72,1284566,1285493,2.333734995,20,20,6.666666667,6.666666667,20,214248.8333,5.445381655,964,123.0,294,241.0,140.5714286,241.0,964,964,964,115523.4286,339.8873763,6,20,11.54700538,DDoS attacks-LOIC-HTTP
65535,1073,798,80,536.5,72,798,1351,2220.57735,336,336,112.0,112.0,336,225.1666667,5181.34715,935,158.875,275,233.75,181.5714286,233.75,935,935,935,112170.125,334.918087,4,20,193.9896904,DDOS attack-HOIC
241,0,0,22,0.0,32,8,8,125000.0,0,0,0.0,0.0,0,8.0,250000.0,0,0.0,0,0.0,0.0,0.0,0,0,0,0.0,0.0,8,32,0.0,SSH-Bruteforce
26883,319218,58958,22,15960.9,680,41149,319266,65.7758734096,1912,1912,91.0476190476,91.0476190476,640,7601.5714285714,134.6839312673,976,104.0227272727,254,121.1363636364,106.4418604651,121.1363636364,976,2665,2665,42228.1157505285,205.4948071133,2,32,139.6790879804,SSH-Bruteforce
241,0,0,22,0.0,32,5,5,200000.0,0,0,0.0,0.0,0,5.0,400000.0,0,0.0,0,0.0,0.0,0.0,0,0,0,0.0,0.0,5,32,0.0,SSH-Bruteforce
26883,0,0,21,0.0,40,4,4,250000.0,0,0,0.0,0.0,0,4.0,500000.0,0,0.0,0,0.0,0.0,0.0,0,0,0,0.0,0.0,4,40,0.0,FTP-BruteForce
26883,0,0,21,0.0,40,18,18,55555.5555555556,0,0,0.0,0.0,0,18.0,111111.111111111,0,0.0,0,0.0,0.0,0.0,0,0,0,0.0,0.0,18,40,0.0,FTP-BruteForce
225,7718,7718,80,7718.0,64,7718,7718,259.1344908,0,0,0.0,0.0,0,7718.0,259.1344908,0,0.0,7718,0.0,0.0,0.0,0,0,0,0.0,0.0,7718,32,0.0,DoS attacks-Hulk
225,49227,44742,80,24613.5,96,44742,49227,60.94216588,0,0,0.0,0.0,0,24613.5,60.94216588,0,0.0,4485,0.0,0.0,0.0,0,0,0,0.0,0.0,4485,32,0.0,DoS attacks-Hulk
26883,380803,108710,22,18133.4761904762,712,108710,381210,57.7109729545,1960,1960,89.0909090909,89.0909090909,640,9297.8048780488,110.1754938223,976,107.5581395349,229,133.25,110.119047619,133.25,976,2665,2665,42963.0620155039,207.2753290083,5,32,137.9533769037,SSH-Bruteforce
2052,500,500,8080,500.0,40,500,500,4000.0,0,0,0.0,0.0,0,500.0,4000.0,0,0.0,500,0.0,0.0,0.0,0,0,0,0.0,0.0,500,20,0.0,Bot
26883,6861253,6783435,80,1715313.25,168,6783132,6861253,0.728729869,372,372,74.4,74.4,372,980179.0,1.1659677904,662,114.8888888889,250,220.6666666667,129.25,220.6666666667,662,662,662,57229.1111111111,239.2260669557,3,32,166.363457526,DoS attacks-GoldenEye
2052,559,559,8080,559.0,40,559,559,3577.817531,0,0,0.0,0.0,0,559.0,3577.817531,0,0.0,559,0.0,0.0,0.0,0,0,0,0.0,0.0,559,20,0.0,Bot
211,99999884,99999884,80,99999884.0,64,99999882,99999887,0.0200000226,16,16,8.0,8.0,8,33333295.6666667,0.0400000452,8,4.8,99999884,0.0,6.0,0.0,0,0,0,19.2,4.38178046,2,32,0.0,DoS attacks-Slowloris
8192,1664327,1112932,3389,237761.0,172,953218,1664327,4.806747712,1128,1128,141.0,141.0,661,118880.5,9.012651961,1173,169.3125,3,225.8571429,180.6,225.8571429,1173,1581,1581,100953.1625,317.731274,3,20,222.6233206,Infilteration
2052,475,475,8080,475.0,40,475,475,4210.526316,0,0,0.0,0.0,0,475.0,4210.526316,0,0.0,475,0.0,0.0,0.0,0,0,0,0.0,0.0,475,20,0.0,Bot
26883,0,0,21,0.0,40,5,5,200000.0,0,0,0.0,0.0,0,5.0,400000.0,0,0.0,0,0.0,0.0,0.0,0,0,0,0.0,0.0,5,40,0.0,DoS attacks-SlowHTTPTest
-1,120000000,689474,80,883.1893452,1086616,689474,119960076,1132.268372,4346464,4346464,32.0,32.0,32,883.1893452,1132.268372,32,32.0,0,0.0,32.00023559,0.0,0,0,0,0.0,0.0,0,8,0.0,DDOS attack-LOIC-UDP
8192,471,469,80,235.5,72,1062667,1063169,2.821752703,20,20,6.666666667,6.666666667,20,177194.8333,6.584089641,964,123.0,2,241.0,140.5714286,241.0,964,964,964,115523.4286,339.8873763,2,20,11.54700538,DDoS attacks-LOIC-HTTP
26883,0,0,21,0.0,40,3,3,333333.333333333,0,0,0.0,0.0,0,3.0,666666.666666667,0,0.0,0,0.0,0.0,0.0,0,0,0,0.0,0.0,3,40,0.0,FTP-BruteForce
2052,666,666,8080,666.0,40,666,666,3003.003003,0,0,0.0,0.0,0,666.0,3003.003003,0,0.0,666,0.0,0.0,0.0,0,0,0,0.0,0.0,666,20,0.0,Bot
8192,316,283,80,158.0,72,723188,723533,4.1463209,20,20,6.666666667,6.666666667,20,120588.8333,9.674748768,964,123.0,33,241.0,140.5714286,241.0,964,964,964,115523.4286,339.8873763,5,20,11.54700538,DDoS attacks-LOIC-HTTP
-1,120000000,1050025,80,918.6734223,1044072,1050025,119894231,1088.534443,4176288,4176288,32.0,32.0,32,918.6734223,1088.534443,32,32.0,0,0.0,32.00024519,0.0,0,0,0,0.0,0.0,0,8,0.0,DDOS attack-LOIC-UDP
26883,6449534,6448226,80,2149844.66666667,136,6447949,11452885,0.3492569776,489,489,122.25,122.25,489,1636126.42857143,0.6985139552,972,162.3333333333,339,243.0,182.625,243.0,972,972,972,118342.0,344.0087208197,7,32,244.5,DoS attacks-GoldenEye
26883,367868,165773,22,17517.5238095238,712,165773,368379,59.7211024516,1912,1912,86.9090909091,86.9090909091,640,8984.8536585366,114.0130137711,976,106.4418604651,224,133.25,108.9761904762,133.25,976,2665,2665,42969.919158361,207.2918694941,5,32,137.6880217811,SSH-Bruteforce
14600,462265,89850,22,38522.0833333333,424,51244,462265,28.1223973262,1145,1145,88.0769230769,88.0769230769,648,20098.4782608696,51.9182719868,976,124.56,19,179.0,129.75,179.0,976,1969,1969,74892.7566666667,273.6654100661,11,32,183.8679152446,Brute Force -Web
26883,38142,37821,80,12714.0,136,5004548,5042690,0.7932274243,318,318,79.5,79.5,318,720384.285714286,1.5864548485,972,143.3333333333,35,243.0,161.25,243.0,972,972,972,107626.0,328.0640181428,5,32,159.0,DoS attacks-GoldenEye
26883,0,0,21,0.0,40,10,10,100000.0,0,0,0.0,0.0,0,10.0,200000.0,0,0.0,0,0.0,0.0,0.0,0,0,0,0.0,0.0,10,40,0.0,DoS attacks-SlowHTTPTest
225,4815,4815,80,4815.0,64,4815,4815,415.3686397,0,0,0.0,0.0,0,4815.0,415.3686397,0,0.0,4815,0.0,0.0,0.0,0,0,0,0.0,0.0,4815,32,0.0,DoS attacks-Hulk
1024,0,0,2800,0.0,24,2,2,500000.0,0,0,0.0,0.0,0,2.0,1000000.0,0,0.0,0,0.0,0.0,0.0,0,0,0,0.0,0.0,2,24,0.0,Infilteration
-1,0,0,53,0.0,8,13465,13465,74.26661716,44,44,44.0,44.0,44,13465.0,148.5332343,252,113.3333333,0,252.0,170.0,252.0,252,252,252,14421.33333,120.088856,13465,8,0.0,Infilteration
26883,106654083,53247986,80,7618148.78571429,496,53247986,106654085,0.1406415891,2530,2530,168.6666666667,168.6666666667,230,6273769.70588235,0.1687699069,230,133.1578947368,321,0.0,140.5555555556,0.0,0,0,0,13611.6959064327,116.6691729054,2,32,105.2796728899,DoS attacks-Slowloris
118,0,0,52366,0.0,40,0,0,0.0,0,0,0.0,0.0,0,0.0,167.442834,0,0.0,0,0.0,0.0,0.0,0,0,0,0.0,0.0,0,20,0.0,Infilteration
225,4447,4447,80,4447.0,64,4447,4447,449.7413987,0,0,0.0,0.0,0,4447.0,449.7413987,0,0.0,4447,0.0,0.0,0.0,0,0,0,0.0,0.0,4447,32,0.0,DoS attacks-Hulk
226,1943111,1943111,80,1943111.0,64,1943111,1943111,1.0292772775,0,0,0.0,0.0,0,1943111.0,1.0292772775,0,0.0,1943111,0.0,0.0,0.0,0,0,0,0.0,0.0,1943111,32,0.0,DoS attacks-GoldenEye
26883,0,0,21,0.0,40,18,18,55555.5555555556,0,0,0.0,0.0,0,18.0,111111.111111111,0,0.0,0,0.0,0.0,0.0,0,0,0,0.0,0.0,18,40,0.0,FTP-BruteForce
26883,372539,105022,22,17739.9523809524,712,105022,372583,59.0472458486,1944,1944,88.3636363636,88.3636363636,640,8664.7209302326,118.0944916972,976,102.4222222222,215,121.1363636364,104.75,121.1363636364,976,2665,2665,41511.6585858586,203.7441007388,3,32,137.8690011274,SSH-Bruteforce
176,0,0,54344,0.0,20,17,17,58823.52941,0,0,0.0,0.0,0,17.0,117647.0588,0,0.0,0,0.0,0.0,0.0,0,0,0,0.0,0.0,17,20,0.0,Infilteration
26883,0,0,21,0.0,40,2,2,500000.0,0,0,0.0,0.0,0,2.0,1000000.0,0,0.0,0,0.0,0.0,0.0,0,0,0,0.0,0.0,2,40,0.0,FTP-BruteForce
8192,512,459,8080,256.0,72,9319,10139,295.8871684,326,326,108.6666667,108.6666667,326,1689.833333,690.4033928,326,56.875,53,32.25,65.0,32.25,112,129,129,13318.69643,115.4066568,0,20,188.2161878,Bot
8192,535,483,8080,267.5,72,10549,11402,263.1117348,326,326,108.6666667,108.6666667,326,1900.333333,613.9273812,326,56.875,52,32.25,65.0,32.25,112,129,129,13318.69643,115.4066568,1,20,188.2161878,Bot
225,4264034,4213134,80,1421344.667,136,4213128,4291528,0.932068951,316,316,79.0,79.0,316,536441.0,2.097155139,935,125.1,5007,187.0,139.0,187.0,935,935,935,90842.32222,301.4006009,6,32,158.0,DoS attacks-Hulk
226,44122560,44122560,80,44122560.0,64,44122560,44122560,0.0453282856,0,0,0.0,0.0,0,44122560.0,0.0453282856,0,0.0,44122560,0.0,0.0,0.0,0,0,0,0.0,0.0,44122560,32,0.0,DoS attacks-GoldenEye
8192,457,406,8080,228.5,72,8746,9536,314.5973154,326,326,108.6666667,108.6666667,326,1589.333333,734.0604027,326,56.875,51,32.25,65.0,32.25,112,129,129,13318.69643,115.4066568,21,20,188.2161878,Bot
26883,301637,92305,22,14363.6666666667,712,92305,302140,72.8139273185,1944,1944,88.3636363636,88.3636363636,640,7193.8095238095,142.3181306679,976,104.75,325,126.9047619048,107.1860465116,126.9047619048,976,2665,2665,42227.5406976744,205.4934079178,3,32,137.8690011274,SSH-Bruteforce
8192,397,354,8080,198.5,72,20253,21055,142.4839706,285,285,95.0,95.0,285,3509.166667,332.462598,285,51.75,43,32.25,59.14285714,32.25,112,129,129,10376.21429,101.8637045,13,20,164.5448267,Bot
26883,384255,76998,22,16706.7391304348,776,76998,384954,62.345111364,1928,1928,80.3333333333,80.3333333333,640,8952.4186046512,114.2993708339,976,102.0666666667,260,133.25,104.3863636364,133.25,976,2665,2665,41510.3818181818,203.7409674518,3,32,133.9586784655,SSH-Bruteforce
26883,0,0,21,0.0,40,1,1,1000000.0,0,0,0.0,0.0,0,1.0,2000000.0,0,0.0,0,0.0,0.0,0.0,0,0,0,0.0,0.0,1,40,0.0,FTP-BruteForce
-1,0,0,53,0.0,8,1294,1294,772.7975270479135,36,36,36.0,36.0,36,1294.0,1545.595054095827,64,45.333333333333336,0,64.0,68.0,64.0,64,64,64,261.33333333333337,16.165807537309522,1294,8,0.0,Benign
2052,574,574,8080,574.0,40,574,574,3484.320557,0,0,0.0,0.0,0,574.0,3484.320557,0,0.0,574,0.0,0.0,0.0,0,0,0,0.0,0.0,574,20,0.0,Bot
-1,120000000,573973,80,770.0388624,1244400,573973,119778775,1298.644105,4977600,4977600,32.0,32.0,32,770.0388624,1298.644105,32,32.0,0,0.0,32.00020572,0.0,0,0,0,0.0,0.0,0,8,0.0,DDOS attack-LOIC-UDP
32738,4144,4144,80,4144.0,40,4144,4144,482.6254826,0,0,0.0,0.0,0,4144.0,482.6254826,0,0.0,4144,0.0,0.0,0.0,0,0,0,0.0,0.0,4144,20,0.0,DDOS attack-HOIC
8192,1499265,749935,443,749632.5,92,507482,1743174,1.7209985922,0,0,0.0,0.0,0,348634.8,3.4419971844,0,0.0,749330,0.0,0.0,0.0,0,0,0,0.0,0.0,241848,28,0.0,Benign
26883,0,0,21,0.0,40,22,22,45454.5454545455,0,0,0.0,0.0,0,22.0,90909.0909090909,0,0.0,0,0.0,0.0,0.0,0,0,0,0.0,0.0,22,40,0.0,FTP-BruteForce
65535,972,666,80,486.0,72,666,1219,2461.033634,336,336,112.0,112.0,336,203.1666667,5742.411813,935,158.875,306,233.75,181.5714286,233.75,935,935,935,112170.125,334.918087,8,20,193.9896904,DDOS attack-HOIC
2052,483,483,8080,483.0,40,483,483,4140.786749,0,0,0.0,0.0,0,483.0,4140.786749,0,0.0,483,0.0,0.0,0.0,0,0,0,0.0,0.0,483,20,0.0,Bot
32738,1321,1321,80,1321.0,40,1321,1321,1514.004542,0,0,0.0,0.0,0,1321.0,1514.004542,0,0.0,1321,0.0,0.0,0.0,0,0,0,0.0,0.0,1321,20,0.0,DDOS attack-HOIC
8192,600,546,8080,300.0,72,10819,11952,251.0040161,326,326,108.6666667,108.6666667,326,1992.0,585.6760375,326,56.875,54,32.25,65.0,32.25,112,129,129,13318.69643,115.4066568,21,20,188.2161878,Bot
26883,0,0,21,0.0,40,31,31,32258.06452,0,0,0.0,0.0,0,31.0,64516.12903,0,0.0,0,0.0,0.0,0.0,0,0,0,0.0,0.0,31,40,0.0,DoS attacks-SlowHTTPTest
65535,16171,15803,80,8085.5,72,15803,16635,180.342651,314,314,104.6666667,104.6666667,314,2772.5,420.7995191,935,156.125,368,233.75,178.4285714,233.75,935,935,935,111117.2679,333.3425683,4,20,181.2879845,DDOS attack-HOIC
26883,108263778,53264485,80,8327982.92307692,456,53264485,108263803,0.1293137652,2530,2530,180.7142857143,180.7142857143,230,6766487.6875,0.1570238577,230,140.5555555556,144,0.0,148.8235294118,0.0,0,0,0,13311.4379084967,115.375204912,5,32,97.9375221341,DoS attacks-Slowloris
226,1894763,1894763,80,1894763.0,64,1894763,1894763,1.0555409832,0,0,0.0,0.0,0,1894763.0,1.0555409832,0,0.0,1894763,0.0,0.0,0.0,0,0,0,0.0,0.0,1894763,32,0.0,DoS attacks-GoldenEye
-1,120000000,639227,80,981.1576349,977152,639227,119841537,1019.212562,3908608,3908608,32.0,32.0,32,981.1576349,1019.212562,32,32.0,0,0.0,32.00026199,0.0,0,0,0,0.0,0.0,0,8,0.0,DDOS attack-LOIC-UDP
26883,0,0,21,0.0,40,21,21,47619.0476190476,0,0,0.0,0.0,0,21.0,95238.0952380952,0,0.0,0,0.0,0.0,0.0,0,0,0,0.0,0.0,21,40,0.0,FTP-BruteForce
32738,1744,1744,80,1744.0,40,1744,1744,1146.788991,0,0,0.0,0.0,0,1744.0,1146.788991,0,0.0,1744,0.0,0.0,0.0,0,0,0,0.0,0.0,1744,20,0.0,DDOS attack-HOIC
2049,10500000,10500000,80,10500000.0,40,10500000,10465839,0.191097914,0,0,0.0,0.0,0,10500000.0,0.191097914,0,0.0,10500000,0.0,0.0,0.0,0,0,0,0.0,0.0,10500000,20,0.0,DDoS attacks-LOIC-HTTP
26883,0,0,21,0.0,40,1,1,1000000.0,0,0,0.0,0.0,0,1.0,2000000.0,0,0.0,0,0.0,0.0,0.0,0,0,0,0.0,0.0,1,40,0.0,FTP-BruteForce
-1,0,0,53,0.0,8,1033,1033,968.054211,40,40,40.0,40.0,40,1033.0,1936.108422,139,73.0,0,139.0,109.5,139.0,139,139,139,3267.0,57.15767665,1033,8,0.0,Infilteration
225,30657,30657,80,30657.0,64,30657,30657,65.23795544,0,0,0.0,0.0,0,30657.0,65.23795544,0,0.0,30657,0.0,0.0,0.0,0,0,0,0.0,0.0,30657,32,0.0,DoS attacks-Hulk
-1,0,0,53,0.0,8,1737,1737,575.7052389,37,37,37.0,37.0,37,1737.0,1151.410478,113,62.33333333,0,113.0,93.5,113.0,113,113,113,1925.333333,43.87862046,1737,8,0.0,Infilteration
26883,0,0,21,0.0,40,22,22,45454.54545,0,0,0.0,0.0,0,22.0,90909.09091,0,0.0,0,0.0,0.0,0.0,0,0,0,0.0,0.0,22,40,0.0,DoS attacks-SlowHTTPTest
32738,3045,3045,80,3045.0,40,3045,3045,656.8144499,0,0,0.0,0.0,0,3045.0,656.8144499,0,0.0,3045,0.0,0.0,0.0,0,0,0,0.0,0.0,3045,20,0.0,DDOS attack-HOIC
63964,153,153,53666,153.0,40,153,153,13071.8954248366,0,0,0.0,0.0,0,153.0,13071.8954248366,0,0.0,153,0.0,0.0,0.0,0,0,0,0.0,0.0,153,20,0.0,Benign
-1,0,0,53,0.0,8,326,326,3067.484663,36,36,36.0,36.0,36,326.0,6134.969325,52,41.33333333,0,52.0,62.0,52.0,52,52,52,85.33333333,9.237604307,326,8,0.0,Infilteration
26883,0,0,21,0.0,40,3,3,333333.333333333,0,0,0.0,0.0,0,3.0,666666.666666667,0,0.0,0,0.0,0.0,0.0,0,0,0,0.0,0.0,3,40,0.0,FTP-BruteForce
8192,579,481,8080,289.5,72,12325,13252,226.3809236,326,326,108.6666667,108.6666667,326,2208.666667,528.2221551,326,56.875,98,32.25,65.0,32.25,112,129,129,13318.69643,115.4066568,1,20,188.2161878,Bot
-1,120000000,649950,80,1003.514778,953616,649950,119619965,996.5058926,3814464,3814464,32.0,32.0,32,1003.514778,996.5058926,32,32.0,1,0.0,32.00026845,0.0,0,0,0,0.0,0.0,1,8,0.0,DDOS attack-LOIC-UDP
2049,37400000,37400000,80,37400000.0,40,37400000,37364454,0.053526809,0,0,0.0,0.0,0,37400000.0,0.053526809,0,0.0,37400000,0.0,0.0,0.0,0,0,0,0.0,0.0,37400000,20,0.0,DDoS attacks-LOIC-HTTP
26883,365128,95520,22,17387.0476190476,712,95520,365195,60.2417886335,1960,1960,89.0909090909,89.0909090909,640,8492.9069767442,120.4835772669,976,102.7777777778,327,121.1363636364,105.1136363636,121.1363636364,976,2665,2665,41512.6767676768,203.7465994015,4,32,137.9533769037,SSH-Bruteforce
8192,340,331,80,170.0,72,1011628,1011991,2.964453241,20,20,6.666666667,6.666666667,20,168665.1667,6.917057563,964,123.0,9,241.0,140.5714286,241.0,964,964,964,115523.4286,339.8873763,6,20,11.54700538,DDoS attacks-LOIC-HTTP
8192,559,509,8080,279.5,72,9404,10332,290.3600465,326,326,108.6666667,108.6666667,326,1722.0,677.5067751,326,56.875,50,32.25,65.0,32.25,112,129,129,13318.69643,115.4066568,21,20,188.2161878,Bot
211,0,0,80,0.0,32,4617,4621,216.4033758927,0,0,0.0,0.0,0,2310.5,649.210127678,516,129.0,0,258.0,172.0,258.0,516,516,516,66564.0,258.0,4,32,0.0,DoS attacks-Slowloris
26883,3024043,2016264,80,1512021.5,120,2016264,3024043,0.9920493855,0,0,0.0,0.0,0,1512021.5,0.9920493855,0,0.0,1007779,0.0,0.0,0.0,0,0,0,0.0,0.0,1007779,40,0.0,DoS attacks-Slowloris
8192,3425794,1148050,3389,380643.77777777775,212,992321,3425794,2.919031325292764,1144,1144,114.4,114.4,677,214112.125,4.9623532529977,1173,151.38888888888889,3,225.8571428571429,160.2941176470588,225.8571428571429,1173,1581,1581,93049.31045751636,305.0398506056485,3,20,209.89690591123804,Benign
2052,504,504,8080,504.0,40,504,504,3968.253968,0,0,0.0,0.0,0,504.0,3968.253968,0,0.0,504,0.0,0.0,0.0,0,0,0,0.0,0.0,504,20,0.0,Bot
226,1978132,1978132,80,1978132.0,64,1978132,1978132,1.011054874,0,0,0.0,0.0,0,1978132.0,1.011054874,0,0.0,1978132,0.0,0.0,0.0,0,0,0,0.0,0.0,1978132,32,0.0,DoS attacks-GoldenEye
-1,120000000,922393,80,1352.949759,709552,922393,119997173,739.1340794,2838208,2838208,32.0,32.0,32,1352.949759,739.1340794,32,32.0,1,0.0,32.00036079,0.0,0,0,0,0.0,0.0,1,8,0.0,DDOS attack-LOIC-UDP
211,99999815,99999815,80,99999815.0,64,99999814,99999817,0.0200000366,16,16,8.0,8.0,8,33333272.3333333,0.0400000732,8,4.8,99999815,0.0,6.0,0.0,0,0,0,19.2,4.38178046,1,32,0.0,DoS attacks-Slowloris
2052,448,448,8080,448.0,40,448,448,4464.285714,0,0,0.0,0.0,0,448.0,4464.285714,0,0.0,448,0.0,0.0,0.0,0,0,0,0.0,0.0,448,20,0.0,Bot
253,335116,163350,31808,83779.0,100,92083,335116,14.9202067344,3488,3488,697.6,697.6,1168,37235.1111111111,29.8404134688,1168,445.0909090909,150,134.4,489.6,134.4,560,672,672,193629.090909091,440.0330566095,150,20,452.9158862305,Brute Force -Web
2052,500,500,8080,500.0,40,500,500,4000.0,0,0,0.0,0.0,0,500.0,4000.0,0,0.0,500,0.0,0.0,0.0,0,0,0,0.0,0.0,500,20,0.0,Bot
2053,107,107,80,107.0,40,107,107,18691.5887850467,0,0,0.0,0.0,0,107.0,18691.5887850467,0,0.0,107,0.0,0.0,0.0,0,0,0,0.0,0.0,107,20,0.0,Brute Force -XSS
16384,226315,226315,3389,226315.0,40,226218,226315,8.83724012990743,0,0,0.0,0.0,0,113157.5,13.255860194861146,0,0.0,226315,0.0,0.0,0.0,0,0,0,0.0,0.0,97,20,0.0,Benign
225,706,706,80,706.0,64,706,706,2832.86119,0,0,0.0,0.0,0,706.0,2832.86119,0,0.0,706,0.0,0.0,0.0,0,0,0,0.0,0.0,706,32,0.0,DoS attacks-Hulk
26883,289070,152179,80,72267.5,168,152179,289070,17.2968485142,517,517,103.4,103.4,517,41295.7142857143,27.6749576227,662,131.0,285,220.6666666667,147.375,220.6666666667,662,662,662,68885.5,262.4604732145,4,32,231.2094288735,DoS attacks-GoldenEye
-1,79549,79549,53,79549.0,16,79271,79973,25.00844035,66,66,33.0,33.0,33,26657.66667,50.0168807,49,39.4,79549,49.0,49.25,49.0,49,98,98,76.8,8.76356092,278,8,0.0,Infilteration
2052,483,483,8080,483.0,40,483,483,4140.786749,0,0,0.0,0.0,0,483.0,4140.786749,0,0.0,483,0.0,0.0,0.0,0,0,0,0.0,0.0,483,20,0.0,Bot
255,176,176,80,176.0,40,176,176,11363.63636,0,0,0.0,0.0,0,176.0,11363.63636,0,0.0,176,0.0,0.0,0.0,0,0,0,0.0,0.0,176,20,0.0,Infilteration
-1,0,0,53,0.0,8,229,229,4366.812227,37,37,37.0,37.0,37,229.0,8733.624454,53,42.33333333,0,53.0,63.5,53.0,53,53,53,85.33333333,9.237604307,229,8,0.0,Infilteration
237,3,2,52902,1.5,60,2,3,1000000.0,31,31,10.3333333333,10.3333333333,31,1.5,1000000.0,31,7.75,1,0.0,10.3333333333,0.0,0,0,0,240.25,15.5,1,20,17.8978583449,Benign
65535,11595,11306,80,5797.5,72,22896,34514,86.92124935,365,365,121.6666667,121.6666667,365,5752.333333,202.8162485,935,162.5,289,233.75,185.7142857,233.75,935,935,935,113742.8571,337.2578496,3,20,210.7328483,DDOS attack-HOIC
2051,23,23,80,23.0,40,23,23,86956.5217391304,0,0,0.0,0.0,0,23.0,86956.5217391304,0,0.0,23,0.0,0.0,0.0,0,0,0,0.0,0.0,23,20,0.0,SQL Injection
2047,128,128,80,128.0,40,128,128,15625.0,0,0,0.0,0.0,0,128.0,15625.0,0,0.0,128,0.0,0.0,0.0,0,0,0,0.0,0.0,128,20,0.0,Brute Force -Web
26883,370292,118648,22,17632.9523809524,712,118648,370712,59.3452599322,1944,1944,88.3636363636,88.3636363636,640,8621.2093023256,118.6905198645,976,102.4222222222,259,121.1363636364,104.75,121.1363636364,976,2665,2665,41511.6585858586,203.7441007388,4,32,137.8690011274,SSH-Bruteforce
225,46621,46621,80,46621.0,64,46621,46621,42.89912271,0,0,0.0,0.0,0,46621.0,42.89912271,0,0.0,46621,0.0,0.0,0.0,0,0,0,0.0,0.0,46621,32,0.0,DoS attacks-Hulk
2052,512,512,8080,512.0,40,512,512,3906.25,0,0,0.0,0.0,0,512.0,3906.25,0,0.0,512,0.0,0.0,0.0,0,0,0,0.0,0.0,512,20,0.0,Bot
-1,120000000,875949,80,1069.326954,894936,875949,119621329,935.1760337,3579744,3579744,32.0,32.0,32,1069.326954,935.1760337,32,32.0,0,0.0,32.00028605,0.0,0,0,0,0.0,0.0,0,8,0.0,DDOS attack-LOIC-UDP
2047,49,49,80,49.0,40,49,49,40816.3265306122,0,0,0.0,0.0,0,49.0,40816.3265306122,0,0.0,49,0.0,0.0,0.0,0,0,0,0.0,0.0,49,20,0.0,Brute Force -Web
-1,672151,550051,80,164.0593117,32784,550051,672151,6096.84431,131136,131136,32.0,32.0,32,164.0593117,6096.84431,32,32.0,1,0.0,32.00780869,0.0,0,0,0,0.0,0.0,1,8,0.0,DDOS attack-LOIC-UDP
26883,0,0,21,0.0,40,21,21,47619.04762,0,0,0.0,0.0,0,21.0,95238.09524,0,0.0,0,0.0,0.0,0.0,0,0,0,0.0,0.0,21,40,0.0,DoS attacks-SlowHTTPTest
26883,381192,107843,22,17326.9090909091,744,107843,381242,60.3291347753,1944,1944,84.5217391304,84.5217391304,640,9077.1904761905,112.7892519712,976,104.75,279,133.25,107.1860465116,133.25,976,2665,2665,42227.5406976744,205.4934079178,5,32,135.9534912338,SSH-Bruteforce
225,1477,1477,80,1477.0,64,1477,1477,1354.096141,0,0,0.0,0.0,0,1477.0,1354.096141,0,0.0,1477,0.0,0.0,0.0,0,0,0,0.0,0.0,1477,32,0.0,DoS attacks-Hulk
-1,89479058,41990392,500,17895811.6,48,41990392,89479058,0.0670547962,3000,3000,500.0,500.0,500,17895811.6,0.0670547962,500,500.0,3999708,0.0,583.3333333333,0.0,0,0,0,0.0,0.0,3999708,8,0.0,Brute Force -Web
225,32629,32629,80,32629.0,64,32629,32629,61.29516688,0,0,0.0,0.0,0,32629.0,61.29516688,0,0.0,32629,0.0,0.0,0.0,0,0,0,0.0,0.0,32629,32,0.0,DoS attacks-Hulk
32738,821,821,80,821.0,40,821,821,2436.053593,0,0,0.0,0.0,0,821.0,2436.053593,0,0.0,821,0.0,0.0,0.0,0,0,0,0.0,0.0,821,20,0.0,DDOS attack-HOIC
26883,0,0,21,0.0,40,4,4,250000.0,0,0,0.0,0.0,0,4.0,500000.0,0,0.0,0,0.0,0.0,0.0,0,0,0,0.0,0.0,4,40,0.0,FTP-BruteForce
2052,508,508,8080,508.0,40,508,508,3937.007874,0,0,0.0,0.0,0,508.0,3937.007874,0,0.0,508,0.0,0.0,0.0,0,0,0,0.0,0.0,508,20,0.0,Bot
8192,556,506,8080,278.0,72,10157,11153,268.9859231,326,326,108.6666667,108.6666667,326,1858.833333,627.6338205,326,56.875,50,32.25,65.0,32.25,112,129,129,13318.69643,115.4066568,1,20,188.2161878,Bot
2053,541,541,80,541.0,40,541,541,3696.8576709797,0,0,0.0,0.0,0,541.0,3696.8576709797,0,0.0,541,0.0,0.0,0.0,0,0,0,0.0,0.0,541,20,0.0,Brute Force -XSS
26883,0,0,21,0.0,40,22,22,45454.54545,0,0,0.0,0.0,0,22.0,90909.09091,0,0.0,0,0.0,0.0,0.0,0,0,0,0.0,0.0,22,40,0.0,DoS attacks-SlowHTTPTest
-1,18398,18398,53,18398.0,16,18011,18744,106.7008109,74,74,37.0,37.0,37,6248.0,213.4016219,69,49.8,18398,69.0,62.25,69.0,69,138,138,307.2,17.52712184,346,8,0.0,Infilteration
8192,373,346,80,186.5,72,1011652,1012054,2.964268705,20,20,6.666666667,6.666666667,20,168675.6667,6.916626978,964,123.0,27,241.0,140.5714286,241.0,964,964,964,115523.4286,339.8873763,7,20,11.54700538,DDoS attacks-LOIC-HTTP
8192,322,217,80,161.0,72,181,566,5300.35335689046,161,161,53.66666666666666,53.66666666666666,161,94.33333333333331,12367.491166077738,488,81.125,105,122.0,92.71428571428572,122.0,488,488,488,30202.125,173.78758586274222,1,20,92.95339333952974,Benign
8192,287,284,80,143.5,72,1234164,1234496,2.430141531,20,20,6.666666667,6.666666667,20,205749.3333,5.67033024,964,123.0,3,241.0,140.5714286,241.0,964,964,964,115523.4286,339.8873763,3,20,11.54700538,DDoS attacks-LOIC-HTTP
26883,0,0,21,0.0,40,2,2,500000.0,0,0,0.0,0.0,0,2.0,1000000.0,0,0.0,0,0.0,0.0,0.0,0,0,0,0.0,0.0,2,40,0.0,DoS attacks-SlowHTTPTest
2053,59,52,80,29.5,60,52,59,50847.4576271186,0,0,0.0,0.0,0,29.5,50847.4576271186,0,0.0,7,0.0,0.0,0.0,0,0,0,0.0,0.0,7,20,0.0,Brute Force -XSS
32738,19545,19545,80,19545.0,40,19545,19545,102.3279611,0,0,0.0,0.0,0,19545.0,102.3279611,0,0.0,19545,0.0,0.0,0.0,0,0,0,0.0,0.0,19545,20,0.0,DDOS attack-HOIC
65535,15760,15425,80,7880.0,72,15425,23551,127.383126,249,249,83.0,83.0,249,3925.166667,297.227294,935,148.0,335,233.75,169.1428571,233.75,935,935,935,108713.4286,329.7171948,2,20,143.760217,DDOS attack-HOIC
-1,120000000,680999,80,929.2072012,1032280,680999,119899322,1076.194576,4129120,4129120,32.0,32.0,32,929.2072012,1076.194576,32,32.0,0,0.0,32.00024799,0.0,0,0,0,0.0,0.0,0,8,0.0,DDOS attack-LOIC-UDP
26883,0,0,21,0.0,40,6,6,166666.666666667,0,0,0.0,0.0,0,6.0,333333.333333333,0,0.0,0,0.0,0.0,0.0,0,0,0,0.0,0.0,6,40,0.0,FTP-BruteForce
31755,0,0,53271,0.0,20,7,7,142857.1429,0,0,0.0,0.0,0,7.0,285714.2857,0,0.0,0,0.0,0.0,0.0,0,0,0,0.0,0.0,7,20,0.0,Infilteration
8192,117000000,10200000,443,1340196.839,1772,10200000,116597125,0.754735591,1025,1025,11.64772727,11.64772727,517,470149.6976,2.13555866,1460,833.24,13,1287.484472,836.5863454,1287.484472,1460,207285,207285,514905.5084,717.5691663,0,20,70.39691081,Infilteration
26883,0,0,21,0.0,40,22,22,45454.54545,0,0,0.0,0.0,0,22.0,90909.09091,0,0.0,0,0.0,0.0,0.0,0,0,0,0.0,0.0,22,40,0.0,DoS attacks-SlowHTTPTest
241,0,0,22,0.0,32,4,4,250000.0,0,0,0.0,0.0,0,4.0,500000.0,0,0.0,0,0.0,0.0,0.0,0,0,0,0.0,0.0,4,32,0.0,SSH-Bruteforce
26883,379161,122574,22,18055.2857142857,712,122574,379662,57.946278532,1928,1928,87.6363636364,87.6363636364,640,9039.5714285714,113.2586353125,976,104.3863636364,189,126.9047619048,106.8139534884,126.9047619048,976,2665,2665,42227.9635306554,205.4944367389,3,32,137.7805520365,SSH-Bruteforce
2049,42400000,42400000,80,42400000.0,40,42400000,42429473,0.047137046,0,0,0.0,0.0,0,42400000.0,0.047137046,0,0.0,42400000,0.0,0.0,0.0,0,0,0,0.0,0.0,42400000,20,0.0,DDoS attacks-LOIC-HTTP
-1,120000000,646850,80,987.6501649,970568,646850,119821718,1012.512606,3882272,3882272,32.0,32.0,32,987.6501649,1012.512606,32,32.0,0,0.0,32.00026376,0.0,0,0,0,0.0,0.0,0,8,0.0,DDOS attack-LOIC-UDP
26883,106674522,53247479,80,8205732.46153846,456,53247479,106674524,0.1312403325,2530,2530,180.7142857143,180.7142857143,230,6667157.75,0.1593632609,230,140.5555555556,147,0.0,148.8235294118,0.0,0,0,0,13311.4379084967,115.375204912,2,32,97.9375221341,DoS attacks-Slowloris
8192,157457,157456,445,78728.5,72,157401,157457,19.05282077011501,0,0,0.0,0.0,0,52485.66666666667,25.403761026820018,0,0.0,1,0.0,0.0,0.0,0,0,0,0.0,0.0,1,20,0.0,Benign
226,12081321,12081321,80,12081321.0,64,12081321,12081321,0.1655448109,0,0,0.0,0.0,0,12081321.0,0.1655448109,0,0.0,12081321,0.0,0.0,0.0,0,0,0,0.0,0.0,12081321,32,0.0,DoS attacks-GoldenEye
8192,335,332,80,167.5,72,1402244,1402614,2.138863579,20,20,6.666666667,6.666666667,20,233769.0,4.990681684,964,123.0,3,241.0,140.5714286,241.0,964,964,964,115523.4286,339.8873763,3,20,11.54700538,DDoS attacks-LOIC-HTTP
26883,0,0,21,0.0,40,4,4,250000.0,0,0,0.0,0.0,0,4.0,500000.0,0,0.0,0,0.0,0.0,0.0,0,0,0,0.0,0.0,4,40,0.0,DoS attacks-SlowHTTPTest
26883,0,0,21,0.0,40,26,26,38461.5384615385,0,0,0.0,0.0,0,26.0,76923.0769230769,0,0.0,0,0.0,0.0,0.0,0,0,0,0.0,0.0,26,40,0.0,FTP-BruteForce
-1,120000000,633525,80,1055.299893,908360,633525,119822971,947.6062816,3633440,3633440,32.0,32.0,32,1055.299893,947.6062816,32,32.0,0,0.0,32.00028183,0.0,0,0,0,0.0,0.0,0,8,0.0,DDOS attack-LOIC-UDP
26883,0,0,21,0.0,40,2,2,500000.0,0,0,0.0,0.0,0,2.0,1000000.0,0,0.0,0,0.0,0.0,0.0,0,0,0,0.0,0.0,2,40,0.0,DoS attacks-SlowHTTPTest
221,5131103,5131103,80,5131103.0,64,5131103,5131103,0.3897797413,0,0,0.0,0.0,0,5131103.0,0.3897797413,0,0.0,5131103,0.0,0.0,0.0,0,0,0,0.0,0.0,5131103,32,0.0,DoS attacks-GoldenEye
211,81786756,81786756,80,81786756.0,64,81786754,81786756,0.024453837,8,8,4.0,4.0,8,40893378.0,0.0366807555,8,4.0,81786756,0.0,5.3333333333,0.0,0,0,0,21.3333333333,4.6188021535,2,32,5.6568542495,DoS attacks-Slowloris
8192,385,333,80,192.5,72,847149,847596,3.539422083,20,20,6.666666667,6.666666667,20,141266.0,8.258651527,964,123.0,52,241.0,140.5714286,241.0,964,964,964,115523.4286,339.8873763,7,20,11.54700538,DDoS attacks-LOIC-HTTP
-1,119000000,940971,80,1321.20736,722576,940971,119332770,756.8918412,2890304,2890304,32.0,32.0,32,1321.20736,756.8918412,32,32.0,0,0.0,32.00035429,0.0,0,0,0,0.0,0.0,0,8,0.0,DDOS attack-LOIC-UDP
225,18630,18630,80,18630.0,64,18630,18630,107.3537305,0,0,0.0,0.0,0,18630.0,107.3537305,0,0.0,18630,0.0,0.0,0.0,0,0,0,0.0,0.0,18630,32,0.0,DoS attacks-Hulk
32738,6850,6850,80,6850.0,40,6850,6850,291.9708029,0,0,0.0,0.0,0,6850.0,291.9708029,0,0.0,6850,0.0,0.0,0.0,0,0,0,0.0,0.0,6850,20,0.0,DDOS attack-HOIC
2047,150,150,80,150.0,40,150,150,13333.3333333333,0,0,0.0,0.0,0,150.0,13333.3333333333,0,0.0,150,0.0,0.0,0.0,0,0,0,0.0,0.0,150,20,0.0,Brute Force -Web
-1,0,0,53,0.0,8,830,830,1204.819277,33,33,33.0,33.0,33,830.0,2409.638554,61,42.33333333,0,61.0,63.5,61.0,61,61,61,261.3333333,16.16580754,830,8,0.0,Infilteration
26883,0,0,21,0.0,40,19,19,52631.5789473684,0,0,0.0,0.0,0,19.0,105263.157894737,0,0.0,0,0.0,0.0,0.0,0,0,0,0.0,0.0,19,40,0.0,FTP-BruteForce
26883,6867,3396,80,2289.0,136,5003736,5010603,0.7983071099,309,309,77.25,77.25,309,715800.428571429,1.5966142199,662,107.8888888889,298,165.5,121.375,165.5,662,662,662,53620.6111111111,231.5612469977,5,32,154.5,DoS attacks-GoldenEye
226,2163376,2163376,80,2163376.0,64,2163376,2163376,0.9244809964,0,0,0.0,0.0,0,2163376.0,0.9244809964,0,0.0,2163376,0.0,0.0,0.0,0,0,0,0.0,0.0,2163376,32,0.0,DoS attacks-GoldenEye
219,4259058,4060553,55206,1064764.5,168,4060545,4259058,1.173968516,935,935,187.0,187.0,935,608436.8571,1.878349626,935,147.4444444,24,130.6666667,165.875,130.6666667,392,392,392,104028.7778,322.5349249,6,32,418.1447118,Benign
2049,33800000,33800000,80,33800000.0,40,33800000,33823372,0.05913071,0,0,0.0,0.0,0,33800000.0,0.05913071,0,0.0,33800000,0.0,0.0,0.0,0,0,0,0.0,0.0,33800000,20,0.0,DDoS attacks-LOIC-HTTP
8192,162001,161671,80,54000.3333333333,92,6195772,6357773,0.6291511194,97,97,24.25,24.25,97,908253.285714286,1.2583022388,232,36.5555555556,105,58.0,41.125,58.0,232,232,232,6400.7777777778,80.0048609634,40,20,48.5,Benign
-1,120000000,852216,80,1586.428384,603168,852216,119608768,630.3551258,2412672,2412672,32.0,32.0,32,1586.428384,630.3551258,32,32.0,0,0.0,32.00042443,0.0,0,0,0,0.0,0.0,0,8,0.0,DDOS attack-LOIC-UDP
26883,376829,98719,22,17944.2380952381,712,98719,376868,58.3758769649,1912,1912,86.9090909091,86.9090909091,640,8764.3720930233,116.7517539298,976,101.7111111111,286,121.1363636364,104.0227272727,121.1363636364,976,2665,2665,41508.8464646465,203.7371995112,5,32,137.6880217811,SSH-Bruteforce
26883,0,0,21,0.0,40,3,3,333333.3333,0,0,0.0,0.0,0,3.0,666666.6667,0,0.0,0,0.0,0.0,0.0,0,0,0,0.0,0.0,3,40,0.0,DoS attacks-SlowHTTPTest
2051,22,22,80,22.0,40,22,22,90909.0909090909,0,0,0.0,0.0,0,22.0,90909.0909090909,0,0.0,22,0.0,0.0,0.0,0,0,0,0.0,0.0,22,20,0.0,SQL Injection
241,0,0,22,0.0,32,6,6,166666.666666667,0,0,0.0,0.0,0,6.0,333333.333333333,0,0.0,0,0.0,0.0,0.0,0,0,0,0.0,0.0,6,32,0.0,SSH-Bruteforce
-1,120000000,682892,80,1234.692293,775888,682892,119746632,809.926746,3103552,3103552,32.0,32.0,32,1234.692293,809.926746,32,32.0,0,0.0,32.00032994,0.0,0,0,0,0.0,0.0,0,8,0.0,DDOS attack-LOIC-UDP
-1,120000000,627824,80,1034.948942,924608,627824,119614224,966.2396004,3698432,3698432,32.0,32.0,32,1034.948942,966.2396004,32,32.0,0,0.0,32.00027687,0.0,0,0,0,0.0,0.0,0,8,0.0,DDOS attack-LOIC-UDP
225,2295,2295,80,2295.0,64,2295,2295,871.459695,0,0,0.0,0.0,0,2295.0,871.459695,0,0.0,2295,0.0,0.0,0.0,0,0,0,0.0,0.0,2295,32,0.0,DoS attacks-Hulk
26883,0,0,21,0.0,40,3,3,333333.333333333,0,0,0.0,0.0,0,3.0,666666.666666667,0,0.0,0,0.0,0.0,0.0,0,0,0,0.0,0.0,3,40,0.0,FTP-BruteForce
2047,1041,1041,80,1041.0,40,1041,1041,1921.2295869356,0,0,0.0,0.0,0,1041.0,1921.2295869356,0,0.0,1041,0.0,0.0,0.0,0,0,0,0.0,0.0,1041,20,0.0,Brute Force -Web
32738,3155,3155,80,3155.0,40,3155,3155,633.9144216,0,0,0.0,0.0,0,3155.0,633.9144216,0,0.0,3155,0.0,0.0,0.0,0,0,0,0.0,0.0,3155,20,0.0,DDOS attack-HOIC
26883,0,0,21,0.0,40,3,3,333333.333333333,0,0,0.0,0.0,0,3.0,666666.666666667,0,0.0,0,0.0,0.0,0.0,0,0,0,0.0,0.0,3,40,0.0,FTP-BruteForce
257,45,45,51551,45.0,40,45,45,44444.444444444445,0,0,0.0,0.0,0,45.0,44444.444444444445,0,0.0,45,0.0,0.0,0.0,0,0,0,0.0,0.0,45,20,0.0,Benign
26883,0,0,21,0.0,40,19,19,52631.5789473684,0,0,0.0,0.0,0,19.0,105263.157894737,0,0.0,0,0.0,0.0,0.0,0,0,0,0.0,0.0,19,40,0.0,FTP-BruteForce
-1,120000000,815666,80,1139.995473,839488,815666,119625425,877.204825,3357952,3357952,32.0,32.0,32,1139.995473,877.204825,32,32.0,0,0.0,32.00030495,0.0,0,0,0,0.0,0.0,0,8,0.0,DDOS attack-LOIC-UDP
26883,360396,122239,22,17161.7142857143,712,122239,360456,61.033801629,1912,1912,86.9090909091,86.9090909091,640,8382.6976744186,122.0676032581,976,101.7111111111,105,121.1363636364,104.0227272727,121.1363636364,976,2665,2665,41508.8464646465,203.7371995112,5,32,137.6880217811,SSH-Bruteforce
-1,24612,24612,53,24612.0,16,24612,24997,80.00960115213826,90,90,45.0,45.0,45,8332.333333333332,160.01920230427652,101,67.4,24612,101.0,84.25,101.0,101,202,202,940.8,30.672463220289305,135,8,0.0,Benign
32738,11623,11623,80,11623.0,40,11623,11623,172.0726146,0,0,0.0,0.0,0,11623.0,172.0726146,0,0.0,11623,0.0,0.0,0.0,0,0,0,0.0,0.0,11623,20,0.0,DDOS attack-HOIC
26883,0,0,21,0.0,40,3,3,333333.3333,0,0,0.0,0.0,0,3.0,666666.6667,0,0.0,0,0.0,0.0,0.0,0,0,0,0.0,0.0,3,40,0.0,DoS attacks-SlowHTTPTest
241,0,0,22,0.0,32,6,6,166666.666666667,0,0,0.0,0.0,0,6.0,333333.333333333,0,0.0,0,0.0,0.0,0.0,0,0,0,0.0,0.0,6,32,0.0,SSH-Bruteforce
26883,106949209,53234973,80,8226862.23076923,456,53234973,106949215,0.1309032516,2530,2530,180.7142857143,180.7142857143,230,6684325.9375,0.1589539484,230,140.5555555556,161,0.0,148.8235294118,0.0,0,0,0,13311.4379084967,115.375204912,6,32,97.9375221341,DoS attacks-Slowloris
8192,431,386,8080,215.5,72,15417,16092,186.4280388,285,285,95.0,95.0,285,2682.0,434.9987571,285,51.75,45,32.25,59.14285714,32.25,112,129,129,10376.21429,101.8637045,1,20,164.5448267,Bot
226,1495180,1495180,80,1495180.0,64,1495180,1495180,1.3376315895,0,0,0.0,0.0,0,1495180.0,1.3376315895,0,0.0,1495180,0.0,0.0,0.0,0,0,0,0.0,0.0,1495180,32,0.0,DoS attacks-GoldenEye
-1,0,0,53,0.0,8,1610,1610,621.1180124,41,41,41.0,41.0,41,1610.0,1242.236025,127,69.66666667,0,127.0,104.5,127.0,127,127,127,2465.333333,49.65212315,1610,8,0.0,Infilteration
2053,505,505,80,505.0,40,505,505,3960.396039604,0,0,0.0,0.0,0,505.0,3960.396039604,0,0.0,505,0.0,0.0,0.0,0,0,0,0.0,0.0,505,20,0.0,Brute Force -XSS
8192,1659128,1223754,3389,184347.5555555556,208,937910,1659128,6.027262513802431,1148,1148,114.8,114.8,677,103695.5,10.246346273464134,1173,151.61111111111114,3,225.8571428571429,160.52941176470588,225.8571428571429,1173,1581,1581,93075.42810457514,305.08265782337605,3,20,210.0924664152536,Benign
226,16076211,16076211,80,16076211.0,64,16076211,16076211,0.1244074241,0,0,0.0,0.0,0,16076211.0,0.1244074241,0,0.0,16076211,0.0,0.0,0.0,0,0,0,0.0,0.0,16076211,32,0.0,DoS attacks-GoldenEye
-1,120000000,577921,80,937.2487025,1020440,577921,119549821,1066.961029,4081760,4081760,32.0,32.0,32,937.2487025,1066.961029,32,32.0,0,0.0,32.00025087,0.0,0,0,0,0.0,0.0,0,8,0.0,DDOS attack-LOIC-UDP
2049,35800000,35800000,80,35800000.0,40,35800000,35758668,0.055930495,0,0,0.0,0.0,0,35800000.0,0.055930495,0,0.0,35800000,0.0,0.0,0.0,0,0,0,0.0,0.0,35800000,20,0.0,DDoS attacks-LOIC-HTTP
26883,6738209,6737905,80,2246069.66666667,136,6737538,11742351,0.3406472861,445,445,111.25,111.25,445,1677478.71428571,0.6812945721,972,157.4444444444,24,243.0,177.125,243.0,972,972,972,114963.777777778,339.0630881971,4,32,222.5,DoS attacks-GoldenEye
-1,0,0,53,0.0,8,566,566,1766.784452,36,36,36.0,36.0,36,566.0,3533.568905,52,41.33333333,0,52.0,62.0,52.0,52,52,52,85.33333333,9.237604307,566,8,0.0,Infilteration
8192,328,327,80,164.0,72,886568,886927,3.382465524,20,20,6.666666667,6.666666667,20,147821.1667,7.892419557,964,123.0,1,241.0,140.5714286,241.0,964,964,964,115523.4286,339.8873763,1,20,11.54700538,DDoS attacks-LOIC-HTTP
8192,56314648,1180676,80,370491.105263158,3072,1180676,56316355,2.7167951477,54995,54995,359.4444444444,359.4444444444,646,219985.76171875,4.5635055749,1068,494.1201550388,309,697.0,496.0428015564,697.0,1068,72488,72488,126320.31624589,355.4156949909,6,20,271.4171844443,Brute Force -Web
2052,487,487,8080,487.0,40,487,487,4106.776181,0,0,0.0,0.0,0,487.0,4106.776181,0,0.0,487,0.0,0.0,0.0,0,0,0,0.0,0.0,487,20,0.0,Bot
26883,0,0,21,0.0,40,2,2,500000.0,0,0,0.0,0.0,0,2.0,1000000.0,0,0.0,0,0.0,0.0,0.0,0,0,0,0.0,0.0,2,40,0.0,DoS attacks-SlowHTTPTest
-1,120000000,679781,80,727.2953637,1315024,679781,119550630,1374.965569,5260096,5260096,32.0,32.0,32,727.2953637,1374.965569,32,32.0,0,0.0,32.00019467,0.0,0,0,0,0.0,0.0,0,8,0.0,DDOS attack-LOIC-UDP
26883,0,0,21,0.0,40,19,19,52631.5789473684,0,0,0.0,0.0,0,19.0,105263.157894737,0,0.0,0,0.0,0.0,0.0,0,0,0,0.0,0.0,19,40,0.0,FTP-BruteForce
8192,637,573,8080,318.5,72,9527,10729,279.615994,326,326,108.6666667,108.6666667,326,1788.166667,652.4373194,326,56.875,64,32.25,65.0,32.25,112,129,129,13318.69643,115.4066568,23,20,188.2161878,Bot
-1,120000000,943428,80,1021.860603,939136,943428,119957238,978.6153963,3756544,3756544,32.0,32.0,32,1021.860603,978.6153963,32,32.0,1,0.0,32.00027259,0.0,0,0,0,0.0,0.0,1,8,0.0,DDOS attack-LOIC-UDP
-1,0,0,53,0.0,8,1103,1103,906.6183137,36,36,36.0,36.0,36,1103.0,1813.236627,104,58.66666667,0,104.0,88.0,104.0,104,104,104,1541.333333,39.2598183,1103,8,0.0,Infilteration
26883,0,0,21,0.0,40,9,9,111111.1111,0,0,0.0,0.0,0,9.0,222222.2222,0,0.0,0,0.0,0.0,0.0,0,0,0,0.0,0.0,9,40,0.0,DoS attacks-SlowHTTPTest
26883,389710,152442,22,18557.6190476191,712,152442,389766,56.444122884,1912,1912,86.9090909091,86.9090909091,640,9506.4878048781,107.7569618694,976,106.4418604651,292,133.25,108.9761904762,133.25,976,2665,2665,42969.919158361,207.2918694941,6,32,137.6880217811,SSH-Bruteforce
2210,0,0,53682,0.0,20,196,196,5102.0408163265,0,0,0.0,0.0,0,196.0,10204.0816326531,0,0.0,0,0.0,0.0,0.0,0,0,0,0.0,0.0,196,20,0.0,Benign
26883,6907588,6907122,80,2302529.33333333,136,6906816,11910068,0.3358503075,469,469,117.25,117.25,469,1701438.28571429,0.671700615,972,160.1111111111,207,243.0,180.125,243.0,972,972,972,116753.111111111,341.6915438098,4,32,234.5,DoS attacks-GoldenEye
26883,369791,57210,22,16077.8695652174,776,57210,370706,64.7413314055,1912,1912,79.6666666667,79.6666666667,640,8237.9111111111,124.0875518605,976,97.3829787234,203,121.1363636364,99.5,121.1363636364,976,2665,2665,40134.7631822387,200.3366246652,5,32,133.8339875812,SSH-Bruteforce
1024,0,0,6565,0.0,24,2,2,500000.0,0,0,0.0,0.0,0,2.0,1000000.0,0,0.0,0,0.0,0.0,0.0,0,0,0,0.0,0.0,2,24,0.0,Infilteration
225,4529,4529,80,4529.0,64,4529,4529,441.5985869,0,0,0.0,0.0,0,4529.0,441.5985869,0,0.0,4529,0.0,0.0,0.0,0,0,0,0.0,0.0,4529,32,0.0,DoS attacks-Hulk
2049,28500000,28500000,80,28500000.0,40,28500000,28514679,0.070139313,0,0,0.0,0.0,0,28500000.0,0.070139313,0,0.0,28500000,0.0,0.0,0.0,0,0,0,0.0,0.0,28500000,20,0.0,DDoS attacks-LOIC-HTTP
8192,70700000,10000000,443,5047458.714,312,10000000,80539034,0.186245095,1207,1207,80.46666667,80.46666667,661,2684634.467,0.384906529,1460,163.03125,229,250.625,168.2903226,250.625,1460,4010,4010,149737.9022,386.9598199,1,20,188.1446505,Benign
8192,475,422,8080,237.5,72,16922,17876,167.8227791,326,326,108.6666667,108.6666667,326,2979.333333,391.5864847,326,56.875,53,32.25,65.0,32.25,112,129,129,13318.69643,115.4066568,1,20,188.2161878,Bot
26883,0,0,21,0.0,40,20,20,50000.0,0,0,0.0,0.0,0,20.0,100000.0,0,0.0,0,0.0,0.0,0.0,0,0,0,0.0,0.0,20,40,0.0,DoS attacks-SlowHTTPTest
225,16869,16869,80,16869.0,64,16869,16869,118.5606734,0,0,0.0,0.0,0,16869.0,118.5606734,0,0.0,16869,0.0,0.0,0.0,0,0,0,0.0,0.0,16869,32,0.0,DoS attacks-Hulk
8192,60765,59550,80,20255.0,92,4947809,5008574,0.7986305084,646,646,161.5,161.5,646,715510.571428572,1.5972610168,646,112.2222222222,427,91.0,126.25,91.0,364,364,364,54558.4444444445,233.5774913052,19,20,323.0,Brute Force -Web
65535,13668,13397,80,6834.0,72,13397,14509,206.7682128,267,267,89.0,89.0,267,2418.166667,482.4591633,935,150.25,271,233.75,171.7142857,233.75,935,935,935,109273.3571,330.5652086,4,20,154.1525219,DDOS attack-HOIC
8192,56639743,1019581,80,280394.767326732,4072,1019581,56641891,3.5839198942,56330,56330,277.4876847291,277.4876847291,680,185104.218954248,5.4200167858,1935,799.7402597403,494,1826.8269230769,802.345276873,1826.8269230769,1935,189990,189990,630684.030035111,794.1561748391,22,20,292.8687801257,Brute Force -XSS
32738,11909,11909,80,11909.0,40,11909,11909,167.9402133,0,0,0.0,0.0,0,11909.0,167.9402133,0,0.0,11909,0.0,0.0,0.0,0,0,0,0.0,0.0,11909,20,0.0,DDOS attack-HOIC
26883,376870,68704,22,17130.4545454545,744,41811,378027,60.8422149741,1944,1944,84.5217391304,84.5217391304,640,9000.6428571429,113.7484888646,976,104.75,282,133.25,107.1860465116,133.25,976,2665,2665,42227.5406976744,205.4934079178,6,32,135.9534912338,SSH-Bruteforce
-1,120000000,842677,80,1199.912236,800064,842677,119999623,833.4026183,3200256,3200256,32.0,32.0,32,1199.912236,833.4026183,32,32.0,0,0.0,32.00031997,0.0,0,0,0,0.0,0.0,0,8,0.0,DDOS attack-LOIC-UDP
8192,2885975,1175978,3389,288597.5,232,953199,2885975,3.8115368289746097,1036,1036,94.1818181818182,94.1818181818182,565,169763.23529411765,6.237060265594816,1149,129.73684210526318,75,204.1428571428571,136.94444444444446,204.14285714285717,1149,1429,1429,79042.87134502923,281.1456408074456,75,20,170.9864428437636,Benign
8192,9103080,5004566,80,1517180.0,152,5004566,9103080,0.7689705023,1070,1070,152.8571428571,152.8571428571,535,910308.0,1.2083822179,1853,275.9166666667,131,560.25,301.0,560.25,1853,2241,2241,294822.083333333,542.9752142901,17,20,261.0532695137,SQL Injection
26883,379342,130965,22,18063.9047619048,712,130965,379386,57.9884339433,1912,1912,86.9090909091,86.9090909091,640,8822.9302325581,115.9768678865,976,101.7111111111,125,121.1363636364,104.0227272727,121.1363636364,976,2665,2665,41508.8464646465,203.7371995112,6,32,137.6880217811,SSH-Bruteforce
253,284,260,443,142.0,60,260,284,10563.3802816901,77,77,25.6666666667,25.6666666667,46,142.0,10563.3802816901,46,30.75,24,0.0,41.0,0.0,0,0,0,470.25,21.6852484422,24,20,23.4591844132,Benign
241,0,0,22,0.0,32,4,4,250000.0,0,0,0.0,0.0,0,4.0,500000.0,0,0.0,0,0.0,0.0,0.0,0,0,0,0.0,0.0,4,32,0.0,SSH-Bruteforce
26883,0,0,21,0.0,40,1,1,1000000.0,0,0,0.0,0.0,0,1.0,2000000.0,0,0.0,0,0.0,0.0,0.0,0,0,0,0.0,0.0,1,40,0.0,DoS attacks-SlowHTTPTest
32738,1752,1752,80,1752.0,40,1752,1752,1141.552511,0,0,0.0,0.0,0,1752.0,1141.552511,0,0.0,1752,0.0,0.0,0.0,0,0,0,0.0,0.0,1752,20,0.0,DDOS attack-HOIC
-1,120000000,605387,80,922.2608886,1039808,605387,119870859,1084.30023,4159232,4159232,32.0,32.0,32,922.2608886,1084.30023,32,32.0,0,0.0,32.0002462,0.0,0,0,0,0.0,0.0,0,8,0.0,DDOS attack-LOIC-UDP
26883,7013208,6994551,80,1753302.0,168,6994264,7013208,0.7129404974,394,394,78.8,78.8,394,1001886.85714286,1.1407047959,972,151.7777777778,60,324.0,170.75,324.0,972,972,972,111586.444444444,334.0455724066,6,32,176.202156627,DoS attacks-GoldenEye
2049,33400000,33400000,80,33400000.0,40,33400000,33403832,0.05987337,0,0,0.0,0.0,0,33400000.0,0.05987337,0,0.0,33400000,0.0,0.0,0.0,0,0,0,0.0,0.0,33400000,20,0.0,DDoS attacks-LOIC-HTTP
-1,0,0,53,0.0,8,2461,2461,406.3388866314506,51,51,51.0,51.0,51,2461.0,812.6777732629013,67,56.333333333333336,0,67.0,84.5,67.0,67,67,67,85.33333333333333,9.237604307034012,2461,8,0.0,Benign
32738,4195,4195,80,4195.0,40,4195,4195,476.7580453,0,0,0.0,0.0,0,4195.0,476.7580453,0,0.0,4195,0.0,0.0,0.0,0,0,0,0.0,0.0,4195,20,0.0,DDOS attack-HOIC
26883,0,0,21,0.0,40,2,2,500000.0,0,0,0.0,0.0,0,2.0,1000000.0,0,0.0,0,0.0,0.0,0.0,0,0,0,0.0,0.0,2,40,0.0,FTP-BruteForce
8192,409,395,80,204.5,72,1177645,1178086,2.546503396,20,20,6.666666667,6.666666667,20,196347.6667,5.941841258,964,123.0,14,241.0,140.5714286,241.0,964,964,964,115523.4286,339.8873763,4,20,11.54700538,DDoS attacks-LOIC-HTTP
26883,6771379,6770815,80,2257126.33333333,136,6770494,11775980,0.3396744899,377,377,94.25,94.25,377,1682282.85714286,0.6793489799,972,149.8888888889,272,243.0,168.625,243.0,972,972,972,110589.111111111,332.5494115333,3,32,188.5,DoS attacks-GoldenEye
2049,29200000,29200000,80,29200000.0,40,29200000,29163146,0.068579707,0,0,0.0,0.0,0,29200000.0,0.068579707,0,0.0,29200000,0.0,0.0,0.0,0,0,0,0.0,0.0,29200000,20,0.0,DDoS attacks-LOIC-HTTP
26883,360070,105360,22,17146.1904761905,712,105360,360106,61.0931225806,1928,1928,87.6363636364,87.6363636364,640,8783.0731707317,116.6323249265,976,106.8139534884,332,133.25,109.3571428571,133.25,976,2665,2665,42967.9169435216,207.2870399796,3,32,137.7805520365,SSH-Bruteforce
26883,0,0,21,0.0,40,3,3,333333.333333333,0,0,0.0,0.0,0,3.0,666666.666666667,0,0.0,0,0.0,0.0,0.0,0,0,0,0.0,0.0,3,40,0.0,FTP-BruteForce
2053,152,129,80,76.0,60,129,152,19736.8421052632,0,0,0.0,0.0,0,76.0,19736.8421052632,0,0.0,23,0.0,0.0,0.0,0,0,0,0.0,0.0,23,20,0.0,Brute Force -XSS
8192,360,358,80,180.0,72,1550206,1550595,1.93474118,20,20,6.666666667,6.666666667,20,258432.5,4.514396087,964,123.0,2,241.0,140.5714286,241.0,964,964,964,115523.4286,339.8873763,2,20,11.54700538,DDoS attacks-LOIC-HTTP
241,0,0,22,0.0,32,5,5,200000.0,0,0,0.0,0.0,0,5.0,400000.0,0,0.0,0,0.0,0.0,0.0,0,0,0,0.0,0.0,5,32,0.0,SSH-Bruteforce
8192,119000000,10100000,80,7025867.353,372,10100000,119439745,0.150703604,873,873,48.5,48.5,431,3512933.676,0.293034785,1460,133.3333333,184,231.0,137.1428571,231.0,1460,3927,3927,128621.6571,358.6386164,1,20,139.1555414,Infilteration
8192,1673303,1122154,3389,239043.2857,172,953141,1673303,4.780963161,1128,1128,141.0,141.0,661,119521.6429,8.964305927,1173,169.3125,3,225.8571429,180.6,225.8571429,1173,1581,1581,100953.1625,317.731274,3,20,222.6233206,Infilteration
-1,0,0,53,0.0,8,1385,1385,722.0216606,40,40,40.0,40.0,40,1385.0,1444.043321,139,73.0,0,139.0,109.5,139.0,139,139,139,3267.0,57.15767665,1385,8,0.0,Infilteration
26883,0,0,21,0.0,40,7,7,142857.1429,0,0,0.0,0.0,0,7.0,285714.2857,0,0.0,0,0.0,0.0,0.0,0,0,0,0.0,0.0,7,40,0.0,DoS attacks-SlowHTTPTest
2047,98,98,80,98.0,40,98,98,20408.1632653061,0,0,0.0,0.0,0,98.0,20408.1632653061,0,0.0,98,0.0,0.0,0.0,0,0,0,0.0,0.0,98,20,0.0,Brute Force -Web
26883,0,0,21,0.0,40,20,20,50000.0,0,0,0.0,0.0,0,20.0,100000.0,0,0.0,0,0.0,0.0,0.0,0,0,0,0.0,0.0,20,40,0.0,DoS attacks-SlowHTTPTest
8192,1735,1433,80,867.5,72,1355758,1357524,2.209905681,20,20,6.666666667,6.666666667,20,226254.0,5.15644659,964,123.0,302,241.0,140.5714286,241.0,964,964,964,115523.4286,339.8873763,5,20,11.54700538,DDoS attacks-LOIC-HTTP
225,774,774,80,774.0,64,774,774,2583.979328,0,0,0.0,0.0,0,774.0,2583.979328,0,0.0,774,0.0,0.0,0.0,0,0,0,0.0,0.0,774,32,0.0,DoS attacks-Hulk
26883,0,0,21,0.0,40,5,5,200000.0,0,0,0.0,0.0,0,5.0,400000.0,0,0.0,0,0.0,0.0,0.0,0,0,0,0.0,0.0,5,40,0.0,DoS attacks-SlowHTTPTest
26883,6689936,6688797,80,2229978.66666667,136,6688494,11694649,0.3420367725,287,287,71.75,71.75,287,1670664.14285714,0.6840735451,972,139.8888888889,276,243.0,157.375,243.0,972,972,972,106379.111111111,326.1581075355,4,32,143.5,DoS attacks-GoldenEye
26883,0,0,21,0.0,40,20,20,50000.0,0,0,0.0,0.0,0,20.0,100000.0,0,0.0,0,0.0,0.0,0.0,0,0,0,0.0,0.0,20,40,0.0,FTP-BruteForce
26883,0,0,21,0.0,40,1,1,1000000.0,0,0,0.0,0.0,0,1.0,2000000.0,0,0.0,0,0.0,0.0,0.0,0,0,0,0.0,0.0,1,40,0.0,FTP-BruteForce
-1,89800000,724172,80,369.7568471,1942424,724172,89777702,2704.491144,7769696,7769696,32.0,32.0,32,369.7568471,2704.491144,32,32.0,0,0.0,32.00013179,0.0,0,0,0,0.0,0.0,0,8,0.0,DDOS attack-LOIC-UDP
241,0,0,22,0.0,32,11,11,90909.0909090909,0,0,0.0,0.0,0,11.0,181818.181818182,0,0.0,0,0.0,0.0,0.0,0,0,0,0.0,0.0,11,32,0.0,SSH-Bruteforce
8192,55108,54119,80,18369.3333333333,92,4953089,5008197,0.7986906266,646,646,161.5,161.5,646,715456.714285714,1.5973812532,646,112.2222222222,353,91.0,126.25,91.0,364,364,364,54558.4444444445,233.5774913052,15,20,323.0,Brute Force -Web
8192,118000000,58800000,443,6948922.471,372,58800000,118131682,0.152372333,1255,1255,69.72222222,69.72222222,330,3192748.162,0.321674925,1430,146.8461538,284,223.6,150.7105263,223.6,1430,4472,4472,105427.081,324.6953664,1,20,98.67045899,Benign
1024,0,0,135,0.0,24,12000000,21040741,0.047526843,0,0,0.0,0.0,0,5260185.25,0.237634216,0,0.0,0,0.0,0.0,0.0,0,0,0,0.0,0.0,60,24,0.0,Infilteration
2052,462,462,8080,462.0,40,462,462,4329.004329,0,0,0.0,0.0,0,462.0,4329.004329,0,0.0,462,0.0,0.0,0.0,0,0,0,0.0,0.0,462,20,0.0,Bot
26883,0,0,21,0.0,40,5,5,200000.0,0,0,0.0,0.0,0,5.0,400000.0,0,0.0,0,0.0,0.0,0.0,0,0,0,0.0,0.0,5,40,0.0,FTP-BruteForce
8192,55626407,1058282,80,365963.203947368,3072,1058282,55628072,2.750409901,54995,54995,359.4444444444,359.4444444444,646,217297.15625,4.6199695722,1068,494.0697674419,282,696.875,495.9922178988,696.875,1068,72475,72475,126262.726631074,355.3346684902,5,20,271.4171844443,Brute Force -Web
225,2465,2465,80,2465.0,64,2465,2465,811.3590264,0,0,0.0,0.0,0,2465.0,811.3590264,0,0.0,2465,0.0,0.0,0.0,0,0,0,0.0,0.0,2465,32,0.0,DoS attacks-Hulk
8192,356,354,80,178.0,72,1443366,1443756,2.077913442,20,20,6.666666667,6.666666667,20,240626.0,4.848464699,964,123.0,2,241.0,140.5714286,241.0,964,964,964,115523.4286,339.8873763,2,20,11.54700538,DDoS attacks-LOIC-HTTP
26883,0,0,21,0.0,40,5,5,200000.0,0,0,0.0,0.0,0,5.0,400000.0,0,0.0,0,0.0,0.0,0.0,0,0,0,0.0,0.0,5,40,0.0,DoS attacks-SlowHTTPTest
26883,0,0,21,0.0,40,2,2,500000.0,0,0,0.0,0.0,0,2.0,1000000.0,0,0.0,0,0.0,0.0,0.0,0,0,0,0.0,0.0,2,40,0.0,FTP-BruteForce
226,34281176,34281176,80,34281176.0,64,34281176,34281176,0.0583410557,0,0,0.0,0.0,0,34281176.0,0.0583410557,0,0.0,34281176,0.0,0.0,0.0,0,0,0,0.0,0.0,34281176,32,0.0,DoS attacks-GoldenEye
8192,171640,137609,80,57213.3333333333,92,4886133,5057773,0.790861907,1165,1165,291.25,291.25,1165,842962.166666667,1.3840083373,1165,237.25,11605,244.3333333333,271.1428571429,244.3333333333,733,733,733,206316.214285714,454.220446794,35,20,582.5,Benign
226,8887494,8887494,80,8887494.0,64,8887494,8887494,0.2250353137,0,0,0.0,0.0,0,8887494.0,0.2250353137,0,0.0,8887494,0.0,0.0,0.0,0,0,0,0.0,0.0,8887494,32,0.0,DoS attacks-GoldenEye
26883,419717,117363,22,18248.5652173913,776,117363,419774,57.1736219966,1912,1912,79.6666666667,79.6666666667,640,9762.1860465116,104.8183069938,976,101.7111111111,156,133.25,104.0227272727,133.25,976,2665,2665,41508.8464646465,203.7371995112,6,32,133.8339875812,SSH-Bruteforce
225,3511,3511,80,3511.0,64,3511,3511,569.6382797,0,0,0.0,0.0,0,3511.0,569.6382797,0,0.0,3511,0.0,0.0,0.0,0,0,0,0.0,0.0,3511,32,0.0,DoS attacks-Hulk
65535,1195,966,57095,298.75,124,699,1195,4184.100418,935,935,187.0,187.0,935,199.1666667,5857.740586,935,156.375,6,158.0,178.7142857,158.0,316,316,316,111207.9821,333.4786082,6,20,418.1447118,Benign
26883,0,0,21,0.0,40,2,2,500000.0,0,0,0.0,0.0,0,2.0,1000000.0,0,0.0,0,0.0,0.0,0.0,0,0,0,0.0,0.0,2,40,0.0,FTP-BruteForce
26883,0,0,21,0.0,40,20,20,50000.0,0,0,0.0,0.0,0,20.0,100000.0,0,0.0,0,0.0,0.0,0.0,0,0,0,0.0,0.0,20,40,0.0,FTP-BruteForce
-1,0,0,53,0.0,8,420,420,2380.9523809524,46,46,46.0,46.0,46,420.0,4761.9047619048,174,88.6666666667,0,174.0,133.0,174.0,174,174,174,5461.3333333333,73.9008344563,420,8,0.0,Benign
2049,6869967,6869967,80,6869967.0,40,6869967,6869967,0.291122214,0,0,0.0,0.0,0,6869967.0,0.291122214,0,0.0,6869967,0.0,0.0,0.0,0,0,0,0.0,0.0,6869967,20,0.0,DDoS attacks-LOIC-HTTP
1024,0,0,2702,0.0,24,2,2,500000.0,0,0,0.0,0.0,0,2.0,1000000.0,0,0.0,0,0.0,0.0,0.0,0,0,0,0.0,0.0,2,24,0.0,Infilteration
1024,0,0,1580,0.0,24,246,246,4065.04065,0,0,0.0,0.0,0,246.0,8130.081301,0,0.0,0,0.0,0.0,0.0,0,0,0,0.0,0.0,246,24,0.0,Infilteration
26883,288738,113365,22,15196.7368421053,648,113365,289268,69.1400362294,1928,1928,96.4,96.4,640,7055.3170731707,145.1940760817,976,106.8139534884,261,121.1363636364,109.3571428571,121.1363636364,976,2665,2665,42967.9169435216,207.2870399796,6,32,141.7478859027,SSH-Bruteforce
32738,7097,7097,80,7097.0,40,7097,7097,281.8092152,0,0,0.0,0.0,0,7097.0,281.8092152,0,0.0,7097,0.0,0.0,0.0,0,0,0,0.0,0.0,7097,20,0.0,DDOS attack-HOIC
241,0,0,22,0.0,32,7,7,142857.142857143,0,0,0.0,0.0,0,7.0,285714.285714286,0,0.0,0,0.0,0.0,0.0,0,0,0,0.0,0.0,7,32,0.0,SSH-Bruteforce
1024,0,0,1104,0.0,24,2,2,500000.0,0,0,0.0,0.0,0,2.0,1000000.0,0,0.0,0,0.0,0.0,0.0,0,0,0,0.0,0.0,2,24,0.0,Infilteration
26883,0,0,21,0.0,40,4,4,250000.0,0,0,0.0,0.0,0,4.0,500000.0,0,0.0,0,0.0,0.0,0.0,0,0,0,0.0,0.0,4,40,0.0,DoS attacks-SlowHTTPTest
-1,120000000,643847,80,887.0165611,1081576,643847,119921091,1127.383006,4326304,4326304,32.0,32.0,32,887.0165611,1127.383006,32,32.0,0,0.0,32.00023669,0.0,0,0,0,0.0,0.0,0,8,0.0,DDOS attack-LOIC-UDP
26883,892,544,80,297.3333333333,136,5004441,5005333,0.7991476291,340,340,85.0,85.0,340,715047.571428571,1.5982952583,972,145.7777777778,39,243.0,164.0,243.0,972,972,972,108640.444444444,329.6064993965,7,32,170.0,DoS attacks-GoldenEye
65535,1492,1206,55496,373.0,124,877,1492,3351.206434,935,935,187.0,187.0,935,248.6666667,4691.689008,935,151.0,6,136.5,172.5714286,136.5,273,273,273,109478.0,330.8745986,6,20,418.1447118,Benign
26883,0,0,21,0.0,40,20,20,50000.0,0,0,0.0,0.0,0,20.0,100000.0,0,0.0,0,0.0,0.0,0.0,0,0,0,0.0,0.0,20,40,0.0,FTP-BruteForce
26883,6959,6017,80,2319.6666666667,136,5000771,5007730,0.7987651091,340,340,85.0,85.0,340,715390.0,1.5975302183,972,145.7777777778,425,243.0,164.0,243.0,972,972,972,108640.444444444,329.6064993965,7,32,170.0,DoS attacks-GoldenEye
26883,409168,113887,22,19484.1904761905,712,113887,409215,53.7614701318,1912,1912,86.9090909091,86.9090909091,640,9516.6279069767,107.5229402637,976,101.7111111111,266,121.1363636364,104.0227272727,121.1363636364,976,2665,2665,41508.8464646465,203.7371995112,4,32,137.6880217811,SSH-Bruteforce
2049,33800000,33800000,80,33800000.0,40,33800000,33825018,0.059127833,0,0,0.0,0.0,0,33800000.0,0.059127833,0,0.0,33800000,0.0,0.0,0.0,0,0,0,0.0,0.0,33800000,20,0.0,DDoS attacks-LOIC-HTTP
8192,559,536,80,279.5,72,1123483,1124068,2.668877684,20,20,6.666666667,6.666666667,20,187344.6667,6.227381262,964,123.0,23,241.0,140.5714286,241.0,964,964,964,115523.4286,339.8873763,6,20,11.54700538,DDoS attacks-LOIC-HTTP
225,4669,4669,80,4669.0,64,4669,4669,428.3572499,0,0,0.0,0.0,0,4669.0,428.3572499,0,0.0,4669,0.0,0.0,0.0,0,0,0,0.0,0.0,4669,32,0.0,DoS attacks-Hulk
26883,0,0,21,0.0,40,9,9,111111.111111111,0,0,0.0,0.0,0,9.0,222222.222222222,0,0.0,0,0.0,0.0,0.0,0,0,0,0.0,0.0,9,40,0.0,FTP-BruteForce
225,4746,4746,80,4746.0,64,4746,4746,421.4075011,0,0,0.0,0.0,0,4746.0,421.4075011,0,0.0,4746,0.0,0.0,0.0,0,0,0,0.0,0.0,4746,32,0.0,DoS attacks-Hulk
226,1744781,1744781,80,1744781.0,64,1744781,1744781,1.1462756644,0,0,0.0,0.0,0,1744781.0,1.1462756644,0,0.0,1744781,0.0,0.0,0.0,0,0,0,0.0,0.0,1744781,32,0.0,DoS attacks-GoldenEye
26883,357094,115635,22,17854.7,680,115635,357178,58.7942146493,1912,1912,91.0476190476,91.0476190476,640,8504.2380952381,120.3881538057,976,104.0227272727,191,121.1363636364,106.4418604651,121.1363636364,976,2665,2665,42228.1157505285,205.4948071133,4,32,139.6790879804,SSH-Bruteforce
8192,1247,917,80,623.5,72,1807435,1808727,1.658625099,20,20,6.666666667,6.666666667,20,301454.5,3.870125232,964,123.0,330,241.0,140.5714286,241.0,964,964,964,115523.4286,339.8873763,7,20,11.54700538,DDoS attacks-LOIC-HTTP
226,37989342,37989342,80,37989342.0,64,37989342,37989342,0.0526463449,0,0,0.0,0.0,0,37989342.0,0.0526463449,0,0.0,37989342,0.0,0.0,0.0,0,0,0,0.0,0.0,37989342,32,0.0,DoS attacks-GoldenEye
26883,0,0,21,0.0,40,3,3,333333.3333,0,0,0.0,0.0,0,3.0,666666.6667,0,0.0,0,0.0,0.0,0.0,0,0,0,0.0,0.0,3,40,0.0,DoS attacks-SlowHTTPTest
32738,7135,7135,80,7135.0,40,7135,7135,280.3083392,0,0,0.0,0.0,0,7135.0,280.3083392,0,0.0,7135,0.0,0.0,0.0,0,0,0,0.0,0.0,7135,20,0.0,DDOS attack-HOIC
2240,119,119,55758,119.0,40,119,119,16806.72269,0,0,0.0,0.0,0,119.0,16806.72269,0,0.0,119,0.0,0.0,0.0,0,0,0,0.0,0.0,119,20,0.0,Infilteration
26883,109214591,53252161,80,7801042.21428571,496,53252161,109214605,0.1373442682,2530,2530,168.6666666667,168.6666666667,230,6424388.52941176,0.1648131218,230,133.1578947368,561,0.0,140.5555555556,0.0,0,0,0,13611.6959064327,116.6691729054,3,32,105.2796728899,DoS attacks-Slowloris
26883,0,0,21,0.0,40,24,24,41666.6666666667,0,0,0.0,0.0,0,24.0,83333.3333333333,0,0.0,0,0.0,0.0,0.0,0,0,0,0.0,0.0,24,40,0.0,FTP-BruteForce
26883,6942085,6937922,80,2314028.33333333,136,6937637,11944859,0.3348720985,322,322,80.5,80.5,322,1706408.42857143,0.6697441971,972,143.7777777778,379,243.0,161.75,243.0,972,972,972,107802.444444444,328.3328257187,4,32,161.0,DoS attacks-GoldenEye
26883,6689361,6689002,80,2229787.0,136,6688655,11719618,0.3413080529,350,350,87.5,87.5,350,1674231.14285714,0.6826161057,972,146.8888888889,54,243.0,165.25,243.0,972,972,972,109137.111111111,330.3590639155,4,32,175.0,DoS attacks-GoldenEye
26883,0,0,21,0.0,40,1,1,1000000.0,0,0,0.0,0.0,0,1.0,2000000.0,0,0.0,0,0.0,0.0,0.0,0,0,0,0.0,0.0,1,40,0.0,FTP-BruteForce
8192,68967,67266,80,22989.0,92,4939998,5008965,0.7985681673,646,646,161.5,161.5,646,715566.428571429,1.5971363346,646,112.2222222222,359,91.0,126.25,91.0,364,364,364,54558.4444444445,233.5774913052,16,20,323.0,Brute Force -Web
26883,0,0,21,0.0,40,4,4,250000.0,0,0,0.0,0.0,0,4.0,500000.0,0,0.0,0,0.0,0.0,0.0,0,0,0,0.0,0.0,4,40,0.0,FTP-BruteForce
-1,89479770,41990277,500,17895954.0,48,41990277,89479770,0.0670542627,3000,3000,500.0,500.0,500,17895954.0,0.0670542627,500,500.0,4000414,0.0,583.3333333333,0.0,0,0,0,0.0,0.0,4000414,8,0.0,Brute Force -Web
26883,1331,988,80,443.6666666667,136,5003022,5004353,0.7993041258,334,334,83.5,83.5,334,714907.571428572,1.5986082517,972,145.1111111111,42,243.0,163.25,243.0,972,972,972,108353.111111111,329.1703375323,7,32,167.0,DoS attacks-GoldenEye
26883,369672,63920,22,16072.6956521739,776,63920,370534,64.7713840025,1912,1912,79.6666666667,79.6666666667,640,8234.0888888889,124.1451526716,976,97.3829787234,254,121.1363636364,99.5,121.1363636364,976,2665,2665,40134.7631822387,200.3366246652,5,32,133.8339875812,SSH-Bruteforce
225,50354,42690,80,25177.0,96,42690,50354,59.57818644,0,0,0.0,0.0,0,25177.0,59.57818644,0,0.0,7664,0.0,0.0,0.0,0,0,0,0.0,0.0,7664,32,0.0,DoS attacks-Hulk
26883,0,0,21,0.0,40,9,9,111111.111111111,0,0,0.0,0.0,0,9.0,222222.222222222,0,0.0,0,0.0,0.0,0.0,0,0,0,0.0,0.0,9,40,0.0,FTP-BruteForce
26883,0,0,21,0.0,40,1,1,1000000.0,0,0,0.0,0.0,0,1.0,2000000.0,0,0.0,0,0.0,0.0,0.0,0,0,0,0.0,0.0,1,40,0.0,FTP-BruteForce
8192,692,614,8080,346.0,72,9415,10516,285.279574,326,326,108.6666667,108.6666667,326,1752.666667,665.6523393,326,56.875,78,32.25,65.0,32.25,112,129,129,13318.69643,115.4066568,16,20,188.2161878,Bot
32738,8228,8228,80,8228.0,40,8228,8228,243.0724356,0,0,0.0,0.0,0,8228.0,243.0724356,0,0.0,8228,0.0,0.0,0.0,0,0,0,0.0,0.0,8228,20,0.0,DDOS attack-HOIC
32738,23126,23126,80,23126.0,40,23126,23126,86.48274669,0,0,0.0,0.0,0,23126.0,86.48274669,0,0.0,23126,0.0,0.0,0.0,0,0,0,0.0,0.0,23126,20,0.0,DDOS attack-HOIC
2049,17800000,17800000,80,17800000.0,40,17800000,17762220,0.112598538,0,0,0.0,0.0,0,17800000.0,0.112598538,0,0.0,17800000,0.0,0.0,0.0,0,0,0,0.0,0.0,17800000,20,0.0,DDoS attacks-LOIC-HTTP
26883,6691544,6691174,80,2230514.66666667,136,6690805,11692446,0.3421012165,355,355,88.75,88.75,355,1670349.42857143,0.6842024329,972,147.4444444444,92,243.0,165.875,243.0,972,972,972,109393.777777778,330.7473019962,3,32,177.5,DoS attacks-GoldenEye
8192,403,400,80,201.5,72,1214371,1214803,2.469536213,20,20,6.666666667,6.666666667,20,202467.1667,5.762251163,964,123.0,3,241.0,140.5714286,241.0,964,964,964,115523.4286,339.8873763,3,20,11.54700538,DDoS attacks-LOIC-HTTP
26883,0,0,21,0.0,40,22,22,45454.54545,0,0,0.0,0.0,0,22.0,90909.09091,0,0.0,0,0.0,0.0,0.0,0,0,0,0.0,0.0,22,40,0.0,DoS attacks-SlowHTTPTest
-1,120000000,657971,80,1028.122872,931776,657971,119746499,972.6547412,3727104,3727104,32.0,32.0,32,1028.122872,972.6547412,32,32.0,0,0.0,32.00027474,0.0,0,0,0,0.0,0.0,0,8,0.0,DDOS attack-LOIC-UDP
26883,0,0,21,0.0,40,1,1,1000000.0,0,0,0.0,0.0,0,1.0,2000000.0,0,0.0,0,0.0,0.0,0.0,0,0,0,0.0,0.0,1,40,0.0,FTP-BruteForce
8192,526,373,80,263.0,72,1389633,1390197,2.15796754,20,20,6.666666667,6.666666667,20,231699.5,5.035257593,964,123.0,153,241.0,140.5714286,241.0,964,964,964,115523.4286,339.8873763,5,20,11.54700538,DDoS attacks-LOIC-HTTP
2049,5212451,5212451,80,5212451.0,40,5212451,5212451,0.383696652,0,0,0.0,0.0,0,5212451.0,0.383696652,0,0.0,5212451,0.0,0.0,0.0,0,0,0,0.0,0.0,5212451,20,0.0,DDoS attacks-LOIC-HTTP
225,2866,2866,80,2866.0,64,2866,2866,697.8367062,0,0,0.0,0.0,0,2866.0,697.8367062,0,0.0,2866,0.0,0.0,0.0,0,0,0,0.0,0.0,2866,32,0.0,DoS attacks-Hulk
8192,65359,64153,80,21786.3333333333,92,4943138,5008497,0.7986427864,646,646,161.5,161.5,646,715499.571428571,1.5972855729,646,112.2222222222,330,91.0,126.25,91.0,364,364,364,54558.4444444445,233.5774913052,17,20,323.0,Brute Force -Web
32738,1386,1386,80,1386.0,40,1386,1386,1443.001443,0,0,0.0,0.0,0,1386.0,1443.001443,0,0.0,1386,0.0,0.0,0.0,0,0,0,0.0,0.0,1386,20,0.0,DDOS attack-HOIC
2052,778,778,8080,778.0,40,778,778,2570.694087,0,0,0.0,0.0,0,778.0,2570.694087,0,0.0,778,0.0,0.0,0.0,0,0,0,0.0,0.0,778,20,0.0,Bot
26883,348396,99568,22,16590.2857142857,712,99568,348925,63.0507988823,1928,1928,87.6363636364,87.6363636364,640,8114.5348837209,126.1015977646,976,102.0666666667,194,121.1363636364,104.3863636364,121.1363636364,976,2665,2665,41510.3818181818,203.7409674518,1,32,137.7805520365,SSH-Bruteforce
26883,0,0,21,0.0,40,4,4,250000.0,0,0,0.0,0.0,0,4.0,500000.0,0,0.0,0,0.0,0.0,0.0,0,0,0,0.0,0.0,4,40,0.0,FTP-BruteForce
26883,0,0,21,0.0,40,20,20,50000.0,0,0,0.0,0.0,0,20.0,100000.0,0,0.0,0,0.0,0.0,0.0,0,0,0,0.0,0.0,20,40,0.0,DoS attacks-SlowHTTPTest
-1,120000000,739175,80,895.1498895,1071304,739175,119871312,1117.139687,4285216,4285216,32.0,32.0,32,895.1498895,1117.139687,32,32.0,1,0.0,32.00023896,0.0,0,0,0,0.0,0.0,1,8,0.0,DDOS attack-LOIC-UDP
8192,57776296,1024018,80,286021.267326733,4072,1024018,57778511,3.5134169518,56330,56330,277.4876847291,277.4876847291,680,188818.663398693,5.3133941094,1936,799.7857142857,445,1826.9615384615,802.3908794788,1826.9615384615,1936,190004,190004,630786.227547697,794.220515693,26,20,292.8687801257,Brute Force -XSS
26883,6983509,6983199,80,2327836.33333333,136,6982912,11986894,0.3336977869,239,239,59.75,59.75,239,1712413.42857143,0.6673955739,662,100.1111111111,19,165.5,112.625,165.5,662,662,662,50645.6111111111,225.0457978082,4,32,119.5,DoS attacks-GoldenEye
26883,3035704,2015824,80,1517852.0,120,2015824,3035704,0.9882386425,0,0,0.0,0.0,0,1517852.0,0.9882386425,0,0.0,1019880,0.0,0.0,0.0,0,0,0,0.0,0.0,1019880,40,0.0,DoS attacks-Slowloris
8192,469,417,8080,234.5,72,12912,13694,219.074047,326,326,108.6666667,108.6666667,326,2282.333333,511.1727764,326,56.875,52,32.25,65.0,32.25,112,129,129,13318.69643,115.4066568,22,20,188.2161878,Bot
26883,0,0,21,0.0,40,2,2,500000.0,0,0,0.0,0.0,0,2.0,1000000.0,0,0.0,0,0.0,0.0,0.0,0,0,0,0.0,0.0,2,40,0.0,FTP-BruteForce
225,4862,4862,80,4862.0,64,4862,4862,411.3533525,0,0,0.0,0.0,0,4862.0,411.3533525,0,0.0,4862,0.0,0.0,0.0,0,0,0,0.0,0.0,4862,32,0.0,DoS attacks-Hulk
225,24073,24073,80,24073.0,64,24073,24073,83.08062975,0,0,0.0,0.0,0,24073.0,83.08062975,0,0.0,24073,0.0,0.0,0.0,0,0,0,0.0,0.0,24073,32,0.0,DoS attacks-Hulk
32738,29084,29084,80,29084.0,40,29084,29084,68.766332,0,0,0.0,0.0,0,29084.0,68.766332,0,0.0,29084,0.0,0.0,0.0,0,0,0,0.0,0.0,29084,20,0.0,DDOS attack-HOIC
219,4224099,4141297,39038,1056024.75,168,4141293,4224099,1.183684379,935,935,187.0,187.0,935,603442.7143,1.893895006,935,138.0,36,102.3333333,155.25,102.3333333,307,307,307,99634.75,315.6497268,4,32,418.1447118,Benign
26883,388155,151060,22,18483.5714285714,712,151060,388339,56.6515338403,1928,1928,87.6363636364,87.6363636364,640,9471.6829268293,108.1529282405,976,106.8139534884,228,133.25,109.3571428571,133.25,976,2665,2665,42967.9169435216,207.2870399796,6,32,137.7805520365,SSH-Bruteforce
26883,389267,105633,22,18536.5238095238,712,105633,389320,56.5087845474,1944,1944,88.3636363636,88.3636363636,640,9053.9534883721,113.0175690948,976,102.4222222222,230,121.1363636364,104.75,121.1363636364,976,2665,2665,41511.6585858586,203.7441007388,4,32,137.8690011274,SSH-Bruteforce
26883,124221,121240,80,31055.25,168,121240,124221,40.2508432552,469,469,93.8,93.8,469,17745.8571428571,64.4013492083,972,160.1111111111,54,324.0,180.125,324.0,972,972,972,116753.111111111,341.6915438098,7,32,209.7431762895,DoS attacks-GoldenEye
8192,9014801,5999908,16996,4507400.5,92,5999908,9014801,0.332786048,0,0,0.0,0.0,0,4507400.5,0.332786048,0,0.0,3014893,0.0,0.0,0.0,0,0,0,0.0,0.0,3014893,28,0.0,Infilteration
-1,30810,30810,53,30810.0,16,185044,215889,9.264019936170902,60,60,30.0,30.0,30,71963.0,18.528039872341804,46,36.4,30810,46.0,45.5,46.0,46,92,92,76.8,8.763560920082657,35,8,0.0,Benign
26883,7065904,6953511,80,1766476.0,168,6953187,7065904,0.7076235397,298,298,59.6,59.6,298,1009414.85714286,1.1321976636,662,106.6666666667,27,220.6666666667,120.0,220.6666666667,662,662,662,53081.0,230.3931422591,4,32,133.269651459,DoS attacks-GoldenEye
2049,20000000,20000000,80,20000000.0,40,20000000,20038937,0.099805693,0,0,0.0,0.0,0,20000000.0,0.099805693,0,0.0,20000000,0.0,0.0,0.0,0,0,0,0.0,0.0,20000000,20,0.0,DDoS attacks-LOIC-HTTP
-1,120000000,846112,80,987.911408,969576,846112,119730911,1012.244866,3878304,3878304,32.0,32.0,32,987.911408,1012.244866,32,32.0,0,0.0,32.00026403,0.0,0,0,0,0.0,0.0,0,8,0.0,DDOS attack-LOIC-UDP
8192,562,518,8080,281.0,72,27916,28773,104.2644146,285,285,95.0,95.0,285,4795.5,243.283634,285,51.75,44,32.25,59.14285714,32.25,112,129,129,10376.21429,101.8637045,1,20,164.5448267,Bot
26883,0,0,21,0.0,40,5,5,200000.0,0,0,0.0,0.0,0,5.0,400000.0,0,0.0,0,0.0,0.0,0.0,0,0,0,0.0,0.0,5,40,0.0,DoS attacks-SlowHTTPTest
-1,120000000,904608,80,1512.658433,634144,904608,119903896,661.0961165,2536576,2536576,32.0,32.0,32,1512.658433,661.0961165,32,32.0,1,0.0,32.00040369,0.0,0,0,0,0.0,0.0,1,8,0.0,DDOS attack-LOIC-UDP
-1,0,0,53,0.0,8,876,876,1141.552511415525,37,37,37.0,37.0,37,876.0,2283.10502283105,65,46.333333333333336,0,65.0,69.5,65.0,65,65,65,261.33333333333337,16.165807537309522,876,8,0.0,Benign
2051,19,19,80,19.0,40,19,19,105263.157894737,0,0,0.0,0.0,0,19.0,105263.157894737,0,0.0,19,0.0,0.0,0.0,0,0,0,0.0,0.0,19,20,0.0,Brute Force -Web
225,39321,39277,80,19660.5,96,39277,39321,76.29510948,0,0,0.0,0.0,0,19660.5,76.29510948,0,0.0,44,0.0,0.0,0.0,0,0,0,0.0,0.0,44,32,0.0,DoS attacks-Hulk
226,1965248,1965248,80,1965248.0,64,1965248,1965248,1.0176832644,0,0,0.0,0.0,0,1965248.0,1.0176832644,0,0.0,1965248,0.0,0.0,0.0,0,0,0,0.0,0.0,1965248,32,0.0,DoS attacks-GoldenEye
225,66323,41295,80,33161.5,96,41295,66323,45.23317703,0,0,0.0,0.0,0,33161.5,45.23317703,0,0.0,25028,0.0,0.0,0.0,0,0,0,0.0,0.0,25028,32,0.0,DoS attacks-Hulk
-1,89479663,41990445,500,17895932.6,48,41990445,89479663,0.0670543428,3000,3000,500.0,500.0,500,17895932.6,0.0670543428,500,500.0,4000249,0.0,583.3333333333,0.0,0,0,0,0.0,0.0,4000249,8,0.0,Brute Force -Web
-1,0,0,53,0.0,8,1862,1862,537.0569280343717,37,37,37.0,37.0,37,1862.0,1074.1138560687434,77,50.333333333333336,0,77.0,75.5,77.0,77,77,77,533.3333333333334,23.094010767585036,1862,8,0.0,Benign
26883,356608,52752,22,16209.4545454545,744,44301,356660,64.4871866764,1928,1928,83.8260869565,83.8260869565,640,8491.9047619048,120.5630011776,976,104.3863636364,202,133.25,106.8139534884,133.25,976,2665,2665,42227.9635306554,205.4944367389,5,32,135.8473917085,SSH-Bruteforce
221,77330009,77330009,80,77330009.0,64,77330009,77330013,0.0258631794,420,420,210.0,210.0,420,38665006.5,0.0387947691,420,105.0,77330009,0.0,140.0,0.0,0,0,0,44100.0,210.0,4,32,296.9848480984,DoS attacks-GoldenEye
32738,12696,12696,80,12696.0,40,12696,12696,157.5299307,0,0,0.0,0.0,0,12696.0,157.5299307,0,0.0,12696,0.0,0.0,0.0,0,0,0,0.0,0.0,12696,20,0.0,DDOS attack-HOIC
225,5096166,4579152,80,1019233.2,200,4579147,5117153,1.172526989,1014,1014,169.0,169.0,338,511715.3,2.149632813,935,162.4166667,14715,187.0,177.1818182,187.0,935,935,935,81855.17424,286.1034328,5,32,185.1302244,DoS attacks-Hulk
-1,0,0,53,0.0,8,261,261,3831.417624521073,31,31,31.0,31.0,31,261.0,7662.835249042146,191,84.33333333333334,0,191.0,126.5,191.0,191,191,191,8533.333333333334,92.37604307034012,261,8,0.0,Benign
8192,487,435,8080,243.5,72,10083,10868,276.0397497,326,326,108.6666667,108.6666667,326,1811.333333,644.0927494,326,56.875,52,32.25,65.0,32.25,112,129,129,13318.69643,115.4066568,22,20,188.2161878,Bot
2052,480,480,8080,480.0,40,480,480,4166.666667,0,0,0.0,0.0,0,480.0,4166.666667,0,0.0,480,0.0,0.0,0.0,0,0,0,0.0,0.0,480,20,0.0,Bot
8192,588,532,8080,294.0,72,10741,11822,253.7641685,326,326,108.6666667,108.6666667,326,1970.333333,592.1163932,326,56.875,56,32.25,65.0,32.25,112,129,129,13318.69643,115.4066568,16,20,188.2161878,Bot
256,890,874,443,445.0,60,874,890,3370.786517,77,77,25.66666667,25.66666667,46,445.0,3370.786517,46,30.75,16,0.0,41.0,0.0,0,0,0,470.25,21.68524844,16,20,23.45918441,Infilteration
2053,728,728,80,728.0,40,728,728,2747.2527472528,0,0,0.0,0.0,0,728.0,2747.2527472528,0,0.0,728,0.0,0.0,0.0,0,0,0,0.0,0.0,728,20,0.0,Brute Force -XSS
26883,7008391,6951736,80,1752097.75,168,6951333,7008391,0.7134305149,498,498,99.6,99.6,498,1001198.71428571,1.1414888239,662,128.8888888889,36,220.6666666667,145.0,220.6666666667,662,662,662,67092.1111111111,259.0214491333,3,32,222.712370559,DoS attacks-GoldenEye
225,23677,23677,80,23677.0,64,23677,23677,84.47016092,0,0,0.0,0.0,0,23677.0,84.47016092,0,0.0,23677,0.0,0.0,0.0,0,0,0,0.0,0.0,23677,32,0.0,DoS attacks-Hulk
8192,710,647,8080,355.0,72,10850,12300,243.902439,326,326,108.6666667,108.6666667,326,2050.0,569.1056911,326,56.875,63,32.25,65.0,32.25,112,129,129,13318.69643,115.4066568,18,20,188.2161878,Bot
26883,4920515,4919964,80,1640171.66666667,136,5001428,9921943,0.4031468433,317,317,79.25,79.25,317,1417420.42857143,0.8062936866,972,143.2222222222,274,243.0,161.125,243.0,972,972,972,107582.444444444,327.9976287177,3,32,158.5,DoS attacks-GoldenEye
26883,0,0,21,0.0,40,14,14,71428.57143,0,0,0.0,0.0,0,14.0,142857.1429,0,0.0,0,0.0,0.0,0.0,0,0,0,0.0,0.0,14,40,0.0,DoS attacks-SlowHTTPTest
-1,120000000,821122,80,1315.911833,728624,821122,119849302,759.9376757,2914496,2914496,32.0,32.0,32,1315.911833,759.9376757,32,32.0,0,0.0,32.00035135,0.0,0,0,0,0.0,0.0,0,8,0.0,DDOS attack-LOIC-UDP
26883,6160456,6159907,80,2053485.33333333,136,6159606,11165079,0.3582598923,317,317,79.25,79.25,317,1595011.28571429,0.7165197846,972,143.2222222222,269,243.0,161.125,243.0,972,972,972,107582.444444444,327.9976287177,3,32,158.5,DoS attacks-GoldenEye
8192,515,472,8080,257.5,72,7064,7851,382.1169278,285,285,95.0,95.0,285,1308.5,891.6061648,285,51.75,43,32.25,59.14285714,32.25,112,129,129,10376.21429,101.8637045,1,20,164.5448267,Bot
225,52598,52598,80,52598.0,64,52598,52598,38.02425948,0,0,0.0,0.0,0,52598.0,38.02425948,0,0.0,52598,0.0,0.0,0.0,0,0,0,0.0,0.0,52598,32,0.0,DoS attacks-Hulk
32738,9968,9968,80,9968.0,40,9968,9968,200.6420546,0,0,0.0,0.0,0,9968.0,200.6420546,0,0.0,9968,0.0,0.0,0.0,0,0,0,0.0,0.0,9968,20,0.0,DDOS attack-HOIC
65535,14846,14533,80,7423.0,72,14533,16026,187.1958068,260,260,86.66666667,86.66666667,260,2671.0,436.7902159,935,149.375,313,233.75,170.7142857,233.75,935,935,935,109045.9821,330.221111,3,20,150.11107,DDOS attack-HOIC
26883,406553,164236,22,19359.6666666667,712,164236,406606,54.106432271,1912,1912,86.9090909091,86.9090909091,640,9455.9534883721,108.2128645421,976,101.7111111111,189,121.1363636364,104.0227272727,121.1363636364,976,2665,2665,41508.8464646465,203.7371995112,5,32,137.6880217811,SSH-Bruteforce
225,51242,51242,80,51242.0,64,51242,51242,39.03048281,0,0,0.0,0.0,0,51242.0,39.03048281,0,0.0,51242,0.0,0.0,0.0,0,0,0,0.0,0.0,51242,32,0.0,DoS attacks-Hulk
8192,1487,1089,80,743.5,72,943850,945371,3.173357338,20,20,6.666666667,6.666666667,20,157561.8333,7.404500455,964,123.0,398,241.0,140.5714286,241.0,964,964,964,115523.4286,339.8873763,7,20,11.54700538,DDoS attacks-LOIC-HTTP
8192,432,302,80,216.0,72,249,793,3783.1021437578815,161,161,53.66666666666666,53.66666666666666,161,132.16666666666669,8827.238335435057,488,81.125,130,122.0,92.71428571428572,122.0,488,488,488,30202.125,173.78758586274222,31,20,92.95339333952974,Benign
251,53149325,53087254,443,13287331.25,100,53087254,53149325,0.094074572,123,123,24.6,24.6,46,10629865.0,0.1128894864,46,30.7142857143,23,46.0,35.8333333333,46.0,46,46,46,470.2380952381,21.6849739506,23,20,23.2765976895,Benign
1024,0,0,4000,0.0,24,245,245,4081.632653,0,0,0.0,0.0,0,245.0,8163.265306,0,0.0,0,0.0,0.0,0.0,0,0,0,0.0,0.0,245,24,0.0,Infilteration
225,40776,40776,80,40776.0,64,40776,40776,49.04845988,0,0,0.0,0.0,0,40776.0,49.04845988,0,0.0,40776,0.0,0.0,0.0,0,0,0,0.0,0.0,40776,32,0.0,DoS attacks-Hulk
221,2492763,2492763,80,2492763.0,64,2492763,2492763,0.8023225634,0,0,0.0,0.0,0,2492763.0,0.8023225634,0,0.0,2492763,0.0,0.0,0.0,0,0,0,0.0,0.0,2492763,32,0.0,DoS attacks-GoldenEye
26883,379294,84150,22,17240.6363636364,744,84150,379342,60.6313036785,1912,1912,83.1304347826,83.1304347826,640,9031.9523809524,113.3541764424,976,104.0227272727,256,133.25,106.4418604651,133.25,976,2665,2665,42228.1157505285,205.4948071133,6,32,135.7374820439,SSH-Bruteforce
8192,1748,1695,8080,874.0,72,11098,13159,227.9808496,326,326,108.6666667,108.6666667,326,2193.166667,531.9553158,326,56.875,53,32.25,65.0,32.25,112,129,129,13318.69643,115.4066568,0,20,188.2161878,Bot
226,2141704,2141704,80,2141704.0,64,2141704,2141704,0.9338358615,0,0,0.0,0.0,0,2141704.0,0.9338358615,0,0.0,2141704,0.0,0.0,0.0,0,0,0,0.0,0.0,2141704,32,0.0,DoS attacks-GoldenEye
26883,855,552,80,427.5,104,552,859,3492.4330616997,230,230,76.6666666667,76.6666666667,230,214.75,5820.7217694994,230,38.3333333333,303,0.0,46.0,0.0,0,0,0,8816.6666666667,93.8971068067,4,32,132.7905619136,DoS attacks-Slowloris
32,40,40,443,40.0,40,50,90,22222.22222,46,46,23.0,23.0,46,30.0,44444.44444,46,24.6,40,15.5,30.75,15.5,31,31,31,541.8,23.27659769,3,20,32.52691193,Infilteration
26883,1650,1078,80,550.0,136,5003308,5004958,0.7992075058,339,339,84.75,84.75,339,714994.0,1.5984150117,972,145.6666666667,272,243.0,163.875,243.0,972,972,972,108592.0,329.5330028996,5,32,169.5,DoS attacks-GoldenEye
8192,69500000,58000000,443,3310658.619,452,58000000,69523831,0.316438258,2136,2136,97.09090909,97.09090909,546,1448413.146,0.704794303,1430,151.96,34,202.2962963,155.0612245,202.2962963,1430,5462,5462,90150.85551,300.2513206,0,20,154.3653394,Infilteration
225,9437,9437,80,9437.0,64,9437,9437,211.931758,0,0,0.0,0.0,0,9437.0,211.931758,0,0.0,9437,0.0,0.0,0.0,0,0,0,0.0,0.0,9437,32,0.0,DoS attacks-Hulk
225,1970,1970,80,1970.0,64,1970,1970,1015.228426,0,0,0.0,0.0,0,1970.0,1015.228426,0,0.0,1970,0.0,0.0,0.0,0,0,0,0.0,0.0,1970,32,0.0,DoS attacks-Hulk
2053,412,412,80,412.0,40,412,412,4854.3689320388,0,0,0.0,0.0,0,412.0,4854.3689320388,0,0.0,412,0.0,0.0,0.0,0,0,0,0.0,0.0,412,20,0.0,Brute Force -XSS
8192,291,270,80,145.5,72,1116907,1117242,2.685183693,20,20,6.666666667,6.666666667,20,186207.0,6.265428618,964,123.0,21,241.0,140.5714286,241.0,964,964,964,115523.4286,339.8873763,5,20,11.54700538,DDoS attacks-LOIC-HTTP
-1,120000000,722513,80,1214.644914,789992,722513,119943756,823.2942113,3159968,3159968,32.0,32.0,32,1214.644914,823.2942113,32,32.0,0,0.0,32.00032405,0.0,0,0,0,0.0,0.0,0,8,0.0,DDOS attack-LOIC-UDP
225,25570,25570,80,25570.0,64,25570,25570,78.21666015,0,0,0.0,0.0,0,25570.0,78.21666015,0,0.0,25570,0.0,0.0,0.0,0,0,0,0.0,0.0,25570,32,0.0,DoS attacks-Hulk
26883,0,0,21,0.0,40,2,2,500000.0,0,0,0.0,0.0,0,2.0,1000000.0,0,0.0,0,0.0,0.0,0.0,0,0,0,0.0,0.0,2,40,0.0,FTP-BruteForce
8192,303,275,80,151.5,72,1036373,1036717,2.893750175,20,20,6.666666667,6.666666667,20,172786.1667,6.752083741,964,123.0,28,241.0,140.5714286,241.0,964,964,964,115523.4286,339.8873763,4,20,11.54700538,DDoS attacks-LOIC-HTTP
2052,496,496,8080,496.0,40,496,496,4032.258065,0,0,0.0,0.0,0,496.0,4032.258065,0,0.0,496,0.0,0.0,0.0,0,0,0,0.0,0.0,496,20,0.0,Bot
2052,510,510,8080,510.0,40,510,510,3921.568627,0,0,0.0,0.0,0,510.0,3921.568627,0,0.0,510,0.0,0.0,0.0,0,0,0,0.0,0.0,510,20,0.0,Bot
65535,5992,5654,80,2996.0,72,5654,6233,481.3091609,291,291,97.0,97.0,291,1038.833333,1123.054709,935,153.25,338,233.75,175.1428571,233.75,935,935,935,110145.9286,331.8824017,5,20,168.0089283,DDOS attack-HOIC
26883,394912,105407,22,18805.3333333333,712,105407,394979,55.699163753,1928,1928,87.6363636364,87.6363636364,640,9185.5581395349,111.398327506,976,102.0666666667,349,121.1363636364,104.3863636364,121.1363636364,976,2665,2665,41510.3818181818,203.7409674518,9,32,137.7805520365,SSH-Bruteforce
225,40266,40266,80,40266.0,64,40266,40266,49.66969652,0,0,0.0,0.0,0,40266.0,49.66969652,0,0.0,40266,0.0,0.0,0.0,0,0,0,0.0,0.0,40266,32,0.0,DoS attacks-Hulk
32738,13654,13654,80,13654.0,40,13654,13654,146.4772228,0,0,0.0,0.0,0,13654.0,146.4772228,0,0.0,13654,0.0,0.0,0.0,0,0,0,0.0,0.0,13654,20,0.0,DDOS attack-HOIC
26883,107422344,53247564,80,8263257.23076923,456,53247564,107422359,0.1303266855,2530,2530,180.7142857143,180.7142857143,230,6713897.4375,0.1582538324,230,140.5555555556,147,0.0,148.8235294118,0.0,0,0,0,13311.4379084967,115.375204912,4,32,97.9375221341,DoS attacks-Slowloris
26883,0,0,21,0.0,40,24,24,41666.6666666667,0,0,0.0,0.0,0,24.0,83333.3333333333,0,0.0,0,0.0,0.0,0.0,0,0,0,0.0,0.0,24,40,0.0,FTP-BruteForce
65535,909568,228074,445,181913.6,128,227827,909620,6.59616103427805,457,457,76.16666666666667,76.16666666666667,140,90962.0,12.092961896176426,145,66.25,64,67.6,72.27272727272727,67.6,145,338,338,4031.113636363637,63.49105162433236,52,20,63.06953834194972,Benign
2047,229,229,80,229.0,40,229,229,8733.6244541485,0,0,0.0,0.0,0,229.0,8733.6244541485,0,0.0,229,0.0,0.0,0.0,0,0,0,0.0,0.0,229,20,0.0,Brute Force -Web
8192,495,444,8080,247.5,72,9531,11125,269.6629213,326,326,108.6666667,108.6666667,326,1854.166667,629.2134831,326,56.875,51,32.25,65.0,32.25,112,129,129,13318.69643,115.4066568,21,20,188.2161878,Bot
26883,106334430,53257476,80,8179571.53846154,456,53257476,106334433,0.1316600804,2530,2530,180.7142857143,180.7142857143,230,6645902.0625,0.1598729548,230,140.5555555556,137,0.0,148.8235294118,0.0,0,0,0,13311.4379084967,115.375204912,3,32,97.9375221341,DoS attacks-Slowloris
72,1052033,1052033,54569,1052033.0,40,1052033,1052033,1.90108105,62,62,31.0,31.0,31,1052033.0,1.90108105,31,31.0,1052033,0.0,46.5,0.0,0,0,0,0.0,0.0,1052033,20,0.0,Infilteration
26883,0,0,21,0.0,40,8,8,125000.0,0,0,0.0,0.0,0,8.0,250000.0,0,0.0,0,0.0,0.0,0.0,0,0,0,0.0,0.0,8,40,0.0,FTP-BruteForce
26883,1451,968,80,483.6666666667,136,5000401,5001852,0.7997037897,289,289,72.25,72.25,289,714550.285714286,1.5994075794,972,140.1111111111,166,243.0,157.625,243.0,972,972,972,106453.111111111,326.2715297281,6,32,144.5,DoS attacks-GoldenEye
-1,119000000,689573,80,808.9323328,1181792,689573,119497911,1236.205711,4727168,4727168,32.0,32.0,32,808.9323328,1236.205711,32,32.0,0,0.0,32.00021662,0.0,0,0,0,0.0,0.0,0,8,0.0,DDOS attack-LOIC-UDP
225,44039,44039,80,44039.0,64,44039,44039,45.41429188,0,0,0.0,0.0,0,44039.0,45.41429188,0,0.0,44039,0.0,0.0,0.0,0,0,0,0.0,0.0,44039,32,0.0,DoS attacks-Hulk
26883,362899,118405,22,17280.9047619048,712,118405,363146,60.5816944149,2008,2008,91.2727272727,91.2727272727,640,8445.2558139535,121.1633888298,976,103.8444444444,164,121.1363636364,106.2045454545,121.1363636364,976,2665,2665,41514.1797979798,203.7502878476,3,32,138.1821371607,SSH-Bruteforce
-1,354830,344749,0,88707.5,0,344749,354830,14.09125497,0,0,0.0,0.0,0,88707.5,14.09125497,0,0.0,224,0.0,0.0,0.0,0,0,0,0.0,0.0,224,0,0.0,Infilteration
211,99999617,99999617,80,99999617.0,64,99999615,99999618,0.0200000764,16,16,8.0,8.0,8,33333206.0,0.0400001528,8,4.8,99999617,0.0,6.0,0.0,0,0,0,19.2,4.38178046,1,32,0.0,DoS attacks-Slowloris
225,1544,1544,80,1544.0,64,1544,1544,1295.336788,0,0,0.0,0.0,0,1544.0,1295.336788,0,0.0,1544,0.0,0.0,0.0,0,0,0,0.0,0.0,1544,32,0.0,DoS attacks-Hulk
26883,0,0,21,0.0,40,22,22,45454.54545,0,0,0.0,0.0,0,22.0,90909.09091,0,0.0,0,0.0,0.0,0.0,0,0,0,0.0,0.0,22,40,0.0,DoS attacks-SlowHTTPTest
-1,120000000,582929,80,973.2250967,986144,582929,119966538,1027.519857,3944576,3944576,32.0,32.0,32,973.2250967,1027.519857,32,32.0,0,0.0,32.0002596,0.0,0,0,0,0.0,0.0,0,8,0.0,DDOS attack-LOIC-UDP
32738,29507,29507,80,29507.0,40,29507,29507,67.78052665,0,0,0.0,0.0,0,29507.0,67.78052665,0,0.0,29507,0.0,0.0,0.0,0,0,0,0.0,0.0,29507,20,0.0,DDOS attack-HOIC
8192,499,461,8080,249.5,72,10341,11236,266.998932,326,326,108.6666667,108.6666667,326,1872.666667,622.997508,326,56.875,38,32.25,65.0,32.25,112,129,129,13318.69643,115.4066568,2,20,188.2161878,Bot
26883,4898,4037,80,1632.6666666667,136,5004843,5009741,0.7984444705,481,481,120.25,120.25,481,715677.285714286,1.596888941,972,161.4444444444,289,243.0,181.625,243.0,972,972,972,117695.777777778,343.0681824037,8,32,240.5,DoS attacks-GoldenEye
1024,0,0,366,0.0,24,234,234,4273.504274,0,0,0.0,0.0,0,234.0,8547.008547,0,0.0,0,0.0,0.0,0.0,0,0,0,0.0,0.0,234,24,0.0,Infilteration
225,8297,8297,80,8297.0,64,8297,8297,241.0509823,0,0,0.0,0.0,0,8297.0,241.0509823,0,0.0,8297,0.0,0.0,0.0,0,0,0,0.0,0.0,8297,32,0.0,DoS attacks-Hulk
-1,0,0,53,0.0,8,25165,25165,39.73773098,40,40,40.0,40.0,40,25165.0,79.47546195,101,60.33333333,0,101.0,90.5,101.0,101,101,101,1240.333333,35.21836642,25165,8,0.0,Infilteration
26883,35911,35606,80,11970.3333333333,136,5003754,5039665,0.7937035497,368,368,92.0,92.0,368,719952.142857143,1.5874070995,972,148.8888888889,25,243.0,167.5,243.0,972,972,972,110087.111111111,331.7937779873,4,32,184.0,DoS attacks-GoldenEye
225,19112,19112,80,19112.0,64,19112,19112,104.6462955,0,0,0.0,0.0,0,19112.0,104.6462955,0,0.0,19112,0.0,0.0,0.0,0,0,0,0.0,0.0,19112,32,0.0,DoS attacks-Hulk
26883,107357902,53247775,80,7668421.57142857,496,53247775,107357903,0.1397195696,2530,2530,168.6666666667,168.6666666667,230,6315170.76470588,0.1676634835,230,133.1578947368,331,0.0,140.5555555556,0.0,0,0,0,13611.6959064327,116.6691729054,1,32,105.2796728899,DoS attacks-Slowloris
225,17184,17184,80,17184.0,64,17184,17184,116.3873371,0,0,0.0,0.0,0,17184.0,116.3873371,0,0.0,17184,0.0,0.0,0.0,0,0,0,0.0,0.0,17184,32,0.0,DoS attacks-Hulk
2051,13,13,80,13.0,40,13,13,153846.153846154,0,0,0.0,0.0,0,13.0,153846.153846154,0,0.0,13,0.0,0.0,0.0,0,0,0,0.0,0.0,13,20,0.0,Brute Force -Web
225,50404,50404,80,50404.0,64,50404,50404,39.67939052,0,0,0.0,0.0,0,50404.0,39.67939052,0,0.0,50404,0.0,0.0,0.0,0,0,0,0.0,0.0,50404,32,0.0,DoS attacks-Hulk
2049,33700000,33700000,80,33700000.0,40,33700000,33658741,0.059419929,0,0,0.0,0.0,0,33700000.0,0.059419929,0,0.0,33700000,0.0,0.0,0.0,0,0,0,0.0,0.0,33700000,20,0.0,DDoS attacks-LOIC-HTTP
225,938,938,80,938.0,64,938,938,2132.196162,0,0,0.0,0.0,0,938.0,2132.196162,0,0.0,938,0.0,0.0,0.0,0,0,0,0.0,0.0,938,32,0.0,DoS attacks-Hulk
26883,0,0,21,0.0,40,20,20,50000.0,0,0,0.0,0.0,0,20.0,100000.0,0,0.0,0,0.0,0.0,0.0,0,0,0,0.0,0.0,20,40,0.0,DoS attacks-SlowHTTPTest
-1,0,0,53,0.0,8,425,425,2352.941176,31,31,31.0,31.0,31,425.0,4705.882353,158,73.33333333,0,158.0,110.0,158.0,158,158,158,5376.333333,73.32348419,425,8,0.0,Infilteration
32738,28853,28853,80,28853.0,40,28853,28853,69.31688213,0,0,0.0,0.0,0,28853.0,69.31688213,0,0.0,28853,0.0,0.0,0.0,0,0,0,0.0,0.0,28853,20,0.0,DDOS attack-HOIC
26883,107646693,53247743,80,7689049.5,496,53247743,107646694,0.1393447345,2530,2530,168.6666666667,168.6666666667,230,6332158.47058824,0.1672136815,230,133.1578947368,446,0.0,140.5555555556,0.0,0,0,0,13611.6959064327,116.6691729054,1,32,105.2796728899,DoS attacks-Slowloris
225,559,559,80,559.0,64,559,559,3577.817531,0,0,0.0,0.0,0,559.0,3577.817531,0,0.0,559,0.0,0.0,0.0,0,0,0,0.0,0.0,559,32,0.0,DoS attacks-Hulk
-1,120000000,685133,80,871.1612053,1098632,685133,119634826,1147.901532,4394528,4394528,32.0,32.0,32,871.1612053,1147.901532,32,32.0,0,0.0,32.00023302,0.0,0,0,0,0.0,0.0,0,8,0.0,DDOS attack-LOIC-UDP
8192,382,381,80,191.0,72,1571090,1571506,1.908996848,20,20,6.666666667,6.666666667,20,261917.6667,4.454325978,964,123.0,1,241.0,140.5714286,241.0,964,964,964,115523.4286,339.8873763,1,20,11.54700538,DDoS attacks-LOIC-HTTP
8192,56512007,1130904,80,371789.519736842,3072,1130904,56513640,2.7073110138,54995,54995,359.4444444444,359.4444444444,646,220756.40625,4.5475747094,1068,494.1007751938,369,696.9519230769,496.0233463035,696.9519230769,1068,72483,72483,126298.814707568,355.3854452669,7,20,271.4171844443,Brute Force -Web
32738,24708,24708,80,24708.0,40,24708,24708,80.94544277,0,0,0.0,0.0,0,24708.0,80.94544277,0,0.0,24708,0.0,0.0,0.0,0,0,0,0.0,0.0,24708,20,0.0,DDOS attack-HOIC
32738,1780,1780,80,1780.0,40,1780,1780,1123.595506,0,0,0.0,0.0,0,1780.0,1123.595506,0,0.0,1780,0.0,0.0,0.0,0,0,0,0.0,0.0,1780,20,0.0,DDOS attack-HOIC
225,738,738,80,738.0,64,738,738,2710.0271,0,0,0.0,0.0,0,738.0,2710.0271,0,0.0,738,0.0,0.0,0.0,0,0,0,0.0,0.0,738,32,0.0,DoS attacks-Hulk
26883,80278,78757,80,20069.5,168,78757,80278,62.283564613,504,504,100.8,100.8,504,11468.2857142857,99.6537033808,662,129.5555555556,13,220.6666666667,145.75,220.6666666667,662,662,662,67649.7777777778,260.09570888,5,32,225.395652132,DoS attacks-GoldenEye
32738,3619,3619,80,3619.0,40,3619,3619,552.6388505,0,0,0.0,0.0,0,3619.0,552.6388505,0,0.0,3619,0.0,0.0,0.0,0,0,0,0.0,0.0,3619,20,0.0,DDOS attack-HOIC
8192,354,353,80,177.0,72,1389926,1390307,2.157796803,20,20,6.666666667,6.666666667,20,231717.8333,5.034859207,964,123.0,1,241.0,140.5714286,241.0,964,964,964,115523.4286,339.8873763,1,20,11.54700538,DDoS attacks-LOIC-HTTP
225,137502,96660,80,68751.0,96,96660,137502,21.81786447,0,0,0.0,0.0,0,68751.0,21.81786447,0,0.0,40842,0.0,0.0,0.0,0,0,0,0.0,0.0,40842,32,0.0,DoS attacks-Hulk
-1,120000000,659284,80,1045.895141,916512,659284,119820885,956.1271393,3666048,3666048,32.0,32.0,32,1045.895141,956.1271393,32,32.0,0,0.0,32.00027932,0.0,0,0,0,0.0,0.0,0,8,0.0,DDOS attack-LOIC-UDP
225,8331,8331,80,8331.0,64,8331,8331,240.0672188,0,0,0.0,0.0,0,8331.0,240.0672188,0,0.0,8331,0.0,0.0,0.0,0,0,0,0.0,0.0,8331,32,0.0,DoS attacks-Hulk
8192,338,336,80,169.0,72,832441,832816,3.602236268,20,20,6.666666667,6.666666667,20,138802.6667,8.405217959,964,123.0,2,241.0,140.5714286,241.0,964,964,964,115523.4286,339.8873763,2,20,11.54700538,DDoS attacks-LOIC-HTTP
279,92,92,80,92.0,40,92,92,21739.130434782608,0,0,0.0,0.0,0,92.0,21739.130434782608,0,0.0,92,0.0,0.0,0.0,0,0,0,0.0,0.0,92,20,0.0,Benign
26883,107870477,53247498,80,7705034.07142857,496,53247498,107870480,0.1390556527,2530,2530,168.6666666667,168.6666666667,230,6345322.35294118,0.1668667832,230,133.1578947368,187,0.0,140.5555555556,0.0,0,0,0,13611.6959064327,116.6691729054,3,32,105.2796728899,DoS attacks-Slowloris
8192,512,459,8080,256.0,72,9648,10656,281.5315315,326,326,108.6666667,108.6666667,326,1776.0,656.9069069,326,56.875,53,32.25,65.0,32.25,112,129,129,13318.69643,115.4066568,18,20,188.2161878,Bot
-1,120000000,996329,80,1580.824239,605784,996329,119703173,632.5897476,2423136,2423136,32.0,32.0,32,1580.824239,632.5897476,32,32.0,0,0.0,32.00042259,0.0,0,0,0,0.0,0.0,0,8,0.0,DDOS attack-LOIC-UDP
-1,120000000,681246,80,1281.794802,748320,681246,119897804,780.164414,2993280,2993280,32.0,32.0,32,1281.794802,780.164414,32,32.0,0,0.0,32.0003421,0.0,0,0,0,0.0,0.0,0,8,0.0,DDOS attack-LOIC-UDP
8192,2056,1730,80,1028.0,72,1497304,1499392,2.000810995,20,20,6.666666667,6.666666667,20,249898.6667,4.668558989,964,123.0,326,241.0,140.5714286,241.0,964,964,964,115523.4286,339.8873763,6,20,11.54700538,DDoS attacks-LOIC-HTTP
26883,313739,68020,22,14939.9523809524,712,64166,313835,70.1005305336,1912,1912,86.9090909091,86.9090909091,640,7298.488372093,140.2010610671,976,101.7111111111,133,121.1363636364,104.0227272727,121.1363636364,976,2665,2665,41508.8464646465,203.7371995112,3,32,137.6880217811,SSH-Bruteforce
8192,511,453,8080,255.5,72,8749,9712,308.8962109,326,326,108.6666667,108.6666667,326,1618.666667,720.7578254,326,56.875,58,32.25,65.0,32.25,112,129,129,13318.69643,115.4066568,20,20,188.2161878,Bot
225,61553,43117,80,30776.5,96,43117,61553,48.73848553,0,0,0.0,0.0,0,30776.5,48.73848553,0,0.0,18436,0.0,0.0,0.0,0,0,0,0.0,0.0,18436,32,0.0,DoS attacks-Hulk
26883,0,0,21,0.0,40,2,2,500000.0,0,0,0.0,0.0,0,2.0,1000000.0,0,0.0,0,0.0,0.0,0.0,0,0,0,0.0,0.0,2,40,0.0,DoS attacks-SlowHTTPTest
26883,0,0,21,0.0,40,20,20,50000.0,0,0,0.0,0.0,0,20.0,100000.0,0,0.0,0,0.0,0.0,0.0,0,0,0,0.0,0.0,20,40,0.0,DoS attacks-SlowHTTPTest
26883,2163,1824,80,721.0,136,5001203,5003366,0.7994618023,305,305,76.25,76.25,305,714766.571428572,1.5989236046,972,141.8888888889,38,243.0,159.625,243.0,972,972,972,107077.111111111,327.2263912204,7,32,152.5,DoS attacks-GoldenEye
226,1931516,1931516,80,1931516.0,64,1931516,1931516,1.0354560873,0,0,0.0,0.0,0,1931516.0,1.0354560873,0,0.0,1931516,0.0,0.0,0.0,0,0,0,0.0,0.0,1931516,32,0.0,DoS attacks-GoldenEye
2239,89,89,80,89.0,40,89,89,22471.91011235955,0,0,0.0,0.0,0,89.0,22471.91011235955,0,0.0,89,0.0,0.0,0.0,0,0,0,0.0,0.0,89,20,0.0,Benign
65535,14010,13606,80,7005.0,72,13606,15145,198.0851766,291,291,97.0,97.0,291,2524.166667,462.1987455,935,153.25,404,233.75,175.1428571,233.75,935,935,935,110145.9286,331.8824017,4,20,168.0089283,DDOS attack-HOIC
32738,2353,2353,80,2353.0,40,2353,2353,849.9787505,0,0,0.0,0.0,0,2353.0,849.9787505,0,0.0,2353,0.0,0.0,0.0,0,0,0,0.0,0.0,2353,20,0.0,DDOS attack-HOIC
-1,0,0,53,0.0,8,939,939,1064.9627263045793,43,43,43.0,43.0,43,939.0,2129.9254526091586,71,52.333333333333336,0,71.0,78.5,71.0,71,71,71,261.33333333333337,16.165807537309522,939,8,0.0,Benign
26883,0,0,21,0.0,40,18,18,55555.5555555556,0,0,0.0,0.0,0,18.0,111111.111111111,0,0.0,0,0.0,0.0,0.0,0,0,0,0.0,0.0,18,40,0.0,FTP-BruteForce
226,1958945,1958945,80,1958945.0,64,1958945,1958945,1.0209577094,0,0,0.0,0.0,0,1958945.0,1.0209577094,0,0.0,1958945,0.0,0.0,0.0,0,0,0,0.0,0.0,1958945,32,0.0,DoS attacks-GoldenEye
8192,594,539,8080,297.0,72,9857,10841,276.7272392,326,326,108.6666667,108.6666667,326,1806.833333,645.6968914,326,56.875,55,32.25,65.0,32.25,112,129,129,13318.69643,115.4066568,1,20,188.2161878,Bot
1073,52,32,50225,26.0,60,20,52,57692.307692307695,53,53,17.666666666666664,17.666666666666668,53,17.333333333333332,76923.07692307692,53,10.6,20,0.0,13.25,0.0,0,0,0,561.8,23.70232056149777,13,20,30.59956426705017,Benign
2052,606,606,8080,606.0,40,606,606,3300.330033,0,0,0.0,0.0,0,606.0,3300.330033,0,0.0,606,0.0,0.0,0.0,0,0,0,0.0,0.0,606,20,0.0,Bot
26883,382784,105821,22,18227.8095238095,712,95668,382883,57.4588059538,1992,1992,90.5454545455,90.5454545455,640,8904.2558139535,114.9176119076,976,103.4888888889,264,121.1363636364,105.8409090909,121.1363636364,976,2665,2665,41513.9373737374,203.7496929415,4,32,138.1099380144,SSH-Bruteforce
-1,107000000,571752,80,916.070442,936608,571752,107248947,1091.628433,3746432,3746432,32.0,32.0,32,916.070442,1091.628433,32,32.0,0,0.0,32.00027333,0.0,0,0,0,0.0,0.0,0,8,0.0,DDOS attack-LOIC-UDP
26883,377512,49531,22,17976.7619047619,712,42195,379501,57.9708617369,1912,1912,86.9090909091,86.9090909091,640,8825.6046511628,115.9417234737,976,101.7111111111,206,121.1363636364,104.0227272727,121.1363636364,976,2665,2665,41508.8464646465,203.7371995112,5,32,137.6880217811,SSH-Bruteforce
-1,120000000,576214,80,805.9850522,1188144,576214,119702482,1240.726153,4752576,4752576,32.0,32.0,32,805.9850522,1240.726153,32,32.0,0,0.0,32.00021546,0.0,0,0,0,0.0,0.0,0,8,0.0,DDOS attack-LOIC-UDP
1024,0,0,1095,0.0,24,211,211,4739.336493,0,0,0.0,0.0,0,211.0,9478.672986,0,0.0,0,0.0,0.0,0.0,0,0,0,0.0,0.0,211,24,0.0,Infilteration
0,8,8,80,8.0,40,8,8,250000.0,0,0,0.0,0.0,0,8.0,250000.0,0,0.0,8,0.0,0.0,0.0,0,0,0,0.0,0.0,8,20,0.0,DoS attacks-Slowloris
8192,118000000,58500000,443,3194164.378,772,58500000,118184082,0.321532302,1606,1606,42.26315789,42.26315789,315,1284609.587,0.786908003,1430,523.1595745,18,864.9272727,528.7849462,864.9272727,1430,47571,47571,426845.4044,653.334068,0,20,76.22537146,Infilteration
8192,74340,26770,443,14868.0,132,13500000,13610071,0.440850015,718,718,119.6666667,119.6666667,388,1046928.538,1.028650034,1460,294.2,1012,461.875,315.2142857,461.875,1460,3695,3695,257589.8857,507.5331376,1,20,160.8983116,Infilteration
221,1997866,1997866,80,1997866.0,64,1997866,1997866,1.0010681397,0,0,0.0,0.0,0,1997866.0,1.0010681397,0,0.0,1997866,0.0,0.0,0.0,0,0,0,0.0,0.0,1997866,32,0.0,DoS attacks-GoldenEye
26883,0,0,21,0.0,40,3,3,333333.3333,0,0,0.0,0.0,0,3.0,666666.6667,0,0.0,0,0.0,0.0,0.0,0,0,0,0.0,0.0,3,40,0.0,DoS attacks-SlowHTTPTest
225,403,403,80,403.0,64,403,403,4962.779156,0,0,0.0,0.0,0,403.0,4962.779156,0,0.0,403,0.0,0.0,0.0,0,0,0,0.0,0.0,403,32,0.0,DoS attacks-Hulk
26883,107356976,53240450,80,8258228.92307692,456,53240450,107356978,0.1304060552,2530,2530,180.7142857143,180.7142857143,230,6709811.125,0.1583502099,230,140.5555555556,204,0.0,148.8235294118,0.0,0,0,0,13311.4379084967,115.375204912,2,32,97.9375221341,DoS attacks-Slowloris
26883,0,0,21,0.0,40,2,2,500000.0,0,0,0.0,0.0,0,2.0,1000000.0,0,0.0,0,0.0,0.0,0.0,0,0,0,0.0,0.0,2,40,0.0,DoS attacks-SlowHTTPTest
26883,0,0,21,0.0,40,21,21,47619.04762,0,0,0.0,0.0,0,21.0,95238.09524,0,0.0,0,0.0,0.0,0.0,0,0,0,0.0,0.0,21,40,0.0,DoS attacks-SlowHTTPTest
65535,1140,815,80,570.0,72,815,1362,2202.643172,340,340,113.3333333,113.3333333,340,227.0,5139.500734,935,159.375,325,233.75,182.1428571,233.75,935,935,935,112374.5536,335.22314,7,20,196.2990915,DDOS attack-HOIC
119,0,0,52624,0.0,20,10,10,100000.0,0,0,0.0,0.0,0,10.0,200000.0,0,0.0,0,0.0,0.0,0.0,0,0,0,0.0,0.0,10,20,0.0,Benign
2049,7098223,7098223,80,7098223.0,40,7098223,7098223,0.28176066,0,0,0.0,0.0,0,7098223.0,0.28176066,0,0.0,7098223,0.0,0.0,0.0,0,0,0,0.0,0.0,7098223,20,0.0,DDoS attacks-LOIC-HTTP
2052,504,504,8080,504.0,40,504,504,3968.253968,0,0,0.0,0.0,0,504.0,3968.253968,0,0.0,504,0.0,0.0,0.0,0,0,0,0.0,0.0,504,20,0.0,Bot
8192,5008605,4975194,3389,1252151.25,112,4975177,5008605,0.998281957,106,106,21.2,21.2,53,834767.5,1.397594739,53,13.25,47,0.0,15.14285714,0.0,0,0,0,601.9285714,24.53423264,17,20,29.02929555,Infilteration
26883,0,0,21,0.0,40,5,5,200000.0,0,0,0.0,0.0,0,5.0,400000.0,0,0.0,0,0.0,0.0,0.0,0,0,0,0.0,0.0,5,40,0.0,DoS attacks-SlowHTTPTest
2052,588,588,8080,588.0,40,588,588,3401.360544,0,0,0.0,0.0,0,588.0,3401.360544,0,0.0,588,0.0,0.0,0.0,0,0,0,0.0,0.0,588,20,0.0,Bot
2052,468,468,8080,468.0,40,468,468,4273.504274,0,0,0.0,0.0,0,468.0,4273.504274,0,0.0,468,0.0,0.0,0.0,0,0,0,0.0,0.0,468,20,0.0,Bot
2047,114,114,80,114.0,40,114,114,17543.8596491228,0,0,0.0,0.0,0,114.0,17543.8596491228,0,0.0,114,0.0,0.0,0.0,0,0,0,0.0,0.0,114,20,0.0,Brute Force -Web
-1,120000000,925842,80,1422.122546,672800,925842,119599084,703.1826431,2691200,2691200,32.0,32.0,32,1422.122546,703.1826431,32,32.0,1,0.0,32.0003805,0.0,0,0,0,0.0,0.0,1,8,0.0,DDOS attack-LOIC-UDP
32738,15219,15219,80,15219.0,40,15219,15219,131.414679,0,0,0.0,0.0,0,15219.0,131.414679,0,0.0,15219,0.0,0.0,0.0,0,0,0,0.0,0.0,15219,20,0.0,DDOS attack-HOIC
225,704,704,80,704.0,64,704,704,2840.909091,0,0,0.0,0.0,0,704.0,2840.909091,0,0.0,704,0.0,0.0,0.0,0,0,0,0.0,0.0,704,32,0.0,DoS attacks-Hulk
211,99999855,99999855,80,99999855.0,64,99999853,99999859,0.0200000282,16,16,8.0,8.0,8,33333286.3333333,0.0400000564,8,4.8,99999855,0.0,6.0,0.0,0,0,0,19.2,4.38178046,2,32,0.0,DoS attacks-Slowloris
-1,120000000,868268,80,1680.6211,569784,868268,119697196,595.02647,2279136,2279136,32.0,32.0,32,1680.6211,595.02647,32,32.0,1,0.0,32.00044929,0.0,0,0,0,0.0,0.0,1,8,0.0,DDOS attack-LOIC-UDP
-1,678575,245282,33014,226191.6667,32,245282,678575,5.894705817,1200,1200,300.0,300.0,300,226191.6667,5.894705817,300,300.0,214399,0.0,375.0,0.0,0,0,0,0.0,0.0,214399,8,0.0,Infilteration
180,0,0,50367,0.0,20,15,15,66666.6666666667,0,0,0.0,0.0,0,15.0,133333.333333333,0,0.0,0,0.0,0.0,0.0,0,0,0,0.0,0.0,15,20,0.0,Benign
-1,0,0,53,0.0,8,8519,8519,117.38466956215518,51,51,51.0,51.0,51,8519.0,234.7693391243104,112,71.33333333333333,0,112.0,107.0,112.0,112,112,112,1240.3333333333333,35.21836642056717,8519,8,0.0,Benign
65535,20040,19783,80,10020.0,72,19783,35783,83.83869435,299,299,99.66666667,99.66666667,299,5963.833333,195.6236202,935,154.25,257,233.75,176.2857143,233.75,935,935,935,110468.7857,332.3684487,3,20,172.6277305,DDOS attack-HOIC
8192,3201584,1183192,3389,355731.5555555556,208,1163622,3201584,3.123453890324289,1148,1148,114.8,114.8,677,200099.0,5.309871613551292,1173,151.61111111111114,457,225.8571428571429,160.52941176470588,225.8571428571429,1173,1581,1581,93075.42810457514,305.08265782337605,54,20,210.0924664152536,Benign
-1,120000000,938285,80,1214.945572,787832,938285,119645410,823.0904972,3151328,3151328,32.0,32.0,32,1214.945572,823.0904972,32,32.0,0,0.0,32.00032494,0.0,0,0,0,0.0,0.0,0,8,0.0,DDOS attack-LOIC-UDP
-1,119000000,876262,80,1113.541334,858096,876262,119439557,898.0441882,3432384,3432384,32.0,32.0,32,1113.541334,898.0441882,32,32.0,0,0.0,32.00029833,0.0,0,0,0,0.0,0.0,0,8,0.0,DDOS attack-LOIC-UDP
226,1965121,1965121,80,1965121.0,64,1965121,1965121,1.0177490343,0,0,0.0,0.0,0,1965121.0,1.0177490343,0,0.0,1965121,0.0,0.0,0.0,0,0,0,0.0,0.0,1965121,32,0.0,DoS attacks-GoldenEye
-1,93300000,604951,80,868.0954897,860080,604951,93328078,1151.957721,3440320,3440320,32.0,32.0,32,868.0954897,1151.957721,32,32.0,0,0.0,32.00029765,0.0,0,0,0,0.0,0.0,0,8,0.0,DDOS attack-LOIC-UDP
-1,120000000,633010,80,849.2281379,1128168,633010,119758152,1177.548231,4512672,4512672,32.0,32.0,32,849.2281379,1177.548231,32,32.0,0,0.0,32.00022692,0.0,0,0,0,0.0,0.0,0,8,0.0,DDOS attack-LOIC-UDP
225,24270,24270,80,24270.0,64,24270,24270,82.40626288,0,0,0.0,0.0,0,24270.0,82.40626288,0,0.0,24270,0.0,0.0,0.0,0,0,0,0.0,0.0,24270,32,0.0,DoS attacks-Hulk
225,65251,40455,80,32625.5,96,40455,65251,45.97630688,0,0,0.0,0.0,0,32625.5,45.97630688,0,0.0,24796,0.0,0.0,0.0,0,0,0,0.0,0.0,24796,32,0.0,DoS attacks-Hulk
256,473,473,8080,473.0,40,473,473,4228.32981,0,0,0.0,0.0,0,473.0,4228.32981,0,0.0,473,0.0,0.0,0.0,0,0,0,0.0,0.0,473,20,0.0,Bot
-1,112641180,56320594,0,56320590.0,0,56320594,112641180,0.0266332437,0,0,0.0,0.0,0,56320590.0,0.0266332437,0,0.0,56320586,0.0,0.0,0.0,0,0,0,0.0,0.0,56320586,0,0.0,Brute Force -Web
26883,388674,149837,22,18508.2857142857,712,149837,388828,56.5802874279,1912,1912,86.9090909091,86.9090909091,640,9483.6097560976,108.0169123623,976,106.4418604651,212,133.25,108.9761904762,133.25,976,2665,2665,42969.919158361,207.2918694941,4,32,137.6880217811,SSH-Bruteforce
32738,2077,2077,80,2077.0,40,2077,2077,962.927299,0,0,0.0,0.0,0,2077.0,962.927299,0,0.0,2077,0.0,0.0,0.0,0,0,0,0.0,0.0,2077,20,0.0,DDOS attack-HOIC
26883,204840,128152,80,51210.0,168,128152,204840,24.4092950596,327,327,65.4,65.4,327,29262.8571428571,39.0548720953,972,144.3333333333,303,324.0,162.375,324.0,972,972,972,108028.0,328.6761323857,7,32,146.2388457285,DoS attacks-GoldenEye
225,14325,14325,80,14325.0,64,14325,14325,139.6160558,0,0,0.0,0.0,0,14325.0,139.6160558,0,0.0,14325,0.0,0.0,0.0,0,0,0,0.0,0.0,14325,32,0.0,DoS attacks-Hulk
8192,92400000,10000000,80,7107366.923,292,10000000,92395770,0.151522088,457,457,32.64285714,32.64285714,448,3695830.8,0.281398164,913,50.74074074,166,76.08333333,52.69230769,76.08333333,913,913,913,37106.4302,192.6302941,12,20,119.5489003,Infilteration
225,33081,33081,80,33081.0,64,33081,33081,60.45766452,0,0,0.0,0.0,0,33081.0,60.45766452,0,0.0,33081,0.0,0.0,0.0,0,0,0,0.0,0.0,33081,32,0.0,DoS attacks-Hulk
219,4496050,4384738,36470,1124012.5,168,4384730,4496050,1.112087277,935,935,187.0,187.0,935,642292.8571,1.779339643,935,145.3333333,23,124.3333333,163.5,124.3333333,373,373,373,102907.25,320.791599,8,32,418.1447118,Benign
65535,15687,15363,80,7843.5,72,15363,24787,121.0311857,261,261,87.0,87.0,261,4131.166667,282.4061,935,149.5,324,233.75,170.8571429,233.75,935,935,935,109077.7143,330.2691543,4,20,150.6884203,DDOS attack-HOIC
26883,0,0,21,0.0,40,22,22,45454.54545,0,0,0.0,0.0,0,22.0,90909.09091,0,0.0,0,0.0,0.0,0.0,0,0,0,0.0,0.0,22,40,0.0,DoS attacks-SlowHTTPTest
-1,112638867,56320621,0,56319433.5,0,56320621,112638867,0.0266337906,0,0,0.0,0.0,0,56319433.5,0.0266337906,0,0.0,56318246,0.0,0.0,0.0,0,0,0,0.0,0.0,56318246,0,0.0,Brute Force -Web
26883,0,0,21,0.0,40,5,5,200000.0,0,0,0.0,0.0,0,5.0,400000.0,0,0.0,0,0.0,0.0,0.0,0,0,0,0.0,0.0,5,40,0.0,FTP-BruteForce
-1,0,0,53,0.0,8,18895,18895,52.92405398,30,30,30.0,30.0,30,18895.0,105.848108,62,40.66666667,0,62.0,61.0,62.0,62,62,62,341.3333333,18.47520861,18895,8,0.0,Infilteration
26883,6973661,6973264,80,2324553.66666667,136,6972943,11978263,0.3339382346,374,374,93.5,93.5,374,1711180.42857143,0.6678764692,972,149.5555555556,103,243.0,168.25,243.0,972,972,972,110419.777777778,332.294715242,2,32,187.0,DoS attacks-GoldenEye
211,105011959,105011959,80,105011959.0,64,105011957,105011960,0.0190454497,16,16,8.0,8.0,8,35003986.6666667,0.0380908994,8,4.8,105011959,0.0,6.0,0.0,0,0,0,19.2,4.38178046,1,32,0.0,DoS attacks-Slowloris
221,43006946,43006946,80,43006946.0,64,43006946,43006946,0.0465041159,0,0,0.0,0.0,0,43006946.0,0.0465041159,0,0.0,43006946,0.0,0.0,0.0,0,0,0,0.0,0.0,43006946,32,0.0,DoS attacks-GoldenEye
26883,0,0,21,0.0,40,18,18,55555.55556,0,0,0.0,0.0,0,18.0,111111.1111,0,0.0,0,0.0,0.0,0.0,0,0,0,0.0,0.0,18,40,0.0,DoS attacks-SlowHTTPTest
-1,120000000,712367,80,915.1075675,1045008,712367,119535926,1092.776075,4180032,4180032,32.0,32.0,32,915.1075675,1092.776075,32,32.0,0,0.0,32.00024497,0.0,0,0,0,0.0,0.0,0,8,0.0,DDOS attack-LOIC-UDP
241,0,0,22,0.0,32,41,41,24390.243902439,0,0,0.0,0.0,0,41.0,48780.4878048781,0,0.0,0,0.0,0.0,0.0,0,0,0,0.0,0.0,41,32,0.0,SSH-Bruteforce
225,50271,42858,80,25135.5,96,42858,50271,59.67655308,0,0,0.0,0.0,0,25135.5,59.67655308,0,0.0,7413,0.0,0.0,0.0,0,0,0,0.0,0.0,7413,32,0.0,DoS attacks-Hulk
225,3887,3887,80,3887.0,64,3887,3887,514.5356316,0,0,0.0,0.0,0,3887.0,514.5356316,0,0.0,3887,0.0,0.0,0.0,0,0,0,0.0,0.0,3887,32,0.0,DoS attacks-Hulk
2052,450,450,8080,450.0,40,450,450,4444.444444,0,0,0.0,0.0,0,450.0,4444.444444,0,0.0,450,0.0,0.0,0.0,0,0,0,0.0,0.0,450,20,0.0,Bot
32738,4424,4424,80,4424.0,40,4424,4424,452.079566,0,0,0.0,0.0,0,4424.0,452.079566,0,0.0,4424,0.0,0.0,0.0,0,0,0,0.0,0.0,4424,20,0.0,DDOS attack-HOIC
8192,2750392,1349257,3389,392913.1429,168,1213022,2750392,2.908676291,1132,1132,141.5,141.5,661,152799.5556,6.90810619,1173,135.65,87,143.7272727,142.7894737,143.7272727,1173,1581,1581,84558.02895,290.7886328,32,20,222.7920235,Benign
8192,585,532,8080,292.5,72,9640,10521,285.1439977,326,326,108.6666667,108.6666667,326,1753.5,665.3359947,326,56.875,53,32.25,65.0,32.25,112,129,129,13318.69643,115.4066568,21,20,188.2161878,Bot
8192,115831794,10109152,80,7722119.6,332,10014569,115831794,0.1381313320589682,445,445,27.812500000000004,27.8125,434,3994199.793103448,0.2589962476105654,706,37.12903225806451,309,50.428571428571416,38.36666666666667,50.42857142857143,706,706,706,21468.916129032248,146.5227495272739,15,20,108.3175693658851,Benign
-1,120000000,1200064,80,965.5345003,993160,1200064,119865315,1035.704115,3972640,3972640,32.0,32.0,32,965.5345003,1035.704115,32,32.0,0,0.0,32.00025776,0.0,0,0,0,0.0,0.0,0,8,0.0,DDOS attack-LOIC-UDP
221,43321592,43321592,80,43321592.0,64,43321592,43321592,0.0461663551,0,0,0.0,0.0,0,43321592.0,0.0461663551,0,0.0,43321592,0.0,0.0,0.0,0,0,0,0.0,0.0,43321592,32,0.0,DoS attacks-GoldenEye
2052,444,444,8080,444.0,40,444,444,4504.504505,0,0,0.0,0.0,0,444.0,4504.504505,0,0.0,444,0.0,0.0,0.0,0,0,0,0.0,0.0,444,20,0.0,Bot
26883,0,0,21,0.0,40,33,33,30303.0303,0,0,0.0,0.0,0,33.0,60606.06061,0,0.0,0,0.0,0.0,0.0,0,0,0,0.0,0.0,33,40,0.0,DoS attacks-SlowHTTPTest
65535,12063,11803,80,6031.5,72,11803,13666,219.5229036,291,291,97.0,97.0,291,2277.666667,512.2201083,935,153.25,260,233.75,175.1428571,233.75,935,935,935,110145.9286,331.8824017,4,20,168.0089283,DDOS attack-HOIC
-1,120000000,585550,80,947.4620806,1012576,585550,119921223,1055.459549,4050304,4050304,32.0,32.0,32,947.4620806,1055.459549,32,32.0,0,0.0,32.00025282,0.0,0,0,0,0.0,0.0,0,8,0.0,DDOS attack-LOIC-UDP
8192,117328742,58702540,443,7333046.375,352,58702540,117328742,0.144892033360419,1066,1066,62.70588235294117,62.70588235294117,281,3666523.1875,0.2812610059349311,1460,186.2058823529412,112,329.0625000000001,191.84848484848484,329.0625,1460,5265,5265,140091.7442067736,374.2883169520171,1,20,89.0924833430705,Benign
2052,555,555,8080,555.0,40,555,555,3603.603604,0,0,0.0,0.0,0,555.0,3603.603604,0,0.0,555,0.0,0.0,0.0,0,0,0,0.0,0.0,555,20,0.0,Bot
279,54551456,54551456,80,54551456.0,40,54551456,54551456,0.0366626328,0,0,0.0,0.0,0,54551456.0,0.0366626328,0,0.0,54551456,0.0,0.0,0.0,0,0,0,0.0,0.0,54551456,20,0.0,Benign
226,8991061,8991061,80,8991061.0,64,8991061,8991061,0.2224431577,0,0,0.0,0.0,0,8991061.0,0.2224431577,0,0.0,8991061,0.0,0.0,0.0,0,0,0,0.0,0.0,8991061,32,0.0,DoS attacks-GoldenEye
8192,526,474,8080,263.0,72,10079,10904,275.1283933,326,326,108.6666667,108.6666667,326,1817.333333,641.9662509,326,56.875,52,32.25,65.0,32.25,112,129,129,13318.69643,115.4066568,21,20,188.2161878,Bot
2053,384,384,80,384.0,40,384,384,5208.3333333333,0,0,0.0,0.0,0,384.0,5208.3333333333,0,0.0,384,0.0,0.0,0.0,0,0,0,0.0,0.0,384,20,0.0,Brute Force -XSS
32738,2533,2533,80,2533.0,40,2533,2533,789.577576,0,0,0.0,0.0,0,2533.0,789.577576,0,0.0,2533,0.0,0.0,0.0,0,0,0,0.0,0.0,2533,20,0.0,DDOS attack-HOIC
256,115000000,44300000,443,14400000.0,180,44200000,115253007,0.078089069,899,899,99.88888889,99.88888889,288,7203312.938,0.147501575,325,127.1111111,165497,137.625,134.5882353,137.625,325,1101,1101,21353.86928,146.1296318,0,20,141.5348406,Infilteration
26883,0,0,21,0.0,40,2,2,500000.0,0,0,0.0,0.0,0,2.0,1000000.0,0,0.0,0,0.0,0.0,0.0,0,0,0,0.0,0.0,2,40,0.0,FTP-BruteForce
26883,855248,853019,80,285082.666666667,136,5005191,5860439,0.6825427242,504,504,126.0,126.0,504,837205.571428571,1.3650854484,972,164.0,320,243.0,184.5,243.0,972,972,972,119592.0,345.8207628237,3,32,252.0,DoS attacks-GoldenEye
2052,473,473,8080,473.0,40,473,473,4228.32981,0,0,0.0,0.0,0,473.0,4228.32981,0,0.0,473,0.0,0.0,0.0,0,0,0,0.0,0.0,473,20,0.0,Bot
225,11319,11319,80,11319.0,64,11319,11319,176.6940542,0,0,0.0,0.0,0,11319.0,176.6940542,0,0.0,11319,0.0,0.0,0.0,0,0,0,0.0,0.0,11319,32,0.0,DoS attacks-Hulk
-1,120000000,636871,80,1040.691697,921440,636871,119865829,960.9077162,3685760,3685760,32.0,32.0,32,1040.691697,960.9077162,32,32.0,0,0.0,32.00027783,0.0,0,0,0,0.0,0.0,0,8,0.0,DDOS attack-LOIC-UDP
26883,108381933,53247407,80,7741566.64285714,496,53247407,108381945,0.1383994354,2530,2530,168.6666666667,168.6666666667,230,6375408.52941176,0.1660793225,230,133.1578947368,391,0.0,140.5555555556,0.0,0,0,0,13611.6959064327,116.6691729054,12,32,105.2796728899,DoS attacks-Slowloris
2049,8181401,8181401,80,8181401.0,40,8181401,8181401,0.244456909,0,0,0.0,0.0,0,8181401.0,0.244456909,0,0.0,8181401,0.0,0.0,0.0,0,0,0,0.0,0.0,8181401,20,0.0,DDoS attacks-LOIC-HTTP
255,119,119,443,119.0,40,119,119,16806.72269,0,0,0.0,0.0,0,119.0,16806.72269,0,0.0,119,0.0,0.0,0.0,0,0,0,0.0,0.0,119,20,0.0,Infilteration
226,1978371,1978371,80,1978371.0,64,1978371,1978371,1.010932732,0,0,0.0,0.0,0,1978371.0,1.010932732,0,0.0,1978371,0.0,0.0,0.0,0,0,0,0.0,0.0,1978371,32,0.0,DoS attacks-GoldenEye
-1,120000000,744275,80,1084.727759,883344,744275,119772385,921.8986497,3533376,3533376,32.0,32.0,32,1084.727759,921.8986497,32,32.0,0,0.0,32.00028981,0.0,0,0,0,0.0,0.0,0,8,0.0,DDOS attack-LOIC-UDP
26883,390229,96186,22,18582.3333333333,712,96186,390401,56.3523146713,1928,1928,87.6363636364,87.6363636364,640,9521.9756097561,107.5816916453,976,106.8139534884,216,133.25,109.3571428571,133.25,976,2665,2665,42967.9169435216,207.2870399796,5,32,137.7805520365,SSH-Bruteforce
8192,644,578,8080,322.0,72,10243,11475,261.4379085,326,326,108.6666667,108.6666667,326,1912.5,610.0217865,326,56.875,66,32.25,65.0,32.25,112,129,129,13318.69643,115.4066568,17,20,188.2161878,Bot
2052,642,642,8080,642.0,40,642,642,3115.264798,0,0,0.0,0.0,0,642.0,3115.264798,0,0.0,642,0.0,0.0,0.0,0,0,0,0.0,0.0,642,20,0.0,Bot
226,34297899,34297899,80,34297899.0,64,34297899,34297899,0.0583126098,0,0,0.0,0.0,0,34297899.0,0.0583126098,0,0.0,34297899,0.0,0.0,0.0,0,0,0,0.0,0.0,34297899,32,0.0,DoS attacks-GoldenEye
65535,3407,3087,80,1703.5,72,12589,16037,187.0674066,268,268,89.33333333,89.33333333,268,2672.833333,436.4906155,935,150.375,320,233.75,171.8571429,233.75,935,935,935,109306.8393,330.6158485,6,20,154.7298721,DDOS attack-HOIC
225,2637,2637,80,2637.0,64,2637,2637,758.4376185,0,0,0.0,0.0,0,2637.0,758.4376185,0,0.0,2637,0.0,0.0,0.0,0,0,0,0.0,0.0,2637,32,0.0,DoS attacks-Hulk
256,647,647,8080,647.0,40,647,647,3091.190108,0,0,0.0,0.0,0,647.0,3091.190108,0,0.0,647,0.0,0.0,0.0,0,0,0,0.0,0.0,647,20,0.0,Bot
26883,423060,118844,22,20145.7142857143,712,91799,423104,51.996672213,1912,1912,86.9090909091,86.9090909091,640,9839.6279069767,103.993344426,976,101.7111111111,307,121.1363636364,104.0227272727,121.1363636364,976,2665,2665,41508.8464646465,203.7371995112,3,32,137.6880217811,SSH-Bruteforce
256,53567684,53404404,443,13391921.0,100,53404404,53567684,0.0933398577,123,123,24.6,24.6,46,10713536.8,0.1120078292,46,30.7142857143,35,46.0,35.8333333333,46.0,46,46,46,470.2380952381,21.6849739506,35,20,23.2765976895,Benign
32738,6570,6570,80,6570.0,40,6570,6570,304.414003,0,0,0.0,0.0,0,6570.0,304.414003,0,0.0,6570,0.0,0.0,0.0,0,0,0,0.0,0.0,6570,20,0.0,DDOS attack-HOIC
26883,0,0,21,0.0,40,30,30,33333.3333333333,0,0,0.0,0.0,0,30.0,66666.6666666667,0,0.0,0,0.0,0.0,0.0,0,0,0,0.0,0.0,30,40,0.0,FTP-BruteForce
225,4251,4251,80,4251.0,64,4251,4251,470.4775347,0,0,0.0,0.0,0,4251.0,470.4775347,0,0.0,4251,0.0,0.0,0.0,0,0,0,0.0,0.0,4251,32,0.0,DoS attacks-Hulk
225,1057,1057,80,1057.0,64,1057,1057,1892.147588,0,0,0.0,0.0,0,1057.0,1892.147588,0,0.0,1057,0.0,0.0,0.0,0,0,0,0.0,0.0,1057,32,0.0,DoS attacks-Hulk
-1,120000000,671942,80,868.0443282,1105400,671942,119941157,1152.023238,4421600,4421600,32.0,32.0,32,868.0443282,1152.023238,32,32.0,0,0.0,32.00023159,0.0,0,0,0,0.0,0.0,0,8,0.0,DDOS attack-LOIC-UDP
8192,10298772,10000014,80,2059754.4,132,10000014,15331692,0.3913462389,1145,1145,190.8333333333,190.8333333333,572,1393790.18181818,0.7826924778,572,138.3846153846,5019,109.0,149.9166666667,109.0,327,654,654,51606.0897435897,227.1697377372,75,20,295.2506844474,Benign
63717,0,0,443,0.0,20,12,12,83333.33333333333,0,0,0.0,0.0,0,12.0,166666.66666666666,0,0.0,0,0.0,0.0,0.0,0,0,0,0.0,0.0,12,20,0.0,Benign
8192,444,347,8080,222.0,72,9079,9819,305.5300947,326,326,108.6666667,108.6666667,326,1636.5,712.9035543,326,56.875,97,32.25,65.0,32.25,112,129,129,13318.69643,115.4066568,25,20,188.2161878,Bot
1024,0,0,32783,0.0,24,2,2,500000.0,0,0,0.0,0.0,0,2.0,1000000.0,0,0.0,0,0.0,0.0,0.0,0,0,0,0.0,0.0,2,24,0.0,Infilteration
-1,120000000,707587,80,873.360764,1097856,707587,119852171,1145.010548,4391424,4391424,32.0,32.0,32,873.360764,1145.010548,32,32.0,0,0.0,32.00023318,0.0,0,0,0,0.0,0.0,0,8,0.0,DDOS attack-LOIC-UDP
26883,373786,74413,22,16251.5652173913,776,74413,373828,64.2006484265,1944,1944,81.0,81.0,640,8693.6744186047,117.701188782,976,102.4222222222,213,133.25,104.75,133.25,976,2665,2665,41511.6585858586,203.7441007388,5,32,134.0797945417,SSH-Bruteforce
-1,89479699,41990329,500,17895939.8,48,41990329,89479699,0.0670543159,3000,3000,500.0,500.0,500,17895939.8,0.0670543159,500,500.0,4000325,0.0,583.3333333333,0.0,0,0,0,0.0,0.0,4000325,8,0.0,Brute Force -Web
26883,0,0,21,0.0,40,24,24,41666.66667,0,0,0.0,0.0,0,24.0,83333.33333,0,0.0,0,0.0,0.0,0.0,0,0,0,0.0,0.0,24,40,0.0,DoS attacks-SlowHTTPTest
211,0,0,80,0.0,32,231,245,4081.6326530612,238,238,238.0,238.0,238,122.5,12244.8979591837,516,248.0,0,258.0,330.6666666667,258.0,516,516,516,44509.3333333333,210.9723520591,14,32,0.0,DoS attacks-Slowloris
211,100006619,100006619,80,100006619.0,64,100006617,100006622,0.0199986757,16,16,8.0,8.0,8,33335540.6666667,0.0399973514,8,4.8,100006619,0.0,6.0,0.0,0,0,0,19.2,4.38178046,2,32,0.0,DoS attacks-Slowloris
26883,422070,102470,22,20098.5714285714,712,102470,422205,52.1073885909,1912,1912,86.9090909091,86.9090909091,640,9818.7209302326,104.2147771817,976,101.7111111111,275,121.1363636364,104.0227272727,121.1363636364,976,2665,2665,41508.8464646465,203.7371995112,4,32,137.6880217811,SSH-Bruteforce
26883,3047892,2016053,80,1523946.0,120,2016053,3047892,0.9842868448,0,0,0.0,0.0,0,1523946.0,0.9842868448,0,0.0,1031839,0.0,0.0,0.0,0,0,0,0.0,0.0,1031839,40,0.0,DoS attacks-Slowloris
26883,16263,13606,80,5421.0,136,5003966,5020229,0.796776402,265,265,66.25,66.25,265,717175.571428572,1.5935528041,662,103.0,539,165.5,115.875,165.5,662,662,662,51623.5,227.2080544347,2,32,132.5,DoS attacks-GoldenEye
8192,1667425,1119105,3389,238203.5714,172,953266,1667425,4.797816993,1128,1128,141.0,141.0,661,119101.7857,8.995906862,1173,169.3125,4,225.8571429,180.6,225.8571429,1173,1581,1581,100953.1625,317.731274,4,20,222.6233206,Infilteration
8192,342952,104681,443,38105.7777777778,212,11015527,11358480,0.8803994901,852,852,85.2,85.2,296,436864.615384615,2.3770786232,1460,435.7142857143,38,667.5294117647,451.8518518519,667.5294117647,1460,11348,11348,348249.470899471,590.126656659,0,20,110.5036952625,Benign
2052,651,651,8080,651.0,40,651,651,3072.196621,0,0,0.0,0.0,0,651.0,3072.196621,0,0.0,651,0.0,0.0,0.0,0,0,0,0.0,0.0,651,20,0.0,Bot
26883,337132,104889,22,16053.9047619048,712,104889,337613,65.1633675244,1912,1912,86.9090909091,86.9090909091,640,7851.4651162791,130.3267350487,976,101.7111111111,135,121.1363636364,104.0227272727,121.1363636364,976,2665,2665,41508.8464646465,203.7371995112,4,32,137.6880217811,SSH-Bruteforce
2052,477,477,8080,477.0,40,477,477,4192.872117,0,0,0.0,0.0,0,477.0,4192.872117,0,0.0,477,0.0,0.0,0.0,0,0,0,0.0,0.0,477,20,0.0,Bot
1024,0,0,4045,0.0,24,231,231,4329.004329,0,0,0.0,0.0,0,231.0,8658.008658,0,0.0,0,0.0,0.0,0.0,0,0,0,0.0,0.0,231,24,0.0,Infilteration
32738,3291,3291,80,3291.0,40,3291,3291,607.7180188,0,0,0.0,0.0,0,3291.0,607.7180188,0,0.0,3291,0.0,0.0,0.0,0,0,0,0.0,0.0,3291,20,0.0,DDOS attack-HOIC
2052,556,556,8080,556.0,40,556,556,3597.122302,0,0,0.0,0.0,0,556.0,3597.122302,0,0.0,556,0.0,0.0,0.0,0,0,0,0.0,0.0,556,20,0.0,Bot
26883,0,0,21,0.0,40,24,24,41666.6666666667,0,0,0.0,0.0,0,24.0,83333.3333333333,0,0.0,0,0.0,0.0,0.0,0,0,0,0.0,0.0,24,40,0.0,FTP-BruteForce
32738,7344,7344,80,7344.0,40,7344,7344,272.3311547,0,0,0.0,0.0,0,7344.0,272.3311547,0,0.0,7344,0.0,0.0,0.0,0,0,0,0.0,0.0,7344,20,0.0,DDOS attack-HOIC
-1,120000000,1164176,80,1000.453249,957328,1164176,119719238,999.5553096,3829312,3829312,32.0,32.0,32,1000.453249,999.5553096,32,32.0,0,0.0,32.00026741,0.0,0,0,0,0.0,0.0,0,8,0.0,DDOS attack-LOIC-UDP
256,371,371,80,371.0,40,371,371,5390.8355795148,0,0,0.0,0.0,0,371.0,5390.8355795148,0,0.0,371,0.0,0.0,0.0,0,0,0,0.0,0.0,371,20,0.0,Benign
26883,0,0,21,0.0,40,21,21,47619.0476190476,0,0,0.0,0.0,0,21.0,95238.0952380952,0,0.0,0,0.0,0.0,0.0,0,0,0,0.0,0.0,21,40,0.0,FTP-BruteForce
65535,9938,9542,80,4969.0,72,9542,15625,192.0,333,333,111.0,111.0,333,2604.166667,448.0,935,158.5,396,233.75,181.1428571,233.75,935,935,935,112019.4286,334.6930363,3,20,192.2576396,DDOS attack-HOIC
225,13117,13117,80,13117.0,64,13117,13117,152.4738888,0,0,0.0,0.0,0,13117.0,152.4738888,0,0.0,13117,0.0,0.0,0.0,0,0,0,0.0,0.0,13117,32,0.0,DoS attacks-Hulk
8192,323,321,80,161.5,72,1765629,1766007,1.698747513,20,20,6.666666667,6.666666667,20,294334.5,3.963744198,964,123.0,2,241.0,140.5714286,241.0,964,964,964,115523.4286,339.8873763,2,20,11.54700538,DDoS attacks-LOIC-HTTP
-1,120000000,601558,80,981.5777546,975024,601558,119631752,1018.776353,3900096,3900096,32.0,32.0,32,981.5777546,1018.776353,32,32.0,0,0.0,32.00026256,0.0,0,0,0,0.0,0.0,0,8,0.0,DDOS attack-LOIC-UDP
26883,0,0,21,0.0,40,2,2,500000.0,0,0,0.0,0.0,0,2.0,1000000.0,0,0.0,0,0.0,0.0,0.0,0,0,0,0.0,0.0,2,40,0.0,FTP-BruteForce
114,0,0,53940,0.0,20,17,17,58823.52941,0,0,0.0,0.0,0,17.0,117647.0588,0,0.0,0,0.0,0.0,0.0,0,0,0,0.0,0.0,17,20,0.0,Infilteration
211,103076064,103076064,80,103076064.0,64,103076062,103076066,0.0194031464,16,16,8.0,8.0,8,34358688.6666667,0.0388062928,8,4.8,103076064,0.0,6.0,0.0,0,0,0,19.2,4.38178046,2,32,0.0,DoS attacks-Slowloris
26883,362112,80204,22,17243.4285714286,712,80204,362172,60.744618579,1928,1928,87.6363636364,87.6363636364,640,8422.6046511628,121.489237158,976,102.0666666667,193,121.1363636364,104.3863636364,121.1363636364,976,2665,2665,41510.3818181818,203.7409674518,3,32,137.7805520365,SSH-Bruteforce
26883,0,0,21,0.0,40,14,14,71428.5714285714,0,0,0.0,0.0,0,14.0,142857.142857143,0,0.0,0,0.0,0.0,0.0,0,0,0,0.0,0.0,14,40,0.0,FTP-BruteForce
26883,6926347,6923241,80,2308782.33333333,136,6922934,11926282,0.3353937128,400,400,100.0,100.0,400,1703754.57142857,0.6707874256,972,152.4444444444,305,243.0,171.5,243.0,972,972,972,111953.777777778,334.5949458342,5,32,200.0,DoS attacks-GoldenEye
26883,107557716,53246782,80,7682694.0,496,53246782,107557718,0.139460006,2530,2530,168.6666666667,168.6666666667,230,6326924.58823529,0.1673520072,230,133.1578947368,458,0.0,140.5555555556,0.0,0,0,0,13611.6959064327,116.6691729054,2,32,105.2796728899,DoS attacks-Slowloris
119,1,1,50231,1.0,40,1,1,2000000.0,0,0,0.0,0.0,0,1.0,2000000.0,0,0.0,1,0.0,0.0,0.0,0,0,0,0.0,0.0,1,20,0.0,Benign
26883,0,0,21,0.0,40,2,2,500000.0,0,0,0.0,0.0,0,2.0,1000000.0,0,0.0,0,0.0,0.0,0.0,0,0,0,0.0,0.0,2,40,0.0,FTP-BruteForce
8192,484,433,8080,242.0,72,8950,9730,308.3247688,326,326,108.6666667,108.6666667,326,1621.666667,719.4244604,326,56.875,51,32.25,65.0,32.25,112,129,129,13318.69643,115.4066568,1,20,188.2161878,Bot
211,103076002,103076002,80,103076002.0,64,103075999,103076004,0.0194031581,16,16,8.0,8.0,8,34358668.0,0.0388063162,8,4.8,103076002,0.0,6.0,0.0,0,0,0,19.2,4.38178046,2,32,0.0,DoS attacks-Slowloris
219,4166147,4099095,50528,1041536.75,168,4099089,4166147,1.200149683,935,935,187.0,187.0,935,595163.8571,1.920239492,935,139.6666667,25,107.3333333,157.125,107.3333333,322,322,322,100293.5,316.6914903,6,32,418.1447118,Benign
-1,89479536,41990323,500,17895907.2,48,41990323,89479536,0.067054438,3000,3000,500.0,500.0,500,17895907.2,0.067054438,500,500.0,4000265,0.0,583.3333333333,0.0,0,0,0,0.0,0.0,4000265,8,0.0,Brute Force -Web
2049,40100000,40100000,80,40100000.0,40,40100000,40141427,0.049823839,0,0,0.0,0.0,0,40100000.0,0.049823839,0,0.0,40100000,0.0,0.0,0.0,0,0,0,0.0,0.0,40100000,20,0.0,DDoS attacks-LOIC-HTTP
-1,0,0,53,0.0,8,38285,38285,26.11989029646076,28,28,28.0,28.0,28,38285.0,52.23978059292151,112,56.0,0,112.0,84.0,112.0,112,112,112,2352.0,48.49742261192856,38285,8,0.0,Benign
2049,12400000,12400000,80,12400000.0,40,12400000,12395449,0.16134954,0,0,0.0,0.0,0,12400000.0,0.16134954,0,0.0,12400000,0.0,0.0,0.0,0,0,0,0.0,0.0,12400000,20,0.0,DDoS attacks-LOIC-HTTP
8192,343,342,80,171.5,72,1247488,1247899,2.404040712,20,20,6.666666667,6.666666667,20,207983.1667,5.609428327,964,123.0,1,241.0,140.5714286,241.0,964,964,964,115523.4286,339.8873763,1,20,11.54700538,DDoS attacks-LOIC-HTTP
26883,354177,87331,22,16865.5714285714,712,87331,354646,62.0336899331,1928,1928,87.6363636364,87.6363636364,640,8247.5813953488,124.0673798661,976,102.0666666667,216,121.1363636364,104.3863636364,121.1363636364,976,2665,2665,41510.3818181818,203.7409674518,3,32,137.7805520365,SSH-Bruteforce
2053,713,706,80,356.5,60,706,713,4207.5736325386,0,0,0.0,0.0,0,356.5,4207.5736325386,0,0.0,7,0.0,0.0,0.0,0,0,0,0.0,0.0,7,20,0.0,Brute Force -XSS
8192,116323478,10109126,80,7754898.533333334,332,10014680,116323478,0.1375474691360242,445,445,27.812500000000004,27.8125,434,4011154.4137931033,0.2579015046300456,706,37.12903225806451,212,50.428571428571416,38.36666666666667,50.42857142857143,706,706,706,21468.916129032248,146.5227495272739,34,20,108.3175693658851,Benign
26883,0,0,21,0.0,40,30,30,33333.3333333333,0,0,0.0,0.0,0,30.0,66666.6666666667,0,0.0,0,0.0,0.0,0.0,0,0,0,0.0,0.0,30,40,0.0,FTP-BruteForce
62560,86336693,86336693,1735,86336693.0,40,86336693,86336693,0.0231651217,0,0,0.0,0.0,0,86336693.0,0.0231651217,0,0.0,86336693,0.0,0.0,0.0,0,0,0,0.0,0.0,86336693,20,0.0,Benign
26883,285946,76910,22,13616.4761904762,712,76910,286447,76.8030386075,1944,1944,88.3636363636,88.3636363636,640,6820.1666666667,150.1150300056,976,104.75,142,126.9047619048,107.1860465116,126.9047619048,976,2665,2665,42227.5406976744,205.4934079178,3,32,137.8690011274,SSH-Bruteforce
225,1120,1120,80,1120.0,64,1120,1120,1785.714286,0,0,0.0,0.0,0,1120.0,1785.714286,0,0.0,1120,0.0,0.0,0.0,0,0,0,0.0,0.0,1120,32,0.0,DoS attacks-Hulk
-1,120000000,842023,80,1172.531545,815848,842023,119574767,852.8638822,3263392,3263392,32.0,32.0,32,1172.531545,852.8638822,32,32.0,0,0.0,32.00031378,0.0,0,0,0,0.0,0.0,0,8,0.0,DDOS attack-LOIC-UDP
2052,813,813,8080,813.0,40,813,813,2460.0246,0,0,0.0,0.0,0,813.0,2460.0246,0,0.0,813,0.0,0.0,0.0,0,0,0,0.0,0.0,813,20,0.0,Bot
26883,0,0,21,0.0,40,2,2,500000.0,0,0,0.0,0.0,0,2.0,1000000.0,0,0.0,0,0.0,0.0,0.0,0,0,0,0.0,0.0,2,40,0.0,DoS attacks-SlowHTTPTest
62560,86267112,86267112,22618,86267112.0,40,86267112,86267112,0.0231838061,0,0,0.0,0.0,0,86267112.0,0.0231838061,0,0.0,86267112,0.0,0.0,0.0,0,0,0,0.0,0.0,86267112,20,0.0,Benign
32738,1154,1154,80,1154.0,40,1154,1154,1733.102253,0,0,0.0,0.0,0,1154.0,1733.102253,0,0.0,1154,0.0,0.0,0.0,0,0,0,0.0,0.0,1154,20,0.0,DDOS attack-HOIC
8192,1974114,1160157,3389,282016.2857,172,953544,1974114,4.052450872,1144,1144,143.0,143.0,677,141008.1429,7.598345384,1173,170.3125,2,225.8571429,181.6666667,225.8571429,1173,1581,1581,102018.0958,319.4027173,2,20,227.9699228,Infilteration
219,4012376,3961221,56786,1003094.0,168,3961215,4012376,1.246144429,935,935,187.0,187.0,935,573196.5714,1.993831087,935,140.7777778,25,110.6666667,158.375,110.6666667,332,332,332,100760.4444,317.4278571,4,32,418.1447118,Benign
2049,37400000,37400000,80,37400000.0,40,37400000,37376803,0.053509124,0,0,0.0,0.0,0,37400000.0,0.053509124,0,0.0,37400000,0.0,0.0,0.0,0,0,0,0.0,0.0,37400000,20,0.0,DDoS attacks-LOIC-HTTP
-1,120000000,623390,80,873.5404998,1098976,623390,119999132,1144.774947,4395904,4395904,32.0,32.0,32,873.5404998,1144.774947,32,32.0,0,0.0,32.00023294,0.0,0,0,0,0.0,0.0,0,8,0.0,DDOS attack-LOIC-UDP
62559,86297255,86297255,50127,86297255.0,40,86297255,86297255,0.0231757082,0,0,0.0,0.0,0,86297255.0,0.0231757082,0,0.0,86297255,0.0,0.0,0.0,0,0,0,0.0,0.0,86297255,20,0.0,Benign
225,12421,12421,80,12421.0,64,12421,12421,161.0176314,0,0,0.0,0.0,0,12421.0,161.0176314,0,0.0,12421,0.0,0.0,0.0,0,0,0,0.0,0.0,12421,32,0.0,DoS attacks-Hulk
2049,3870646,3870646,80,3870646.0,40,3870646,3870646,0.516709614,0,0,0.0,0.0,0,3870646.0,0.516709614,0,0.0,3870646,0.0,0.0,0.0,0,0,0,0.0,0.0,3870646,20,0.0,DDoS attacks-LOIC-HTTP
32738,1394,1394,80,1394.0,40,1394,1394,1434.72023,0,0,0.0,0.0,0,1394.0,1434.72023,0,0.0,1394,0.0,0.0,0.0,0,0,0,0.0,0.0,1394,20,0.0,DDOS attack-HOIC
946,0,0,52169,0.0,20,37,37,27027.02703,0,0,0.0,0.0,0,37.0,54054.05405,0,0.0,0,0.0,0.0,0.0,0,0,0,0.0,0.0,37,20,0.0,Infilteration
123,47,47,50928,47.0,40,47,47,42553.19148936171,0,0,0.0,0.0,0,47.0,42553.19148936171,0,0.0,47,0.0,0.0,0.0,0,0,0,0.0,0.0,47,20,0.0,Benign
2049,1048972,1048972,80,1048972.0,40,1048972,1048972,1.906628585,0,0,0.0,0.0,0,1048972.0,1.906628585,0,0.0,1048972,0.0,0.0,0.0,0,0,0,0.0,0.0,1048972,20,0.0,DDoS attacks-LOIC-HTTP
225,2395,2395,80,2395.0,64,2395,2395,835.0730689,0,0,0.0,0.0,0,2395.0,835.0730689,0,0.0,2395,0.0,0.0,0.0,0,0,0,0.0,0.0,2395,32,0.0,DoS attacks-Hulk
-1,120000000,930471,80,1240.884352,771520,930471,119669646,805.8852284,3086080,3086080,32.0,32.0,32,1240.884352,805.8852284,32,32.0,1,0.0,32.00033181,0.0,0,0,0,0.0,0.0,1,8,0.0,DDOS attack-LOIC-UDP
225,7648,7648,80,7648.0,64,7648,7648,261.5062762,0,0,0.0,0.0,0,7648.0,261.5062762,0,0.0,7648,0.0,0.0,0.0,0,0,0,0.0,0.0,7648,32,0.0,DoS attacks-Hulk
64800,25,25,56802,25.0,40,25,25,80000.0,0,0,0.0,0.0,0,25.0,80000.0,0,0.0,25,0.0,0.0,0.0,0,0,0,0.0,0.0,25,20,0.0,Benign
2051,26,26,80,26.0,40,26,26,76923.0769230769,0,0,0.0,0.0,0,26.0,76923.0769230769,0,0.0,26,0.0,0.0,0.0,0,0,0,0.0,0.0,26,20,0.0,SQL Injection
32738,534,534,80,534.0,40,534,534,3745.318352,0,0,0.0,0.0,0,534.0,3745.318352,0,0.0,534,0.0,0.0,0.0,0,0,0,0.0,0.0,534,20,0.0,DDOS attack-HOIC
8192,3773548,1281187,3389,377354.8,232,951712,3773548,2.9150285089788177,1349,1349,122.63636363636364,122.63636363636364,677,198607.7894736842,5.300051834506942,1173,195.3809523809524,4,306.0,205.15,306.0,1173,2754,2754,130533.94761904764,361.29482091367936,4,20,200.990682732943,Benign
32738,2453,2453,80,2453.0,40,2453,2453,815.3281696,0,0,0.0,0.0,0,2453.0,815.3281696,0,0.0,2453,0.0,0.0,0.0,0,0,0,0.0,0.0,2453,20,0.0,DDOS attack-HOIC
-1,120000000,599360,80,773.3718668,1239312,599360,119805356,1293.047366,4957248,4957248,32.0,32.0,32,773.3718668,1293.047366,32,32.0,1,0.0,32.00020657,0.0,0,0,0,0.0,0.0,1,8,0.0,DDOS attack-LOIC-UDP
226,1947542,1947542,80,1947542.0,64,1947542,1947542,1.026935491,0,0,0.0,0.0,0,1947542.0,1.026935491,0,0.0,1947542,0.0,0.0,0.0,0,0,0,0.0,0.0,1947542,32,0.0,DoS attacks-GoldenEye
-1,120000000,644506,80,1092.731518,876880,644506,119773209,915.1462244,3507520,3507520,32.0,32.0,32,1092.731518,915.1462244,32,32.0,1,0.0,32.00029194,0.0,0,0,0,0.0,0.0,1,8,0.0,DDOS attack-LOIC-UDP
26883,0,0,21,0.0,40,17,17,58823.5294117647,0,0,0.0,0.0,0,17.0,117647.058823529,0,0.0,0,0.0,0.0,0.0,0,0,0,0.0,0.0,17,40,0.0,FTP-BruteForce
221,1834351,1834351,80,1834351.0,64,1834351,1834351,1.0903038731,0,0,0.0,0.0,0,1834351.0,1.0903038731,0,0.0,1834351,0.0,0.0,0.0,0,0,0,0.0,0.0,1834351,32,0.0,DoS attacks-GoldenEye
-1,120000000,829177,80,1249.23932,765744,829177,119573440,800.4954947,3062976,3062976,32.0,32.0,32,1249.23932,800.4954947,32,32.0,0,0.0,32.00033432,0.0,0,0,0,0.0,0.0,0,8,0.0,DDOS attack-LOIC-UDP
8192,62196,61891,80,20732.0,92,5392235,5454431,0.7333487214,97,97,24.25,24.25,97,779204.428571429,1.4666974429,231,36.4444444444,110,57.75,41.0,57.75,231,231,231,6352.0277777778,79.6996096463,40,20,48.5,Benign
32738,5416,5416,80,5416.0,40,5416,5416,369.2762186,0,0,0.0,0.0,0,5416.0,369.2762186,0,0.0,5416,0.0,0.0,0.0,0,0,0,0.0,0.0,5416,20,0.0,DDOS attack-HOIC
-1,0,0,53,0.0,8,995,995,1005.025126,32,32,32.0,32.0,32,995.0,2010.050251,99,54.33333333,0,99.0,81.5,99.0,99,99,99,1496.333333,38.68246804,995,8,0.0,Infilteration
-1,25828,25828,53,25828.0,16,25526,26164,76.44091118,102,102,51.0,51.0,51,8721.333333,152.8818224,67,57.4,25828,67.0,71.75,67.0,67,134,134,76.8,8.76356092,302,8,0.0,Infilteration
2052,506,506,8080,506.0,40,506,506,3952.56917,0,0,0.0,0.0,0,506.0,3952.56917,0,0.0,506,0.0,0.0,0.0,0,0,0,0.0,0.0,506,20,0.0,Bot
-1,120000000,841492,80,1123.479642,853528,841492,119864043,890.1001279,3414112,3414112,32.0,32.0,32,1123.479642,890.1001279,32,32.0,0,0.0,32.00029993,0.0,0,0,0,0.0,0.0,0,8,0.0,DDOS attack-LOIC-UDP
225,58181,58181,80,58181.0,64,58181,58181,34.37548341,0,0,0.0,0.0,0,58181.0,34.37548341,0,0.0,58181,0.0,0.0,0.0,0,0,0,0.0,0.0,58181,32,0.0,DoS attacks-Hulk
26883,6999369,6973451,80,1749842.25,168,6973156,6999369,0.7143501078,416,416,83.2,83.2,416,999909.857142857,1.1429601726,972,154.2222222222,2,324.0,173.5,324.0,972,972,972,112972.444444444,336.1137373635,2,32,186.040855728,DoS attacks-GoldenEye
-1,119000000,837595,80,1133.961329,842200,837595,119376645,881.8726645,3368800,3368800,32.0,32.0,32,1133.961329,881.8726645,32,32.0,0,0.0,32.00030397,0.0,0,0,0,0.0,0.0,0,8,0.0,DDOS attack-LOIC-UDP
8192,282,282,8080,282.0,52,6487,15226,131.3542624,0,0,0.0,0.0,0,1171.230769,919.4798371,112,8.6,282,10.75,9.214285714,10.75,112,129,129,837.4,28.93786447,12,20,0.0,Bot
221,52019454,52019454,80,52019454.0,64,52019454,52019454,0.0384471548,0,0,0.0,0.0,0,52019454.0,0.0384471548,0,0.0,52019454,0.0,0.0,0.0,0,0,0,0.0,0.0,52019454,32,0.0,DoS attacks-GoldenEye
26883,371845,73493,22,14873.8,840,73493,371912,69.9090107337,1912,1912,73.5384615385,73.5384615385,640,8264.7111111111,123.6851728366,976,97.3829787234,1,133.25,99.5,133.25,976,2665,2665,40134.7631822387,200.3366246652,1,32,130.1817900535,SSH-Bruteforce
26883,0,0,21,0.0,40,22,22,45454.54545,0,0,0.0,0.0,0,22.0,90909.09091,0,0.0,0,0.0,0.0,0.0,0,0,0,0.0,0.0,22,40,0.0,DoS attacks-SlowHTTPTest
26883,100007904,99999186,80,25001976.0,168,99999184,100007905,0.0499960478,246,246,49.2,49.2,230,12500988.125,0.0899928861,230,24.6,54,0.0,27.3333333333,0.0,0,0,0,5219.6,72.2467992371,1,32,101.1493944619,DoS attacks-Slowloris
8192,570,518,8080,285.0,72,9891,11255,266.5482008,326,326,108.6666667,108.6666667,326,1875.833333,621.9458019,326,56.875,52,32.25,65.0,32.25,112,129,129,13318.69643,115.4066568,15,20,188.2161878,Bot
26883,0,0,21,0.0,40,21,21,47619.04762,0,0,0.0,0.0,0,21.0,95238.09524,0,0.0,0,0.0,0.0,0.0,0,0,0,0.0,0.0,21,40,0.0,DoS attacks-SlowHTTPTest
226,1897849,1897849,80,1897849.0,64,1897849,1897849,1.0538246193,0,0,0.0,0.0,0,1897849.0,1.0538246193,0,0.0,1897849,0.0,0.0,0.0,0,0,0,0.0,0.0,1897849,32,0.0,DoS attacks-GoldenEye
26883,304392,107998,22,14494.8571428571,712,107998,304905,72.1536216198,1912,1912,86.9090909091,86.9090909091,640,7090.8139534884,144.3072432397,976,101.7111111111,125,121.1363636364,104.0227272727,121.1363636364,976,2665,2665,41508.8464646465,203.7371995112,2,32,137.6880217811,SSH-Bruteforce
26883,334495,122762,22,16724.75,680,122762,335293,62.63178772,2008,2008,95.619047619,95.619047619,640,7983.1666666667,128.2460415219,976,106.2045454545,321,121.1363636364,108.6744186047,121.1363636364,976,2665,2665,42223.1432346723,205.4827078726,6,32,140.0451627835,SSH-Bruteforce
32738,8402,8402,80,8402.0,40,8402,8402,238.0385622,0,0,0.0,0.0,0,8402.0,238.0385622,0,0.0,8402,0.0,0.0,0.0,0,0,0,0.0,0.0,8402,20,0.0,DDOS attack-HOIC
26883,0,0,21,0.0,40,21,21,47619.04762,0,0,0.0,0.0,0,21.0,95238.09524,0,0.0,0,0.0,0.0,0.0,0,0,0,0.0,0.0,21,40,0.0,DoS attacks-SlowHTTPTest
8192,2127173,1189892,3389,303881.857142857,172,974021,2127173,3.7608600711,1128,1128,141.0,141.0,661,141811.533333333,7.5217201422,1173,159.3529411765,66,197.625,169.3125,197.625,1173,1581,1581,96329.8676470588,310.3705328266,64,20,222.62332056,Benign
226,52031326,52031326,80,52031326.0,64,52031326,52031326,0.0384383823,0,0,0.0,0.0,0,52031326.0,0.0384383823,0,0.0,52031326,0.0,0.0,0.0,0,0,0,0.0,0.0,52031326,32,0.0,DoS attacks-GoldenEye
225,37905,37905,80,37905.0,64,37905,37905,52.76348767,0,0,0.0,0.0,0,37905.0,52.76348767,0,0.0,37905,0.0,0.0,0.0,0,0,0,0.0,0.0,37905,32,0.0,DoS attacks-Hulk
-1,120000000,628104,80,962.9649076,995096,628104,119779353,1038.46779,3980384,3980384,32.0,32.0,32,962.9649076,1038.46779,32,32.0,0,0.0,32.00025726,0.0,0,0,0,0.0,0.0,0,8,0.0,DDOS attack-LOIC-UDP
26883,0,0,21,0.0,40,2,2,500000.0,0,0,0.0,0.0,0,2.0,1000000.0,0,0.0,0,0.0,0.0,0.0,0,0,0,0.0,0.0,2,40,0.0,FTP-BruteForce
26883,0,0,21,0.0,40,30,30,33333.3333333333,0,0,0.0,0.0,0,30.0,66666.6666666667,0,0.0,0,0.0,0.0,0.0,0,0,0,0.0,0.0,30,40,0.0,FTP-BruteForce
8192,299,297,80,149.5,72,1700990,1701318,1.763338776,20,20,6.666666667,6.666666667,20,283553.0,4.114457144,964,123.0,2,241.0,140.5714286,241.0,964,964,964,115523.4286,339.8873763,2,20,11.54700538,DDoS attacks-LOIC-HTTP
26883,301730,299857,80,75432.5,168,299857,301730,16.5711066185,482,482,96.4,96.4,482,43104.2857142857,26.5137705896,662,127.1111111111,304,220.6666666667,143.0,220.6666666667,662,662,662,65644.1111111111,256.2110675032,7,32,215.556953031,DoS attacks-GoldenEye
-1,120000000,632230,80,961.9896636,994552,632230,119592631,1039.52057,3978208,3978208,32.0,32.0,32,961.9896636,1039.52057,32,32.0,0,0.0,32.0002574,0.0,0,0,0,0.0,0.0,0,8,0.0,DDOS attack-LOIC-UDP
2049,26400000,26400000,80,26400000.0,40,26400000,26446741,0.075623685,0,0,0.0,0.0,0,26400000.0,0.075623685,0,0.0,26400000,0.0,0.0,0.0,0,0,0,0.0,0.0,26400000,20,0.0,DDoS attacks-LOIC-HTTP
26883,0,0,21,0.0,40,2,2,500000.0,0,0,0.0,0.0,0,2.0,1000000.0,0,0.0,0,0.0,0.0,0.0,0,0,0,0.0,0.0,2,40,0.0,FTP-BruteForce
26883,0,0,21,0.0,40,20,20,50000.0,0,0,0.0,0.0,0,20.0,100000.0,0,0.0,0,0.0,0.0,0.0,0,0,0,0.0,0.0,20,40,0.0,FTP-BruteForce
225,53655,53655,80,53655.0,64,53655,53655,37.27518405,0,0,0.0,0.0,0,53655.0,37.27518405,0,0.0,53655,0.0,0.0,0.0,0,0,0,0.0,0.0,53655,32,0.0,DoS attacks-Hulk
8192,562,521,8080,281.0,72,9292,10575,283.6879433,326,326,108.6666667,108.6666667,326,1762.5,661.9385343,326,56.875,41,32.25,65.0,32.25,112,129,129,13318.69643,115.4066568,1,20,188.2161878,Bot
8192,1958,1907,8080,979.0,72,8875,11230,267.141585,326,326,108.6666667,108.6666667,326,1871.666667,623.3303651,326,56.875,51,32.25,65.0,32.25,112,129,129,13318.69643,115.4066568,19,20,188.2161878,Bot
225,18197,18197,80,18197.0,64,18197,18197,109.9082266,0,0,0.0,0.0,0,18197.0,109.9082266,0,0.0,18197,0.0,0.0,0.0,0,0,0,0.0,0.0,18197,32,0.0,DoS attacks-Hulk
-1,120000000,819823,80,1201.489939,797936,819823,119837808,832.3082812,3191744,3191744,32.0,32.0,32,1201.489939,832.3082812,32,32.0,0,0.0,32.00032083,0.0,0,0,0,0.0,0.0,0,8,0.0,DDOS attack-LOIC-UDP
26883,2634,1544,80,878.0,136,5004916,5007550,0.7987938213,355,355,88.75,88.75,355,715364.285714286,1.5975876427,662,113.0,284,165.5,127.125,165.5,662,662,662,56168.5,236.9989451453,6,32,177.5,DoS attacks-GoldenEye
26883,375159,99971,22,17052.6818181818,744,99971,375399,61.2681440281,1928,1928,83.8260869565,83.8260869565,640,8938.0714285714,114.544791009,976,104.3863636364,183,133.25,106.8139534884,133.25,976,2665,2665,42227.9635306554,205.4944367389,5,32,135.8473917085,SSH-Bruteforce
26883,357117,98145,22,17855.85,680,98145,357701,58.7082507457,1912,1912,91.0476190476,91.0476190476,640,8516.6904761905,120.2121324794,976,104.0227272727,274,121.1363636364,106.4418604651,121.1363636364,976,2665,2665,42228.1157505285,205.4948071133,5,32,139.6790879804,SSH-Bruteforce
256,964,951,443,482.0,60,951,964,3112.033195,77,77,25.66666667,25.66666667,46,482.0,3112.033195,46,30.75,13,0.0,41.0,0.0,0,0,0,470.25,21.68524844,13,20,23.45918441,Infilteration
-1,0,0,53,0.0,8,1282,1282,780.0312012480499,42,42,42.0,42.0,42,1282.0,1560.0624024960998,182,88.66666666666666,0,182.0,133.0,182.0,182,182,182,6533.333333333333,80.82903768654761,1282,8,0.0,Benign
26883,0,0,21,0.0,40,3,3,333333.333333333,0,0,0.0,0.0,0,3.0,666666.666666667,0,0.0,0,0.0,0.0,0.0,0,0,0,0.0,0.0,3,40,0.0,FTP-BruteForce
8192,10240,9408,51292,2560.0,124,9408,10240,488.28125,129,129,25.8,25.8,112,1706.666667,683.59375,326,56.875,33,163.0,65.0,163.0,326,326,326,13318.69643,115.4066568,23,20,48.74628191,Bot
26883,405942,103943,22,19330.5714285714,712,103943,405988,54.1887937575,1944,1944,88.3636363636,88.3636363636,640,9441.5813953488,108.3775875149,976,102.4222222222,115,121.1363636364,104.75,121.1363636364,976,2665,2665,41511.6585858586,203.7441007388,5,32,137.8690011274,SSH-Bruteforce
226,23092535,23092535,80,23092535.0,64,23092535,23092535,0.0866080749,0,0,0.0,0.0,0,23092535.0,0.0866080749,0,0.0,23092535,0.0,0.0,0.0,0,0,0,0.0,0.0,23092535,32,0.0,DoS attacks-GoldenEye
2047,1131,1131,80,1131.0,40,1131,1131,1768.3465959328,0,0,0.0,0.0,0,1131.0,1768.3465959328,0,0.0,1131,0.0,0.0,0.0,0,0,0,0.0,0.0,1131,20,0.0,Brute Force -Web
225,35803,35803,80,35803.0,64,35803,35803,55.86124068,0,0,0.0,0.0,0,35803.0,55.86124068,0,0.0,35803,0.0,0.0,0.0,0,0,0,0.0,0.0,35803,32,0.0,DoS attacks-Hulk
26883,0,0,21,0.0,40,7,7,142857.1429,0,0,0.0,0.0,0,7.0,285714.2857,0,0.0,0,0.0,0.0,0.0,0,0,0,0.0,0.0,7,40,0.0,DoS attacks-SlowHTTPTest
211,81789004,81789004,80,81789004.0,64,81789002,81789004,0.0244531649,8,8,4.0,4.0,8,40894502.0,0.0366797473,8,4.0,81789004,0.0,5.3333333333,0.0,0,0,0,21.3333333333,4.6188021535,2,32,5.6568542495,DoS attacks-Slowloris
32738,30212,30212,80,30212.0,40,30212,30212,66.19886138,0,0,0.0,0.0,0,30212.0,66.19886138,0,0.0,30212,0.0,0.0,0.0,0,0,0,0.0,0.0,30212,20,0.0,DDOS attack-HOIC
221,1923010,1923010,80,1923010.0,64,1923010,1923010,1.0400361933,0,0,0.0,0.0,0,1923010.0,1.0400361933,0,0.0,1923010,0.0,0.0,0.0,0,0,0,0.0,0.0,1923010,32,0.0,DoS attacks-GoldenEye
26883,0,0,21,0.0,40,6,6,166666.6667,0,0,0.0,0.0,0,6.0,333333.3333,0,0.0,0,0.0,0.0,0.0,0,0,0,0.0,0.0,6,40,0.0,DoS attacks-SlowHTTPTest
2052,475,475,8080,475.0,40,475,475,4210.526316,0,0,0.0,0.0,0,475.0,4210.526316,0,0.0,475,0.0,0.0,0.0,0,0,0,0.0,0.0,475,20,0.0,Bot
26883,0,0,21,0.0,40,3,3,333333.333333333,0,0,0.0,0.0,0,3.0,666666.666666667,0,0.0,0,0.0,0.0,0.0,0,0,0,0.0,0.0,3,40,0.0,FTP-BruteForce
225,72621,64754,80,36310.5,96,64754,72621,41.31036477,0,0,0.0,0.0,0,36310.5,41.31036477,0,0.0,7867,0.0,0.0,0.0,0,0,0,0.0,0.0,7867,32,0.0,DoS attacks-Hulk
-1,89480078,41990377,500,17896015.6,48,41990377,89480078,0.0670540318,3000,3000,500.0,500.0,500,17896015.6,0.0670540318,500,500.0,4000319,0.0,583.3333333333,0.0,0,0,0,0.0,0.0,4000319,8,0.0,Brute Force -Web
-1,120000000,590168,80,1006.491499,951400,590168,119695995,993.5587235,3805600,3805600,32.0,32.0,32,1006.491499,993.5587235,32,32.0,0,0.0,32.00026908,0.0,0,0,0,0.0,0.0,0,8,0.0,DDOS attack-LOIC-UDP
-1,120000000,749824,80,1169.237328,821048,749824,119998827,855.2666936,3284192,3284192,32.0,32.0,32,1169.237328,855.2666936,32,32.0,0,0.0,32.0003118,0.0,0,0,0,0.0,0.0,0,8,0.0,DDOS attack-LOIC-UDP
2052,511,511,8080,511.0,40,511,511,3913.894325,0,0,0.0,0.0,0,511.0,3913.894325,0,0.0,511,0.0,0.0,0.0,0,0,0,0.0,0.0,511,20,0.0,Bot
2052,630,630,8080,630.0,40,630,630,3174.603175,0,0,0.0,0.0,0,630.0,3174.603175,0,0.0,630,0.0,0.0,0.0,0,0,0,0.0,0.0,630,20,0.0,Bot
2049,35500000,35500000,80,35500000.0,40,35500000,35520262,0.056305891,0,0,0.0,0.0,0,35500000.0,0.056305891,0,0.0,35500000,0.0,0.0,0.0,0,0,0,0.0,0.0,35500000,20,0.0,DDoS attacks-LOIC-HTTP
226,1925205,1925205,80,1925205.0,64,1925205,1925205,1.0388504081,0,0,0.0,0.0,0,1925205.0,1.0388504081,0,0.0,1925205,0.0,0.0,0.0,0,0,0,0.0,0.0,1925205,32,0.0,DoS attacks-GoldenEye
8192,1864,1574,80,932.0,72,1754469,1756363,1.708075153,20,20,6.666666667,6.666666667,20,292727.1667,3.98550869,964,123.0,290,241.0,140.5714286,241.0,964,964,964,115523.4286,339.8873763,8,20,11.54700538,DDoS attacks-LOIC-HTTP
1024,0,0,2048,0.0,24,220,220,4545.454545,0,0,0.0,0.0,0,220.0,9090.909091,0,0.0,0,0.0,0.0,0.0,0,0,0,0.0,0.0,220,24,0.0,Infilteration
8192,744,644,8080,372.0,72,10411,11444,262.1461028,326,326,108.6666667,108.6666667,326,1907.333333,611.6742398,326,56.875,100,32.25,65.0,32.25,112,129,129,13318.69643,115.4066568,1,20,188.2161878,Bot
26883,109291914,53259410,80,7806565.28571429,496,53259410,109291917,0.1372471122,2530,2530,168.6666666667,168.6666666667,230,6428936.29411765,0.1646965347,230,133.1578947368,389,0.0,140.5555555556,0.0,0,0,0,13611.6959064327,116.6691729054,2,32,105.2796728899,DoS attacks-Slowloris
32738,3149,3149,80,3149.0,40,3149,3149,635.122261,0,0,0.0,0.0,0,3149.0,635.122261,0,0.0,3149,0.0,0.0,0.0,0,0,0,0.0,0.0,3149,20,0.0,DDOS attack-HOIC
8192,114048,36458,443,19008.0,152,23114,114048,61.37766554,662,662,94.57142857,94.57142857,366,9504.0,113.9870932,1460,360.8571429,1111,731.6666667,388.6153846,731.6666667,1460,4390,4390,285985.0549,534.7757053,2,20,142.1312271,Infilteration
-1,0,0,53,0.0,8,330,330,3030.3030303030305,59,59,59.0,59.0,59,330.0,6060.606060606061,75,64.33333333333333,0,75.0,96.5,75.0,75,75,75,85.33333333333333,9.237604307034012,330,8,0.0,Benign
225,11282,11282,80,11282.0,64,11282,11282,177.2735331,0,0,0.0,0.0,0,11282.0,177.2735331,0,0.0,11282,0.0,0.0,0.0,0,0,0,0.0,0.0,11282,32,0.0,DoS attacks-Hulk
8192,537,481,8080,268.5,72,13063,13890,215.9827214,326,326,108.6666667,108.6666667,326,2315.0,503.9596832,326,56.875,56,32.25,65.0,32.25,112,129,129,13318.69643,115.4066568,1,20,188.2161878,Bot
2052,492,492,8080,492.0,40,492,492,4065.04065,0,0,0.0,0.0,0,492.0,4065.04065,0,0.0,492,0.0,0.0,0.0,0,0,0,0.0,0.0,492,20,0.0,Bot
26883,0,0,21,0.0,40,20,20,50000.0,0,0,0.0,0.0,0,20.0,100000.0,0,0.0,0,0.0,0.0,0.0,0,0,0,0.0,0.0,20,40,0.0,FTP-BruteForce
225,19440,19440,80,19440.0,64,19440,19440,102.8806584,0,0,0.0,0.0,0,19440.0,102.8806584,0,0.0,19440,0.0,0.0,0.0,0,0,0,0.0,0.0,19440,32,0.0,DoS attacks-Hulk
1024,0,0,8045,0.0,24,265,265,3773.584906,0,0,0.0,0.0,0,265.0,7547.169811,0,0.0,0,0.0,0.0,0.0,0,0,0,0.0,0.0,265,24,0.0,Infilteration
26883,0,0,21,0.0,40,1,1,1000000.0,0,0,0.0,0.0,0,1.0,2000000.0,0,0.0,0,0.0,0.0,0.0,0,0,0,0.0,0.0,1,40,0.0,FTP-BruteForce
241,0,0,22,0.0,32,4,4,250000.0,0,0,0.0,0.0,0,4.0,500000.0,0,0.0,0,0.0,0.0,0.0,0,0,0,0.0,0.0,4,32,0.0,SSH-Bruteforce
-1,120000000,569225,80,865.0940183,1107112,569225,119718631,1155.952076,4428448,4428448,32.0,32.0,32,865.0940183,1155.952076,32,32.0,0,0.0,32.00023123,0.0,0,0,0,0.0,0.0,0,8,0.0,DDOS attack-LOIC-UDP
32738,2570,2570,80,2570.0,40,2570,2570,778.2101167,0,0,0.0,0.0,0,2570.0,778.2101167,0,0.0,2570,0.0,0.0,0.0,0,0,0,0.0,0.0,2570,20,0.0,DDOS attack-HOIC
-1,89479885,41990455,500,17895977.0,48,41990455,89479885,0.0670541765,3000,3000,500.0,500.0,500,17895977.0,0.0670541765,500,500.0,4000352,0.0,583.3333333333,0.0,0,0,0,0.0,0.0,4000352,8,0.0,Brute Force -Web
2052,629,629,8080,629.0,40,629,629,3179.650238,0,0,0.0,0.0,0,629.0,3179.650238,0,0.0,629,0.0,0.0,0.0,0,0,0,0.0,0.0,629,20,0.0,Bot
2053,102,102,80,102.0,40,102,102,19607.8431372549,0,0,0.0,0.0,0,102.0,19607.8431372549,0,0.0,102,0.0,0.0,0.0,0,0,0,0.0,0.0,102,20,0.0,Brute Force -XSS
32738,4982,4982,80,4982.0,40,4982,4982,401.4452027,0,0,0.0,0.0,0,4982.0,401.4452027,0,0.0,4982,0.0,0.0,0.0,0,0,0,0.0,0.0,4982,20,0.0,DDOS attack-HOIC
225,54354,54354,80,54354.0,64,54354,54354,36.79581999,0,0,0.0,0.0,0,54354.0,36.79581999,0,0.0,54354,0.0,0.0,0.0,0,0,0,0.0,0.0,54354,32,0.0,DoS attacks-Hulk
2053,114,114,80,114.0,40,114,114,17543.8596491228,0,0,0.0,0.0,0,114.0,17543.8596491228,0,0.0,114,0.0,0.0,0.0,0,0,0,0.0,0.0,114,20,0.0,Brute Force -XSS
26883,6429730,6429431,80,2143243.33333333,136,6429048,11430245,0.3499487544,337,337,84.25,84.25,337,1632892.14285714,0.6998975088,662,111.0,25,165.5,124.875,165.5,662,662,662,55115.5,234.7669056745,3,32,168.5,DoS attacks-GoldenEye
2049,10500000,10500000,80,10500000.0,40,10500000,10495897,0.19055065,0,0,0.0,0.0,0,10500000.0,0.19055065,0,0.0,10500000,0.0,0.0,0.0,0,0,0,0.0,0.0,10500000,20,0.0,DDoS attacks-LOIC-HTTP
2049,25400000,25400000,80,25400000.0,40,25400000,25368850,0.078836841,0,0,0.0,0.0,0,25400000.0,0.078836841,0,0.0,25400000,0.0,0.0,0.0,0,0,0,0.0,0.0,25400000,20,0.0,DDoS attacks-LOIC-HTTP
8192,657,603,8080,328.5,72,9639,10653,281.6108139,326,326,108.6666667,108.6666667,326,1775.5,657.091899,326,56.875,54,32.25,65.0,32.25,112,129,129,13318.69643,115.4066568,23,20,188.2161878,Bot
8192,526,481,8080,263.0,72,8266,9118,329.0195218,326,326,108.6666667,108.6666667,326,1519.666667,767.7122176,326,56.875,45,32.25,65.0,32.25,112,129,129,13318.69643,115.4066568,2,20,188.2161878,Bot
-1,18784,18784,53,18784.0,16,55596,74381,26.88858713918877,72,72,36.0,36.0,36,24793.666666666664,53.77717427837754,181,94.0,18784,181.0,117.5,181.0,181,362,362,6307.5,79.4197708382491,1,8,0.0,Benign
226,1950497,1950497,80,1950497.0,64,1950497,1950497,1.0253796853,0,0,0.0,0.0,0,1950497.0,1.0253796853,0,0.0,1950497,0.0,0.0,0.0,0,0,0,0.0,0.0,1950497,32,0.0,DoS attacks-GoldenEye
-1,120000000,744678,80,828.743402,1154592,744678,119606734,1206.654468,4618368,4618368,32.0,32.0,32,828.743402,1206.654468,32,32.0,0,0.0,32.00022172,0.0,0,0,0,0.0,0.0,0,8,0.0,DDOS attack-LOIC-UDP
2049,83900000,83900000,80,83900000.0,40,83900000,83854064,0.023850961,0,0,0.0,0.0,0,83900000.0,0.023850961,0,0.0,83900000,0.0,0.0,0.0,0,0,0,0.0,0.0,83900000,20,0.0,DDoS attacks-LOIC-HTTP
26883,0,0,21,0.0,40,3,3,333333.333333333,0,0,0.0,0.0,0,3.0,666666.666666667,0,0.0,0,0.0,0.0,0.0,0,0,0,0.0,0.0,3,40,0.0,FTP-BruteForce
32738,6288,6288,80,6288.0,40,6288,6288,318.0661578,0,0,0.0,0.0,0,6288.0,318.0661578,0,0.0,6288,0.0,0.0,0.0,0,0,0,0.0,0.0,6288,20,0.0,DDOS attack-HOIC
8192,487,485,80,243.5,72,1292414,1292951,2.320273545,20,20,6.666666667,6.666666667,20,215491.8333,5.413971604,964,123.0,2,241.0,140.5714286,241.0,964,964,964,115523.4286,339.8873763,2,20,11.54700538,DDoS attacks-LOIC-HTTP
26883,312529,76857,22,14882.3333333333,712,76857,313017,70.2837226093,2008,2008,91.2727272727,91.2727272727,640,7279.4651162791,140.5674452186,976,103.8444444444,303,121.1363636364,106.2045454545,121.1363636364,976,2665,2665,41514.1797979798,203.7502878476,4,32,138.1821371607,SSH-Bruteforce
2049,33800000,33800000,80,33800000.0,40,33800000,33762433,0.059237437,0,0,0.0,0.0,0,33800000.0,0.059237437,0,0.0,33800000,0.0,0.0,0.0,0,0,0,0.0,0.0,33800000,20,0.0,DDoS attacks-LOIC-HTTP
32738,5732,5732,80,5732.0,40,5732,5732,348.9183531,0,0,0.0,0.0,0,5732.0,348.9183531,0,0.0,5732,0.0,0.0,0.0,0,0,0,0.0,0.0,5732,20,0.0,DDOS attack-HOIC
8192,478,423,8080,239.0,72,10186,10927,274.5492816,326,326,108.6666667,108.6666667,326,1821.166667,640.6149904,326,56.875,55,32.25,65.0,32.25,112,129,129,13318.69643,115.4066568,0,20,188.2161878,Bot
32738,27457,27457,80,27457.0,40,27457,27457,72.84116983,0,0,0.0,0.0,0,27457.0,72.84116983,0,0.0,27457,0.0,0.0,0.0,0,0,0,0.0,0.0,27457,20,0.0,DDOS attack-HOIC
2047,4340,4340,80,4340.0,40,4340,4340,460.8294930876,0,0,0.0,0.0,0,4340.0,460.8294930876,0,0.0,4340,0.0,0.0,0.0,0,0,0,0.0,0.0,4340,20,0.0,Brute Force -Web
-1,120000000,584435,80,887.0887208,1080160,584435,119773832,1127.29131,4320640,4320640,32.0,32.0,32,887.0887208,1127.29131,32,32.0,0,0.0,32.000237,0.0,0,0,0,0.0,0.0,0,8,0.0,DDOS attack-LOIC-UDP
26883,0,0,21,0.0,40,1,1,1000000.0,0,0,0.0,0.0,0,1.0,2000000.0,0,0.0,0,0.0,0.0,0.0,0,0,0,0.0,0.0,1,40,0.0,FTP-BruteForce
26883,0,0,21,0.0,40,3,3,333333.333333333,0,0,0.0,0.0,0,3.0,666666.666666667,0,0.0,0,0.0,0.0,0.0,0,0,0,0.0,0.0,3,40,0.0,FTP-BruteForce
26883,107154166,53247662,80,8242628.15384615,456,53247662,107154167,0.1306528751,2530,2530,180.7142857143,180.7142857143,230,6697135.4375,0.1586499198,230,140.5555555556,195,0.0,148.8235294118,0.0,0,0,0,13311.4379084967,115.375204912,1,32,97.9375221341,DoS attacks-Slowloris
8192,328,325,80,164.0,72,1153913,1154277,2.599029522,20,20,6.666666667,6.666666667,20,192379.5,6.064402219,964,123.0,3,241.0,140.5714286,241.0,964,964,964,115523.4286,339.8873763,3,20,11.54700538,DDoS attacks-LOIC-HTTP
-1,120000000,669738,80,990.0794799,967800,669738,119773875,1010.028272,3871200,3871200,32.0,32.0,32,990.0794799,1010.028272,32,32.0,0,0.0,32.00026452,0.0,0,0,0,0.0,0.0,0,8,0.0,DDOS attack-LOIC-UDP
26883,383113,100871,22,18243.4761904762,712,100871,383761,57.3273469686,1912,1912,86.9090909091,86.9090909091,640,9360.0243902439,109.44311694,976,106.4418604651,260,133.25,108.9761904762,133.25,976,2665,2665,42969.919158361,207.2918694941,5,32,137.6880217811,SSH-Bruteforce
-1,120000000,756342,80,892.8428733,1073944,756342,119857013,1120.026243,4295776,4295776,32.0,32.0,32,892.8428733,1120.026243,32,32.0,0,0.0,32.00023837,0.0,0,0,0,0.0,0.0,0,8,0.0,DDOS attack-LOIC-UDP
2051,23,23,80,23.0,40,23,23,86956.5217391304,0,0,0.0,0.0,0,23.0,86956.5217391304,0,0.0,23,0.0,0.0,0.0,0,0,0,0.0,0.0,23,20,0.0,Brute Force -Web
-1,0,0,53,0.0,8,18895,18895,52.92405398,40,40,40.0,40.0,40,18895.0,105.848108,100,60.0,0,100.0,90.0,100.0,100,100,100,1200.0,34.64101615,18895,8,0.0,Infilteration
26883,4322131,4278162,80,1080532.75,168,4277819,4322131,1.1568367548,382,382,76.4,76.4,382,617447.285714286,1.8509388077,972,150.4444444444,224,324.0,169.25,324.0,972,972,972,110875.777777778,332.9801462216,3,32,170.835593481,DoS attacks-GoldenEye
-1,120000000,718871,80,1010.539642,947688,718871,119708526,989.578637,3790752,3790752,32.0,32.0,32,1010.539642,989.578637,32,32.0,0,0.0,32.00027013,0.0,0,0,0,0.0,0.0,0,8,0.0,DDOS attack-LOIC-UDP
32738,1030,1030,80,1030.0,40,1030,1030,1941.747573,0,0,0.0,0.0,0,1030.0,1941.747573,0,0.0,1030,0.0,0.0,0.0,0,0,0,0.0,0.0,1030,20,0.0,DDOS attack-HOIC
225,71080,43667,80,35540.0,96,43667,71080,42.20596511,0,0,0.0,0.0,0,35540.0,42.20596511,0,0.0,27413,0.0,0.0,0.0,0,0,0,0.0,0.0,27413,32,0.0,DoS attacks-Hulk
225,22243,22243,80,22243.0,64,22243,22243,89.91592861,0,0,0.0,0.0,0,22243.0,89.91592861,0,0.0,22243,0.0,0.0,0.0,0,0,0,0.0,0.0,22243,32,0.0,DoS attacks-Hulk
65535,13320,13048,80,6660.0,72,13048,14548,206.2139126,284,284,94.66666667,94.66666667,284,2424.666667,481.165796,935,152.375,272,233.75,174.1428571,233.75,935,935,935,109876.5536,331.4763243,3,20,163.9674764,DDOS attack-HOIC
26883,0,0,21,0.0,40,19,19,52631.5789473684,0,0,0.0,0.0,0,19.0,105263.157894737,0,0.0,0,0.0,0.0,0.0,0,0,0,0.0,0.0,19,40,0.0,FTP-BruteForce
-1,0,0,123,0.0,8,42049,42049,23.781778401388856,48,48,48.0,48.0,48,42049.0,47.56355680277771,48,48.0,0,48.0,72.0,48.0,48,48,48,0.0,0.0,42049,8,0.0,Benign
8192,6122605,5684853,445,1530651.25,112,5359750,6122675,0.8166365191685007,286,286,57.2,57.2,103,680297.2222222222,1.633273038337001,131,41.45454545454545,118,34.0,45.6,34.0,131,170,170,2715.672727272728,52.11211689494802,30,20,52.48523601928451,Benign
1024,0,0,1723,0.0,24,230,230,4347.826087,0,0,0.0,0.0,0,230.0,8695.652174,0,0.0,0,0.0,0.0,0.0,0,0,0,0.0,0.0,230,24,0.0,Infilteration
8192,20700000,20400000,443,2951485.857,172,20400000,20660401,0.387214169,739,739,92.375,92.375,387,1475742.929,0.726026566,1460,277.125,67,527.8571429,295.6,527.8571429,1460,3695,3695,244786.1167,494.7586449,1,20,142.9774583,Infilteration
225,65785,41569,80,32892.5,96,41569,65785,45.60310101,0,0,0.0,0.0,0,32892.5,45.60310101,0,0.0,24216,0.0,0.0,0.0,0,0,0,0.0,0.0,24216,32,0.0,DoS attacks-Hulk
2053,798,793,80,399.0,60,793,798,3759.3984962406,0,0,0.0,0.0,0,399.0,3759.3984962406,0,0.0,5,0.0,0.0,0.0,0,0,0,0.0,0.0,5,20,0.0,Brute Force -XSS
26883,0,0,21,0.0,40,2,2,500000.0,0,0,0.0,0.0,0,2.0,1000000.0,0,0.0,0,0.0,0.0,0.0,0,0,0,0.0,0.0,2,40,0.0,DoS attacks-SlowHTTPTest
26883,485757,482989,80,121439.25,168,482989,485757,10.2932124498,455,455,91.0,91.0,455,69393.8571428572,16.4691399198,972,158.5555555556,279,324.0,178.375,324.0,972,972,972,115693.777777778,340.1378805393,8,32,203.4821859525,DoS attacks-GoldenEye
26883,369405,63728,22,17590.7142857143,712,63728,369463,59.545881455,1912,1912,86.9090909091,86.9090909091,640,8592.1627906977,119.09176291,976,101.7111111111,159,121.1363636364,104.0227272727,121.1363636364,976,2665,2665,41508.8464646465,203.7371995112,6,32,137.6880217811,SSH-Bruteforce
2049,22800000,22800000,80,22800000.0,40,22800000,22808271,0.087687488,0,0,0.0,0.0,0,22800000.0,0.087687488,0,0.0,22800000,0.0,0.0,0.0,0,0,0,0.0,0.0,22800000,20,0.0,DDoS attacks-LOIC-HTTP
225,2180,2180,80,2180.0,64,2180,2180,917.4311927,0,0,0.0,0.0,0,2180.0,917.4311927,0,0.0,2180,0.0,0.0,0.0,0,0,0,0.0,0.0,2180,32,0.0,DoS attacks-Hulk
26883,101506,100745,80,33835.3333333333,136,5003313,5104819,0.7835733255,281,281,70.25,70.25,281,729259.857142857,1.567146651,662,104.7777777778,279,165.5,117.875,165.5,662,662,662,52299.9444444444,228.6918110568,4,32,140.5,DoS attacks-GoldenEye
26883,108349706,53247461,80,7739264.71428571,496,53247461,108349720,0.1384405977,2530,2530,168.6666666667,168.6666666667,230,6373512.94117647,0.1661287173,230,133.1578947368,458,0.0,140.5555555556,0.0,0,0,0,13611.6959064327,116.6691729054,14,32,105.2796728899,DoS attacks-Slowloris
2052,465,465,8080,465.0,40,465,465,4301.075269,0,0,0.0,0.0,0,465.0,4301.075269,0,0.0,465,0.0,0.0,0.0,0,0,0,0.0,0.0,465,20,0.0,Bot
8192,42583,12423,443,7097.166667,152,9999737,10042354,0.697047724,1417,1417,202.4285714,202.4285714,849,669490.2667,1.593251941,849,121.0,128,71.11111111,128.5625,71.11111111,382,640,640,57378.5,239.5380972,9,20,342.5029718,Infilteration
32738,487,487,80,487.0,40,487,487,4106.776181,0,0,0.0,0.0,0,487.0,4106.776181,0,0.0,487,0.0,0.0,0.0,0,0,0,0.0,0.0,487,20,0.0,DDOS attack-HOIC
26883,3047604,2015829,80,1523802.0,120,2015829,3047604,0.9843798604,0,0,0.0,0.0,0,1523802.0,0.9843798604,0,0.0,1031775,0.0,0.0,0.0,0,0,0,0.0,0.0,1031775,40,0.0,DoS attacks-Slowloris
26883,0,0,21,0.0,40,1,1,1000000.0,0,0,0.0,0.0,0,1.0,2000000.0,0,0.0,0,0.0,0.0,0.0,0,0,0,0.0,0.0,1,40,0.0,FTP-BruteForce
8192,533,471,8080,266.5,72,8849,9835,305.0330452,326,326,108.6666667,108.6666667,326,1639.166667,711.7437722,326,56.875,62,32.25,65.0,32.25,112,129,129,13318.69643,115.4066568,2,20,188.2161878,Bot
26883,407700,158262,22,19414.2857142857,712,118812,407743,53.9555553376,1912,1912,86.9090909091,86.9090909091,640,9482.3953488372,107.9111106751,976,101.7111111111,167,121.1363636364,104.0227272727,121.1363636364,976,2665,2665,41508.8464646465,203.7371995112,3,32,137.6880217811,SSH-Bruteforce
225,8836,8836,80,8836.0,64,8836,8836,226.3467632,0,0,0.0,0.0,0,8836.0,226.3467632,0,0.0,8836,0.0,0.0,0.0,0,0,0,0.0,0.0,8836,32,0.0,DoS attacks-Hulk
-1,0,0,53,0.0,8,241,241,4149.377593360996,54,54,54.0,54.0,54,241.0,8298.755186721992,70,59.333333333333336,0,70.0,89.0,70.0,70,70,70,85.33333333333333,9.237604307034012,241,8,0.0,Benign
225,707,707,80,707.0,64,707,707,2828.854314,0,0,0.0,0.0,0,707.0,2828.854314,0,0.0,707,0.0,0.0,0.0,0,0,0,0.0,0.0,707,32,0.0,DoS attacks-Hulk
225,1454,1454,80,1454.0,64,1454,1454,1375.515818,0,0,0.0,0.0,0,1454.0,1375.515818,0,0.0,1454,0.0,0.0,0.0,0,0,0,0.0,0.0,1454,32,0.0,DoS attacks-Hulk
-1,120000000,595213,80,1036.264573,923336,595213,119601512,965.0128838,3693344,3693344,32.0,32.0,32,1036.264573,965.0128838,32,32.0,0,0.0,32.00027726,0.0,0,0,0,0.0,0.0,0,8,0.0,DDOS attack-LOIC-UDP
26883,0,0,21,0.0,40,1,1,1000000.0,0,0,0.0,0.0,0,1.0,2000000.0,0,0.0,0,0.0,0.0,0.0,0,0,0,0.0,0.0,1,40,0.0,DoS attacks-SlowHTTPTest
8192,3894202,1163507,3389,299554.0,292,953143,3894202,3.5950882877,1438,1438,102.7142857143,102.7142857143,725,185438.19047619,5.649424452,1179,137.7826086957,3,216.375,144.0454545455,216.375,1179,1731,1731,77808.2687747036,278.9413357226,3,20,191.221751487,Benign
225,23019,23019,80,23019.0,64,23019,23019,86.88474738,0,0,0.0,0.0,0,23019.0,86.88474738,0,0.0,23019,0.0,0.0,0.0,0,0,0,0.0,0.0,23019,32,0.0,DoS attacks-Hulk
8192,578,539,8080,289.0,72,10511,11418,262.7430373,326,326,108.6666667,108.6666667,326,1903.0,613.0670871,326,56.875,39,32.25,65.0,32.25,112,129,129,13318.69643,115.4066568,2,20,188.2161878,Bot
221,8966288,8966288,80,8966288.0,64,8966288,8966288,0.223057747,0,0,0.0,0.0,0,8966288.0,0.223057747,0,0.0,8966288,0.0,0.0,0.0,0,0,0,0.0,0.0,8966288,32,0.0,DoS attacks-GoldenEye
1024,0,0,2047,0.0,24,2,2,500000.0,0,0,0.0,0.0,0,2.0,1000000.0,0,0.0,0,0.0,0.0,0.0,0,0,0,0.0,0.0,2,24,0.0,Infilteration
2049,32200000,32200000,80,32200000.0,40,32200000,32220738,0.062071825,0,0,0.0,0.0,0,32200000.0,0.062071825,0,0.0,32200000,0.0,0.0,0.0,0,0,0,0.0,0.0,32200000,20,0.0,DDoS attacks-LOIC-HTTP
26883,355863,101403,22,16945.8571428571,712,101403,356401,61.7282218625,1912,1912,86.9090909091,86.9090909091,640,8288.3953488372,123.4564437249,976,101.7111111111,142,121.1363636364,104.0227272727,121.1363636364,976,2665,2665,41508.8464646465,203.7371995112,5,32,137.6880217811,SSH-Bruteforce
2049,42800000,42800000,80,42800000.0,40,42800000,42834655,0.046691166,0,0,0.0,0.0,0,42800000.0,0.046691166,0,0.0,42800000,0.0,0.0,0.0,0,0,0,0.0,0.0,42800000,20,0.0,DDoS attacks-LOIC-HTTP
-1,112641247,56320702,0,56320623.5,0,56320702,112641247,0.0266332279,0,0,0.0,0.0,0,56320623.5,0.0266332279,0,0.0,56320545,0.0,0.0,0.0,0,0,0,0.0,0.0,56320545,0,0.0,Brute Force -Web
26883,0,0,21,0.0,40,29,29,34482.75862,0,0,0.0,0.0,0,29.0,68965.51724,0,0.0,0,0.0,0.0,0.0,0,0,0,0.0,0.0,29,40,0.0,DoS attacks-SlowHTTPTest
8192,573,523,8080,286.5,72,10289,11236,266.998932,326,326,108.6666667,108.6666667,326,1872.666667,622.997508,326,56.875,50,32.25,65.0,32.25,112,129,129,13318.69643,115.4066568,1,20,188.2161878,Bot
8192,1260,1251,80,630.0,72,993864,995152,3.014614853,20,20,6.666666667,6.666666667,20,165858.6667,7.034101323,964,123.0,9,241.0,140.5714286,241.0,964,964,964,115523.4286,339.8873763,5,20,11.54700538,DDoS attacks-LOIC-HTTP
0,20,20,80,20.0,40,20,20,100000.0,0,0,0.0,0.0,0,20.0,100000.0,0,0.0,20,0.0,0.0,0.0,0,0,0,0.0,0.0,20,20,0.0,DoS attacks-Slowloris
26883,6987309,6962715,80,1746827.25,168,6962427,6987309,0.7155830664,346,346,69.2,69.2,346,998187.0,1.1449329062,972,146.4444444444,30,324.0,164.75,324.0,972,972,972,108935.777777778,330.0542043025,3,32,154.735904043,DoS attacks-GoldenEye
2049,15800000,15800000,80,15800000.0,40,15800000,15795300,0.126619944,0,0,0.0,0.0,0,15800000.0,0.126619944,0,0.0,15800000,0.0,0.0,0.0,0,0,0,0.0,0.0,15800000,20,0.0,DDoS attacks-LOIC-HTTP
26883,386841,84823,22,18421.0,712,72852,387601,56.7593994856,1912,1912,86.9090909091,86.9090909091,640,9013.9767441861,113.5187989711,976,101.7111111111,272,121.1363636364,104.0227272727,121.1363636364,976,2665,2665,41508.8464646465,203.7371995112,4,32,137.6880217811,SSH-Bruteforce
26883,3222518,3222171,80,1074172.66666667,136,5003260,8225778,0.4862761917,601,601,150.25,150.25,601,1175111.14285714,0.9725523835,972,174.7777777778,40,243.0,196.625,243.0,972,972,972,128882.444444444,359.0020117554,4,32,300.5,DoS attacks-GoldenEye
8192,8257594,2853157,3389,589828.1428571428,312,2853157,8257594,1.8165097484812165,1460,1460,97.33333333333331,97.33333333333331,741,359025.8260869565,2.9064155975699464,1179,127.64000000000004,132996,192.33333333333331,132.95833333333334,192.33333333333331,1179,1731,1731,73545.82333333335,271.1933320222556,30,20,189.91263655641643,Benign
-1,120000000,832895,80,1145.783588,837264,832895,119914273,872.7735021,3349056,3349056,32.0,32.0,32,1145.783588,872.7735021,32,32.0,1,0.0,32.00030576,0.0,0,0,0,0.0,0.0,1,8,0.0,DDOS attack-LOIC-UDP
8192,1065,1013,8080,532.5,72,8802,10623,282.4061,326,326,108.6666667,108.6666667,326,1770.5,658.9475666,326,56.875,52,32.25,65.0,32.25,112,129,129,13318.69643,115.4066568,2,20,188.2161878,Bot
1024,0,0,2608,0.0,24,2,2,500000.0,0,0,0.0,0.0,0,2.0,1000000.0,0,0.0,0,0.0,0.0,0.0,0,0,0,0.0,0.0,2,24,0.0,Infilteration
26883,0,0,21,0.0,40,2,2,500000.0,0,0,0.0,0.0,0,2.0,1000000.0,0,0.0,0,0.0,0.0,0.0,0,0,0,0.0,0.0,2,40,0.0,DoS attacks-SlowHTTPTest
8192,459,426,80,229.5,72,941600,942098,3.184382092,20,20,6.666666667,6.666666667,20,157016.3333,7.430224881,964,123.0,33,241.0,140.5714286,241.0,964,964,964,115523.4286,339.8873763,6,20,11.54700538,DDoS attacks-LOIC-HTTP
26883,0,0,21,0.0,40,6,6,166666.6667,0,0,0.0,0.0,0,6.0,333333.3333,0,0.0,0,0.0,0.0,0.0,0,0,0,0.0,0.0,6,40,0.0,DoS attacks-SlowHTTPTest
32738,7888,7888,80,7888.0,40,7888,7888,253.5496957,0,0,0.0,0.0,0,7888.0,253.5496957,0,0.0,7888,0.0,0.0,0.0,0,0,0,0.0,0.0,7888,20,0.0,DDOS attack-HOIC
8192,1713510,1167564,3389,244787.1429,172,953154,1713510,4.668779289,1144,1144,143.0,143.0,677,122393.5714,8.753961167,1173,170.3125,4,225.8571429,181.6666667,225.8571429,1173,1581,1581,102018.0958,319.4027173,4,20,227.9699228,Infilteration
26883,378854,138088,22,18040.6666666667,712,138088,378910,58.061281043,2008,2008,91.2727272727,91.2727272727,640,8811.8604651163,116.122562086,976,103.8444444444,214,121.1363636364,106.2045454545,121.1363636364,976,2665,2665,41514.1797979798,203.7502878476,3,32,138.1821371607,SSH-Bruteforce
-1,120000000,795429,80,1448.319888,662264,795429,119894817,690.4635419,2649056,2649056,32.0,32.0,32,1448.319888,690.4635419,32,32.0,1,0.0,32.00038655,0.0,0,0,0,0.0,0.0,1,8,0.0,DDOS attack-LOIC-UDP
26883,380048,170036,22,18097.5238095238,712,170036,382819,57.4684119649,1944,1944,88.3636363636,88.3636363636,640,9337.0487804878,109.7124228421,976,107.1860465116,209,133.25,109.7380952381,133.25,976,2665,2665,42965.6312292359,207.2815265026,2,32,137.8690011274,SSH-Bruteforce
219,3303648,3129624,52036,825912.0,168,3129616,3303648,1.513478434,935,935,187.0,187.0,935,471949.7143,2.421565494,935,144.7777778,22,122.6666667,162.875,122.6666667,368,368,368,102625.4444,320.3520633,5,32,418.1447118,Benign
8192,57031025,1016122,80,282331.806930693,4072,1016122,57033298,3.559324239,56083,56083,276.2709359606,276.2709359606,680,186383.326797386,5.3828204008,1935,798.6331168831,315,1825.9230769231,801.2345276873,1825.9230769231,1935,189896,189896,630439.060398071,794.0019272005,18,20,291.6989844299,Brute Force -XSS
2049,21400000,21400000,80,21400000.0,40,21400000,21368450,0.093595932,0,0,0.0,0.0,0,21400000.0,0.093595932,0,0.0,21400000,0.0,0.0,0.0,0,0,0,0.0,0.0,21400000,20,0.0,DDoS attacks-LOIC-HTTP
26883,404659,112111,22,19269.4761904762,712,112111,404707,54.3603149933,1912,1912,86.9090909091,86.9090909091,640,9870.9024390244,103.7787831691,976,106.4418604651,215,133.25,108.9761904762,133.25,976,2665,2665,42969.919158361,207.2918694941,3,32,137.6880217811,SSH-Bruteforce
26883,3034,2735,80,1011.3333333333,136,5000754,5003788,0.7993943788,423,423,105.75,105.75,423,714826.857142857,1.5987887576,662,120.5555555556,34,165.5,135.625,165.5,662,662,662,60796.2777777778,246.569012201,6,32,211.5,DoS attacks-GoldenEye
2052,474,474,8080,474.0,40,474,474,4219.409283,0,0,0.0,0.0,0,474.0,4219.409283,0,0.0,474,0.0,0.0,0.0,0,0,0,0.0,0.0,474,20,0.0,Bot
26883,0,0,21,0.0,40,3,3,333333.333333333,0,0,0.0,0.0,0,3.0,666666.666666667,0,0.0,0,0.0,0.0,0.0,0,0,0,0.0,0.0,3,40,0.0,FTP-BruteForce
26883,0,0,21,0.0,40,1,1,1000000.0,0,0,0.0,0.0,0,1.0,2000000.0,0,0.0,0,0.0,0.0,0.0,0,0,0,0.0,0.0,1,40,0.0,FTP-BruteForce
-1,0,0,53,0.0,8,12304,12304,81.27438231,38,38,38.0,38.0,38,12304.0,162.5487646,119,65.0,0,119.0,97.5,119.0,119,119,119,2187.0,46.7653718,12304,8,0.0,Infilteration
26883,0,0,21,0.0,40,20,20,50000.0,0,0,0.0,0.0,0,20.0,100000.0,0,0.0,0,0.0,0.0,0.0,0,0,0,0.0,0.0,20,40,0.0,DoS attacks-SlowHTTPTest
8192,54813,53734,80,18271.0,92,4953665,5008478,0.7986458162,646,646,161.5,161.5,646,715496.857142857,1.5972916323,646,112.2222222222,379,91.0,126.25,91.0,364,364,364,54558.4444444445,233.5774913052,20,20,323.0,Brute Force -Web
-1,120000000,930366,80,1066.537314,899520,930366,119920389,937.6220419,3598080,3598080,32.0,32.0,32,1066.537314,937.6220419,32,32.0,0,0.0,32.0002846,0.0,0,0,0,0.0,0.0,0,8,0.0,DDOS attack-LOIC-UDP
-1,120000000,921489,80,971.1640593,985408,921489,119623133,1029.700501,3941632,3941632,32.0,32.0,32,971.1640593,1029.700501,32,32.0,0,0.0,32.00025979,0.0,0,0,0,0.0,0.0,0,8,0.0,DDOS attack-LOIC-UDP
8192,1404503,1073304,3389,200643.2857,168,968816,1404503,5.69596505,1132,1132,141.5,141.5,661,100321.6429,10.67993447,1173,169.5625,45,225.8571429,180.8666667,225.8571429,1173,1581,1581,100973.1958,317.7627981,45,20,222.7920235,Infilteration
-1,120000000,711763,80,565.6299775,1693440,711763,119731988,1767.948595,6773760,6773760,32.0,32.0,32,565.6299775,1767.948595,32,32.0,0,0.0,32.00015117,0.0,0,0,0,0.0,0.0,0,8,0.0,DDOS attack-LOIC-UDP
32738,2706,2706,80,2706.0,40,2706,2706,739.0983001,0,0,0.0,0.0,0,2706.0,739.0983001,0,0.0,2706,0.0,0.0,0.0,0,0,0,0.0,0.0,2706,20,0.0,DDOS attack-HOIC
8192,1218,887,80,609.0,72,1310487,1311733,2.287050795,20,20,6.666666667,6.666666667,20,218622.1667,5.336451854,964,123.0,331,241.0,140.5714286,241.0,964,964,964,115523.4286,339.8873763,6,20,11.54700538,DDoS attacks-LOIC-HTTP
65535,9925,9661,80,4962.5,72,9661,10756,278.9140945,309,309,103.0,103.0,309,1792.666667,650.7995537,935,155.5,264,233.75,177.7142857,233.75,935,935,935,110894.8571,333.0087944,3,20,178.4012332,DDOS attack-HOIC
65535,1026,743,80,513.0,72,743,1248,2403.846154,288,288,96.0,96.0,288,208.0,5608.974359,935,152.875,283,233.75,174.7142857,233.75,935,935,935,110028.9821,331.7061684,5,20,166.2768775,DDOS attack-HOIC
8192,1783,1473,80,891.5,72,1208410,1210222,2.478884039,20,20,6.666666667,6.666666667,20,201703.6667,5.784062759,964,123.0,310,241.0,140.5714286,241.0,964,964,964,115523.4286,339.8873763,4,20,11.54700538,DDoS attacks-LOIC-HTTP
256,455,455,8080,455.0,40,455,455,4395.604396,0,0,0.0,0.0,0,455.0,4395.604396,0,0.0,455,0.0,0.0,0.0,0,0,0,0.0,0.0,455,20,0.0,Bot
26883,0,0,21,0.0,40,1,1,1000000.0,0,0,0.0,0.0,0,1.0,2000000.0,0,0.0,0,0.0,0.0,0.0,0,0,0,0.0,0.0,1,40,0.0,DoS attacks-SlowHTTPTest
2049,32500000,32500000,80,32500000.0,40,32500000,32533176,0.061475707,0,0,0.0,0.0,0,32500000.0,0.061475707,0,0.0,32500000,0.0,0.0,0.0,0,0,0,0.0,0.0,32500000,20,0.0,DDoS attacks-LOIC-HTTP
26883,0,0,21,0.0,40,20,20,50000.0,0,0,0.0,0.0,0,20.0,100000.0,0,0.0,0,0.0,0.0,0.0,0,0,0,0.0,0.0,20,40,0.0,DoS attacks-SlowHTTPTest
8192,56332561,1093332,80,370608.953947369,3072,1093332,56334200,2.7159345478,54995,54995,359.4444444444,359.4444444444,646,220055.46875,4.562059992,1068,494.0968992248,266,696.9423076923,496.0194552529,696.9423076923,1068,72482,72482,126293.862169336,355.3784773581,4,20,271.4171844443,Brute Force -Web
-1,120000000,656960,80,830.4260542,1154584,656960,119848749,1204.209482,4618336,4618336,32.0,32.0,32,830.4260542,1204.209482,32,32.0,0,0.0,32.00022172,0.0,0,0,0,0.0,0.0,0,8,0.0,DDOS attack-LOIC-UDP
32738,1630,1630,80,1630.0,40,1630,1630,1226.993865,0,0,0.0,0.0,0,1630.0,1226.993865,0,0.0,1630,0.0,0.0,0.0,0,0,0,0.0,0.0,1630,20,0.0,DDOS attack-HOIC
8192,56718456,1035437,80,280784.435643564,4072,1035437,56720648,3.5789435974,56083,56083,276.2709359606,276.2709359606,680,185361.594771242,5.4124910562,1935,798.6201298701,219,1825.8846153846,801.2214983713,1825.8846153846,1935,189892,189892,630404.581613013,793.980214875,18,20,291.6989844299,Brute Force -XSS
2052,499,499,8080,499.0,40,499,499,4008.016032,0,0,0.0,0.0,0,499.0,4008.016032,0,0.0,499,0.0,0.0,0.0,0,0,0,0.0,0.0,499,20,0.0,Bot
8192,482,416,8080,241.0,72,16056,16767,178.9228842,326,326,108.6666667,108.6666667,326,2794.5,417.4867299,326,56.875,66,32.25,65.0,32.25,112,129,129,13318.69643,115.4066568,1,20,188.2161878,Bot
26883,390020,125042,22,18572.380952381,712,125042,390066,56.4007116744,1960,1960,89.0909090909,89.0909090909,640,9071.3023255814,112.8014233489,976,102.7777777778,148,121.1363636364,105.1136363636,121.1363636364,976,2665,2665,41512.6767676768,203.7465994015,5,32,137.9533769037,SSH-Bruteforce
8192,584,489,8080,292.0,72,10107,11083,270.6848326,326,326,108.6666667,108.6666667,326,1847.166667,631.5979428,326,56.875,95,32.25,65.0,32.25,112,129,129,13318.69643,115.4066568,31,20,188.2161878,Bot
8192,597,499,8080,298.5,72,9539,10588,283.3396298,326,326,108.6666667,108.6666667,326,1764.666667,661.1258028,326,56.875,98,32.25,65.0,32.25,112,129,129,13318.69643,115.4066568,34,20,188.2161878,Bot
256,330,306,443,165.0,60,306,330,9090.9090909091,77,77,25.6666666667,25.6666666667,46,165.0,9090.9090909091,46,30.75,24,0.0,41.0,0.0,0,0,0,470.25,21.6852484422,24,20,23.4591844132,Benign
-1,120000000,582443,80,911.8631763,1052048,582443,119914567,1096.664094,4208192,4208192,32.0,32.0,32,911.8631763,1096.664094,32,32.0,0,0.0,32.00024333,0.0,0,0,0,0.0,0.0,0,8,0.0,DDOS attack-LOIC-UDP
2052,534,534,8080,534.0,40,534,534,3745.318352,0,0,0.0,0.0,0,534.0,3745.318352,0,0.0,534,0.0,0.0,0.0,0,0,0,0.0,0.0,534,20,0.0,Bot
26883,0,0,21,0.0,40,20,20,50000.0,0,0,0.0,0.0,0,20.0,100000.0,0,0.0,0,0.0,0.0,0.0,0,0,0,0.0,0.0,20,40,0.0,FTP-BruteForce
26883,0,0,21,0.0,40,18,18,55555.5555555556,0,0,0.0,0.0,0,18.0,111111.111111111,0,0.0,0,0.0,0.0,0.0,0,0,0,0.0,0.0,18,40,0.0,FTP-BruteForce
32738,30245,30245,80,30245.0,40,30245,30245,66.1266325,0,0,0.0,0.0,0,30245.0,66.1266325,0,0.0,30245,0.0,0.0,0.0,0,0,0,0.0,0.0,30245,20,0.0,DDOS attack-HOIC
26883,0,0,21,0.0,40,21,21,47619.04762,0,0,0.0,0.0,0,21.0,95238.09524,0,0.0,0,0.0,0.0,0.0,0,0,0,0.0,0.0,21,40,0.0,DoS attacks-SlowHTTPTest
26883,0,0,21,0.0,40,28,28,35714.28571,0,0,0.0,0.0,0,28.0,71428.57143,0,0.0,0,0.0,0.0,0.0,0,0,0,0.0,0.0,28,40,0.0,DoS attacks-SlowHTTPTest
2047,83,83,80,83.0,40,83,83,24096.3855421687,0,0,0.0,0.0,0,83.0,24096.3855421687,0,0.0,83,0.0,0.0,0.0,0,0,0,0.0,0.0,83,20,0.0,Brute Force -Web
26883,0,0,21,0.0,40,2,2,500000.0,0,0,0.0,0.0,0,2.0,1000000.0,0,0.0,0,0.0,0.0,0.0,0,0,0,0.0,0.0,2,40,0.0,DoS attacks-SlowHTTPTest
219,4324317,4214720,35604,1081079.25,168,4214712,4324317,1.156251958,935,935,187.0,187.0,935,617759.5714,1.850003133,935,139.0,47,105.3333333,156.375,105.3333333,316,316,316,100024.0,316.2657111,6,32,418.1447118,Benign
211,99999210,99999210,80,99999210.0,64,99999209,99999211,0.0200001578,16,16,8.0,8.0,8,33333070.3333333,0.0400003156,8,4.8,99999210,0.0,6.0,0.0,0,0,0,19.2,4.38178046,1,32,0.0,DoS attacks-Slowloris
26883,378446,164791,22,18021.2380952381,712,164791,378674,58.0974664223,1912,1912,86.9090909091,86.9090909091,640,9235.9512195122,110.913344988,976,106.4418604651,220,133.25,108.9761904762,133.25,976,2665,2665,42969.919158361,207.2918694941,1,32,137.6880217811,SSH-Bruteforce
26883,0,0,21,0.0,40,3,3,333333.333333333,0,0,0.0,0.0,0,3.0,666666.666666667,0,0.0,0,0.0,0.0,0.0,0,0,0,0.0,0.0,3,40,0.0,FTP-BruteForce
-1,0,0,53,0.0,8,491,491,2036.6598778004,41,41,41.0,41.0,41,491.0,4073.3197556008,105,62.3333333333,0,105.0,93.5,105.0,105,105,105,1365.3333333333,36.9504172281,491,8,0.0,Benign
226,9011268,9011268,80,9011268.0,64,9011268,9011268,0.2219443479,0,0,0.0,0.0,0,9011268.0,0.2219443479,0,0.0,9011268,0.0,0.0,0.0,0,0,0,0.0,0.0,9011268,32,0.0,DoS attacks-GoldenEye
221,2007097,2007097,80,2007097.0,64,2007097,2007097,0.9964640473,0,0,0.0,0.0,0,2007097.0,0.9964640473,0,0.0,2007097,0.0,0.0,0.0,0,0,0,0.0,0.0,2007097,32,0.0,DoS attacks-GoldenEye
2047,140,140,80,140.0,40,140,140,14285.7142857143,0,0,0.0,0.0,0,140.0,14285.7142857143,0,0.0,140,0.0,0.0,0.0,0,0,0,0.0,0.0,140,20,0.0,Brute Force -Web
-1,0,0,53,0.0,8,1232,1232,811.6883117,38,38,38.0,38.0,38,1232.0,1623.376623,120,65.33333333,0,120.0,98.0,120.0,120,120,120,2241.333333,47.34272207,1232,8,0.0,Benign
221,2175108,2175108,80,2175108.0,64,2175108,2175108,0.9194945722,0,0,0.0,0.0,0,2175108.0,0.9194945722,0,0.0,2175108,0.0,0.0,0.0,0,0,0,0.0,0.0,2175108,32,0.0,DoS attacks-GoldenEye
26883,0,0,21,0.0,40,3,3,333333.3333,0,0,0.0,0.0,0,3.0,666666.6667,0,0.0,0,0.0,0.0,0.0,0,0,0,0.0,0.0,3,40,0.0,DoS attacks-SlowHTTPTest
-1,120000000,627941,80,837.468075,1146320,627941,119999963,1194.083702,4585280,4585280,32.0,32.0,32,837.468075,1194.083702,32,32.0,0,0.0,32.00022332,0.0,0,0,0,0.0,0.0,0,8,0.0,DDOS attack-LOIC-UDP
2052,469,469,8080,469.0,40,469,469,4264.392324,0,0,0.0,0.0,0,469.0,4264.392324,0,0.0,469,0.0,0.0,0.0,0,0,0,0.0,0.0,469,20,0.0,Bot
2052,444,444,8080,444.0,40,444,444,4504.504505,0,0,0.0,0.0,0,444.0,4504.504505,0,0.0,444,0.0,0.0,0.0,0,0,0,0.0,0.0,444,20,0.0,Bot
32738,1686,1686,80,1686.0,40,1686,1686,1186.23962,0,0,0.0,0.0,0,1686.0,1186.23962,0,0.0,1686,0.0,0.0,0.0,0,0,0,0.0,0.0,1686,20,0.0,DDOS attack-HOIC
26883,0,0,21,0.0,40,16,16,62500.0,0,0,0.0,0.0,0,16.0,125000.0,0,0.0,0,0.0,0.0,0.0,0,0,0,0.0,0.0,16,40,0.0,DoS attacks-SlowHTTPTest
257,81,81,443,81.0,40,81,81,24691.35802,0,0,0.0,0.0,0,81.0,24691.35802,0,0.0,81,0.0,0.0,0.0,0,0,0,0.0,0.0,81,20,0.0,Benign
8192,57758972,1388542,80,379993.236842105,3072,1388542,57760693,2.6488601859,54995,54995,359.4444444444,359.4444444444,646,225627.70703125,4.4493925999,1068,494.1317829457,272,697.0288461538,496.0544747082,697.0288461538,1068,72491,72491,126334.161554007,355.4351720835,4,20,271.4171844443,Brute Force -Web
26883,14139,13860,80,4713.0,136,5009998,5024137,0.7961566335,390,390,97.5,97.5,390,717733.857142857,1.5923132669,662,116.8888888889,3,165.5,131.5,165.5,662,662,662,58422.1111111111,241.7066633569,3,32,195.0,DoS attacks-GoldenEye
-1,92900000,619515,80,801.0146289,927488,619515,92865631,1248.427419,3709952,3709952,32.0,32.0,32,801.0146289,1248.427419,32,32.0,0,0.0,32.00027601,0.0,0,0,0,0.0,0.0,0,8,0.0,DDOS attack-LOIC-UDP
2049,33300000,33300000,80,33300000.0,40,33300000,33321580,0.060021163,0,0,0.0,0.0,0,33300000.0,0.060021163,0,0.0,33300000,0.0,0.0,0.0,0,0,0,0.0,0.0,33300000,20,0.0,DDoS attacks-LOIC-HTTP
225,1646,1646,80,1646.0,64,1646,1646,1215.066829,0,0,0.0,0.0,0,1646.0,1215.066829,0,0.0,1646,0.0,0.0,0.0,0,0,0,0.0,0.0,1646,32,0.0,DoS attacks-Hulk
-1,120000000,682990,80,973.2560062,984328,682990,119749419,1027.48724,3937312,3937312,32.0,32.0,32,973.2560062,1027.48724,32,32.0,0,0.0,32.00026008,0.0,0,0,0,0.0,0.0,0,8,0.0,DDOS attack-LOIC-UDP
32738,1268,1268,80,1268.0,40,1268,1268,1577.287066,0,0,0.0,0.0,0,1268.0,1577.287066,0,0.0,1268,0.0,0.0,0.0,0,0,0,0.0,0.0,1268,20,0.0,DDOS attack-HOIC
-1,90400000,573550,80,793.7799881,910904,573550,90381377,1259.805989,3643616,3643616,32.0,32.0,32,793.7799881,1259.805989,32,32.0,0,0.0,32.00028104,0.0,0,0,0,0.0,0.0,0,8,0.0,DDOS attack-LOIC-UDP
-1,120000000,927829,80,1283.800688,746736,927829,119831240,778.945457,2986944,2986944,32.0,32.0,32,1283.800688,778.945457,32,32.0,1,0.0,32.00034283,0.0,0,0,0,0.0,0.0,1,8,0.0,DDOS attack-LOIC-UDP
241,0,0,22,0.0,32,7,7,142857.142857143,0,0,0.0,0.0,0,7.0,285714.285714286,0,0.0,0,0.0,0.0,0.0,0,0,0,0.0,0.0,7,32,0.0,SSH-Bruteforce
-1,120000000,598007,80,903.5551826,1060632,598007,119791539,1106.747614,4242528,4242528,32.0,32.0,32,903.5551826,1106.747614,32,32.0,0,0.0,32.00024137,0.0,0,0,0,0.0,0.0,0,8,0.0,DDOS attack-LOIC-UDP
26883,372083,128728,22,17718.2380952381,712,128728,372140,59.117536411,1960,1960,89.0909090909,89.0909090909,640,9076.5853658537,112.8607513301,976,107.5581395349,320,133.25,110.119047619,133.25,976,2665,2665,42963.0620155039,207.2753290083,2,32,137.9533769037,SSH-Bruteforce
1024,0,0,1687,0.0,24,284,284,3521.126761,0,0,0.0,0.0,0,284.0,7042.253521,0,0.0,0,0.0,0.0,0.0,0,0,0,0.0,0.0,284,24,0.0,Infilteration
26883,381444,138498,22,18164.0,712,138498,381487,57.6690686708,1928,1928,87.6363636364,87.6363636364,640,8871.7906976744,115.3381373415,976,102.0666666667,202,121.1363636364,104.3863636364,121.1363636364,976,2665,2665,41510.3818181818,203.7409674518,3,32,137.7805520365,SSH-Bruteforce
225,895,895,80,895.0,64,895,895,2234.636872,0,0,0.0,0.0,0,895.0,2234.636872,0,0.0,895,0.0,0.0,0.0,0,0,0,0.0,0.0,895,32,0.0,DoS attacks-Hulk
26883,0,0,21,0.0,40,1,1,1000000.0,0,0,0.0,0.0,0,1.0,2000000.0,0,0.0,0,0.0,0.0,0.0,0,0,0,0.0,0.0,1,40,0.0,FTP-BruteForce
-1,0,0,53,0.0,8,1323,1323,755.8578987,32,32,32.0,32.0,32,1323.0,1511.715797,60,41.33333333,0,60.0,62.0,60.0,60,60,60,261.3333333,16.16580754,1323,8,0.0,Infilteration
8192,60052,59002,80,20017.3333333333,92,4948259,5008311,0.7986724467,646,646,161.5,161.5,646,715473.0,1.5973448933,646,112.2222222222,436,91.0,126.25,91.0,364,364,364,54558.4444444445,233.5774913052,17,20,323.0,Brute Force -Web
65535,1139,835,80,569.5,72,835,1875,1600.0,314,314,104.6666667,104.6666667,314,312.5,3733.333333,935,156.125,304,233.75,178.4285714,233.75,935,935,935,111117.2679,333.3425683,6,20,181.2879845,DDOS attack-HOIC
226,103021488,103021488,80,103021488.0,64,103021488,103021489,0.0194134255,339,339,169.5,169.5,339,51510744.5,0.0291201382,339,84.75,103021488,0.0,113.0,0.0,0,0,0,28730.25,169.5,1,32,239.7091988222,DoS attacks-GoldenEye
26883,6974706,6972614,80,2324902.0,136,6972324,11978037,0.3339445353,542,542,135.5,135.5,542,1711148.14285714,0.6678890706,972,168.2222222222,282,243.0,189.25,243.0,972,972,972,122982.444444444,350.688529103,3,32,271.0,DoS attacks-GoldenEye
-1,120000000,721118,80,979.8050616,977096,721118,119669471,1020.619536,3908384,3908384,32.0,32.0,32,979.8050616,1020.619536,32,32.0,0,0.0,32.000262,0.0,0,0,0,0.0,0.0,0,8,0.0,DDOS attack-LOIC-UDP
26883,2416,1468,80,805.3333333333,136,5002204,5004620,0.7992614824,476,476,119.0,119.0,476,714945.714285714,1.5985229648,662,126.4444444444,292,165.5,142.25,165.5,662,662,662,65115.7777777778,255.1779335636,8,32,238.0,DoS attacks-GoldenEye
26883,3083182,2055416,80,1541591.0,120,2055416,3083182,0.9730207299,0,0,0.0,0.0,0,1541591.0,0.9730207299,0,0.0,1027766,0.0,0.0,0.0,0,0,0,0.0,0.0,1027766,40,0.0,DoS attacks-Slowloris
8192,382,278,80,191.0,72,1540022,1540448,1.947485407,20,20,6.666666667,6.666666667,20,256741.3333,4.544132616,964,123.0,104,241.0,140.5714286,241.0,964,964,964,115523.4286,339.8873763,6,20,11.54700538,DDoS attacks-LOIC-HTTP
26883,415837,124091,22,19801.7619047619,712,124091,415884,52.8993661694,1944,1944,88.3636363636,88.3636363636,640,9671.7209302326,105.7987323388,976,102.4222222222,124,121.1363636364,104.75,121.1363636364,976,2665,2665,41511.6585858586,203.7441007388,3,32,137.8690011274,SSH-Bruteforce
226,36804978,36804978,80,36804978.0,64,36804978,36804978,0.0543404754,0,0,0.0,0.0,0,36804978.0,0.0543404754,0,0.0,36804978,0.0,0.0,0.0,0,0,0,0.0,0.0,36804978,32,0.0,DoS attacks-GoldenEye
225,41,41,80,41.0,64,41,41,48780.4878,0,0,0.0,0.0,0,41.0,48780.4878,0,0.0,41,0.0,0.0,0.0,0,0,0,0.0,0.0,41,32,0.0,DoS attacks-Hulk
225,1926,1926,80,1926.0,64,1926,1926,1038.421599,0,0,0.0,0.0,0,1926.0,1038.421599,0,0.0,1926,0.0,0.0,0.0,0,0,0,0.0,0.0,1926,32,0.0,DoS attacks-Hulk
-1,120000000,675736,80,936.9787861,1021600,675736,119651254,1067.26838,4086400,4086400,32.0,32.0,32,936.9787861,1067.26838,32,32.0,0,0.0,32.00025059,0.0,0,0,0,0.0,0.0,0,8,0.0,DDOS attack-LOIC-UDP
26883,0,0,21,0.0,40,4,4,250000.0,0,0,0.0,0.0,0,4.0,500000.0,0,0.0,0,0.0,0.0,0.0,0,0,0,0.0,0.0,4,40,0.0,FTP-BruteForce
26883,38753,34536,80,12917.6666666667,136,5003469,5042222,0.7933010486,373,373,93.25,93.25,373,720317.428571429,1.5866020972,662,115.0,258,165.5,129.375,165.5,662,662,662,57293.5,239.3606066169,5,32,186.5,DoS attacks-GoldenEye
8192,494,443,8080,247.0,72,18759,19554,153.4212949,326,326,108.6666667,108.6666667,326,3259.0,357.9830214,326,56.875,51,32.25,65.0,32.25,112,129,129,13318.69643,115.4066568,1,20,188.2161878,Bot
26883,0,0,21,0.0,40,1,1,1000000.0,0,0,0.0,0.0,0,1.0,2000000.0,0,0.0,0,0.0,0.0,0.0,0,0,0,0.0,0.0,1,40,0.0,FTP-BruteForce
32738,1886,1886,80,1886.0,40,1886,1886,1060.445387,0,0,0.0,0.0,0,1886.0,1060.445387,0,0.0,1886,0.0,0.0,0.0,0,0,0,0.0,0.0,1886,20,0.0,DDOS attack-HOIC
26883,385072,88769,22,18336.7619047619,712,65580,385137,57.1225304242,1960,1960,89.0909090909,89.0909090909,640,8956.6744186047,114.2450608485,976,102.7777777778,245,121.1363636364,105.1136363636,121.1363636364,976,2665,2665,41512.6767676768,203.7465994015,5,32,137.9533769037,SSH-Bruteforce
131,74,74,50475,74.0,40,74,74,27027.027027027027,0,0,0.0,0.0,0,74.0,27027.027027027027,0,0.0,74,0.0,0.0,0.0,0,0,0,0.0,0.0,74,20,0.0,Benign
225,6480,6480,80,6480.0,64,6480,6480,308.6419753,0,0,0.0,0.0,0,6480.0,308.6419753,0,0.0,6480,0.0,0.0,0.0,0,0,0,0.0,0.0,6480,32,0.0,DoS attacks-Hulk
8192,5009382,5001839,80,1252345.5,112,5001839,5009382,0.9981271143,733,733,146.6,146.6,733,715626.0,1.5970033829,1910,293.6666666667,400,636.6666666667,330.375,636.6666666667,1910,1910,1910,426153.5,652.8043351572,19,20,327.8075655015,SQL Injection
26883,353015,133085,22,16046.1363636364,744,133085,353562,65.0522397769,1912,1912,83.1304347826,83.1304347826,640,8418.1428571429,121.6194048003,976,104.0227272727,230,133.25,106.4418604651,133.25,976,2665,2665,42228.1157505285,205.4948071133,5,32,135.7374820439,SSH-Bruteforce
26883,0,0,21,0.0,40,2,2,500000.0,0,0,0.0,0.0,0,2.0,1000000.0,0,0.0,0,0.0,0.0,0.0,0,0,0,0.0,0.0,2,40,0.0,DoS attacks-SlowHTTPTest
26883,0,0,21,0.0,40,3,3,333333.333333333,0,0,0.0,0.0,0,3.0,666666.666666667,0,0.0,0,0.0,0.0,0.0,0,0,0,0.0,0.0,3,40,0.0,FTP-BruteForce
26883,0,0,21,0.0,40,21,21,47619.04762,0,0,0.0,0.0,0,21.0,95238.09524,0,0.0,0,0.0,0.0,0.0,0,0,0,0.0,0.0,21,40,0.0,DoS attacks-SlowHTTPTest
2049,10300000,10300000,80,10300000.0,40,10300000,10250021,0.195121551,0,0,0.0,0.0,0,10300000.0,0.195121551,0,0.0,10300000,0.0,0.0,0.0,0,0,0,0.0,0.0,10300000,20,0.0,DDoS attacks-LOIC-HTTP
26883,108093617,53247396,80,7720972.64285714,496,53247396,108093629,0.1387685855,2530,2530,168.6666666667,168.6666666667,230,6358448.76470588,0.1665223026,230,133.1578947368,369,0.0,140.5555555556,0.0,0,0,0,13611.6959064327,116.6691729054,12,32,105.2796728899,DoS attacks-Slowloris
-1,120000000,682536,80,782.5098806,1225440,682536,119864081,1277.947478,4901760,4901760,32.0,32.0,32,782.5098806,1277.947478,32,32.0,0,0.0,32.0002089,0.0,0,0,0,0.0,0.0,0,8,0.0,DDOS attack-LOIC-UDP
26883,4454441,4423022,80,1113610.25,168,4422752,4454441,1.1224753005,438,438,87.6,87.6,438,636348.714285714,1.7959604808,972,156.6666666667,260,324.0,176.25,324.0,972,972,972,114466.0,338.3282429831,4,32,195.879554829,DoS attacks-GoldenEye
8192,505,503,80,252.5,72,1574961,1575493,1.904165871,20,20,6.666666667,6.666666667,20,262582.1667,4.443053698,964,123.0,2,241.0,140.5714286,241.0,964,964,964,115523.4286,339.8873763,2,20,11.54700538,DDoS attacks-LOIC-HTTP
8192,430,374,80,215.0,72,1541247,1541708,1.945893775,20,20,6.666666667,6.666666667,20,256951.3333,4.540418808,964,123.0,56,241.0,140.5714286,241.0,964,964,964,115523.4286,339.8873763,8,20,11.54700538,DDoS attacks-LOIC-HTTP
26883,0,0,21,0.0,40,2,2,500000.0,0,0,0.0,0.0,0,2.0,1000000.0,0,0.0,0,0.0,0.0,0.0,0,0,0,0.0,0.0,2,40,0.0,FTP-BruteForce
-1,120000000,665780,80,874.444225,1097560,665780,119968501,1143.59185,4390240,4390240,32.0,32.0,32,874.444225,1143.59185,32,32.0,0,0.0,32.00023324,0.0,0,0,0,0.0,0.0,0,8,0.0,DDOS attack-LOIC-UDP
26883,367662,48767,22,18383.1,680,48767,368592,56.9735642662,1944,1944,92.5714285714,92.5714285714,640,8776.0,116.6601554022,976,104.75,328,121.1363636364,107.1860465116,121.1363636364,976,2665,2665,42227.5406976744,205.4934079178,5,32,139.8186580641,SSH-Bruteforce
32738,1485,1485,80,1485.0,40,1485,1485,1346.801347,0,0,0.0,0.0,0,1485.0,1346.801347,0,0.0,1485,0.0,0.0,0.0,0,0,0,0.0,0.0,1485,20,0.0,DDOS attack-HOIC
26883,266206,58466,22,12676.4761904762,712,58466,266898,82.4284932821,1928,1928,87.6363636364,87.6363636364,640,6206.9302325581,164.8569865642,976,102.0666666667,206,121.1363636364,104.3863636364,121.1363636364,976,2665,2665,41510.3818181818,203.7409674518,3,32,137.7805520365,SSH-Bruteforce
1024,0,0,50002,0.0,24,2,2,500000.0,0,0,0.0,0.0,0,2.0,1000000.0,0,0.0,0,0.0,0.0,0.0,0,0,0,0.0,0.0,2,24,0.0,Infilteration
8192,5005701,4937682,80,1251425.25,112,4937682,5005701,0.9988610986,646,646,129.2,129.2,646,715100.142857143,1.5981777577,646,112.2222222222,394,121.3333333333,126.25,121.3333333333,364,364,364,54558.4444444445,233.5774913052,17,20,288.899982693,Brute Force -Web
8192,332,330,80,166.0,72,965208,965575,3.106956995,20,20,6.666666667,6.666666667,20,160929.1667,7.249566321,964,123.0,2,241.0,140.5714286,241.0,964,964,964,115523.4286,339.8873763,2,20,11.54700538,DDoS attacks-LOIC-HTTP
8192,512,461,8080,256.0,72,9745,10542,284.5759818,326,326,108.6666667,108.6666667,326,1757.0,664.0106242,326,56.875,51,32.25,65.0,32.25,112,129,129,13318.69643,115.4066568,22,20,188.2161878,Bot
26883,107049939,105003057,80,26762484.75,168,105003055,107049941,0.0467071719,246,246,49.2,49.2,230,13381242.625,0.0840729095,230,24.6,89,0.0,27.3333333333,0.0,0,0,0,5219.6,72.2467992371,2,32,101.1493944619,DoS attacks-Slowloris
26883,356660,163628,22,17833.0,680,124125,357140,58.8004704038,1912,1912,91.0476190476,91.0476190476,640,8503.3333333333,120.4009632077,976,104.0227272727,414,121.1363636364,106.4418604651,121.1363636364,976,2665,2665,42228.1157505285,205.4948071133,7,32,139.6790879804,SSH-Bruteforce
-1,120000000,652126,80,1052.089418,910784,652126,119777224,950.497901,3643136,3643136,32.0,32.0,32,1052.089418,950.497901,32,32.0,0,0.0,32.00028108,0.0,0,0,0,0.0,0.0,0,8,0.0,DDOS attack-LOIC-UDP
1024,0,0,6692,0.0,24,2,2,500000.0,0,0,0.0,0.0,0,2.0,1000000.0,0,0.0,0,0.0,0.0,0.0,0,0,0,0.0,0.0,2,24,0.0,Infilteration
32738,29370,29370,80,29370.0,40,29370,29370,68.09669731,0,0,0.0,0.0,0,29370.0,68.09669731,0,0.0,29370,0.0,0.0,0.0,0,0,0,0.0,0.0,29370,20,0.0,DDOS attack-HOIC
32738,1738,1738,80,1738.0,40,1738,1738,1150.747986,0,0,0.0,0.0,0,1738.0,1150.747986,0,0.0,1738,0.0,0.0,0.0,0,0,0,0.0,0.0,1738,20,0.0,DDOS attack-HOIC
8192,545,456,8080,272.5,72,9755,10588,283.3396298,326,326,108.6666667,108.6666667,326,1764.666667,661.1258028,326,56.875,89,32.25,65.0,32.25,112,129,129,13318.69643,115.4066568,1,20,188.2161878,Bot
26883,0,0,21,0.0,40,2,2,500000.0,0,0,0.0,0.0,0,2.0,1000000.0,0,0.0,0,0.0,0.0,0.0,0,0,0,0.0,0.0,2,40,0.0,DoS attacks-SlowHTTPTest
8192,61857,60210,80,20619.0,92,4945147,5007004,0.7988809276,646,646,161.5,161.5,646,715286.285714286,1.5977618552,646,112.2222222222,356,91.0,126.25,91.0,364,364,364,54558.4444444445,233.5774913052,18,20,323.0,Brute Force -Web
8192,454,403,8080,227.0,72,8417,9230,325.0270856,326,326,108.6666667,108.6666667,326,1538.333333,758.396533,326,56.875,51,32.25,65.0,32.25,112,129,129,13318.69643,115.4066568,21,20,188.2161878,Bot
241,0,0,22,0.0,32,8,8,125000.0,0,0,0.0,0.0,0,8.0,250000.0,0,0.0,0,0.0,0.0,0.0,0,0,0,0.0,0.0,8,32,0.0,SSH-Bruteforce
241,0,0,22,0.0,32,7,7,142857.142857143,0,0,0.0,0.0,0,7.0,285714.285714286,0,0.0,0,0.0,0.0,0.0,0,0,0,0.0,0.0,7,32,0.0,SSH-Bruteforce
8192,5483428,5323263,443,783346.857142857,172,5323263,5483428,1.4589413775,347,347,43.375,43.375,190,456952.333333333,2.3707797385,1460,243.4285714286,34,612.2,262.1538461538,612.2,1460,3061,3061,248088.10989011,498.084440522,10,20,73.5681171238,Benign
26883,369332,136081,22,17587.2380952381,712,136081,370757,59.3380570023,1976,1976,89.8181818182,89.8181818182,640,8622.2558139535,118.6761140046,976,103.1333333333,218,121.1363636364,105.4772727273,121.1363636364,976,2665,2665,41513.4363636364,203.7484634633,5,32,138.0336868351,SSH-Bruteforce
26883,378031,91197,22,16436.1304347826,776,91197,378080,63.4786288616,1912,1912,79.6666666667,79.6666666667,640,8792.5581395349,116.3774862463,976,101.7111111111,211,133.25,104.0227272727,133.25,976,2665,2665,41508.8464646465,203.7371995112,5,32,133.8339875812,SSH-Bruteforce
226,61691139,61691139,80,61691139.0,64,61691139,61691139,0.0324195668,0,0,0.0,0.0,0,61691139.0,0.0324195668,0,0.0,61691139,0.0,0.0,0.0,0,0,0,0.0,0.0,61691139,32,0.0,DoS attacks-GoldenEye
26883,0,0,21,0.0,40,1,1,1000000.0,0,0,0.0,0.0,0,1.0,2000000.0,0,0.0,0,0.0,0.0,0.0,0,0,0,0.0,0.0,1,40,0.0,FTP-BruteForce
2052,601,601,8080,601.0,40,601,601,3327.787022,0,0,0.0,0.0,0,601.0,3327.787022,0,0.0,601,0.0,0.0,0.0,0,0,0,0.0,0.0,601,20,0.0,Bot
225,66171,66171,80,66171.0,64,66171,66171,30.2247208,0,0,0.0,0.0,0,66171.0,30.2247208,0,0.0,66171,0.0,0.0,0.0,0,0,0,0.0,0.0,66171,32,0.0,DoS attacks-Hulk
256,0,0,80,0.0,20,31767,31767,31.47920798,0,0,0.0,0.0,0,31767.0,62.95841597,0,0.0,0,0.0,0.0,0.0,0,0,0,0.0,0.0,31767,20,0.0,Infilteration
26883,10781,8435,80,3593.6666666667,136,5004856,5015637,0.7975058801,438,438,109.5,109.5,438,716519.571428572,1.5950117602,972,156.6666666667,297,243.0,176.25,243.0,972,972,972,114466.0,338.3282429831,7,32,219.0,DoS attacks-GoldenEye
1024,0,0,3517,0.0,24,245,245,4081.632653,0,0,0.0,0.0,0,245.0,8163.265306,0,0.0,0,0.0,0.0,0.0,0,0,0,0.0,0.0,245,24,0.0,Infilteration
0,0,0,443,0.0,20,3021,3022,330.9066843,0,0,0.0,0.0,0,1511.0,992.7200529,0,0.0,0,0.0,0.0,0.0,0,0,0,0.0,0.0,1,20,0.0,Benign
26883,0,0,21,0.0,40,2,2,500000.0,0,0,0.0,0.0,0,2.0,1000000.0,0,0.0,0,0.0,0.0,0.0,0,0,0,0.0,0.0,2,40,0.0,FTP-BruteForce
8192,553,504,8080,276.5,72,11085,12180,246.3054187,326,326,108.6666667,108.6666667,326,2030.0,574.7126437,326,56.875,49,32.25,65.0,32.25,112,129,129,13318.69643,115.4066568,0,20,188.2161878,Bot
8192,330,328,80,165.0,72,1176830,1177188,2.548445958,20,20,6.666666667,6.666666667,20,196198.0,5.946373901,964,123.0,2,241.0,140.5714286,241.0,964,964,964,115523.4286,339.8873763,2,20,11.54700538,DDoS attacks-LOIC-HTTP
211,81788845,81788845,80,81788845.0,64,81788844,81788845,0.0244532124,8,8,4.0,4.0,8,40894422.5,0.0366798186,8,4.0,81788845,0.0,5.3333333333,0.0,0,0,0,21.3333333333,4.6188021535,1,32,5.6568542495,DoS attacks-Slowloris
226,1971988,1971988,80,1971988.0,64,1971988,1971988,1.0142049546,0,0,0.0,0.0,0,1971988.0,1.0142049546,0,0.0,1971988,0.0,0.0,0.0,0,0,0,0.0,0.0,1971988,32,0.0,DoS attacks-GoldenEye
2052,449,449,8080,449.0,40,449,449,4454.342984,0,0,0.0,0.0,0,449.0,4454.342984,0,0.0,449,0.0,0.0,0.0,0,0,0,0.0,0.0,449,20,0.0,Bot
32738,23285,23285,80,23285.0,40,23285,23285,85.89220528,0,0,0.0,0.0,0,23285.0,85.89220528,0,0.0,23285,0.0,0.0,0.0,0,0,0,0.0,0.0,23285,20,0.0,DDOS attack-HOIC
26883,0,0,21,0.0,40,19,19,52631.5789473684,0,0,0.0,0.0,0,19.0,105263.157894737,0,0.0,0,0.0,0.0,0.0,0,0,0,0.0,0.0,19,40,0.0,FTP-BruteForce
26883,0,0,21,0.0,40,3,3,333333.333333333,0,0,0.0,0.0,0,3.0,666666.666666667,0,0.0,0,0.0,0.0,0.0,0,0,0,0.0,0.0,3,40,0.0,FTP-BruteForce
32738,7851,7851,80,7851.0,40,7851,7851,254.7446185,0,0,0.0,0.0,0,7851.0,254.7446185,0,0.0,7851,0.0,0.0,0.0,0,0,0,0.0,0.0,7851,20,0.0,DDOS attack-HOIC
31120,0,0,50700,0.0,20,15,15,66666.6666666667,0,0,0.0,0.0,0,15.0,133333.333333333,0,0.0,0,0.0,0.0,0.0,0,0,0,0.0,0.0,15,20,0.0,Benign
-1,0,0,53,0.0,8,1181,1181,846.740050804403,42,42,42.0,42.0,42,1181.0,1693.480101608806,155,79.66666666666666,0,155.0,119.5,155.0,155,155,155,4256.333333333333,65.24058041842771,1181,8,0.0,Benign
26883,10335,8962,80,3445.0,136,5001549,5011884,0.7981030686,415,415,103.75,103.75,415,715983.428571429,1.5962061373,662,119.6666666667,307,165.5,134.625,165.5,662,662,662,60198.5,245.3538261369,7,32,207.5,DoS attacks-GoldenEye
946,1,1,52346,1.0,40,1,1,2000000.0,31,31,15.5,15.5,31,1.0,2000000.0,31,20.6666666667,1,0.0,31.0,0.0,0,0,0,320.3333333333,17.8978583449,1,20,21.9203102168,Benign
26883,0,0,21,0.0,40,3,3,333333.3333,0,0,0.0,0.0,0,3.0,666666.6667,0,0.0,0,0.0,0.0,0.0,0,0,0,0.0,0.0,3,40,0.0,DoS attacks-SlowHTTPTest
2052,499,499,8080,499.0,40,499,499,4008.016032,0,0,0.0,0.0,0,499.0,4008.016032,0,0.0,499,0.0,0.0,0.0,0,0,0,0.0,0.0,499,20,0.0,Bot
26883,0,0,21,0.0,40,15,15,66666.6666666667,0,0,0.0,0.0,0,15.0,133333.333333333,0,0.0,0,0.0,0.0,0.0,0,0,0,0.0,0.0,15,40,0.0,FTP-BruteForce
26883,0,0,21,0.0,40,19,19,52631.57895,0,0,0.0,0.0,0,19.0,105263.1579,0,0.0,0,0.0,0.0,0.0,0,0,0,0.0,0.0,19,40,0.0,DoS attacks-SlowHTTPTest
241,0,0,22,0.0,32,8,8,125000.0,0,0,0.0,0.0,0,8.0,250000.0,0,0.0,0,0.0,0.0,0.0,0,0,0,0.0,0.0,8,32,0.0,SSH-Bruteforce
8192,649,598,8080,324.5,72,9511,10698,280.4262479,326,326,108.6666667,108.6666667,326,1783.0,654.3279118,326,56.875,51,32.25,65.0,32.25,112,129,129,13318.69643,115.4066568,1,20,188.2161878,Bot
26883,0,0,21,0.0,40,15,15,66666.66667,0,0,0.0,0.0,0,15.0,133333.3333,0,0.0,0,0.0,0.0,0.0,0,0,0,0.0,0.0,15,40,0.0,DoS attacks-SlowHTTPTest
8192,907,899,80,453.5,72,1335264,1336213,2.245151035,20,20,6.666666667,6.666666667,20,222702.1667,5.238685748,964,123.0,8,241.0,140.5714286,241.0,964,964,964,115523.4286,339.8873763,6,20,11.54700538,DDoS attacks-LOIC-HTTP
26883,375670,141069,22,17889.0476190476,712,141069,375728,58.5529957842,1928,1928,87.6363636364,87.6363636364,640,8737.8604651163,117.1059915684,976,102.0666666667,137,121.1363636364,104.3863636364,121.1363636364,976,2665,2665,41510.3818181818,203.7409674518,5,32,137.7805520365,SSH-Bruteforce
1024,0,0,3389,0.0,24,2,2,500000.0,0,0,0.0,0.0,0,2.0,1000000.0,0,0.0,0,0.0,0.0,0.0,0,0,0,0.0,0.0,2,24,0.0,Infilteration
225,17566,17566,80,17566.0,64,17566,17566,113.8563133,0,0,0.0,0.0,0,17566.0,113.8563133,0,0.0,17566,0.0,0.0,0.0,0,0,0,0.0,0.0,17566,32,0.0,DoS attacks-Hulk
8192,363960,95304,443,45495.0,192,95258,363960,24.72799209,506,506,56.22222222,56.22222222,194,24264.0,43.96087482,1430,292.8235294,18,638.8571429,311.125,638.8571429,1430,4472,4472,274075.7794,523.5224727,8,20,82.26599811,Infilteration
2049,5711103,5711103,80,5711103.0,40,5711103,5711103,0.35019505,0,0,0.0,0.0,0,5711103.0,0.35019505,0,0.0,5711103,0.0,0.0,0.0,0,0,0,0.0,0.0,5711103,20,0.0,DDoS attacks-LOIC-HTTP
32738,6467,6467,80,6467.0,40,6467,6467,309.2624092,0,0,0.0,0.0,0,6467.0,309.2624092,0,0.0,6467,0.0,0.0,0.0,0,0,0,0.0,0.0,6467,20,0.0,DDOS attack-HOIC
219,5667588,5378970,41754,1416897.0,168,5378961,5667588,0.882209504,935,935,187.0,187.0,935,708448.5,1.587977108,935,166.5,51,182.5,185.0,182.5,365,730,730,95939.16667,309.7404828,7,32,418.1447118,Benign
8192,314,312,80,157.0,72,1264820,1265176,2.371211594,20,20,6.666666667,6.666666667,20,210862.6667,5.532827053,964,123.0,2,241.0,140.5714286,241.0,964,964,964,115523.4286,339.8873763,2,20,11.54700538,DDoS attacks-LOIC-HTTP
-1,89479543,41990230,500,17895908.6,48,41990230,89479543,0.0670544328,3000,3000,500.0,500.0,500,17895908.6,0.0670544328,500,500.0,4000299,0.0,583.3333333333,0.0,0,0,0,0.0,0.0,4000299,8,0.0,Brute Force -Web
225,23631,23631,80,23631.0,64,23631,23631,84.63459016,0,0,0.0,0.0,0,23631.0,84.63459016,0,0.0,23631,0.0,0.0,0.0,0,0,0,0.0,0.0,23631,32,0.0,DoS attacks-Hulk
2052,513,513,8080,513.0,40,513,513,3898.635478,0,0,0.0,0.0,0,513.0,3898.635478,0,0.0,513,0.0,0.0,0.0,0,0,0,0.0,0.0,513,20,0.0,Bot
2049,10600000,10600000,80,10600000.0,40,10600000,10612541,0.18845628,0,0,0.0,0.0,0,10600000.0,0.18845628,0,0.0,10600000,0.0,0.0,0.0,0,0,0,0.0,0.0,10600000,20,0.0,DDoS attacks-LOIC-HTTP
65535,14188,13916,80,7094.0,72,13916,15730,190.7183725,309,309,103.0,103.0,309,2621.666667,445.0095359,935,155.5,272,233.75,177.7142857,233.75,935,935,935,110894.8571,333.0087944,4,20,178.4012332,DDOS attack-HOIC
8192,77340258,10030981,443,5524304.14285714,312,10009667,77340258,0.1939481505,868,868,57.8666666667,57.8666666667,517,2864454.0,0.3620365476,1460,180.1724137931,212,335.1538461538,186.6071428571,335.1538461538,1460,4357,4357,183872.362068966,428.8034072497,1,20,140.7134203503,Benign
2052,686,686,8080,686.0,40,686,686,2915.451895,0,0,0.0,0.0,0,686.0,2915.451895,0,0.0,686,0.0,0.0,0.0,0,0,0,0.0,0.0,686,20,0.0,Bot
256,353,323,443,176.5,60,323,353,8498.5835694051,77,77,25.6666666667,25.6666666667,46,176.5,8498.5835694051,46,30.75,30,0.0,41.0,0.0,0,0,0,470.25,21.6852484422,30,20,23.4591844132,Benign
8192,640,587,8080,320.0,72,11791,12936,231.9109462,326,326,108.6666667,108.6666667,326,2156.0,541.1255411,326,56.875,53,32.25,65.0,32.25,112,129,129,13318.69643,115.4066568,15,20,188.2161878,Bot
225,1564,1564,80,1564.0,64,1564,1564,1278.772379,0,0,0.0,0.0,0,1564.0,1278.772379,0,0.0,1564,0.0,0.0,0.0,0,0,0,0.0,0.0,1564,32,0.0,DoS attacks-Hulk
-1,120000000,690023,80,1190.837698,806160,690023,119999524,839.753331,3224640,3224640,32.0,32.0,32,1190.837698,839.753331,32,32.0,0,0.0,32.00031755,0.0,0,0,0,0.0,0.0,0,8,0.0,DDOS attack-LOIC-UDP
2052,686,686,8080,686.0,40,686,686,2915.451895,0,0,0.0,0.0,0,686.0,2915.451895,0,0.0,686,0.0,0.0,0.0,0,0,0,0.0,0.0,686,20,0.0,Bot
8192,249403,249403,445,124701.5,72,249308,249403,12.02872459,0,0,0.0,0.0,0,83134.33333,16.03829946,0,0.0,0,0.0,0.0,0.0,0,0,0,0.0,0.0,0,20,0.0,Benign
1024,0,0,55600,0.0,24,242,242,4132.231405,0,0,0.0,0.0,0,242.0,8264.46281,0,0.0,0,0.0,0.0,0.0,0,0,0,0.0,0.0,242,24,0.0,Infilteration
8192,4557688,1560691,3389,651098.2857,168,1402317,4557688,1.755275921,1132,1132,141.5,141.5,661,253204.8889,4.168780311,1173,135.65,28,143.7272727,142.7894737,143.7272727,1173,1581,1581,84558.02895,290.7886328,28,20,222.7920235,Infilteration
8192,514,463,8080,257.0,72,8780,9830,305.1881994,326,326,108.6666667,108.6666667,326,1638.333333,712.1057986,326,56.875,51,32.25,65.0,32.25,112,129,129,13318.69643,115.4066568,0,20,188.2161878,Bot
-1,111072495,11572754,0,1820860.573770492,0,11572754,111072495,0.5581939975328726,0,0,0.0,0.0,0,1820860.573770492,0.5581939975328726,0,0.0,102370,0.0,0.0,0.0,0,0,0,0.0,0.0,102370,0,0.0,Benign
8192,56968628,1014155,80,282022.910891089,4072,1014155,56970928,3.5632208764,56083,56083,276.2709359606,276.2709359606,680,186179.503267974,5.3887133452,1935,798.7045454545,223,1826.1346153846,801.3061889251,1826.1346153846,1935,189918,189918,630590.645321291,794.0973777323,18,20,291.6989844299,Brute Force -XSS
26883,398872,93294,22,17342.2608695652,776,93294,398922,60.1621369591,1912,1912,79.6666666667,79.6666666667,640,9277.2558139535,110.2972510917,976,101.7111111111,291,133.25,104.0227272727,133.25,976,2665,2665,41508.8464646465,203.7371995112,5,32,133.8339875812,SSH-Bruteforce
26883,0,0,21,0.0,40,3,3,333333.3333,0,0,0.0,0.0,0,3.0,666666.6667,0,0.0,0,0.0,0.0,0.0,0,0,0,0.0,0.0,3,40,0.0,DoS attacks-SlowHTTPTest
26883,379530,119799,22,18072.8571428571,712,119799,379623,57.952231556,1944,1944,88.3636363636,88.3636363636,640,8828.4418604651,115.9044631121,976,102.4222222222,257,121.1363636364,104.75,121.1363636364,976,2665,2665,41511.6585858586,203.7441007388,3,32,137.8690011274,SSH-Bruteforce
32738,15282,15282,80,15282.0,40,15282,15282,130.8729224,0,0,0.0,0.0,0,15282.0,130.8729224,0,0.0,15282,0.0,0.0,0.0,0,0,0,0.0,0.0,15282,20,0.0,DDOS attack-HOIC
26883,6577114,6576803,80,2192371.33333333,136,6576500,11577970,0.3454837074,410,410,102.5,102.5,410,1653995.71428571,0.6909674148,662,119.1111111111,31,165.5,134.0,165.5,662,662,662,59832.1111111111,244.6060324504,4,32,205.0,DoS attacks-GoldenEye
254,711,692,443,355.5,60,692,711,4219.4092827004,77,77,25.6666666667,25.6666666667,46,355.5,4219.4092827004,46,30.75,19,0.0,41.0,0.0,0,0,0,470.25,21.6852484422,19,20,23.4591844132,Benign
32738,12139,12139,80,12139.0,40,12139,12139,164.7582173,0,0,0.0,0.0,0,12139.0,164.7582173,0,0.0,12139,0.0,0.0,0.0,0,0,0,0.0,0.0,12139,20,0.0,DDOS attack-HOIC
26883,0,0,21,0.0,40,2,2,500000.0,0,0,0.0,0.0,0,2.0,1000000.0,0,0.0,0,0.0,0.0,0.0,0,0,0,0.0,0.0,2,40,0.0,DoS attacks-SlowHTTPTest
26883,0,0,21,0.0,40,22,22,45454.54545,0,0,0.0,0.0,0,22.0,90909.09091,0,0.0,0,0.0,0.0,0.0,0,0,0,0.0,0.0,22,40,0.0,DoS attacks-SlowHTTPTest
1024,0,0,20828,0.0,24,2,2,500000.0,0,0,0.0,0.0,0,2.0,1000000.0,0,0.0,0,0.0,0.0,0.0,0,0,0,0.0,0.0,2,24,0.0,Infilteration
32738,2813,2813,80,2813.0,40,2813,2813,710.9847138,0,0,0.0,0.0,0,2813.0,710.9847138,0,0.0,2813,0.0,0.0,0.0,0,0,0,0.0,0.0,2813,20,0.0,DDOS attack-HOIC
32738,6883,6883,80,6883.0,40,6883,6883,290.570972,0,0,0.0,0.0,0,6883.0,290.570972,0,0.0,6883,0.0,0.0,0.0,0,0,0,0.0,0.0,6883,20,0.0,DDOS attack-HOIC
26883,355845,153747,22,16945.0,712,153747,355908,61.813727143,1928,1928,87.6363636364,87.6363636364,640,8276.9302325581,123.6274542859,976,102.0666666667,151,121.1363636364,104.3863636364,121.1363636364,976,2665,2665,41510.3818181818,203.7409674518,7,32,137.7805520365,SSH-Bruteforce
-1,120000000,846256,80,1091.727321,877024,846256,119682791,915.987997,3508096,3508096,32.0,32.0,32,1091.727321,915.987997,32,32.0,0,0.0,32.0002919,0.0,0,0,0,0.0,0.0,0,8,0.0,DDOS attack-LOIC-UDP
2047,43,43,80,43.0,40,43,43,46511.6279069767,0,0,0.0,0.0,0,43.0,46511.6279069767,0,0.0,43,0.0,0.0,0.0,0,0,0,0.0,0.0,43,20,0.0,SQL Injection
32738,14964,14964,80,14964.0,40,14964,14964,133.6541032,0,0,0.0,0.0,0,14964.0,133.6541032,0,0.0,14964,0.0,0.0,0.0,0,0,0,0.0,0.0,14964,20,0.0,DDOS attack-HOIC
8192,546,496,8080,273.0,72,9807,10781,278.2673221,326,326,108.6666667,108.6666667,326,1796.833333,649.2904183,326,56.875,50,32.25,65.0,32.25,112,129,129,13318.69643,115.4066568,34,20,188.2161878,Bot
26883,0,0,21,0.0,40,18,18,55555.5555555556,0,0,0.0,0.0,0,18.0,111111.111111111,0,0.0,0,0.0,0.0,0.0,0,0,0,0.0,0.0,18,40,0.0,FTP-BruteForce
26883,0,0,21,0.0,40,21,21,47619.04762,0,0,0.0,0.0,0,21.0,95238.09524,0,0.0,0,0.0,0.0,0.0,0,0,0,0.0,0.0,21,40,0.0,DoS attacks-SlowHTTPTest
26883,3878,2787,80,1292.6666666667,136,5004647,5008525,0.7986383217,312,312,78.0,78.0,312,715503.571428572,1.5972766433,662,108.2222222222,273,165.5,121.75,165.5,662,662,662,53772.4444444444,231.8888622691,5,32,156.0,DoS attacks-GoldenEye
225,3409,3409,80,3409.0,64,3409,3409,586.6823115,0,0,0.0,0.0,0,3409.0,586.6823115,0,0.0,3409,0.0,0.0,0.0,0,0,0,0.0,0.0,3409,32,0.0,DoS attacks-Hulk
2049,890156,890156,80,890156.0,40,890156,890156,2.246797191,0,0,0.0,0.0,0,890156.0,2.246797191,0,0.0,890156,0.0,0.0,0.0,0,0,0,0.0,0.0,890156,20,0.0,DDoS attacks-LOIC-HTTP
26883,342112,70097,22,16291.0476190476,712,70097,342156,64.2981563965,1976,1976,89.8181818182,89.8181818182,640,7957.1162790698,128.596312793,976,103.1333333333,178,121.1363636364,105.4772727273,121.1363636364,976,2665,2665,41513.4363636364,203.7484634633,5,32,138.0336868351,SSH-Bruteforce
62552,86968770,86968770,41105,86968770.0,40,86968770,86968770,0.0229967607912587,0,0,0.0,0.0,0,86968770.0,0.0229967607912587,0,0.0,86968770,0.0,0.0,0.0,0,0,0,0.0,0.0,86968770,20,0.0,Benign
26883,0,0,21,0.0,40,2,2,500000.0,0,0,0.0,0.0,0,2.0,1000000.0,0,0.0,0,0.0,0.0,0.0,0,0,0,0.0,0.0,2,40,0.0,DoS attacks-SlowHTTPTest
26883,6874142,6789750,80,1718535.5,168,6789468,6874142,0.7273635022,404,404,80.8,80.8,404,982020.285714286,1.1637816036,972,152.8888888889,43,324.0,172.0,324.0,972,972,972,112203.111111111,334.9673284234,7,32,180.674292582,DoS attacks-GoldenEye
225,9227,9227,80,9227.0,64,9227,9227,216.755175,0,0,0.0,0.0,0,9227.0,216.755175,0,0.0,9227,0.0,0.0,0.0,0,0,0,0.0,0.0,9227,32,0.0,DoS attacks-Hulk
180,0,0,54523,0.0,20,17,17,58823.52941,0,0,0.0,0.0,0,17.0,117647.0588,0,0.0,0,0.0,0.0,0.0,0,0,0,0.0,0.0,17,20,0.0,Infilteration
8192,320,293,80,160.0,72,1140597,1140959,2.62936705,20,20,6.666666667,6.666666667,20,190159.8333,6.135189783,964,123.0,27,241.0,140.5714286,241.0,964,964,964,115523.4286,339.8873763,4,20,11.54700538,DDoS attacks-LOIC-HTTP
2052,492,492,8080,492.0,40,492,492,4065.04065,0,0,0.0,0.0,0,492.0,4065.04065,0,0.0,492,0.0,0.0,0.0,0,0,0,0.0,0.0,492,20,0.0,Bot
8192,332,290,80,166.0,72,1711615,1711998,1.752338496,20,20,6.666666667,6.666666667,20,285333.0,4.088789823,964,123.0,42,241.0,140.5714286,241.0,964,964,964,115523.4286,339.8873763,5,20,11.54700538,DDoS attacks-LOIC-HTTP
-1,120000000,990606,80,1375.442784,697016,990606,119836828,727.0469475,2788064,2788064,32.0,32.0,32,1375.442784,727.0469475,32,32.0,0,0.0,32.00036728,0.0,0,0,0,0.0,0.0,0,8,0.0,DDOS attack-LOIC-UDP
26883,0,0,21,0.0,40,2,2,500000.0,0,0,0.0,0.0,0,2.0,1000000.0,0,0.0,0,0.0,0.0,0.0,0,0,0,0.0,0.0,2,40,0.0,FTP-BruteForce
26883,0,0,21,0.0,40,20,20,50000.0,0,0,0.0,0.0,0,20.0,100000.0,0,0.0,0,0.0,0.0,0.0,0,0,0,0.0,0.0,20,40,0.0,FTP-BruteForce
-1,0,0,53,0.0,8,1184,1184,844.5945946,40,40,40.0,40.0,40,1184.0,1689.189189,139,73.0,0,139.0,109.5,139.0,139,139,139,3267.0,57.15767665,1184,8,0.0,Infilteration
1024,0,0,5952,0.0,24,231,231,4329.004329,0,0,0.0,0.0,0,231.0,8658.008658,0,0.0,0,0.0,0.0,0.0,0,0,0,0.0,0.0,231,24,0.0,Infilteration
-1,0,0,53,0.0,8,294,294,3401.3605442177,47,47,47.0,47.0,47,294.0,6802.7210884354,63,52.3333333333,0,63.0,78.5,63.0,63,63,63,85.3333333333,9.237604307,294,8,0.0,Benign
32738,1709,1709,80,1709.0,40,1709,1709,1170.275015,0,0,0.0,0.0,0,1709.0,1170.275015,0,0.0,1709,0.0,0.0,0.0,0,0,0,0.0,0.0,1709,20,0.0,DDOS attack-HOIC
-1,120000000,617124,80,909.3606136,1055032,617124,119924659,1099.682093,4220128,4220128,32.0,32.0,32,909.3606136,1099.682093,32,32.0,0,0.0,32.00024265,0.0,0,0,0,0.0,0.0,0,8,0.0,DDOS attack-LOIC-UDP
225,15650,15650,80,15650.0,64,15650,15650,127.7955272,0,0,0.0,0.0,0,15650.0,127.7955272,0,0.0,15650,0.0,0.0,0.0,0,0,0,0.0,0.0,15650,32,0.0,DoS attacks-Hulk
65535,4968,4688,80,2484.0,72,4688,5442,551.2679162,340,340,113.3333333,113.3333333,340,907.0,1286.291804,935,159.375,280,233.75,182.1428571,233.75,935,935,935,112374.5536,335.22314,6,20,196.2990915,DDOS attack-HOIC
225,29078,29078,80,29078.0,64,29078,29078,68.78052136,0,0,0.0,0.0,0,29078.0,68.78052136,0,0.0,29078,0.0,0.0,0.0,0,0,0,0.0,0.0,29078,32,0.0,DoS attacks-Hulk
2052,455,455,8080,455.0,40,455,455,4395.604396,0,0,0.0,0.0,0,455.0,4395.604396,0,0.0,455,0.0,0.0,0.0,0,0,0,0.0,0.0,455,20,0.0,Bot
26883,106909957,53247621,80,7636425.5,496,53247621,106909958,0.1403049845,2530,2530,168.6666666667,168.6666666667,230,6288821.05882353,0.1683659814,230,133.1578947368,357,0.0,140.5555555556,0.0,0,0,0,13611.6959064327,116.6691729054,1,32,105.2796728899,DoS attacks-Slowloris
2052,467,467,8080,467.0,40,467,467,4282.655246,0,0,0.0,0.0,0,467.0,4282.655246,0,0.0,467,0.0,0.0,0.0,0,0,0,0.0,0.0,467,20,0.0,Bot
26883,10354305,6035395,80,1150478.33333333,336,6035063,15355009,0.6512532816,1800,1800,180.0,180.0,300,1181154.53846154,0.9117545942,972,184.8,35,243.0,198.0,243.0,972,972,972,69465.6,263.5632751352,6,32,154.9193338483,DoS attacks-GoldenEye
26883,377069,92050,22,16394.3043478261,776,92050,378369,63.43014359,1912,1912,79.6666666667,79.6666666667,640,8408.2,121.5744418808,976,97.3829787234,289,121.1363636364,99.5,121.1363636364,976,2665,2665,40134.7631822387,200.3366246652,5,32,133.8339875812,SSH-Bruteforce
-1,120000000,591720,80,1046.479457,915760,591720,119789457,955.593279,3663040,3663040,32.0,32.0,32,1046.479457,955.593279,32,32.0,0,0.0,32.00027955,0.0,0,0,0,0.0,0.0,0,8,0.0,DDOS attack-LOIC-UDP
26883,0,0,21,0.0,40,20,20,50000.0,0,0,0.0,0.0,0,20.0,100000.0,0,0.0,0,0.0,0.0,0.0,0,0,0,0.0,0.0,20,40,0.0,FTP-BruteForce
-1,120000000,735801,80,842.1157836,1137440,735801,119731180,1187.493517,4549760,4549760,32.0,32.0,32,842.1157836,1187.493517,32,32.0,0,0.0,32.00022507,0.0,0,0,0,0.0,0.0,0,8,0.0,DDOS attack-LOIC-UDP
-1,0,0,53,0.0,8,1452,1452,688.7052342,31,31,31.0,31.0,31,1452.0,1377.410468,78,46.66666667,0,78.0,70.0,78.0,78,78,78,736.3333333,27.13546265,1452,8,0.0,Infilteration
26883,0,0,21,0.0,40,21,21,47619.04762,0,0,0.0,0.0,0,21.0,95238.09524,0,0.0,0,0.0,0.0,0.0,0,0,0,0.0,0.0,21,40,0.0,DoS attacks-SlowHTTPTest
-1,120000000,592496,80,849.7165405,1129312,592496,119948536,1176.871388,4517248,4517248,32.0,32.0,32,849.7165405,1176.871388,32,32.0,0,0.0,32.00022669,0.0,0,0,0,0.0,0.0,0,8,0.0,DDOS attack-LOIC-UDP
2047,80,80,80,80.0,40,80,80,25000.0,0,0,0.0,0.0,0,80.0,25000.0,0,0.0,80,0.0,0.0,0.0,0,0,0,0.0,0.0,80,20,0.0,Brute Force -Web
256,667,667,8080,667.0,40,667,667,2998.50075,0,0,0.0,0.0,0,667.0,2998.50075,0,0.0,667,0.0,0.0,0.0,0,0,0,0.0,0.0,667,20,0.0,Bot
1024,0,0,666,0.0,24,247,247,4048.582996,0,0,0.0,0.0,0,247.0,8097.165992,0,0.0,0,0.0,0.0,0.0,0,0,0,0.0,0.0,247,24,0.0,Infilteration
8192,71874,23769,443,14374.8,132,20400000,20507678,0.292573347,718,718,119.6666667,119.6666667,388,1577513.692,0.682671144,1460,294.2,266,461.875,315.2142857,461.875,1460,3695,3695,257589.8857,507.5331376,0,20,160.8983116,Infilteration
8192,61220853,1251151,80,303073.52970297,4072,1251151,61223155,3.3157389553,56083,56083,276.2709359606,276.2709359606,680,200075.66993464,5.0144426565,1935,798.5941558442,423,1825.8076923077,801.1954397394,1825.8076923077,1935,189884,189884,630348.502506451,793.9448989108,18,20,291.6989844299,Brute Force -XSS
8192,473,471,80,236.5,72,1740993,1741497,1.722655853,20,20,6.666666667,6.666666667,20,290249.5,4.019530324,964,123.0,2,241.0,140.5714286,241.0,964,964,964,115523.4286,339.8873763,2,20,11.54700538,DDoS attacks-LOIC-HTTP
225,8009,8009,80,8009.0,64,8009,8009,249.7190661,0,0,0.0,0.0,0,8009.0,249.7190661,0,0.0,8009,0.0,0.0,0.0,0,0,0,0.0,0.0,8009,32,0.0,DoS attacks-Hulk
-1,120000000,650705,80,1041.826584,919184,650705,119702749,959.860997,3676736,3676736,32.0,32.0,32,1041.826584,959.860997,32,32.0,0,0.0,32.00027851,0.0,0,0,0,0.0,0.0,0,8,0.0,DDOS attack-LOIC-UDP
-1,120000000,600126,80,870.9100357,1101512,600126,119913861,1148.232563,4406048,4406048,32.0,32.0,32,870.9100357,1148.232563,32,32.0,1,0.0,32.00023241,0.0,0,0,0,0.0,0.0,1,8,0.0,DDOS attack-LOIC-UDP
225,263,263,80,263.0,64,263,263,7604.562738,0,0,0.0,0.0,0,263.0,7604.562738,0,0.0,263,0.0,0.0,0.0,0,0,0,0.0,0.0,263,32,0.0,DoS attacks-Hulk
-1,0,0,53,0.0,8,1278,1278,782.4726134585289,32,32,32.0,32.0,32,1278.0,1564.945226917058,154,72.66666666666666,0,154.0,109.0,154.0,154,154,154,4961.333333333333,70.43673284113434,1278,8,0.0,Benign
65535,9490,9183,80,4745.0,72,9183,13690,219.138057,314,314,104.6666667,104.6666667,314,2281.666667,511.3221329,935,156.125,307,233.75,178.4285714,233.75,935,935,935,111117.2679,333.3425683,3,20,181.2879845,DDOS attack-HOIC
26883,0,0,21,0.0,40,1,1,1000000.0,0,0,0.0,0.0,0,1.0,2000000.0,0,0.0,0,0.0,0.0,0.0,0,0,0,0.0,0.0,1,40,0.0,FTP-BruteForce
26883,0,0,21,0.0,40,3,3,333333.3333,0,0,0.0,0.0,0,3.0,666666.6667,0,0.0,0,0.0,0.0,0.0,0,0,0,0.0,0.0,3,40,0.0,DoS attacks-SlowHTTPTest
8192,594,537,8080,297.0,72,8631,9515,315.2916448,326,326,108.6666667,108.6666667,326,1585.833333,735.6805045,326,56.875,57,32.25,65.0,32.25,112,129,129,13318.69643,115.4066568,11,20,188.2161878,Bot
8192,308,256,80,154.0,72,1495057,1495406,2.006144151,20,20,6.666666667,6.666666667,20,249234.3333,4.681003019,964,123.0,52,241.0,140.5714286,241.0,964,964,964,115523.4286,339.8873763,6,20,11.54700538,DDoS attacks-LOIC-HTTP
-1,120000000,815107,80,1429.153425,669728,815107,119641579,699.723296,2678912,2678912,32.0,32.0,32,1429.153425,699.723296,32,32.0,0,0.0,32.00038224,0.0,0,0,0,0.0,0.0,0,8,0.0,DDOS attack-LOIC-UDP
32738,27466,27466,80,27466.0,40,27466,27466,72.81730139,0,0,0.0,0.0,0,27466.0,72.81730139,0,0.0,27466,0.0,0.0,0.0,0,0,0,0.0,0.0,27466,20,0.0,DDOS attack-HOIC
26883,77537,76677,80,19384.25,168,76677,77537,64.4853424817,419,419,83.8,83.8,419,11076.7142857143,103.1765479706,972,154.5555555556,32,324.0,173.875,324.0,972,972,972,113169.777777778,336.4071607112,6,32,187.3824965145,DoS attacks-GoldenEye
65535,8757,8485,80,4378.5,72,11549,20329,147.5724335,273,273,91.0,91.0,273,3388.166667,344.3356781,935,151.0,272,233.75,172.5714286,233.75,935,935,935,109478.0,330.8745986,5,20,157.6166235,DDOS attack-HOIC
221,9113148,9113148,80,9113148.0,64,9113148,9113148,0.2194631317,0,0,0.0,0.0,0,9113148.0,0.2194631317,0,0.0,9113148,0.0,0.0,0.0,0,0,0,0.0,0.0,9113148,32,0.0,DoS attacks-GoldenEye
65535,7900,7594,80,3950.0,72,7594,12974,231.2316942,316,316,105.3333333,105.3333333,316,2162.333333,539.5406197,935,156.375,306,233.75,178.7142857,233.75,935,935,935,111207.9821,333.4786082,4,20,182.4426851,DDOS attack-HOIC
26883,4728880,4653159,80,1182220.0,168,4652881,4728880,1.0573328145,432,432,86.4,86.4,432,675554.285714286,1.6917325033,972,156.0,35,324.0,175.5,324.0,972,972,972,114048.0,337.7099347073,3,32,193.196273256,DoS attacks-GoldenEye
26883,108062063,53247479,80,8312466.38461538,456,53247479,108062076,0.1295551642,2380,2380,170.0,170.0,238,6753879.75,0.1573169851,238,132.2222222222,264,0.0,140.0,0.0,0,0,0,14592.4183006536,120.7990823668,4,32,110.3002894201,DoS attacks-Slowloris
-1,120000000,922064,80,1452.010854,661160,922064,119999985,688.7084194,2644640,2644640,32.0,32.0,32,1452.010854,688.7084194,32,32.0,1,0.0,32.0003872,0.0,0,0,0,0.0,0.0,1,8,0.0,DDOS attack-LOIC-UDP
241,0,0,22,0.0,32,5,5,200000.0,0,0,0.0,0.0,0,5.0,400000.0,0,0.0,0,0.0,0.0,0.0,0,0,0,0.0,0.0,5,32,0.0,SSH-Bruteforce
26883,0,0,21,0.0,40,18,18,55555.5555555556,0,0,0.0,0.0,0,18.0,111111.111111111,0,0.0,0,0.0,0.0,0.0,0,0,0,0.0,0.0,18,40,0.0,FTP-BruteForce
-1,89479555,41990296,500,17895911.0,48,41990296,89479555,0.0670544238,3000,3000,500.0,500.0,500,17895911.0,0.0670544238,500,500.0,4000183,0.0,583.3333333333,0.0,0,0,0,0.0,0.0,4000183,8,0.0,Brute Force -Web
256,282,265,443,141.0,60,265,282,10638.29787,77,77,25.66666667,25.66666667,46,141.0,10638.29787,46,30.75,17,0.0,41.0,0.0,0,0,0,470.25,21.68524844,17,20,23.45918441,Infilteration
26883,0,0,21,0.0,40,1,1,1000000.0,0,0,0.0,0.0,0,1.0,2000000.0,0,0.0,0,0.0,0.0,0.0,0,0,0,0.0,0.0,1,40,0.0,FTP-BruteForce
26883,0,0,21,0.0,40,3,3,333333.333333333,0,0,0.0,0.0,0,3.0,666666.666666667,0,0.0,0,0.0,0.0,0.0,0,0,0,0.0,0.0,3,40,0.0,FTP-BruteForce
26883,367147,89762,22,16688.5,744,89762,367189,62.6380419893,1944,1944,84.5217391304,84.5217391304,640,8742.5952380952,117.1059045886,976,104.75,255,133.25,107.1860465116,133.25,976,2665,2665,42227.5406976744,205.4934079178,2,32,135.9534912338,SSH-Bruteforce
32738,14961,14961,80,14961.0,40,14961,14961,133.6809037,0,0,0.0,0.0,0,14961.0,133.6809037,0,0.0,14961,0.0,0.0,0.0,0,0,0,0.0,0.0,14961,20,0.0,DDOS attack-HOIC
-1,120000000,699459,80,959.7483557,999832,699459,119947430,1041.948127,3999328,3999328,32.0,32.0,32,959.7483557,1041.948127,32,32.0,0,0.0,32.00025604,0.0,0,0,0,0.0,0.0,0,8,0.0,DDOS attack-LOIC-UDP
26883,0,0,21,0.0,40,2,2,500000.0,0,0,0.0,0.0,0,2.0,1000000.0,0,0.0,0,0.0,0.0,0.0,0,0,0,0.0,0.0,2,40,0.0,DoS attacks-SlowHTTPTest
26883,6782802,6781228,80,2260934.0,136,6780788,11787083,0.339354529,380,380,95.0,95.0,380,1683869.0,0.678709058,662,115.7777777778,270,165.5,130.25,165.5,662,662,662,57750.4444444444,240.3132215348,3,32,190.0,DoS attacks-GoldenEye
26883,0,0,21,0.0,40,6,6,166666.6667,0,0,0.0,0.0,0,6.0,333333.3333,0,0.0,0,0.0,0.0,0.0,0,0,0,0.0,0.0,6,40,0.0,DoS attacks-SlowHTTPTest
8192,272681,56777,445,45446.8333333333,152,54327,272681,25.6710221834,364,364,52.0,52.0,103,24789.1818181818,44.0074666002,409,72.7692307692,75,116.4,78.8333333333,116.4,409,582,582,11997.5256410256,109.5332170669,31,20,49.2172056636,Benign
225,38245,38245,80,38245.0,64,38245,38245,52.29441757,0,0,0.0,0.0,0,38245.0,52.29441757,0,0.0,38245,0.0,0.0,0.0,0,0,0,0.0,0.0,38245,32,0.0,DoS attacks-Hulk
26883,64330,63268,80,16082.5,168,63268,64330,77.7242344163,686,686,137.2,137.2,686,9190.0,124.3587750661,686,149.7777777778,130,220.6666666667,168.5,220.6666666667,662,662,662,88367.4444444444,297.2666218136,6,32,306.788526513,DoS attacks-GoldenEye
32738,534,534,80,534.0,40,534,534,3745.318352,0,0,0.0,0.0,0,534.0,3745.318352,0,0.0,534,0.0,0.0,0.0,0,0,0,0.0,0.0,534,20,0.0,DDOS attack-HOIC
-1,120000000,628680,80,1042.245155,919656,628680,119812334,959.4755078,3678624,3678624,32.0,32.0,32,1042.245155,959.4755078,32,32.0,0,0.0,32.00027836,0.0,0,0,0,0.0,0.0,0,8,0.0,DDOS attack-LOIC-UDP
-1,117467953,19321787,0,1990982.254237288,0,19321787,117467953,0.5107776075743825,0,0,0.0,0.0,0,1990982.254237288,0.5107776075743825,0,0.0,148103,0.0,0.0,0.0,0,0,0,0.0,0.0,148103,0,0.0,Benign
26883,4484775,4444221,80,1121193.75,168,4443950,4484775,1.1148831324,350,350,70.0,70.0,350,640682.142857143,1.7838130118,972,146.8888888889,19,324.0,165.25,324.0,972,972,972,109137.111111111,330.3590639155,3,32,156.524758425,DoS attacks-GoldenEye
-1,0,0,53,0.0,8,269,269,3717.472118959108,38,38,38.0,38.0,38,269.0,7434.944237918216,54,43.333333333333336,0,54.0,65.0,54.0,54,54,54,85.33333333333333,9.237604307034012,269,8,0.0,Benign
32738,30149,30149,80,30149.0,40,30149,30149,66.33719195,0,0,0.0,0.0,0,30149.0,66.33719195,0,0.0,30149,0.0,0.0,0.0,0,0,0,0.0,0.0,30149,20,0.0,DDOS attack-HOIC
32738,17455,17455,80,17455.0,40,17455,17455,114.5803495,0,0,0.0,0.0,0,17455.0,114.5803495,0,0.0,17455,0.0,0.0,0.0,0,0,0,0.0,0.0,17455,20,0.0,DDOS attack-HOIC
26883,371033,102429,22,17668.2380952381,712,102429,371630,59.1986653392,1928,1928,87.6363636364,87.6363636364,640,8642.5581395349,118.3973306784,976,102.0666666667,133,121.1363636364,104.3863636364,121.1363636364,976,2665,2665,41510.3818181818,203.7409674518,5,32,137.7805520365,SSH-Bruteforce
26883,0,0,21,0.0,40,2,2,500000.0,0,0,0.0,0.0,0,2.0,1000000.0,0,0.0,0,0.0,0.0,0.0,0,0,0,0.0,0.0,2,40,0.0,DoS attacks-SlowHTTPTest
26883,0,0,21,0.0,40,3,3,333333.333333333,0,0,0.0,0.0,0,3.0,666666.666666667,0,0.0,0,0.0,0.0,0.0,0,0,0,0.0,0.0,3,40,0.0,FTP-BruteForce
26883,386788,101381,22,18418.4761904762,712,94699,387172,56.8222908681,1912,1912,86.9090909091,86.9090909091,640,9004.0,113.6445817363,976,101.7111111111,186,121.1363636364,104.0227272727,121.1363636364,976,2665,2665,41508.8464646465,203.7371995112,4,32,137.6880217811,SSH-Bruteforce
26883,347339,106018,22,16539.9523809524,712,106018,347395,63.3284877445,1912,1912,86.9090909091,86.9090909091,640,8271.3095238095,123.7784078642,976,104.0227272727,269,126.9047619048,106.4418604651,126.9047619048,976,2665,2665,42228.1157505285,205.4948071133,4,32,137.6880217811,SSH-Bruteforce
26883,3047,1542,80,1015.6666666667,136,5004194,5007241,0.7988431154,359,359,89.75,89.75,359,715320.142857143,1.5976862308,972,147.8888888889,329,243.0,166.375,243.0,972,972,972,109603.111111111,331.063605839,7,32,179.5,DoS attacks-GoldenEye
225,2178,2178,80,2178.0,64,2178,2178,918.2736455,0,0,0.0,0.0,0,2178.0,918.2736455,0,0.0,2178,0.0,0.0,0.0,0,0,0,0.0,0.0,2178,32,0.0,DoS attacks-Hulk
-1,156614,156614,53,156614.0,16,155733,156910,12.74616022,76,76,38.0,38.0,38,52303.33333,25.49232044,125,72.8,156614,125.0,91.0,125.0,125,250,250,2270.7,47.6518625,296,8,0.0,Benign
2047,345,345,80,345.0,40,345,345,5797.1014492754,0,0,0.0,0.0,0,345.0,5797.1014492754,0,0.0,345,0.0,0.0,0.0,0,0,0,0.0,0.0,345,20,0.0,Brute Force -Web
8192,100379,61324,80,25094.75,112,4944697,5045076,0.9910653477,968,968,193.6,193.6,603,560564.0,1.9821306954,808,194.5454545455,321,234.4,214.0,234.4,808,1172,1172,86586.6727272727,294.2561345618,18,20,278.1318032876,Brute Force -Web
-1,0,0,53,0.0,8,352,352,2840.909091,46,46,46.0,46.0,46,352.0,5681.818182,62,51.33333333,0,62.0,77.0,62.0,62,62,62,85.33333333,9.237604307,352,8,0.0,Infilteration
32738,15578,15578,80,15578.0,40,15578,15578,128.3861856,0,0,0.0,0.0,0,15578.0,128.3861856,0,0.0,15578,0.0,0.0,0.0,0,0,0,0.0,0.0,15578,20,0.0,DDOS attack-HOIC
1024,0,0,1041,0.0,24,2,2,500000.0,0,0,0.0,0.0,0,2.0,1000000.0,0,0.0,0,0.0,0.0,0.0,0,0,0,0.0,0.0,2,24,0.0,Infilteration
-1,120000000,665881,80,954.0928327,1003448,665881,119671864,1048.124395,4013792,4013792,32.0,32.0,32,954.0928327,1048.124395,32,32.0,0,0.0,32.00025512,0.0,0,0,0,0.0,0.0,0,8,0.0,DDOS attack-LOIC-UDP
237,4535915,3992282,60290,1133978.75,168,3992275,4535915,1.102313425,935,935,187.0,187.0,935,503990.5556,2.20462685,935,186.4545455,25,223.2,205.1,223.2,372,1116,1116,90695.87273,301.1575547,7,32,418.1447118,Benign
8192,585,483,8080,292.5,72,9068,9994,300.1801081,326,326,108.6666667,108.6666667,326,1665.666667,700.4202522,326,56.875,102,32.25,65.0,32.25,112,129,129,13318.69643,115.4066568,1,20,188.2161878,Bot
225,423,423,80,423.0,64,423,423,4728.132388,0,0,0.0,0.0,0,423.0,4728.132388,0,0.0,423,0.0,0.0,0.0,0,0,0,0.0,0.0,423,32,0.0,DoS attacks-Hulk
226,50818375,50818375,80,50818375.0,64,50818375,50818375,0.0393558432,0,0,0.0,0.0,0,50818375.0,0.0393558432,0,0.0,50818375,0.0,0.0,0.0,0,0,0,0.0,0.0,50818375,32,0.0,DoS attacks-GoldenEye
485,86,86,443,86.0,40,86,86,23255.8139534884,0,0,0.0,0.0,0,86.0,23255.8139534884,0,0.0,86,0.0,0.0,0.0,0,0,0,0.0,0.0,86,20,0.0,Benign
26883,372778,78417,22,17751.3333333333,712,78417,372820,59.0097097795,1976,1976,89.8181818182,89.8181818182,640,8670.2325581395,118.019419559,976,103.1333333333,230,121.1363636364,105.4772727273,121.1363636364,976,2665,2665,41513.4363636364,203.7484634633,4,32,138.0336868351,SSH-Bruteforce
2052,923,923,8080,923.0,40,923,923,2166.847237,0,0,0.0,0.0,0,923.0,2166.847237,0,0.0,923,0.0,0.0,0.0,0,0,0,0.0,0.0,923,20,0.0,Bot
-1,120000000,598542,80,878.895221,1092288,598542,119999959,1137.800389,4369152,4369152,32.0,32.0,32,878.895221,1137.800389,32,32.0,0,0.0,32.00023437,0.0,0,0,0,0.0,0.0,0,8,0.0,DDOS attack-LOIC-UDP
26883,321564,73601,22,15312.5714285714,712,73601,321639,68.3996654635,1976,1976,89.8181818182,89.8181818182,640,7479.9767441861,136.7993309269,976,103.1333333333,307,121.1363636364,105.4772727273,121.1363636364,976,2665,2665,41513.4363636364,203.7484634633,2,32,138.0336868351,SSH-Bruteforce
278,84,84,80,84.0,40,84,84,23809.5238095238,0,0,0.0,0.0,0,84.0,23809.5238095238,0,0.0,84,0.0,0.0,0.0,0,0,0,0.0,0.0,84,20,0.0,Benign
-1,0,0,53,0.0,8,610,610,1639.344262,42,42,42.0,42.0,42,610.0,3278.688525,72,52.0,0,72.0,78.0,72.0,72,72,72,300.0,17.32050808,610,8,0.0,Infilteration
26883,318367,76899,22,15160.3333333333,712,76899,319067,68.9510353625,1928,1928,87.6363636364,87.6363636364,640,7420.1627906977,137.902070725,976,102.0666666667,293,121.1363636364,104.3863636364,121.1363636364,976,2665,2665,41510.3818181818,203.7409674518,6,32,137.7805520365,SSH-Bruteforce
-1,120000000,656383,80,1195.489818,802576,656383,119932734,836.4855586,3210304,3210304,32.0,32.0,32,1195.489818,836.4855586,32,32.0,0,0.0,32.00031897,0.0,0,0,0,0.0,0.0,0,8,0.0,DDOS attack-LOIC-UDP
2052,503,503,8080,503.0,40,503,503,3976.143141,0,0,0.0,0.0,0,503.0,3976.143141,0,0.0,503,0.0,0.0,0.0,0,0,0,0.0,0.0,503,20,0.0,Bot
8192,4615374,4433446,443,384614.5,272,4433033,4615374,2.816673145,2048,2048,157.5384615,157.5384615,1078,200668.4348,5.20001196,1460,259.0,51,402.4545455,269.7916667,402.4545455,1460,4427,4427,188514.1667,434.1821814,1,20,294.607257,Infilteration
2052,449,449,8080,449.0,40,449,449,4454.342984,0,0,0.0,0.0,0,449.0,4454.342984,0,0.0,449,0.0,0.0,0.0,0,0,0,0.0,0.0,449,20,0.0,Bot
211,99999387,99999387,80,99999387.0,64,99999385,99999388,0.0200001224,16,16,8.0,8.0,8,33333129.3333333,0.0400002448,8,4.8,99999387,0.0,6.0,0.0,0,0,0,19.2,4.38178046,1,32,0.0,DoS attacks-Slowloris
8192,28900000,10100000,443,3213734.556,212,10100000,28923611,0.345738297,1697,1697,169.7,169.7,1373,1377314.81,0.760624253,1460,242.7391304,174,323.8333333,253.7727273,323.8333333,1460,3886,3886,233845.9289,483.5761872,0,20,428.3614906,Infilteration
26883,0,0,21,0.0,40,22,22,45454.54545,0,0,0.0,0.0,0,22.0,90909.09091,0,0.0,0,0.0,0.0,0.0,0,0,0,0.0,0.0,22,40,0.0,DoS attacks-SlowHTTPTest
-1,120000000,589857,80,844.7622716,1134176,589857,119762792,1183.773338,4536704,4536704,32.0,32.0,32,844.7622716,1183.773338,32,32.0,0,0.0,32.00022571,0.0,0,0,0,0.0,0.0,0,8,0.0,DDOS attack-LOIC-UDP
256,525,525,8080,525.0,40,525,525,3809.52381,0,0,0.0,0.0,0,525.0,3809.52381,0,0.0,525,0.0,0.0,0.0,0,0,0,0.0,0.0,525,20,0.0,Bot
254,358,341,443,179.0,60,341,358,8379.888268,77,77,25.66666667,25.66666667,46,179.0,8379.888268,46,30.75,17,0.0,41.0,0.0,0,0,0,470.25,21.68524844,17,20,23.45918441,Infilteration
8192,548,496,8080,274.0,72,8774,9619,311.8827321,326,326,108.6666667,108.6666667,326,1603.166667,727.7263749,326,56.875,52,32.25,65.0,32.25,112,129,129,13318.69643,115.4066568,2,20,188.2161878,Bot
8192,482,430,8080,241.0,72,9898,10739,279.3556197,326,326,108.6666667,108.6666667,326,1789.833333,651.8297793,326,56.875,52,32.25,65.0,32.25,112,129,129,13318.69643,115.4066568,20,20,188.2161878,Bot
65535,7761,7488,80,3880.5,72,7488,8472,354.1076487,298,298,99.33333333,99.33333333,298,1412.0,826.2511804,935,154.125,273,233.75,176.1428571,233.75,935,935,935,110427.5536,332.3064152,3,20,172.0503802,DDOS attack-HOIC
32738,2965,2965,80,2965.0,40,2965,2965,674.5362563,0,0,0.0,0.0,0,2965.0,674.5362563,0,0.0,2965,0.0,0.0,0.0,0,0,0,0.0,0.0,2965,20,0.0,DDOS attack-HOIC
-1,181745,181745,53,181745.0,16,148798,182119,10.98183056,88,88,44.0,44.0,44,60706.33333,21.96366112,100,66.4,181745,100.0,83.0,100.0,100,200,200,940.8,30.67246322,374,8,0.0,Infilteration
32738,9649,9649,80,9649.0,40,9649,9649,207.2753653,0,0,0.0,0.0,0,9649.0,207.2753653,0,0.0,9649,0.0,0.0,0.0,0,0,0,0.0,0.0,9649,20,0.0,DDOS attack-HOIC
225,3971590,3927673,80,992897.5,168,3927673,3989501,1.253289572,355,355,71.0,71.0,355,443277.8889,2.506579144,935,117.2727273,287,187.0,129.0,187.0,935,935,935,84896.81818,291.3705856,7,32,158.7608264,DoS attacks-Hulk
8192,56198767,1093109,80,369728.730263158,3072,1093109,56200401,2.7224005039,54995,54995,359.4444444444,359.4444444444,646,219532.81640625,4.5729211078,1068,494.1124031008,301,696.9807692308,496.0350194553,696.9807692308,1068,72486,72486,126311.617666576,355.4034575895,7,20,271.4171844443,Brute Force -Web
2052,512,512,8080,512.0,40,512,512,3906.25,0,0,0.0,0.0,0,512.0,3906.25,0,0.0,512,0.0,0.0,0.0,0,0,0,0.0,0.0,512,20,0.0,Bot
8192,1633908,1066386,3389,204238.5,192,968770,1633908,5.508266071284307,1148,1148,127.55555555555556,127.55555555555556,677,108927.2,9.792473015616547,1173,160.5294117647059,4,225.8571428571429,170.5625,225.8571428571429,1173,1581,1581,97371.51470588232,312.04409096453395,4,20,218.69105555046775,Benign
32738,6414,6414,80,6414.0,40,6414,6414,311.8178983,0,0,0.0,0.0,0,6414.0,311.8178983,0,0.0,6414,0.0,0.0,0.0,0,0,0,0.0,0.0,6414,20,0.0,DDOS attack-HOIC
2049,36900000,36900000,80,36900000.0,40,36900000,36887604,0.054218756,0,0,0.0,0.0,0,36900000.0,0.054218756,0,0.0,36900000,0.0,0.0,0.0,0,0,0,0.0,0.0,36900000,20,0.0,DDoS attacks-LOIC-HTTP
226,1886101,1886101,80,1886101.0,64,1886101,1886101,1.0603886006,0,0,0.0,0.0,0,1886101.0,1.0603886006,0,0.0,1886101,0.0,0.0,0.0,0,0,0,0.0,0.0,1886101,32,0.0,DoS attacks-GoldenEye
26883,6903497,6899201,80,2301165.66666667,136,6898733,11908310,0.3358998884,460,460,115.0,115.0,460,1701187.14285714,0.6717997768,662,124.6666666667,283,165.5,140.25,165.5,662,662,662,63746.0,252.4797021545,7,32,230.0,DoS attacks-GoldenEye
32738,2242,2242,80,2242.0,40,2242,2242,892.0606601,0,0,0.0,0.0,0,2242.0,892.0606601,0,0.0,2242,0.0,0.0,0.0,0,0,0,0.0,0.0,2242,20,0.0,DDOS attack-HOIC
26883,106944294,53230750,80,7638878.14285714,496,53230750,106944296,0.1402599349,2530,2530,168.6666666667,168.6666666667,230,6290840.94117647,0.1683119219,230,133.1578947368,118,0.0,140.5555555556,0.0,0,0,0,13611.6959064327,116.6691729054,2,32,105.2796728899,DoS attacks-Slowloris
26883,0,0,21,0.0,40,5,5,200000.0,0,0,0.0,0.0,0,5.0,400000.0,0,0.0,0,0.0,0.0,0.0,0,0,0,0.0,0.0,5,40,0.0,FTP-BruteForce
8192,368,336,80,184.0,72,615412,615808,4.871648306,20,20,6.666666667,6.666666667,20,102634.6667,11.36717938,964,123.0,32,241.0,140.5714286,241.0,964,964,964,115523.4286,339.8873763,5,20,11.54700538,DDoS attacks-LOIC-HTTP
-1,0,0,53,0.0,8,329,329,3039.513678,33,33,33.0,33.0,33,329.0,6079.027356,49,38.33333333,0,49.0,57.5,49.0,49,49,49,85.33333333,9.237604307,329,8,0.0,Infilteration
8192,14027,13124,50991,3506.75,124,13124,14027,356.4554074,129,129,25.8,25.8,112,2337.833333,499.0375704,326,56.875,14,163.0,65.0,163.0,326,326,326,13318.69643,115.4066568,14,20,48.74628191,Bot
256,41,41,1274,41.0,40,41,41,48780.4878048781,0,0,0.0,0.0,0,41.0,48780.4878048781,0,0.0,41,0.0,0.0,0.0,0,0,0,0.0,0.0,41,20,0.0,Benign
8192,570,520,8080,285.0,72,11363,12303,243.8429651,326,326,108.6666667,108.6666667,326,2050.5,568.9669186,326,56.875,50,32.25,65.0,32.25,112,129,129,13318.69643,115.4066568,1,20,188.2161878,Bot
32738,44836,44836,80,44836.0,40,44836,44836,44.60701222,0,0,0.0,0.0,0,44836.0,44.60701222,0,0.0,44836,0.0,0.0,0.0,0,0,0,0.0,0.0,44836,20,0.0,DDOS attack-HOIC
32738,9046,9046,80,9046.0,40,9046,9046,221.0921954,0,0,0.0,0.0,0,9046.0,221.0921954,0,0.0,9046,0.0,0.0,0.0,0,0,0,0.0,0.0,9046,20,0.0,DDOS attack-HOIC
2049,3463313,3463313,80,3463313.0,40,3463313,3463313,0.577481735,0,0,0.0,0.0,0,3463313.0,0.577481735,0,0.0,3463313,0.0,0.0,0.0,0,0,0,0.0,0.0,3463313,20,0.0,DDoS attacks-LOIC-HTTP
8192,55387,54982,8080,27693.5,72,54982,64369,46.60628563,326,326,108.6666667,108.6666667,326,10728.16667,108.7479998,326,56.875,405,32.25,65.0,32.25,112,129,129,13318.69643,115.4066568,13,20,188.2161878,Bot
26883,3120986,2093099,80,1560493.0,120,2093099,3120986,0.9612346867,0,0,0.0,0.0,0,1560493.0,0.9612346867,0,0.0,1027887,0.0,0.0,0.0,0,0,0,0.0,0.0,1027887,40,0.0,DoS attacks-Slowloris
26883,0,0,21,0.0,40,5,5,200000.0,0,0,0.0,0.0,0,5.0,400000.0,0,0.0,0,0.0,0.0,0.0,0,0,0,0.0,0.0,5,40,0.0,DoS attacks-SlowHTTPTest
-1,120000000,611686,80,933.4459666,1027224,611686,119856329,1071.307632,4108896,4108896,32.0,32.0,32,933.4459666,1071.307632,32,32.0,0,0.0,32.00024922,0.0,0,0,0,0.0,0.0,0,8,0.0,DDOS attack-LOIC-UDP
26883,6996931,6957167,80,1749232.75,168,6956877,6996931,0.7145990149,491,491,98.2,98.2,491,999561.571428571,1.1433584239,662,128.1111111111,267,220.6666666667,144.125,220.6666666667,662,662,662,66451.6111111111,257.7821000595,6,32,219.5818753905,DoS attacks-GoldenEye
-1,120000000,613822,80,1022.550395,936296,613822,119675208,977.9552671,3745184,3745184,32.0,32.0,32,1022.550395,977.9552671,32,32.0,0,0.0,32.00027342,0.0,0,0,0,0.0,0.0,0,8,0.0,DDOS attack-LOIC-UDP
211,105011998,105011998,80,105011998.0,64,105011984,105012001,0.0190454422,16,16,8.0,8.0,8,35004000.3333333,0.0380908845,8,4.8,105011998,0.0,6.0,0.0,0,0,0,19.2,4.38178046,3,32,0.0,DoS attacks-Slowloris
2052,466,466,8080,466.0,40,466,466,4291.845494,0,0,0.0,0.0,0,466.0,4291.845494,0,0.0,466,0.0,0.0,0.0,0,0,0,0.0,0.0,466,20,0.0,Bot
26883,378277,148820,22,18013.1904761905,712,148820,378317,58.1522902751,1928,1928,87.6363636364,87.6363636364,640,9007.5476190476,113.6612946286,976,104.3863636364,173,126.9047619048,106.8139534884,126.9047619048,976,2665,2665,42227.9635306554,205.4944367389,3,32,137.7805520365,SSH-Bruteforce
8192,55782,54685,80,18594.0,92,4952707,5008489,0.7986440621,646,646,161.5,161.5,646,715498.428571429,1.5972881242,646,112.2222222222,390,91.0,126.25,91.0,364,364,364,54558.4444444445,233.5774913052,24,20,323.0,Brute Force -Web
32738,8766,8766,80,8766.0,40,8766,8766,228.1542323,0,0,0.0,0.0,0,8766.0,228.1542323,0,0.0,8766,0.0,0.0,0.0,0,0,0,0.0,0.0,8766,20,0.0,DDOS attack-HOIC
8192,895,496,80,447.5,72,1599372,1600328,1.874615704,20,20,6.666666667,6.666666667,20,266721.3333,4.374103309,964,123.0,399,241.0,140.5714286,241.0,964,964,964,115523.4286,339.8873763,7,20,11.54700538,DDoS attacks-LOIC-HTTP
26883,0,0,21,0.0,40,14,14,71428.57143,0,0,0.0,0.0,0,14.0,142857.1429,0,0.0,0,0.0,0.0,0.0,0,0,0,0.0,0.0,14,40,0.0,DoS attacks-SlowHTTPTest
-1,0,0,53,0.0,8,575,575,1739.130435,35,35,35.0,35.0,35,575.0,3478.26087,135,68.33333333,0,135.0,102.5,135.0,135,135,135,3333.333333,57.73502692,575,8,0.0,Infilteration
26883,3033163,2007821,80,1516581.5,120,2007821,3033163,0.9890665289,0,0,0.0,0.0,0,1516581.5,0.9890665289,0,0.0,1025342,0.0,0.0,0.0,0,0,0,0.0,0.0,1025342,40,0.0,DoS attacks-Slowloris
26883,402638,174924,22,19173.2380952381,712,137392,402681,54.6338168426,1992,1992,90.5454545455,90.5454545455,640,9364.6744186047,109.2676336852,976,103.4888888889,112,121.1363636364,105.8409090909,121.1363636364,976,2665,2665,41513.9373737374,203.7496929415,2,32,138.1099380144,SSH-Bruteforce
8192,481,430,8080,240.5,72,15721,16533,181.4552713,326,326,108.6666667,108.6666667,326,2755.5,423.395633,326,56.875,51,32.25,65.0,32.25,112,129,129,13318.69643,115.4066568,17,20,188.2161878,Bot
2052,492,492,8080,492.0,40,492,492,4065.04065,0,0,0.0,0.0,0,492.0,4065.04065,0,0.0,492,0.0,0.0,0.0,0,0,0,0.0,0.0,492,20,0.0,Bot
26883,4296649,2280219,80,1074162.25,168,2279893,4296649,1.1636975699,591,591,118.2,118.2,591,613807.0,1.8619161118,972,173.6666666667,274,324.0,195.375,324.0,972,972,972,127828.0,357.5304182863,6,32,264.3032349405,DoS attacks-GoldenEye
26883,5616,5352,80,2808.0,104,5352,8264,363.0203291,341,341,113.6666667,113.6666667,341,1377.333333,847.0474347,935,159.5,264,233.75,182.2857143,233.75,935,935,935,112426.2857,335.3002918,3,32,196.8764418,DoS attacks-Hulk
-1,120000000,694497,80,1137.260103,842688,694497,119793293,879.3146708,3370752,3370752,32.0,32.0,32,1137.260103,879.3146708,32,32.0,0,0.0,32.00030379,0.0,0,0,0,0.0,0.0,0,8,0.0,DDOS attack-LOIC-UDP
-1,120000000,646394,80,1043.222654,917448,646394,119636774,958.5764992,3669792,3669792,32.0,32.0,32,1043.222654,958.5764992,32,32.0,0,0.0,32.00027903,0.0,0,0,0,0.0,0.0,0,8,0.0,DDOS attack-LOIC-UDP
26883,0,0,21,0.0,40,1,1,1000000.0,0,0,0.0,0.0,0,1.0,2000000.0,0,0.0,0,0.0,0.0,0.0,0,0,0,0.0,0.0,1,40,0.0,DoS attacks-SlowHTTPTest
32738,15006,15006,80,15006.0,40,15006,15006,133.2800213,0,0,0.0,0.0,0,15006.0,133.2800213,0,0.0,15006,0.0,0.0,0.0,0,0,0,0.0,0.0,15006,20,0.0,DDOS attack-HOIC
8192,345,300,80,172.5,72,1346271,1346670,2.227717258,20,20,6.666666667,6.666666667,20,224445.0,5.198006936,964,123.0,45,241.0,140.5714286,241.0,964,964,964,115523.4286,339.8873763,7,20,11.54700538,DDoS attacks-LOIC-HTTP
26883,2139,1281,80,713.0,136,5004837,5006976,0.7988853951,427,427,106.75,106.75,427,715282.285714286,1.5977707902,972,155.4444444444,281,243.0,174.875,243.0,972,972,972,113705.777777778,337.2028733237,7,32,213.5,DoS attacks-GoldenEye
225,1145,1145,80,1145.0,64,1145,1145,1746.724891,0,0,0.0,0.0,0,1145.0,1746.724891,0,0.0,1145,0.0,0.0,0.0,0,0,0,0.0,0.0,1145,32,0.0,DoS attacks-Hulk
26883,0,0,21,0.0,40,22,22,45454.5454545455,0,0,0.0,0.0,0,22.0,90909.0909090909,0,0.0,0,0.0,0.0,0.0,0,0,0,0.0,0.0,22,40,0.0,FTP-BruteForce
256,218584,218584,135,218584.0,80,218584,218584,9.149800534,0,0,0.0,0.0,0,218584.0,9.149800534,0,0.0,218584,0.0,0.0,0.0,0,0,0,0.0,0.0,218584,40,0.0,Infilteration
296,192,192,443,192.0,40,192,192,10416.666666666666,0,0,0.0,0.0,0,192.0,10416.666666666666,0,0.0,192,0.0,0.0,0.0,0,0,0,0.0,0.0,192,20,0.0,Benign
241,0,0,22,0.0,32,6,6,166666.666666667,0,0,0.0,0.0,0,6.0,333333.333333333,0,0.0,0,0.0,0.0,0.0,0,0,0,0.0,0.0,6,32,0.0,SSH-Bruteforce
26883,107464031,53245382,80,7676002.21428572,496,53245382,107464037,0.1395815793,2530,2530,168.6666666667,168.6666666667,230,6321413.94117647,0.1674978951,230,133.1578947368,278,0.0,140.5555555556,0.0,0,0,0,13611.6959064327,116.6691729054,6,32,105.2796728899,DoS attacks-Slowloris
8192,56783713,1125874,80,373577.059210527,3072,1125874,56785256,2.6943613673,54995,54995,359.4444444444,359.4444444444,646,221817.40625,4.5258226889,1068,494.0736434109,332,696.8846153846,495.9961089494,696.8846153846,1068,72476,72476,126267.119069164,355.3408491423,5,20,271.4171844443,Brute Force -Web
65535,14782,14487,80,7391.0,72,14487,15935,188.2648259,316,316,105.3333333,105.3333333,316,2655.833333,439.2845937,935,156.375,295,233.75,178.7142857,233.75,935,935,935,111207.9821,333.4786082,3,20,182.4426851,DDOS attack-HOIC
8192,261855,261854,445,130927.5,72,261809,261855,11.45672223176949,0,0,0.0,0.0,0,87285.0,15.27562964235932,0,0.0,1,0.0,0.0,0.0,0,0,0,0.0,0.0,1,20,0.0,Benign
211,107135105,107135105,80,107135105.0,64,107135104,107135107,0.018668017,16,16,8.0,8.0,8,35711702.3333333,0.037336034,8,4.8,107135105,0.0,6.0,0.0,0,0,0,19.2,4.38178046,1,32,0.0,DoS attacks-Slowloris
26883,0,0,21,0.0,40,2,2,500000.0,0,0,0.0,0.0,0,2.0,1000000.0,0,0.0,0,0.0,0.0,0.0,0,0,0,0.0,0.0,2,40,0.0,DoS attacks-SlowHTTPTest
-1,0,0,53,0.0,8,923,923,1083.423619,45,45,45.0,45.0,45,923.0,2166.847237,73,54.33333333,0,73.0,81.5,73.0,73,73,73,261.3333333,16.16580754,923,8,0.0,Infilteration
260,63,63,50364,63.0,40,63,63,31746.0317460317,0,0,0.0,0.0,0,63.0,31746.0317460317,0,0.0,63,0.0,0.0,0.0,0,0,0,0.0,0.0,63,20,0.0,Benign
-1,0,0,53,0.0,8,37087,37087,26.9636260684,51,51,51.0,51.0,51,37087.0,53.9272521369,161,87.6666666667,0,161.0,131.5,161.0,161,161,161,4033.3333333333,63.5085296109,37087,8,0.0,Benign
26883,92838,91987,80,23209.5,168,91987,92838,53.8572567268,325,325,65.0,65.0,325,13262.5714285714,86.1716107628,972,144.1111111111,25,324.0,162.125,324.0,972,972,972,107937.111111111,328.5378381726,6,32,145.3444185375,DoS attacks-GoldenEye
8192,56301732,1208932,80,370406.131578947,3072,1208932,56303473,2.7174167391,54995,54995,359.4444444444,359.4444444444,646,219935.44140625,4.5645496859,1068,494.1085271318,320,696.9711538462,496.0311284047,696.9711538462,1068,72485,72485,126307.116580702,355.3971251723,8,20,271.4171844443,Brute Force -Web
65535,16175,15721,80,8087.5,72,15721,17306,173.3502831,310,310,103.3333333,103.3333333,310,2884.333333,404.483994,935,155.625,454,233.75,177.8571429,233.75,935,935,935,110938.8393,333.0748254,3,20,178.9785834,DDOS attack-HOIC
32738,1646,1646,80,1646.0,40,1646,1646,1215.066829,0,0,0.0,0.0,0,1646.0,1215.066829,0,0.0,1646,0.0,0.0,0.0,0,0,0,0.0,0.0,1646,20,0.0,DDOS attack-HOIC
2052,455,455,8080,455.0,40,455,455,4395.604396,0,0,0.0,0.0,0,455.0,4395.604396,0,0.0,455,0.0,0.0,0.0,0,0,0,0.0,0.0,455,20,0.0,Bot
226,2006551,2006551,80,2006551.0,64,2006551,2006551,0.9967351939,0,0,0.0,0.0,0,2006551.0,0.9967351939,0,0.0,2006551,0.0,0.0,0.0,0,0,0,0.0,0.0,2006551,32,0.0,DoS attacks-GoldenEye
26883,387387,107351,22,18447.0,712,87725,387467,56.7790289238,1944,1944,88.3636363636,88.3636363636,640,9010.8604651163,113.5580578475,976,102.4222222222,341,121.1363636364,104.75,121.1363636364,976,2665,2665,41511.6585858586,203.7441007388,4,32,137.8690011274,SSH-Bruteforce
26883,0,0,21,0.0,40,25,25,40000.0,0,0,0.0,0.0,0,25.0,80000.0,0,0.0,0,0.0,0.0,0.0,0,0,0,0.0,0.0,25,40,0.0,FTP-BruteForce
8192,551,549,80,275.5,72,1668954,1669526,1.796917209,20,20,6.666666667,6.666666667,20,278254.3333,4.192806821,964,123.0,2,241.0,140.5714286,241.0,964,964,964,115523.4286,339.8873763,2,20,11.54700538,DDoS attacks-LOIC-HTTP
8192,4008191,1213270,3389,334015.9167,272,1150961,4008191,3.243358413,1386,1386,106.6153846,106.6153846,680,210957.4211,4.989782174,680,84.66666667,20246,56.0,88.9,56.0,291,392,392,27033.03333,164.4172538,29,20,194.6845904,Infilteration
8192,397,383,80,198.5,72,1577434,1577863,1.901305753,20,20,6.666666667,6.666666667,20,262977.1667,4.436380091,964,123.0,14,241.0,140.5714286,241.0,964,964,964,115523.4286,339.8873763,3,20,11.54700538,DDoS attacks-LOIC-HTTP
254,295955,295955,445,295955.0,52,295955,295955,6.7577841226,1,1,0.5,0.5,1,295955.0,6.7577841226,1,0.6666666667,295955,0.0,1.0,0.0,0,0,0,0.3333333333,0.5773502692,295955,20,0.7071067812,Benign
-1,119000000,811435,80,1223.564412,781224,811435,119483512,817.2926822,3124896,3124896,32.0,32.0,32,1223.564412,817.2926822,32,32.0,1,0.0,32.00032769,0.0,0,0,0,0.0,0.0,1,8,0.0,DDOS attack-LOIC-UDP
8192,286,263,80,143.0,72,1322805,1323152,2.267313204,20,20,6.666666667,6.666666667,20,220525.3333,5.290397475,964,123.0,23,241.0,140.5714286,241.0,964,964,964,115523.4286,339.8873763,6,20,11.54700538,DDoS attacks-LOIC-HTTP
-1,120000000,686643,80,1117.257226,858024,686643,119828072,895.0573785,3432096,3432096,32.0,32.0,32,1117.257226,895.0573785,32,32.0,0,0.0,32.00029836,0.0,0,0,0,0.0,0.0,0,8,0.0,DDOS attack-LOIC-UDP
8192,63388,62000,80,21129.3333333333,92,4945223,5008611,0.7986246087,646,646,161.5,161.5,646,715515.857142857,1.5972492174,646,112.2222222222,356,91.0,126.25,91.0,364,364,364,54558.4444444445,233.5774913052,17,20,323.0,Brute Force -Web
26883,0,0,21,0.0,40,24,24,41666.66667,0,0,0.0,0.0,0,24.0,83333.33333,0,0.0,0,0.0,0.0,0.0,0,0,0,0.0,0.0,24,40,0.0,DoS attacks-SlowHTTPTest
2052,491,491,8080,491.0,40,491,491,4073.319756,0,0,0.0,0.0,0,491.0,4073.319756,0,0.0,491,0.0,0.0,0.0,0,0,0,0.0,0.0,491,20,0.0,Bot
225,50593,50593,80,50593.0,64,50593,50593,39.53116044,0,0,0.0,0.0,0,50593.0,39.53116044,0,0.0,50593,0.0,0.0,0.0,0,0,0,0.0,0.0,50593,32,0.0,DoS attacks-Hulk
2048,18,18,80,18.0,40,18,18,111111.111111111,0,0,0.0,0.0,0,18.0,111111.111111111,0,0.0,18,0.0,0.0,0.0,0,0,0,0.0,0.0,18,20,0.0,SQL Injection
-1,89479700,41990352,500,17895940.0,48,41990352,89479700,0.0670543151,3000,3000,500.0,500.0,500,17895940.0,0.0670543151,500,500.0,4000335,0.0,583.3333333333,0.0,0,0,0,0.0,0.0,4000335,8,0.0,Brute Force -Web
26883,32969,32699,80,16484.5,104,32699,41013,73.14753859,381,381,127.0,127.0,381,6835.5,170.67759,935,164.5,270,233.75,188.0,233.75,935,935,935,114700.5714,338.6747281,4,32,219.9704526,DoS attacks-Hulk
26883,4308174,4287156,80,1077043.5,168,4286706,4308174,1.1605845075,422,422,84.4,84.4,422,615453.428571429,1.856935212,972,154.8888888889,256,324.0,174.25,324.0,972,972,972,113369.111111111,336.7032983371,4,32,188.724137301,DoS attacks-GoldenEye
8192,512,460,8080,256.0,72,14931,15796,189.9214991,326,326,108.6666667,108.6666667,326,2632.666667,443.1501646,326,56.875,52,32.25,65.0,32.25,112,129,129,13318.69643,115.4066568,22,20,188.2161878,Bot
-1,0,0,53,0.0,8,1090,1090,917.4311927,52,52,52.0,52.0,52,1090.0,1834.862385,108,70.66666667,0,108.0,106.0,108.0,108,108,108,1045.333333,32.33161507,1090,8,0.0,Infilteration
2052,600,600,8080,600.0,40,600,600,3333.333333,0,0,0.0,0.0,0,600.0,3333.333333,0,0.0,600,0.0,0.0,0.0,0,0,0,0.0,0.0,600,20,0.0,Bot
26883,338009,112723,22,16095.6666666667,712,112723,338052,65.0787452818,1976,1976,89.8181818182,89.8181818182,640,7861.6744186047,130.1574905636,976,103.1333333333,209,121.1363636364,105.4772727273,121.1363636364,976,2665,2665,41513.4363636364,203.7484634633,2,32,138.0336868351,SSH-Bruteforce
26883,9374210,6687024,80,1171776.25,304,6686660,14379011,0.6259123107,1690,1690,187.7777777778,187.7777777778,338,1198250.91666667,0.9040955598,972,190.1428571429,30,243.0,204.7692307692,243.0,972,972,972,77680.2857142857,278.711832749,16,32,178.1416415228,DoS attacks-GoldenEye
8192,523,323,80,261.5,72,1153928,1154491,2.598547758,20,20,6.666666667,6.666666667,20,192415.1667,6.063278103,964,123.0,200,241.0,140.5714286,241.0,964,964,964,115523.4286,339.8873763,4,20,11.54700538,DDoS attacks-LOIC-HTTP
26883,0,0,21,0.0,40,28,28,35714.2857142857,0,0,0.0,0.0,0,28.0,71428.5714285714,0,0.0,0,0.0,0.0,0.0,0,0,0,0.0,0.0,28,40,0.0,FTP-BruteForce
2049,15800000,15800000,80,15800000.0,40,15800000,15828633,0.126353299,0,0,0.0,0.0,0,15800000.0,0.126353299,0,0.0,15800000,0.0,0.0,0.0,0,0,0,0.0,0.0,15800000,20,0.0,DDoS attacks-LOIC-HTTP
32738,543,543,80,543.0,40,543,543,3683.241252,0,0,0.0,0.0,0,543.0,3683.241252,0,0.0,543,0.0,0.0,0.0,0,0,0,0.0,0.0,543,20,0.0,DDOS attack-HOIC
8192,503,501,80,251.5,72,1373610,1374159,2.183153478,20,20,6.666666667,6.666666667,20,229026.5,5.094024782,964,123.0,2,241.0,140.5714286,241.0,964,964,964,115523.4286,339.8873763,2,20,11.54700538,DDoS attacks-LOIC-HTTP
221,2704076,2704076,80,2704076.0,64,2704076,2704076,0.7396241822,0,0,0.0,0.0,0,2704076.0,0.7396241822,0,0.0,2704076,0.0,0.0,0.0,0,0,0,0.0,0.0,2704076,32,0.0,DoS attacks-GoldenEye
8192,222075,81984,443,31725.0,172,52532,244876,32.66959604,942,942,117.75,117.75,533,14404.47059,73.50659109,1460,477.5789474,41,813.2,504.1111111,813.2,1460,8132,8132,392416.4795,626.4315442,1,20,191.6743891,Infilteration
2238,46,46,80,46.0,40,46,46,43478.260869565216,0,0,0.0,0.0,0,46.0,43478.260869565216,0,0.0,46,0.0,0.0,0.0,0,0,0,0.0,0.0,46,20,0.0,Benign
225,1787,1787,80,1787.0,64,1787,1787,1119.19418,0,0,0.0,0.0,0,1787.0,1119.19418,0,0.0,1787,0.0,0.0,0.0,0,0,0,0.0,0.0,1787,32,0.0,DoS attacks-Hulk
2052,521,521,8080,521.0,40,521,521,3838.771593,0,0,0.0,0.0,0,521.0,3838.771593,0,0.0,521,0.0,0.0,0.0,0,0,0,0.0,0.0,521,20,0.0,Bot
2052,476,476,8080,476.0,40,476,476,4201.680672,0,0,0.0,0.0,0,476.0,4201.680672,0,0.0,476,0.0,0.0,0.0,0,0,0,0.0,0.0,476,20,0.0,Bot
32738,1808,1808,80,1808.0,40,1808,1808,1106.19469,0,0,0.0,0.0,0,1808.0,1106.19469,0,0.0,1808,0.0,0.0,0.0,0,0,0,0.0,0.0,1808,20,0.0,DDOS attack-HOIC
26883,0,0,21,0.0,40,1,1,1000000.0,0,0,0.0,0.0,0,1.0,2000000.0,0,0.0,0,0.0,0.0,0.0,0,0,0,0.0,0.0,1,40,0.0,FTP-BruteForce
26883,3019769,2015986,80,1509884.5,120,2015986,3019769,0.9934534728,0,0,0.0,0.0,0,1509884.5,0.9934534728,0,0.0,1003783,0.0,0.0,0.0,0,0,0,0.0,0.0,1003783,40,0.0,DoS attacks-Slowloris
-1,0,0,53,0.0,8,993,993,1007.0493454179256,40,40,40.0,40.0,40,993.0,2014.0986908358511,56,45.333333333333336,0,56.0,68.0,56.0,56,56,56,85.33333333333333,9.237604307034012,993,8,0.0,Benign
2052,536,536,8080,536.0,40,536,536,3731.343284,0,0,0.0,0.0,0,536.0,3731.343284,0,0.0,536,0.0,0.0,0.0,0,0,0,0.0,0.0,536,20,0.0,Bot
211,100026365,100026365,80,100026365.0,64,100026361,100026368,0.0199947278,16,16,8.0,8.0,8,33342122.6666667,0.0399894556,8,4.8,100026365,0.0,6.0,0.0,0,0,0,19.2,4.38178046,3,32,0.0,DoS attacks-Slowloris
26883,0,0,21,0.0,40,19,19,52631.5789473684,0,0,0.0,0.0,0,19.0,105263.157894737,0,0.0,0,0.0,0.0,0.0,0,0,0,0.0,0.0,19,40,0.0,FTP-BruteForce
8192,529,487,8080,264.5,72,9886,10888,275.5326965,326,326,108.6666667,108.6666667,326,1814.666667,642.9096253,326,56.875,42,32.25,65.0,32.25,112,129,129,13318.69643,115.4066568,15,20,188.2161878,Bot
8192,757259,252523,445,189314.75,112,252254,757327,6.602167887847654,286,286,57.2,57.2,103,94665.875,11.883902198125776,131,45.6,147,42.5,50.66666666666666,42.5,131,170,170,2807.3777777777777,52.98469380658699,55,20,52.48523601928451,Benign
-1,217399,217399,53,217399.0,16,217147,217801,9.182694294,86,86,43.0,43.0,43,72600.33333,18.36538859,59,49.4,217399,59.0,61.75,59.0,59,118,118,76.8,8.76356092,252,8,0.0,Infilteration
221,1933581,1933581,80,1933581.0,64,1933581,1933581,1.0343502548,0,0,0.0,0.0,0,1933581.0,1.0343502548,0,0.0,1933581,0.0,0.0,0.0,0,0,0,0.0,0.0,1933581,32,0.0,DoS attacks-GoldenEye
2049,35600000,35600000,80,35600000.0,40,35600000,35648911,0.056102696,0,0,0.0,0.0,0,35600000.0,0.056102696,0,0.0,35600000,0.0,0.0,0.0,0,0,0,0.0,0.0,35600000,20,0.0,DDoS attacks-LOIC-HTTP
65535,12640,12328,80,6320.0,72,12328,13553,221.3532059,323,323,107.6666667,107.6666667,323,2258.833333,516.4908138,935,157.25,312,233.75,179.7142857,233.75,935,935,935,111533.3571,333.9661018,4,20,186.4841369,DDOS attack-HOIC
2049,42400000,42400000,80,42400000.0,40,42400000,42369912,0.047203308,0,0,0.0,0.0,0,42400000.0,0.047203308,0,0.0,42400000,0.0,0.0,0.0,0,0,0,0.0,0.0,42400000,20,0.0,DDoS attacks-LOIC-HTTP
26883,0,0,21,0.0,40,21,21,47619.04762,0,0,0.0,0.0,0,21.0,95238.09524,0,0.0,0,0.0,0.0,0.0,0,0,0,0.0,0.0,21,40,0.0,DoS attacks-SlowHTTPTest
26883,373134,135185,22,17768.2857142857,712,135185,373176,58.9534160825,1928,1928,87.6363636364,87.6363636364,640,9101.8536585366,112.5474307029,976,106.8139534884,269,133.25,109.3571428571,133.25,976,2665,2665,42967.9169435216,207.2870399796,4,32,137.7805520365,SSH-Bruteforce
32738,512,512,80,512.0,40,512,512,3906.25,0,0,0.0,0.0,0,512.0,3906.25,0,0.0,512,0.0,0.0,0.0,0,0,0,0.0,0.0,512,20,0.0,DDOS attack-HOIC
123,2001,2001,51047,2001.0,40,2001,2001,999.5002499,0,0,0.0,0.0,0,2001.0,999.5002499,0,0.0,2001,0.0,0.0,0.0,0,0,0,0.0,0.0,2001,20,0.0,Infilteration
8192,487,436,8080,243.5,72,10216,10961,273.6976553,326,326,108.6666667,108.6666667,326,1826.833333,638.6278624,326,56.875,51,32.25,65.0,32.25,112,129,129,13318.69643,115.4066568,1,20,188.2161878,Bot
8192,59037939,1026136,80,292267.024752475,4072,1026136,59040225,3.4383337801,56330,56330,277.4876847291,277.4876847291,680,192941.911764706,5.1998446822,1935,799.7727272727,444,1826.9230769231,802.3778501629,1826.9230769231,1935,190000,190000,630749.114302635,794.1971507772,17,20,292.8687801257,Brute Force -XSS
26883,0,0,21,0.0,40,25,25,40000.0,0,0,0.0,0.0,0,25.0,80000.0,0,0.0,0,0.0,0.0,0.0,0,0,0,0.0,0.0,25,40,0.0,DoS attacks-SlowHTTPTest
211,99999269,99999269,80,99999269.0,64,99999267,99999271,0.0200001458,16,16,8.0,8.0,8,33333090.3333333,0.0400002916,8,4.8,99999269,0.0,6.0,0.0,0,0,0,19.2,4.38178046,2,32,0.0,DoS attacks-Slowloris
26883,0,0,21,0.0,40,19,19,52631.5789473684,0,0,0.0,0.0,0,19.0,105263.157894737,0,0.0,0,0.0,0.0,0.0,0,0,0,0.0,0.0,19,40,0.0,FTP-BruteForce
225,3330,3330,80,3330.0,64,3330,3330,600.6006006,0,0,0.0,0.0,0,3330.0,600.6006006,0,0.0,3330,0.0,0.0,0.0,0,0,0,0.0,0.0,3330,32,0.0,DoS attacks-Hulk
26883,0,0,21,0.0,40,2,2,500000.0,0,0,0.0,0.0,0,2.0,1000000.0,0,0.0,0,0.0,0.0,0.0,0,0,0,0.0,0.0,2,40,0.0,DoS attacks-SlowHTTPTest
211,100026168,100026168,80,100026168.0,64,100026166,100026170,0.0199947674,16,16,8.0,8.0,8,33342056.6666667,0.0399895347,8,4.8,100026168,0.0,6.0,0.0,0,0,0,19.2,4.38178046,2,32,0.0,DoS attacks-Slowloris
2052,489,489,8080,489.0,40,489,489,4089.97955,0,0,0.0,0.0,0,489.0,4089.97955,0,0.0,489,0.0,0.0,0.0,0,0,0,0.0,0.0,489,20,0.0,Bot
241,0,0,22,0.0,32,7,7,142857.142857143,0,0,0.0,0.0,0,7.0,285714.285714286,0,0.0,0,0.0,0.0,0.0,0,0,0,0.0,0.0,7,32,0.0,SSH-Bruteforce
-1,120000000,1167078,80,965.9585529,989800,1167078,119512256,1035.249473,3959200,3959200,32.0,32.0,32,965.9585529,1035.249473,32,32.0,0,0.0,32.00025864,0.0,0,0,0,0.0,0.0,0,8,0.0,DDOS attack-LOIC-UDP
8192,2546241,1188034,3389,318280.125,192,953483,2546241,3.5346222137,1333,1333,148.1111111111,148.1111111111,661,149778.882352941,7.0692444274,1173,215.1052631579,64,306.0,227.0555555556,306.0,1173,2754,2754,139543.543859649,373.5552755077,36,20,209.334925684,Benign
-1,120000000,623215,80,1195.468679,801768,623215,119809871,836.5003581,3207072,3207072,32.0,32.0,32,1195.468679,836.5003581,32,32.0,0,0.0,32.00031929,0.0,0,0,0,0.0,0.0,0,8,0.0,DDOS attack-LOIC-UDP
221,23084635,23084635,80,23084635.0,64,23084635,23084635,0.0866377138,0,0,0.0,0.0,0,23084635.0,0.0866377138,0,0.0,23084635,0.0,0.0,0.0,0,0,0,0.0,0.0,23084635,32,0.0,DoS attacks-GoldenEye
26883,314153,70322,22,14959.6666666667,712,59352,314297,69.9974864539,1928,1928,87.6363636364,87.6363636364,640,7309.2325581395,139.9949729078,976,102.0666666667,173,121.1363636364,104.3863636364,121.1363636364,976,2665,2665,41510.3818181818,203.7409674518,4,32,137.7805520365,SSH-Bruteforce
26883,0,0,21,0.0,40,3,3,333333.333333333,0,0,0.0,0.0,0,3.0,666666.666666667,0,0.0,0,0.0,0.0,0.0,0,0,0,0.0,0.0,3,40,0.0,FTP-BruteForce
-1,120000000,650563,80,900.9934154,1063096,650563,119729411,1109.894377,4252384,4252384,32.0,32.0,32,900.9934154,1109.894377,32,32.0,1,0.0,32.00024081,0.0,0,0,0,0.0,0.0,1,8,0.0,DDOS attack-LOIC-UDP
26883,0,0,21,0.0,40,21,21,47619.0476190476,0,0,0.0,0.0,0,21.0,95238.0952380952,0,0.0,0,0.0,0.0,0.0,0,0,0,0.0,0.0,21,40,0.0,FTP-BruteForce
26883,368792,80582,22,14751.68,840,80582,369263,70.410520415,2008,2008,77.2307692308,77.2307692308,640,8205.8444444445,124.5724591957,976,99.4255319149,145,133.25,101.5869565217,133.25,976,2665,2665,40158.11933395,200.3949084532,1,32,131.0231453423,SSH-Bruteforce
8192,701,601,8080,350.5,72,10021,11086,270.6115822,326,326,108.6666667,108.6666667,326,1847.666667,631.4270251,326,56.875,100,32.25,65.0,32.25,112,129,129,13318.69643,115.4066568,36,20,188.2161878,Bot
225,1401,1401,80,1401.0,64,1401,1401,1427.551749,0,0,0.0,0.0,0,1401.0,1427.551749,0,0.0,1401,0.0,0.0,0.0,0,0,0,0.0,0.0,1401,32,0.0,DoS attacks-Hulk
26883,0,0,21,0.0,40,19,19,52631.5789473684,0,0,0.0,0.0,0,19.0,105263.157894737,0,0.0,0,0.0,0.0,0.0,0,0,0,0.0,0.0,19,40,0.0,FTP-BruteForce
8192,5002019,4938004,80,1250504.75,112,4938004,5002019,0.999596363,485,485,97.0,97.0,485,714574.142857143,1.5993541808,529,112.6666666667,434,176.3333333333,126.75,176.3333333333,529,529,529,50102.75,223.8364358187,17,20,216.8985938175,SQL Injection
26883,48877,47044,80,16292.3333333333,136,5004015,5052892,0.791625865,466,466,116.5,116.5,466,721841.714285714,1.5832517299,972,159.7777777778,307,243.0,179.75,243.0,972,972,972,116522.444444444,341.3538405298,2,32,233.0,DoS attacks-GoldenEye
14600,1001752,1001752,3128,1001752.0,80,1001752,1001752,1.9965021282712687,0,0,0.0,0.0,0,1001752.0,1.9965021282712687,0,0.0,1001752,0.0,0.0,0.0,0,0,0,0.0,0.0,1001752,40,0.0,Benign
2052,584,584,8080,584.0,40,584,584,3424.657534,0,0,0.0,0.0,0,584.0,3424.657534,0,0.0,584,0.0,0.0,0.0,0,0,0,0.0,0.0,584,20,0.0,Bot
32738,6450,6450,80,6450.0,40,6450,6450,310.0775194,0,0,0.0,0.0,0,6450.0,310.0775194,0,0.0,6450,0.0,0.0,0.0,0,0,0,0.0,0.0,6450,20,0.0,DDOS attack-HOIC
8192,54669,53635,80,18223.0,92,4953748,5008417,0.7986555433,646,646,161.5,161.5,646,715488.142857143,1.5973110865,646,112.2222222222,341,91.0,126.25,91.0,364,364,364,54558.4444444445,233.5774913052,16,20,323.0,Brute Force -Web
-1,0,0,53,0.0,8,689,689,1451.37881,51,51,51.0,51.0,51,689.0,2902.75762,79,60.33333333,0,79.0,90.5,79.0,79,79,79,261.3333333,16.16580754,689,8,0.0,Infilteration
8192,452,396,80,226.0,72,945586,946066,3.171026123,20,20,6.666666667,6.666666667,20,157677.6667,7.399060953,964,123.0,56,241.0,140.5714286,241.0,964,964,964,115523.4286,339.8873763,6,20,11.54700538,DDoS attacks-LOIC-HTTP
32738,11280,11280,80,11280.0,40,11280,11280,177.3049645,0,0,0.0,0.0,0,11280.0,177.3049645,0,0.0,11280,0.0,0.0,0.0,0,0,0,0.0,0.0,11280,20,0.0,DDOS attack-HOIC
225,23273,23273,80,23273.0,64,23273,23273,85.93649293,0,0,0.0,0.0,0,23273.0,85.93649293,0,0.0,23273,0.0,0.0,0.0,0,0,0,0.0,0.0,23273,32,0.0,DoS attacks-Hulk
26883,0,0,21,0.0,40,21,21,47619.04762,0,0,0.0,0.0,0,21.0,95238.09524,0,0.0,0,0.0,0.0,0.0,0,0,0,0.0,0.0,21,40,0.0,DoS attacks-SlowHTTPTest
260,30,30,65286,30.0,40,286878,286908,6.970875681403098,0,0,0.0,0.0,0,143454.0,10.456313522104647,0,0.0,30,0.0,0.0,0.0,0,0,0,0.0,0.0,30,20,0.0,Benign
8192,475,423,8080,237.5,72,8977,9796,306.2474479,326,326,108.6666667,108.6666667,326,1632.666667,714.5773785,326,56.875,52,32.25,65.0,32.25,112,129,129,13318.69643,115.4066568,16,20,188.2161878,Bot
26883,6448672,6442561,80,2149557.33333333,136,6442236,11450034,0.3493439408,397,397,99.25,99.25,397,1635719.14285714,0.6986878816,972,152.1111111111,254,243.0,171.125,243.0,972,972,972,111769.111111111,334.3188763907,3,32,198.5,DoS attacks-GoldenEye
-1,120000000,817523,80,1363.852153,701112,817523,119525275,733.2256713,2804448,2804448,32.0,32.0,32,1363.852153,733.2256713,32,32.0,0,0.0,32.00036513,0.0,0,0,0,0.0,0.0,0,8,0.0,DDOS attack-LOIC-UDP
26883,0,0,21,0.0,40,20,20,50000.0,0,0,0.0,0.0,0,20.0,100000.0,0,0.0,0,0.0,0.0,0.0,0,0,0,0.0,0.0,20,40,0.0,FTP-BruteForce
26883,4541,4140,80,1513.6666666667,136,5003773,5008314,0.7986719683,365,365,91.25,91.25,365,715473.428571429,1.5973439365,972,148.5555555556,118,243.0,167.125,243.0,972,972,972,109923.777777778,331.5475497991,6,32,182.5,DoS attacks-GoldenEye
8192,187202,90609,443,26743.14286,172,54431,187202,42.73458617,350,350,43.75,43.75,193,14400.15385,74.7855258,1460,236.5333333,100,533.0,253.4285714,533.0,1460,3198,3198,253796.981,503.7826723,1,20,74.42493822,Infilteration
32738,4545,4545,80,4545.0,40,4545,4545,440.0440044,0,0,0.0,0.0,0,4545.0,440.0440044,0,0.0,4545,0.0,0.0,0.0,0,0,0,0.0,0.0,4545,20,0.0,DDOS attack-HOIC
8192,55330356,1183051,80,361636.31372549,3092,1183051,55332482,2.7831753508,54442,54442,353.5194805195,353.5194805195,646,212817.238461538,4.7169400426,2920,516.0801526718,87,754.8691588785,518.0574712644,754.8691588785,2920,80771,80771,191349.491635226,437.4351284879,4,20,270.7849934725,Brute Force -Web
26883,390348,89038,22,16264.5,808,89038,390448,64.0290128263,1928,1928,77.12,77.12,640,8873.8181818182,115.2522230873,976,99.847826087,309,133.25,102.0666666667,133.25,976,2665,2665,40814.3985507246,202.0257373473,3,32,132.1187344777,SSH-Bruteforce
8192,2647075,1194618,3389,378153.5714285714,172,1011724,2647075,3.022203753199286,1148,1148,143.5,143.5,677,165442.1875,6.422182975548482,1173,151.61111111111114,4,175.66666666666666,160.52941176470588,175.66666666666666,1173,1581,1581,93075.42810457516,305.08265782337605,4,20,228.12966237897004,Benign
0,35,35,80,35.0,40,35,35,57142.8571428571,0,0,0.0,0.0,0,35.0,57142.8571428571,0,0.0,35,0.0,0.0,0.0,0,0,0,0.0,0.0,35,20,0.0,DoS attacks-Slowloris
2052,659,659,8080,659.0,40,659,659,3034.901366,0,0,0.0,0.0,0,659.0,3034.901366,0,0.0,659,0.0,0.0,0.0,0,0,0,0.0,0.0,659,20,0.0,Bot
241,0,0,22,0.0,32,5,5,200000.0,0,0,0.0,0.0,0,5.0,400000.0,0,0.0,0,0.0,0.0,0.0,0,0,0,0.0,0.0,5,32,0.0,SSH-Bruteforce
26883,379033,99013,22,17228.7727272727,744,99013,379084,60.6725686128,1912,1912,83.1304347826,83.1304347826,640,8615.5454545455,118.7071994598,976,99.5,286,121.1363636364,101.7111111111,121.1363636364,976,2665,2665,40811.3222222222,202.0181234994,3,32,135.7374820439,SSH-Bruteforce
26883,389634,100549,22,18554.0,712,100549,390235,56.376286084,1944,1944,88.3636363636,88.3636363636,640,9075.2325581395,112.7525721681,976,102.4222222222,140,121.1363636364,104.75,121.1363636364,976,2665,2665,41511.6585858586,203.7441007388,5,32,137.8690011274,SSH-Bruteforce
2052,631,631,8080,631.0,40,631,631,3169.572108,0,0,0.0,0.0,0,631.0,3169.572108,0,0.0,631,0.0,0.0,0.0,0,0,0,0.0,0.0,631,20,0.0,Bot
26883,0,0,21,0.0,40,20,20,50000.0,0,0,0.0,0.0,0,20.0,100000.0,0,0.0,0,0.0,0.0,0.0,0,0,0,0.0,0.0,20,40,0.0,DoS attacks-SlowHTTPTest
32738,4594,4594,80,4594.0,40,4594,4594,435.3504571,0,0,0.0,0.0,0,4594.0,435.3504571,0,0.0,4594,0.0,0.0,0.0,0,0,0,0.0,0.0,4594,20,0.0,DDOS attack-HOIC
221,96100826,96100826,80,96100826.0,64,96100826,96100829,0.020811475,336,336,168.0,168.0,336,48050414.5,0.0312172125,336,84.0,96100826,0.0,112.0,0.0,0,0,0,28224.0,168.0,3,32,237.5878784787,DoS attacks-GoldenEye
8192,57739715,1059687,80,285840.173267327,4072,1059687,57742118,3.5156313456,56083,56083,276.2709359606,276.2709359606,680,188699.732026144,5.3167429709,1936,798.6753246753,456,1826.0480769231,801.2768729642,1826.0480769231,1936,189909,189909,630532.39587123,794.0607003695,22,20,291.6989844299,Brute Force -XSS
226,1407719,1407719,80,1407719.0,64,1407719,1407719,1.4207380876,0,0,0.0,0.0,0,1407719.0,1.4207380876,0,0.0,1407719,0.0,0.0,0.0,0,0,0,0.0,0.0,1407719,32,0.0,DoS attacks-GoldenEye
26883,0,0,21,0.0,40,26,26,38461.5384615385,0,0,0.0,0.0,0,26.0,76923.0769230769,0,0.0,0,0.0,0.0,0.0,0,0,0,0.0,0.0,26,40,0.0,FTP-BruteForce
-1,0,0,53,0.0,8,2645,2645,378.0718336,48,48,48.0,48.0,48,2645.0,756.1436673,305,133.6666667,0,305.0,200.5,305.0,305,305,305,22016.33333,148.3790192,2645,8,0.0,Infilteration
225,36644,36644,80,36644.0,64,36644,36644,54.57919441,0,0,0.0,0.0,0,36644.0,54.57919441,0,0.0,36644,0.0,0.0,0.0,0,0,0,0.0,0.0,36644,32,0.0,DoS attacks-Hulk
26883,0,0,21,0.0,40,3,3,333333.3333,0,0,0.0,0.0,0,3.0,666666.6667,0,0.0,0,0.0,0.0,0.0,0,0,0,0.0,0.0,3,40,0.0,DoS attacks-SlowHTTPTest
8192,273837,273837,445,136918.5,72,273763,273837,10.9554223863,0,0,0.0,0.0,0,91279.0,14.6072298484,0,0.0,0,0.0,0.0,0.0,0,0,0,0.0,0.0,0,20,0.0,Benign
2052,653,653,8080,653.0,40,653,653,3062.787136,0,0,0.0,0.0,0,653.0,3062.787136,0,0.0,653,0.0,0.0,0.0,0,0,0,0.0,0.0,653,20,0.0,Bot
237,4050318,3986091,43992,1012579.5,168,3986084,4050318,1.234470972,935,935,187.0,187.0,935,578616.8571,1.975153556,935,139.7777778,31,107.6666667,157.25,107.6666667,323,323,323,100339.1944,316.7636255,7,32,418.1447118,Benign
26883,0,0,21,0.0,40,25,25,40000.0,0,0,0.0,0.0,0,25.0,80000.0,0,0.0,0,0.0,0.0,0.0,0,0,0,0.0,0.0,25,40,0.0,FTP-BruteForce
26883,0,0,21,0.0,40,5,5,200000.0,0,0,0.0,0.0,0,5.0,400000.0,0,0.0,0,0.0,0.0,0.0,0,0,0,0.0,0.0,5,40,0.0,DoS attacks-SlowHTTPTest
8192,303,301,80,151.5,72,1186270,1186605,2.52822127,20,20,6.666666667,6.666666667,20,197767.5,5.899182963,964,123.0,2,241.0,140.5714286,241.0,964,964,964,115523.4286,339.8873763,2,20,11.54700538,DDoS attacks-LOIC-HTTP
8192,116599575,10015409,443,5829978.75,432,10003337,116599575,0.1801035724186816,1313,1313,62.52380952380953,62.523809523809526,955,2989732.6923076934,0.3430544236546317,1460,117.73170731707314,13,184.94736842105263,120.675,184.94736842105263,1460,3514,3514,105349.20121951218,324.575416844086,1,20,210.10464512894973,Benign
2049,32100000,32100000,80,32100000.0,40,32100000,32087457,0.062329651,0,0,0.0,0.0,0,32100000.0,0.062329651,0,0.0,32100000,0.0,0.0,0.0,0,0,0,0.0,0.0,32100000,20,0.0,DDoS attacks-LOIC-HTTP
26883,0,0,21,0.0,40,4,4,250000.0,0,0,0.0,0.0,0,4.0,500000.0,0,0.0,0,0.0,0.0,0.0,0,0,0,0.0,0.0,4,40,0.0,DoS attacks-SlowHTTPTest
26883,108313008,53279734,80,7736643.42857143,496,53279734,108313010,0.1384875187,2530,2530,168.6666666667,168.6666666667,230,6371353.52941177,0.1661850225,230,133.1578947368,219,0.0,140.5555555556,0.0,0,0,0,13611.6959064327,116.6691729054,2,32,105.2796728899,DoS attacks-Slowloris
-1,120000000,635722,80,847.1767186,1130800,635722,119747582,1180.399618,4523200,4523200,32.0,32.0,32,847.1767186,1180.399618,32,32.0,0,0.0,32.00022639,0.0,0,0,0,0.0,0.0,0,8,0.0,DDOS attack-LOIC-UDP
32738,8964,8964,80,8964.0,40,8964,8964,223.1146809,0,0,0.0,0.0,0,8964.0,223.1146809,0,0.0,8964,0.0,0.0,0.0,0,0,0,0.0,0.0,8964,20,0.0,DDOS attack-HOIC
8192,3032539,1108384,3389,336948.777777778,212,1012245,3032539,3.2975668244,1144,1144,114.4,114.4,677,189533.6875,5.6058636014,1173,151.3888888889,215,225.8571428571,160.2941176471,225.8571428571,1173,1581,1581,93049.3104575164,305.0398506056,77,20,209.8969059112,Benign
26883,0,0,21,0.0,40,6,6,166666.6667,0,0,0.0,0.0,0,6.0,333333.3333,0,0.0,0,0.0,0.0,0.0,0,0,0,0.0,0.0,6,40,0.0,DoS attacks-SlowHTTPTest
8192,527,465,8080,263.5,72,10064,10856,276.3448784,326,326,108.6666667,108.6666667,326,1809.333333,644.8047163,326,56.875,62,32.25,65.0,32.25,112,129,129,13318.69643,115.4066568,14,20,188.2161878,Bot
225,26852,26852,80,26852.0,64,26852,26852,74.48234768,0,0,0.0,0.0,0,26852.0,74.48234768,0,0.0,26852,0.0,0.0,0.0,0,0,0,0.0,0.0,26852,32,0.0,DoS attacks-Hulk
8192,587,520,8080,293.5,72,11984,12928,232.0544554,326,326,108.6666667,108.6666667,326,2154.666667,541.460396,326,56.875,67,32.25,65.0,32.25,112,129,129,13318.69643,115.4066568,1,20,188.2161878,Bot
225,4809,4809,80,4809.0,64,4809,4809,415.8868788,0,0,0.0,0.0,0,4809.0,415.8868788,0,0.0,4809,0.0,0.0,0.0,0,0,0,0.0,0.0,4809,32,0.0,DoS attacks-Hulk
241,0,0,22,0.0,32,7,7,142857.142857143,0,0,0.0,0.0,0,7.0,285714.285714286,0,0.0,0,0.0,0.0,0.0,0,0,0,0.0,0.0,7,32,0.0,SSH-Bruteforce
2049,20800000,20800000,80,20800000.0,40,20800000,20778865,0.096251648,0,0,0.0,0.0,0,20800000.0,0.096251648,0,0.0,20800000,0.0,0.0,0.0,0,0,0,0.0,0.0,20800000,20,0.0,DDoS attacks-LOIC-HTTP
26883,0,0,21,0.0,40,3,3,333333.3333,0,0,0.0,0.0,0,3.0,666666.6667,0,0.0,0,0.0,0.0,0.0,0,0,0,0.0,0.0,3,40,0.0,DoS attacks-SlowHTTPTest
26883,66355,65068,80,16588.75,168,65068,66355,75.352271871,381,381,76.2,76.2,381,9479.2857142857,120.5636349936,972,150.3333333333,42,324.0,169.125,324.0,972,972,972,110818.0,332.8933763234,5,32,170.3883798855,DoS attacks-GoldenEye
32738,27533,27533,80,27533.0,40,27533,27533,72.6401046,0,0,0.0,0.0,0,27533.0,72.6401046,0,0.0,27533,0.0,0.0,0.0,0,0,0,0.0,0.0,27533,20,0.0,DDOS attack-HOIC
225,45229,45229,80,45229.0,64,45229,45229,44.21941675,0,0,0.0,0.0,0,45229.0,44.21941675,0,0.0,45229,0.0,0.0,0.0,0,0,0,0.0,0.0,45229,32,0.0,DoS attacks-Hulk
26883,0,0,21,0.0,40,18,18,55555.5555555556,0,0,0.0,0.0,0,18.0,111111.111111111,0,0.0,0,0.0,0.0,0.0,0,0,0,0.0,0.0,18,40,0.0,FTP-BruteForce
26883,386499,130201,22,18404.7142857143,712,130201,386550,56.9137239684,1912,1912,86.9090909091,86.9090909091,640,9428.0487804878,108.6534730307,976,106.4418604651,201,133.25,108.9761904762,133.25,976,2665,2665,42969.919158361,207.2918694941,4,32,137.6880217811,SSH-Bruteforce
2052,543,543,8080,543.0,40,543,543,3683.241252,0,0,0.0,0.0,0,543.0,3683.241252,0,0.0,543,0.0,0.0,0.0,0,0,0,0.0,0.0,543,20,0.0,Bot
-1,120000000,571156,80,880.6005446,1087048,571156,119656002,1135.597026,4348192,4348192,32.0,32.0,32,880.6005446,1135.597026,32,32.0,0,0.0,32.0002355,0.0,0,0,0,0.0,0.0,0,8,0.0,DDOS attack-LOIC-UDP
26883,362910,125414,22,18145.5,680,125414,363565,57.7613356621,1912,1912,91.0476190476,91.0476190476,640,8656.3095238095,118.2732111177,976,104.0227272727,260,121.1363636364,106.4418604651,121.1363636364,976,2665,2665,42228.1157505285,205.4948071133,5,32,139.6790879804,SSH-Bruteforce
8192,580,527,8080,290.0,72,9637,10515,285.3067047,326,326,108.6666667,108.6666667,326,1752.5,665.7156443,326,56.875,53,32.25,65.0,32.25,112,129,129,13318.69643,115.4066568,1,20,188.2161878,Bot
2052,56,56,80,56.0,40,56,56,35714.2857142857,0,0,0.0,0.0,0,56.0,35714.2857142857,0,0.0,56,0.0,0.0,0.0,0,0,0,0.0,0.0,56,20,0.0,SQL Injection
32738,1922,1922,80,1922.0,40,1922,1922,1040.582726,0,0,0.0,0.0,0,1922.0,1040.582726,0,0.0,1922,0.0,0.0,0.0,0,0,0,0.0,0.0,1922,20,0.0,DDOS attack-HOIC
2052,638,638,8080,638.0,40,638,638,3134.796238,0,0,0.0,0.0,0,638.0,3134.796238,0,0.0,638,0.0,0.0,0.0,0,0,0,0.0,0.0,638,20,0.0,Bot
32738,13502,13502,80,13502.0,40,13502,13502,148.1262035,0,0,0.0,0.0,0,13502.0,148.1262035,0,0.0,13502,0.0,0.0,0.0,0,0,0,0.0,0.0,13502,20,0.0,DDOS attack-HOIC
8192,354,349,80,177.0,72,1849900,1850289,1.621368338,20,20,6.666666667,6.666666667,20,308381.5,3.783192788,964,123.0,5,241.0,140.5714286,241.0,964,964,964,115523.4286,339.8873763,4,20,11.54700538,DDoS attacks-LOIC-HTTP
237,4630831,4536313,57664,1157707.75,168,4536306,4630831,1.079719817,935,935,187.0,187.0,935,661547.2857,1.727551707,935,139.4444444,22,106.6666667,156.875,106.6666667,320,320,320,100202.7778,316.5482235,5,32,418.1447118,Benign
-1,0,0,53,0.0,8,1884,1884,530.7855626,33,33,33.0,33.0,33,1884.0,1061.571125,86,50.66666667,0,86.0,76.0,86.0,86,86,86,936.3333333,30.59956427,1884,8,0.0,Infilteration
8192,321,319,80,160.5,72,1367399,1367751,2.19338169,20,20,6.666666667,6.666666667,20,227958.5,5.11789061,964,123.0,2,241.0,140.5714286,241.0,964,964,964,115523.4286,339.8873763,2,20,11.54700538,DDoS attacks-LOIC-HTTP
8192,613,563,8080,306.5,72,11143,12222,245.4590083,326,326,108.6666667,108.6666667,326,2037.0,572.7376861,326,56.875,50,32.25,65.0,32.25,112,129,129,13318.69643,115.4066568,17,20,188.2161878,Bot
225,1911,1911,80,1911.0,64,1911,1911,1046.572475,0,0,0.0,0.0,0,1911.0,1046.572475,0,0.0,1911,0.0,0.0,0.0,0,0,0,0.0,0.0,1911,32,0.0,DoS attacks-Hulk
2051,1750,1750,80,1750.0,40,1750,1750,1142.8571428571,0,0,0.0,0.0,0,1750.0,1142.8571428571,0,0.0,1750,0.0,0.0,0.0,0,0,0,0.0,0.0,1750,20,0.0,Brute Force -Web
26883,384930,170279,22,16736.0869565217,776,170279,384991,62.3391196158,1928,1928,80.3333333333,80.3333333333,640,8953.2790697674,114.2883859623,976,102.0666666667,201,133.25,104.3863636364,133.25,976,2665,2665,41510.3818181818,203.7409674518,4,32,133.9586784655,SSH-Bruteforce
221,94666666,94666666,80,94666666.0,64,94666666,94666668,0.0211267603,448,448,224.0,224.0,448,47333334.0,0.0316901404,448,112.0,94666666,0.0,149.3333333333,0.0,0,0,0,50176.0,224.0,2,32,316.7838379716,DoS attacks-GoldenEye
225,20199,20199,80,20199.0,64,20199,20199,99.01480271,0,0,0.0,0.0,0,20199.0,99.01480271,0,0.0,20199,0.0,0.0,0.0,0,0,0,0.0,0.0,20199,32,0.0,DoS attacks-Hulk
26883,365052,95098,22,17383.4285714286,712,95098,365605,60.1742317528,1928,1928,87.6363636364,87.6363636364,640,8502.4418604651,120.3484635057,976,102.0666666667,285,121.1363636364,104.3863636364,121.1363636364,976,2665,2665,41510.3818181818,203.7409674518,3,32,137.7805520365,SSH-Bruteforce
211,2544726,2544726,80,2544726.0,64,2544724,2544726,0.7859392328,8,8,4.0,4.0,8,1272363.0,1.1789088491,8,4.0,2544726,0.0,5.3333333333,0.0,0,0,0,21.3333333333,4.6188021535,2,32,5.6568542495,DoS attacks-Slowloris
225,3223,3223,80,3223.0,64,3223,3223,620.5398697,0,0,0.0,0.0,0,3223.0,620.5398697,0,0.0,3223,0.0,0.0,0.0,0,0,0,0.0,0.0,3223,32,0.0,DoS attacks-Hulk
26883,0,0,21,0.0,40,6,6,166666.6667,0,0,0.0,0.0,0,6.0,333333.3333,0,0.0,0,0.0,0.0,0.0,0,0,0,0.0,0.0,6,40,0.0,DoS attacks-SlowHTTPTest
2047,130,130,80,130.0,40,130,130,15384.6153846154,0,0,0.0,0.0,0,130.0,15384.6153846154,0,0.0,130,0.0,0.0,0.0,0,0,0,0.0,0.0,130,20,0.0,Brute Force -Web
211,116030885,116030885,80,116030885.0,64,116030883,116030886,0.0172367899,16,16,8.0,8.0,8,38676962.0,0.0344735797,8,4.8,116030885,0.0,6.0,0.0,0,0,0,19.2,4.38178046,1,32,0.0,DoS attacks-Slowloris
26883,393325,157480,22,18729.7619047619,712,157480,393382,55.9252838208,1912,1912,86.9090909091,86.9090909091,640,9148.4186046512,111.8505676416,976,101.7111111111,238,121.1363636364,104.0227272727,121.1363636364,976,2665,2665,41508.8464646465,203.7371995112,4,32,137.6880217811,SSH-Bruteforce
225,4777,4777,80,4777.0,64,4777,4777,418.6728072,0,0,0.0,0.0,0,4777.0,418.6728072,0,0.0,4777,0.0,0.0,0.0,0,0,0,0.0,0.0,4777,32,0.0,DoS attacks-Hulk
26883,326878,108500,22,15565.619047619,712,108500,327577,67.1597822802,1928,1928,87.6363636364,87.6363636364,640,7618.0697674419,134.3195645604,976,102.0666666667,129,121.1363636364,104.3863636364,121.1363636364,976,2665,2665,41510.3818181818,203.7409674518,3,32,137.7805520365,SSH-Bruteforce
26883,77087,76212,80,19271.75,168,76212,77087,64.8617795478,385,385,77.0,77.0,385,11012.4285714286,103.7788472765,972,150.7777777778,24,324.0,169.625,324.0,972,972,972,111050.444444444,333.2423209084,7,32,172.1772342675,DoS attacks-GoldenEye
8192,2782,2702,80,1391.0,72,1221473,1224996,2.448987589,20,20,6.666666667,6.666666667,20,204166.0,5.714304373,964,123.0,80,241.0,140.5714286,241.0,964,964,964,115523.4286,339.8873763,4,20,11.54700538,DDoS attacks-LOIC-HTTP
-1,0,0,53,0.0,8,29372,29372,34.04603023,34,34,34.0,34.0,34,29372.0,68.09206047,114,60.66666667,0,114.0,91.0,114.0,114,114,114,2133.333333,46.18802154,29372,8,0.0,Infilteration
26883,0,0,21,0.0,40,23,23,43478.26087,0,0,0.0,0.0,0,23.0,86956.52174,0,0.0,0,0.0,0.0,0.0,0,0,0,0.0,0.0,23,40,0.0,DoS attacks-SlowHTTPTest
221,2047268,2047268,80,2047268.0,64,2047268,2047268,0.9769116696,0,0,0.0,0.0,0,2047268.0,0.9769116696,0,0.0,2047268,0.0,0.0,0.0,0,0,0,0.0,0.0,2047268,32,0.0,DoS attacks-GoldenEye
2047,108,108,80,108.0,40,108,108,18518.5185185185,0,0,0.0,0.0,0,108.0,18518.5185185185,0,0.0,108,0.0,0.0,0.0,0,0,0,0.0,0.0,108,20,0.0,Brute Force -Web
8192,1317,989,80,658.5,72,1238714,1240069,2.419220221,20,20,6.666666667,6.666666667,20,206678.1667,5.644847182,964,123.0,328,241.0,140.5714286,241.0,964,964,964,115523.4286,339.8873763,5,20,11.54700538,DDoS attacks-LOIC-HTTP
32738,911,911,80,911.0,40,911,911,2195.389682,0,0,0.0,0.0,0,911.0,2195.389682,0,0.0,911,0.0,0.0,0.0,0,0,0,0.0,0.0,911,20,0.0,DDOS attack-HOIC
26883,0,0,21,0.0,40,5,5,200000.0,0,0,0.0,0.0,0,5.0,400000.0,0,0.0,0,0.0,0.0,0.0,0,0,0,0.0,0.0,5,40,0.0,DoS attacks-SlowHTTPTest
225,20772,20772,80,20772.0,64,20772,20772,96.2834585,0,0,0.0,0.0,0,20772.0,96.2834585,0,0.0,20772,0.0,0.0,0.0,0,0,0,0.0,0.0,20772,32,0.0,DoS attacks-Hulk
225,3542,3542,80,3542.0,64,3542,3542,564.6527386,0,0,0.0,0.0,0,3542.0,564.6527386,0,0.0,3542,0.0,0.0,0.0,0,0,0,0.0,0.0,3542,32,0.0,DoS attacks-Hulk
225,29090,29090,80,29090.0,64,29090,29090,68.7521485,0,0,0.0,0.0,0,29090.0,68.7521485,0,0.0,29090,0.0,0.0,0.0,0,0,0,0.0,0.0,29090,32,0.0,DoS attacks-Hulk
-1,0,0,53,0.0,8,263,263,3802.281369,39,39,39.0,39.0,39,263.0,7604.562738,71,49.66666667,0,71.0,74.5,71.0,71,71,71,341.3333333,18.47520861,263,8,0.0,Infilteration
32738,2958,2958,80,2958.0,40,2958,2958,676.132522,0,0,0.0,0.0,0,2958.0,676.132522,0,0.0,2958,0.0,0.0,0.0,0,0,0,0.0,0.0,2958,20,0.0,DDOS attack-HOIC
2052,512,512,8080,512.0,40,512,512,3906.25,0,0,0.0,0.0,0,512.0,3906.25,0,0.0,512,0.0,0.0,0.0,0,0,0,0.0,0.0,512,20,0.0,Bot
26883,0,0,21,0.0,40,22,22,45454.54545,0,0,0.0,0.0,0,22.0,90909.09091,0,0.0,0,0.0,0.0,0.0,0,0,0,0.0,0.0,22,40,0.0,DoS attacks-SlowHTTPTest
26883,4914784,4914313,80,1638261.33333333,136,5004940,9919724,0.4032370255,309,309,77.25,77.25,309,1417103.42857143,0.8064740511,972,142.3333333333,195,243.0,160.125,243.0,972,972,972,107242.0,327.4782435521,3,32,154.5,DoS attacks-GoldenEye
225,69368,52234,80,34684.0,96,52234,69368,43.24760697,0,0,0.0,0.0,0,34684.0,43.24760697,0,0.0,17134,0.0,0.0,0.0,0,0,0,0.0,0.0,17134,32,0.0,DoS attacks-Hulk
252,8626219,8626219,80,8626219.0,40,8626219,8626219,0.23185129,0,0,0.0,0.0,0,8626219.0,0.23185129,0,0.0,8626219,0.0,0.0,0.0,0,0,0,0.0,0.0,8626219,20,0.0,DDoS attacks-LOIC-HTTP
8192,379,266,80,189.5,72,301,951,3154.5741324921137,161,161,53.66666666666666,53.66666666666666,161,158.5,7360.672975814931,488,81.125,113,122.0,92.71428571428572,122.0,488,488,488,30202.125,173.78758586274222,35,20,92.95339333952974,Benign
-1,120000000,584389,80,829.4638549,1157232,584389,119984435,1205.606377,4628928,4628928,32.0,32.0,32,829.4638549,1205.606377,32,32.0,0,0.0,32.00022122,0.0,0,0,0,0.0,0.0,0,8,0.0,DDOS attack-LOIC-UDP
26883,0,0,21,0.0,40,3,3,333333.333333333,0,0,0.0,0.0,0,3.0,666666.666666667,0,0.0,0,0.0,0.0,0.0,0,0,0,0.0,0.0,3,40,0.0,FTP-BruteForce
26883,331075,67419,22,15765.4761904762,712,67419,331617,66.3415928616,1976,1976,89.8181818182,89.8181818182,640,7712.023255814,132.6831857233,976,103.1333333333,223,121.1363636364,105.4772727273,121.1363636364,976,2665,2665,41513.4363636364,203.7484634633,5,32,138.0336868351,SSH-Bruteforce
62,3647944,3647944,52026,3647944.0,40,3647944,3647944,0.54825403,62,62,31.0,31.0,31,3647944.0,0.54825403,31,31.0,3647944,0.0,46.5,0.0,0,0,0,0.0,0.0,3647944,20,0.0,Infilteration
8192,534,480,8080,267.0,72,9909,10898,275.2798679,326,326,108.6666667,108.6666667,326,1816.333333,642.3196917,326,56.875,54,32.25,65.0,32.25,112,129,129,13318.69643,115.4066568,1,20,188.2161878,Bot
26883,0,0,21,0.0,40,5,5,200000.0,0,0,0.0,0.0,0,5.0,400000.0,0,0.0,0,0.0,0.0,0.0,0,0,0,0.0,0.0,5,40,0.0,FTP-BruteForce
225,14584,14584,80,14584.0,64,14584,14584,137.136588,0,0,0.0,0.0,0,14584.0,137.136588,0,0.0,14584,0.0,0.0,0.0,0,0,0,0.0,0.0,14584,32,0.0,DoS attacks-Hulk
26883,406974,111061,22,18498.8181818182,744,111061,407118,56.4946772189,1960,1960,85.2173913043,85.2173913043,640,9252.6818181818,110.5330641239,976,100.5434782609,203,121.1363636364,102.7777777778,121.1363636364,976,2665,2665,40819.809178744,202.039127841,5,32,136.0557895336,SSH-Bruteforce
-1,112641158,56320674,0,56320579.0,0,56320674,112641158,0.0266332489,0,0,0.0,0.0,0,56320579.0,0.0266332489,0,0.0,56320484,0.0,0.0,0.0,0,0,0,0.0,0.0,56320484,0,0.0,Brute Force -Web
26883,6997191,6955429,80,1749297.75,168,6955134,6997191,0.714572462,413,413,82.6,82.6,413,999598.714285714,1.1433159392,972,153.8888888889,350,324.0,173.125,324.0,972,972,972,112777.111111111,335.8230354087,3,32,184.6992149415,DoS attacks-GoldenEye
225,553,553,80,553.0,64,553,553,3616.636528,0,0,0.0,0.0,0,553.0,3616.636528,0,0.0,553,0.0,0.0,0.0,0,0,0,0.0,0.0,553,32,0.0,DoS attacks-Hulk
241,0,0,22,0.0,32,6,6,166666.666666667,0,0,0.0,0.0,0,6.0,333333.333333333,0,0.0,0,0.0,0.0,0.0,0,0,0,0.0,0.0,6,32,0.0,SSH-Bruteforce
225,24271,24271,80,24271.0,64,24271,24271,82.40286762,0,0,0.0,0.0,0,24271.0,82.40286762,0,0.0,24271,0.0,0.0,0.0,0,0,0,0.0,0.0,24271,32,0.0,DoS attacks-Hulk
226,50056025,50056025,80,50056025.0,64,50056025,50056025,0.0399552302,0,0,0.0,0.0,0,50056025.0,0.0399552302,0,0.0,50056025,0.0,0.0,0.0,0,0,0,0.0,0.0,50056025,32,0.0,DoS attacks-GoldenEye
65535,15791,15455,80,7895.5,72,15455,16232,184.8201084,260,260,86.66666667,86.66666667,260,2705.333333,431.2469197,935,149.375,336,233.75,170.7142857,233.75,935,935,935,109045.9821,330.221111,5,20,150.11107,DDOS attack-HOIC
32738,9677,9677,80,9677.0,40,9677,9677,206.6756226,0,0,0.0,0.0,0,9677.0,206.6756226,0,0.0,9677,0.0,0.0,0.0,0,0,0,0.0,0.0,9677,20,0.0,DDOS attack-HOIC
-1,89479897,41990457,500,17895979.4,48,41990457,89479897,0.0670541675,3000,3000,500.0,500.0,500,17895979.4,0.0670541675,500,500.0,4000364,0.0,583.3333333333,0.0,0,0,0,0.0,0.0,4000364,8,0.0,Brute Force -Web
26883,377807,70014,22,16426.3913043478,776,69039,377907,63.5076883995,1928,1928,80.3333333333,80.3333333333,640,8397.9333333333,121.7230694324,976,97.7234042553,258,121.1363636364,99.847826087,121.1363636364,976,2665,2665,40139.2479185939,200.3478173542,4,32,133.9586784655,SSH-Bruteforce
2049,41300000,41300000,80,41300000.0,40,41300000,41299807,0.048426376,0,0,0.0,0.0,0,41300000.0,0.048426376,0,0.0,41300000,0.0,0.0,0.0,0,0,0,0.0,0.0,41300000,20,0.0,DDoS attacks-LOIC-HTTP
26883,371861,90998,22,16167.8695652174,776,90998,372010,64.5143947743,1928,1928,80.3333333333,80.3333333333,640,8651.3953488372,118.2763904196,976,102.0666666667,212,133.25,104.3863636364,133.25,976,2665,2665,41510.3818181818,203.7409674518,2,32,133.9586784655,SSH-Bruteforce
225,17635,17635,80,17635.0,64,17635,17635,113.4108307,0,0,0.0,0.0,0,17635.0,113.4108307,0,0.0,17635,0.0,0.0,0.0,0,0,0,0.0,0.0,17635,32,0.0,DoS attacks-Hulk
258,54100000,54000000,443,13500000.0,100,54000000,54077773,0.092459429,123,123,24.6,24.6,46,10800000.0,0.110951315,46,30.71428571,18,46.0,35.83333333,46.0,46,46,46,470.2380952,21.68497395,18,20,23.27659769,Infilteration
256,35,35,80,35.0,40,35,35,57142.8571428571,0,0,0.0,0.0,0,35.0,57142.8571428571,0,0.0,35,0.0,0.0,0.0,0,0,0,0.0,0.0,35,20,0.0,SQL Injection
8192,351889,88190,445,70377.8,132,87874,351962,17.04729488,455,455,75.83333333,75.83333333,140,35196.2,31.25337394,145,66.08333333,5,67.6,72.09090909,67.6,145,338,338,4019.901515,63.40269328,5,20,62.93621109,Benign
26883,0,0,21,0.0,40,31,31,32258.06452,0,0,0.0,0.0,0,31.0,64516.12903,0,0.0,0,0.0,0.0,0.0,0,0,0,0.0,0.0,31,40,0.0,DoS attacks-SlowHTTPTest
-1,0,0,53,0.0,8,264,264,3787.878788,35,35,35.0,35.0,35,264.0,7575.757576,51,40.33333333,0,51.0,60.5,51.0,51,51,51,85.33333333,9.237604307,264,8,0.0,Infilteration
26883,0,0,21,0.0,40,4,4,250000.0,0,0,0.0,0.0,0,4.0,500000.0,0,0.0,0,0.0,0.0,0.0,0,0,0,0.0,0.0,4,40,0.0,DoS attacks-SlowHTTPTest
2049,6884942,6884942,80,6884942.0,40,6884942,6884942,0.290489012,0,0,0.0,0.0,0,6884942.0,0.290489012,0,0.0,6884942,0.0,0.0,0.0,0,0,0,0.0,0.0,6884942,20,0.0,DDoS attacks-LOIC-HTTP
26883,0,0,21,0.0,40,1,1,1000000.0,0,0,0.0,0.0,0,1.0,2000000.0,0,0.0,0,0.0,0.0,0.0,0,0,0,0.0,0.0,1,40,0.0,FTP-BruteForce
221,44259114,44259114,80,44259114.0,64,44259114,44259114,0.0451884328,0,0,0.0,0.0,0,44259114.0,0.0451884328,0,0.0,44259114,0.0,0.0,0.0,0,0,0,0.0,0.0,44259114,32,0.0,DoS attacks-GoldenEye
-1,120000000,670079,80,1003.546879,956592,670079,119997111,996.4739901,3826368,3826368,32.0,32.0,32,1003.546879,996.4739901,32,32.0,0,0.0,32.00026762,0.0,0,0,0,0.0,0.0,0,8,0.0,DDOS attack-LOIC-UDP
8192,58678,23651,443,7334.75,192,13753,58749,153.1940969,1021,1021,113.4444444,113.4444444,693,2937.45,357.4528928,1460,425.1818182,165,694.4166667,445.4285714,694.4166667,1460,8333,8333,328218.0606,572.9031861,1,20,229.4292435,Infilteration
26883,0,0,21,0.0,40,32,32,31250.0,0,0,0.0,0.0,0,32.0,62500.0,0,0.0,0,0.0,0.0,0.0,0,0,0,0.0,0.0,32,40,0.0,FTP-BruteForce
65535,5235,4844,80,2617.5,72,4844,5672,528.9139633,325,325,108.3333333,108.3333333,325,945.3333333,1234.132581,935,157.5,391,233.75,180.0,233.75,935,935,935,111628.5714,334.1086222,4,20,187.6388375,DDOS attack-HOIC
221,94626163,94626163,80,94626163.0,64,94626163,94626165,0.0211358032,468,468,234.0,234.0,468,47313082.5,0.0317037048,468,117.0,94626163,0.0,156.0,0.0,0,0,0,54756.0,234.0,2,32,330.9259735953,DoS attacks-GoldenEye
26883,0,0,21,0.0,40,2,2,500000.0,0,0,0.0,0.0,0,2.0,1000000.0,0,0.0,0,0.0,0.0,0.0,0,0,0,0.0,0.0,2,40,0.0,DoS attacks-SlowHTTPTest
-1,0,0,53,0.0,8,256,256,3906.25,44,44,44.0,44.0,44,256.0,7812.5,60,49.333333333333336,0,60.0,74.0,60.0,60,60,60,85.33333333333333,9.237604307034012,256,8,0.0,Benign
26883,1326,948,80,442.0,136,5001377,5002703,0.7995677537,421,421,105.25,105.25,421,714671.857142857,1.5991355073,972,154.7777777778,13,243.0,174.125,243.0,972,972,972,113302.444444444,336.6042846496,7,32,210.5,DoS attacks-GoldenEye
-1,120000000,701393,80,1142.189871,840496,701393,119999610,875.5195121,3361984,3361984,32.0,32.0,32,1142.189871,875.5195121,32,32.0,0,0.0,32.00030458,0.0,0,0,0,0.0,0.0,0,8,0.0,DDOS attack-LOIC-UDP
65535,34818,34359,53190,8704.5,124,34077,34818,143.603883,935,935,187.0,187.0,935,5803.0,201.0454363,935,151.125,6,137.0,172.7142857,137.0,274,274,274,109512.9821,330.9274575,3,20,418.1447118,Benign
-1,0,0,53,0.0,8,11313,11313,88.39388314,45,45,45.0,45.0,45,11313.0,176.7877663,108,66.0,0,108.0,99.0,108.0,108,108,108,1323.0,36.37306696,11313,8,0.0,Infilteration
-1,120000000,718184,80,1073.517282,892736,718184,119794867,931.5257222,3570944,3570944,32.0,32.0,32,1073.517282,931.5257222,32,32.0,0,0.0,32.00028676,0.0,0,0,0,0.0,0.0,0,8,0.0,DDOS attack-LOIC-UDP
26883,392974,91020,22,18713.0476190476,712,91020,393019,55.9769375017,1912,1912,86.9090909091,86.9090909091,640,9139.9767441861,111.9538750035,976,101.7111111111,162,121.1363636364,104.0227272727,121.1363636364,976,2665,2665,41508.8464646465,203.7371995112,7,32,137.6880217811,SSH-Bruteforce
-1,120000000,733181,80,945.7026473,1014480,733181,119923607,1057.423164,4057920,4057920,32.0,32.0,32,945.7026473,1057.423164,32,32.0,1,0.0,32.00025235,0.0,0,0,0,0.0,0.0,1,8,0.0,DDOS attack-LOIC-UDP
8192,10667162,9968491,443,209160.039215686,1076,9968491,15677009,3.3169592491,4011,4011,77.1346153846,77.1346153846,698,114430.722627737,8.8026995456,1350,766.2805755396,20,1191.8837209302,771.8333333333,1191.8837209302,1350,102502,102502,407242.000417058,638.1551538749,0,20,209.6859490039,Benign
26883,327196,67162,22,14225.9130434783,776,44267,327250,73.3384262796,1944,1944,81.0,81.0,640,7272.2222222222,140.5653170359,976,98.0638297872,269,121.1363636364,100.1956521739,121.1363636364,976,2665,2665,40143.4958371878,200.3584184335,5,32,134.0797945417,SSH-Bruteforce
225,2026,2026,80,2026.0,64,2026,2026,987.1668312,0,0,0.0,0.0,0,2026.0,987.1668312,0,0.0,2026,0.0,0.0,0.0,0,0,0,0.0,0.0,2026,32,0.0,DoS attacks-Hulk
-1,0,0,53,0.0,8,1351,1351,740.1924500370096,34,34,34.0,34.0,34,1351.0,1480.3849000740192,194,87.33333333333334,0,194.0,131.0,194.0,194,194,194,8533.333333333334,92.37604307034012,1351,8,0.0,Benign
2239,51,51,51758,51.0,40,51,51,39215.68627,0,0,0.0,0.0,0,51.0,39215.68627,0,0.0,51,0.0,0.0,0.0,0,0,0,0.0,0.0,51,20,0.0,Infilteration
1024,0,0,5678,0.0,24,2,2,500000.0,0,0,0.0,0.0,0,2.0,1000000.0,0,0.0,0,0.0,0.0,0.0,0,0,0,0.0,0.0,2,24,0.0,Infilteration
26883,278162,64207,22,13908.1,680,42614,278276,75.4646466098,1912,1912,91.0476190476,91.0476190476,640,6625.6190476191,154.5228478202,976,104.0227272727,304,121.1363636364,106.4418604651,121.1363636364,976,2665,2665,42228.1157505285,205.4948071133,6,32,139.6790879804,SSH-Bruteforce
32738,1678,1678,80,1678.0,40,1678,1678,1191.895113,0,0,0.0,0.0,0,1678.0,1191.895113,0,0.0,1678,0.0,0.0,0.0,0,0,0,0.0,0.0,1678,20,0.0,DDOS attack-HOIC
225,8952,8952,80,8952.0,64,8952,8952,223.4137623,0,0,0.0,0.0,0,8952.0,223.4137623,0,0.0,8952,0.0,0.0,0.0,0,0,0,0.0,0.0,8952,32,0.0,DoS attacks-Hulk
-1,120000000,783502,80,965.4349601,993736,783502,119922469,1035.810895,3974944,3974944,32.0,32.0,32,965.4349601,1035.810895,32,32.0,0,0.0,32.00025761,0.0,0,0,0,0.0,0.0,0,8,0.0,DDOS attack-LOIC-UDP
225,1728,1728,80,1728.0,64,1728,1728,1157.407407,0,0,0.0,0.0,0,1728.0,1157.407407,0,0.0,1728,0.0,0.0,0.0,0,0,0,0.0,0.0,1728,32,0.0,DoS attacks-Hulk
8192,449,447,80,224.5,72,1041685,1042164,2.878625629,20,20,6.666666667,6.666666667,20,173694.0,6.716793134,964,123.0,2,241.0,140.5714286,241.0,964,964,964,115523.4286,339.8873763,2,20,11.54700538,DDoS attacks-LOIC-HTTP
26883,0,0,21,0.0,40,31,31,32258.064516129,0,0,0.0,0.0,0,31.0,64516.1290322581,0,0.0,0,0.0,0.0,0.0,0,0,0,0.0,0.0,31,40,0.0,FTP-BruteForce
26883,376947,77532,22,17949.8571428571,712,48099,376996,58.3560568282,1912,1912,86.9090909091,86.9090909091,640,8767.3488372093,116.7121136564,976,101.7111111111,275,121.1363636364,104.0227272727,121.1363636364,976,2665,2665,41508.8464646465,203.7371995112,3,32,137.6880217811,SSH-Bruteforce
26883,404127,136384,22,19244.1428571429,712,136384,405270,54.2847977891,1976,1976,89.8181818182,89.8181818182,640,9884.6341463415,103.6346139611,976,107.9302325581,156,133.25,110.5,133.25,976,2665,2665,42960.2093023256,207.2684474355,2,32,138.0336868351,SSH-Bruteforce
26883,359380,66232,22,16335.4545454545,744,66232,359438,63.9887824882,1976,1976,85.9130434783,85.9130434783,640,8558.0476190476,119.6312020432,976,105.4772727273,269,133.25,107.9302325581,133.25,976,2665,2665,42225.883192389,205.4893748893,2,32,136.154295176,SSH-Bruteforce
26883,0,0,21,0.0,40,22,22,45454.54545,0,0,0.0,0.0,0,22.0,90909.09091,0,0.0,0,0.0,0.0,0.0,0,0,0,0.0,0.0,22,40,0.0,DoS attacks-SlowHTTPTest
8192,58658952,2014468,80,385914.157894737,3072,2014468,58660769,2.6082167453,54995,54995,359.4444444444,359.4444444444,646,229143.62890625,4.3811222454,1068,494.0930232558,275,696.9326923077,496.0155642023,696.9326923077,1068,72481,72481,126289.718939462,355.3726479901,8,20,271.4171844443,Brute Force -Web
225,38022,38022,80,38022.0,64,38022,38022,52.60112566,0,0,0.0,0.0,0,38022.0,52.60112566,0,0.0,38022,0.0,0.0,0.0,0,0,0,0.0,0.0,38022,32,0.0,DoS attacks-Hulk
32738,26660,26660,80,26660.0,40,26660,26660,75.01875469,0,0,0.0,0.0,0,26660.0,75.01875469,0,0.0,26660,0.0,0.0,0.0,0,0,0,0.0,0.0,26660,20,0.0,DDOS attack-HOIC
-1,120000000,831017,80,1557.285822,614432,831017,119604223,642.1512391,2457728,2457728,32.0,32.0,32,1557.285822,642.1512391,32,32.0,0,0.0,32.00041664,0.0,0,0,0,0.0,0.0,0,8,0.0,DDOS attack-LOIC-UDP
225,9970,9970,80,9970.0,64,9970,9970,200.6018054,0,0,0.0,0.0,0,9970.0,200.6018054,0,0.0,9970,0.0,0.0,0.0,0,0,0,0.0,0.0,9970,32,0.0,DoS attacks-Hulk
-1,120000000,798367,80,966.4684042,992672,798367,119922299,1034.703312,3970688,3970688,32.0,32.0,32,966.4684042,1034.703312,32,32.0,0,0.0,32.00025789,0.0,0,0,0,0.0,0.0,0,8,0.0,DDOS attack-LOIC-UDP
26883,0,0,21,0.0,40,3,3,333333.333333333,0,0,0.0,0.0,0,3.0,666666.666666667,0,0.0,0,0.0,0.0,0.0,0,0,0,0.0,0.0,3,40,0.0,FTP-BruteForce
26883,0,0,21,0.0,40,20,20,50000.0,0,0,0.0,0.0,0,20.0,100000.0,0,0.0,0,0.0,0.0,0.0,0,0,0,0.0,0.0,20,40,0.0,FTP-BruteForce
8192,5004937,4937643,80,1251234.25,112,4937643,5004937,0.999013574,646,646,129.2,129.2,646,714991.0,1.5984217184,646,112.2222222222,377,121.3333333333,126.25,121.3333333333,364,364,364,54558.4444444445,233.5774913052,17,20,288.899982693,Brute Force -Web
65535,1946,1706,53089,486.5,124,1452,1946,2569.373073,935,935,187.0,187.0,935,324.3333333,3597.122302,935,150.375,5,134.0,171.8571429,134.0,268,268,268,109306.8393,330.6158485,5,20,418.1447118,Benign
211,99999213,99999213,80,99999213.0,64,99999209,99999222,0.0200001556,16,16,8.0,8.0,8,33333074.0,0.0400003112,8,4.8,99999213,0.0,6.0,0.0,0,0,0,19.2,4.38178046,4,32,0.0,DoS attacks-Slowloris
2049,33300000,33300000,80,33300000.0,40,33300000,33254477,0.060142278,0,0,0.0,0.0,0,33300000.0,0.060142278,0,0.0,33300000,0.0,0.0,0.0,0,0,0,0.0,0.0,33300000,20,0.0,DDoS attacks-LOIC-HTTP
26883,46005,44967,80,11501.25,168,44967,46005,108.6838387132,625,625,125.0,125.0,625,6572.1428571429,173.8941419411,662,143.0,48,220.6666666667,160.875,220.6666666667,662,662,662,80603.5,283.9075553767,7,32,279.5084971875,DoS attacks-GoldenEye
65535,920,664,80,460.0,72,664,1284,2336.448598,309,309,103.0,103.0,309,214.0,5451.713396,935,155.5,256,233.75,177.7142857,233.75,935,935,935,110894.8571,333.0087944,6,20,178.4012332,DDOS attack-HOIC
225,4087,4087,80,4087.0,64,4087,4087,489.3564962,0,0,0.0,0.0,0,4087.0,489.3564962,0,0.0,4087,0.0,0.0,0.0,0,0,0,0.0,0.0,4087,32,0.0,DoS attacks-Hulk
26883,322102,71499,22,15338.1904761905,712,71499,322621,68.1914692472,1944,1944,88.3636363636,88.3636363636,640,7502.8139534884,136.3829384944,976,102.4222222222,294,121.1363636364,104.75,121.1363636364,976,2665,2665,41511.6585858586,203.7441007388,4,32,137.8690011274,SSH-Bruteforce
-1,120000000,588897,80,1025.056969,936512,588897,119996244,975.5638685,3746048,3746048,32.0,32.0,32,1025.056969,975.5638685,32,32.0,0,0.0,32.00027335,0.0,0,0,0,0.0,0.0,0,8,0.0,DDOS attack-LOIC-UDP
2052,488,488,8080,488.0,40,488,488,4098.360656,0,0,0.0,0.0,0,488.0,4098.360656,0,0.0,488,0.0,0.0,0.0,0,0,0,0.0,0.0,488,20,0.0,Bot
26883,6978356,6977011,80,2326118.66666667,136,6976614,11980044,0.3338885901,435,435,108.75,108.75,435,1711434.85714286,0.6677771801,972,156.3333333333,306,243.0,175.875,243.0,972,972,972,114256.0,338.0177510132,3,32,217.5,DoS attacks-GoldenEye
26883,311732,74019,22,14844.380952381,712,62738,311776,70.5634814739,1928,1928,87.6363636364,87.6363636364,640,7250.6046511628,141.1269629478,976,102.0666666667,295,121.1363636364,104.3863636364,121.1363636364,976,2665,2665,41510.3818181818,203.7409674518,5,32,137.7805520365,SSH-Bruteforce
26883,376127,86585,22,17910.8095238095,712,86585,376180,58.4826412887,1960,1960,89.0909090909,89.0909090909,640,8748.3720930233,116.9652825775,976,102.7777777778,253,121.1363636364,105.1136363636,121.1363636364,976,2665,2665,41512.6767676768,203.7465994015,4,32,137.9533769037,SSH-Bruteforce
26883,0,0,21,0.0,40,4,4,250000.0,0,0,0.0,0.0,0,4.0,500000.0,0,0.0,0,0.0,0.0,0.0,0,0,0,0.0,0.0,4,40,0.0,FTP-BruteForce
26883,9474561,6787826,80,1184320.125,304,6787489,14479436,0.6215711717,2300,2300,255.5555555556,255.5555555556,460,1206619.66666667,0.8978250258,972,233.7142857143,132,243.0,251.6923076923,243.0,972,972,972,95236.2197802198,308.6036613202,31,32,242.4412872796,DoS attacks-GoldenEye
1024,0,0,5033,0.0,24,2,2,500000.0,0,0,0.0,0.0,0,2.0,1000000.0,0,0.0,0,0.0,0.0,0.0,0,0,0,0.0,0.0,2,24,0.0,Infilteration
211,99999771,99999771,80,99999771.0,64,99999768,99999774,0.0200000452,16,16,8.0,8.0,8,33333258.0,0.0400000904,8,4.8,99999771,0.0,6.0,0.0,0,0,0,19.2,4.38178046,3,32,0.0,DoS attacks-Slowloris
8192,366,364,80,183.0,72,1407540,1407930,2.130787752,20,20,6.666666667,6.666666667,20,234655.0,4.971838089,964,123.0,2,241.0,140.5714286,241.0,964,964,964,115523.4286,339.8873763,2,20,11.54700538,DDoS attacks-LOIC-HTTP
26883,9473,9189,80,4736.5,104,27811,37311,80.40524242,311,311,103.6666667,103.6666667,311,6218.5,187.6122323,935,155.75,284,233.75,178.0,233.75,935,935,935,110983.0714,333.1412184,5,32,179.5559337,DoS attacks-Hulk
2047,168,168,80,168.0,40,168,168,11904.7619047619,0,0,0.0,0.0,0,168.0,11904.7619047619,0,0.0,168,0.0,0.0,0.0,0,0,0,0.0,0.0,168,20,0.0,Brute Force -Web
-1,120000000,698060,80,798.8354558,1201728,698060,119997068,1251.830586,4806912,4806912,32.0,32.0,32,798.8354558,1251.830586,32,32.0,0,0.0,32.00021303,0.0,0,0,0,0.0,0.0,0,8,0.0,DDOS attack-LOIC-UDP
2051,38,38,80,38.0,40,38,38,52631.5789473684,0,0,0.0,0.0,0,38.0,52631.5789473684,0,0.0,38,0.0,0.0,0.0,0,0,0,0.0,0.0,38,20,0.0,Brute Force -Web
226,1945839,1945839,80,1945839.0,64,1945839,1945839,1.0278342658,0,0,0.0,0.0,0,1945839.0,1.0278342658,0,0.0,1945839,0.0,0.0,0.0,0,0,0,0.0,0.0,1945839,32,0.0,DoS attacks-GoldenEye
26883,0,0,21,0.0,40,24,24,41666.6666666667,0,0,0.0,0.0,0,24.0,83333.3333333333,0,0.0,0,0.0,0.0,0.0,0,0,0,0.0,0.0,24,40,0.0,FTP-BruteForce
221,102799916,102799916,80,102799916.0,64,102799916,102799918,0.0194552684,487,487,243.5,243.5,487,51399959.0,0.0291829027,487,121.75,102799916,0.0,162.3333333333,0.0,0,0,0,59292.25,243.5,2,32,344.3610024378,DoS attacks-GoldenEye
26883,7021105,3967699,80,1755276.25,168,3967699,7021105,0.7121386164,307,307,61.4,61.4,307,1003015.0,1.1394217862,972,142.1111111111,203,324.0,159.875,324.0,972,972,972,107159.111111111,327.351662759,5,32,137.2945738185,DoS attacks-GoldenEye
32738,8504,8504,80,8504.0,40,8504,8504,235.1834431,0,0,0.0,0.0,0,8504.0,235.1834431,0,0.0,8504,0.0,0.0,0.0,0,0,0,0.0,0.0,8504,20,0.0,DDOS attack-HOIC
26883,0,0,21,0.0,40,19,19,52631.5789473684,0,0,0.0,0.0,0,19.0,105263.157894737,0,0.0,0,0.0,0.0,0.0,0,0,0,0.0,0.0,19,40,0.0,FTP-BruteForce
32738,410,410,80,410.0,40,410,410,4878.04878,0,0,0.0,0.0,0,410.0,4878.04878,0,0.0,410,0.0,0.0,0.0,0,0,0,0.0,0.0,410,20,0.0,DDOS attack-HOIC
-1,120000000,798286,80,1412.577039,679616,798286,119999832,707.9343244,2718464,2718464,32.0,32.0,32,1412.577039,707.9343244,32,32.0,1,0.0,32.00037668,0.0,0,0,0,0.0,0.0,1,8,0.0,DDOS attack-LOIC-UDP
26883,371321,92263,22,17681.9523809524,712,92263,371361,59.2415466352,1928,1928,87.6363636364,87.6363636364,640,8636.3023255814,118.4830932704,976,102.0666666667,93,121.1363636364,104.3863636364,121.1363636364,976,2665,2665,41510.3818181818,203.7409674518,6,32,137.7805520365,SSH-Bruteforce
225,22599,22599,80,22599.0,64,22599,22599,88.49949113,0,0,0.0,0.0,0,22599.0,88.49949113,0,0.0,22599,0.0,0.0,0.0,0,0,0,0.0,0.0,22599,32,0.0,DoS attacks-Hulk
2049,4858213,4858213,80,4858213.0,40,4858213,4858213,0.411674004,0,0,0.0,0.0,0,4858213.0,0.411674004,0,0.0,4858213,0.0,0.0,0.0,0,0,0,0.0,0.0,4858213,20,0.0,DDoS attacks-LOIC-HTTP
211,0,0,80,0.0,32,227,237,4219.4092827004,238,238,238.0,238.0,238,118.5,12658.2278481013,516,248.0,0,258.0,330.6666666667,258.0,516,516,516,44509.3333333333,210.9723520591,10,32,0.0,DoS attacks-Slowloris
8192,6128364,3018997,3389,680929.333333333,212,3018997,6128364,1.6317568604,1148,1148,114.8,114.8,677,383022.75,2.7739866627,1173,151.6111111111,765,225.8571428571,160.5294117647,225.8571428571,1173,1581,1581,93075.4281045752,305.0826578234,83,20,210.0924664153,Benign
2052,518,518,8080,518.0,40,518,518,3861.003861,0,0,0.0,0.0,0,518.0,3861.003861,0,0.0,518,0.0,0.0,0.0,0,0,0,0.0,0.0,518,20,0.0,Bot
26883,0,0,21,0.0,40,9,9,111111.111111111,0,0,0.0,0.0,0,9.0,222222.222222222,0,0.0,0,0.0,0.0,0.0,0,0,0,0.0,0.0,9,40,0.0,FTP-BruteForce
8192,639,575,8080,319.5,72,10748,11916,251.7623364,326,326,108.6666667,108.6666667,326,1986.0,587.4454515,326,56.875,64,32.25,65.0,32.25,112,129,129,13318.69643,115.4066568,2,20,188.2161878,Bot
26883,0,0,21,0.0,40,8,8,125000.0,0,0,0.0,0.0,0,8.0,250000.0,0,0.0,0,0.0,0.0,0.0,0,0,0,0.0,0.0,8,40,0.0,FTP-BruteForce
225,3399,3399,80,3399.0,64,3399,3399,588.4083554,0,0,0.0,0.0,0,3399.0,588.4083554,0,0.0,3399,0.0,0.0,0.0,0,0,0,0.0,0.0,3399,32,0.0,DoS attacks-Hulk
26883,0,0,21,0.0,40,19,19,52631.5789473684,0,0,0.0,0.0,0,19.0,105263.157894737,0,0.0,0,0.0,0.0,0.0,0,0,0,0.0,0.0,19,40,0.0,FTP-BruteForce
26883,0,0,21,0.0,40,4,4,250000.0,0,0,0.0,0.0,0,4.0,500000.0,0,0.0,0,0.0,0.0,0.0,0,0,0,0.0,0.0,4,40,0.0,FTP-BruteForce
1024,0,0,3389,0.0,24,12000000,21021574,0.047570177,0,0,0.0,0.0,0,5255393.5,0.237850886,0,0.0,0,0.0,0.0,0.0,0,0,0,0.0,0.0,408,24,0.0,Infilteration
-1,79600000,763865,80,945.9844145,673456,763865,79633914,1057.112426,2693824,2693824,32.0,32.0,32,945.9844145,1057.112426,32,32.0,0,0.0,32.00038013,0.0,0,0,0,0.0,0.0,0,8,0.0,DDOS attack-LOIC-UDP
8192,115793268,10062302,443,6094382.52631579,412,10038410,115793268,0.1727216128,362,362,18.1,18.1,194,2824226.04878049,0.3627153869,1460,207.5348837209,36,389.1818181818,212.4761904762,389.1818181818,1460,8562,8562,227899.445182724,477.3881493949,0,20,50.2267490068,Benign
26883,0,0,21,0.0,40,9,9,111111.1111,0,0,0.0,0.0,0,9.0,222222.2222,0,0.0,0,0.0,0.0,0.0,0,0,0,0.0,0.0,9,40,0.0,DoS attacks-SlowHTTPTest
2049,9153146,9153146,80,9153146.0,40,9153146,9153146,0.218504108,0,0,0.0,0.0,0,9153146.0,0.218504108,0,0.0,9153146,0.0,0.0,0.0,0,0,0,0.0,0.0,9153146,20,0.0,DDoS attacks-LOIC-HTTP
225,17512,17512,80,17512.0,64,17512,17512,114.2074006,0,0,0.0,0.0,0,17512.0,114.2074006,0,0.0,17512,0.0,0.0,0.0,0,0,0,0.0,0.0,17512,32,0.0,DoS attacks-Hulk
26883,0,0,21,0.0,40,7,7,142857.1429,0,0,0.0,0.0,0,7.0,285714.2857,0,0.0,0,0.0,0.0,0.0,0,0,0,0.0,0.0,7,40,0.0,DoS attacks-SlowHTTPTest
26883,0,0,21,0.0,40,20,20,50000.0,0,0,0.0,0.0,0,20.0,100000.0,0,0.0,0,0.0,0.0,0.0,0,0,0,0.0,0.0,20,40,0.0,DoS attacks-SlowHTTPTest
225,5296717,5235749,80,1765572.333,136,5235740,5330631,0.750380208,374,374,93.5,93.5,374,666328.875,1.688355469,935,130.9,511,187.0,145.4444444,187.0,935,935,935,93639.21111,306.0052469,6,32,187.0,DoS attacks-Hulk
2049,15100000,15100000,80,15100000.0,40,15100000,15139786,0.132102264,0,0,0.0,0.0,0,15100000.0,0.132102264,0,0.0,15100000,0.0,0.0,0.0,0,0,0,0.0,0.0,15100000,20,0.0,DDoS attacks-LOIC-HTTP
32738,15759,15759,80,15759.0,40,15759,15759,126.9116061,0,0,0.0,0.0,0,15759.0,126.9116061,0,0.0,15759,0.0,0.0,0.0,0,0,0,0.0,0.0,15759,20,0.0,DDOS attack-HOIC
2049,5670746,5670746,80,5670746.0,40,5670746,5670746,0.352687283,0,0,0.0,0.0,0,5670746.0,0.352687283,0,0.0,5670746,0.0,0.0,0.0,0,0,0,0.0,0.0,5670746,20,0.0,DDoS attacks-LOIC-HTTP
8192,172530,60748,443,21566.25,192,60748,172530,52.1648409,549,549,61.0,61.0,198,11502.0,92.73749493,1460,258.0,22,548.1428571,274.125,548.1428571,1460,3837,3837,230246.875,479.8404683,8,20,86.73811158,Infilteration
-1,120000000,582144,80,755.0742702,1269104,582144,119782717,1324.38138,5076416,5076416,32.0,32.0,32,755.0742702,1324.38138,32,32.0,0,0.0,32.00020172,0.0,0,0,0,0.0,0.0,0,8,0.0,DDOS attack-LOIC-UDP
8192,57159892,1017225,80,282969.762376237,4072,1017225,57162137,3.5513017997,56330,56330,277.4876847291,277.4876847291,680,186804.369281046,5.3706879433,1935,799.7337662338,224,1826.8076923077,802.338762215,1826.8076923077,1935,189988,189988,630672.853970134,794.1491383677,17,20,292.8687801257,Brute Force -XSS
-1,0,0,53,0.0,8,1388,1388,720.4610951,38,38,38.0,38.0,38,1388.0,1440.92219,120,65.33333333,0,120.0,98.0,120.0,120,120,120,2241.333333,47.34272207,1388,8,0.0,Infilteration
2049,6725651,6725651,80,6725651.0,40,6725651,6725651,0.297368983,0,0,0.0,0.0,0,6725651.0,0.297368983,0,0.0,6725651,0.0,0.0,0.0,0,0,0,0.0,0.0,6725651,20,0.0,DDoS attacks-LOIC-HTTP
26883,362104,102158,22,17243.0476190476,712,102158,362142,60.7496506895,1960,1960,89.0909090909,89.0909090909,640,8622.4285714286,118.7379536204,976,105.1136363636,292,126.9047619048,107.5581395349,126.9047619048,976,2665,2665,42226.8472515856,205.49172064,5,32,137.9533769037,SSH-Bruteforce
-1,0,0,53,0.0,8,1091,1091,916.5902841,45,45,45.0,45.0,45,1091.0,1833.180568,73,54.33333333,0,73.0,81.5,73.0,73,73,73,261.3333333,16.16580754,1091,8,0.0,Infilteration
26883,6984790,6971391,80,1746197.5,168,6971049,6984790,0.7158411348,488,488,97.6,97.6,488,997827.142857143,1.1453458157,972,162.2222222222,28,324.0,182.5,324.0,972,972,972,118260.444444444,343.8901633435,7,32,218.240234604,DoS attacks-GoldenEye
219,4624293,4118208,42366,1156073.25,168,4118202,4624293,1.081246366,935,935,187.0,187.0,935,513810.3333,2.162492731,935,167.3636364,24,181.2,184.1,181.2,302,906,906,83972.05455,289.7793204,6,32,418.1447118,Benign
26883,0,0,21,0.0,40,30,30,33333.33333,0,0,0.0,0.0,0,30.0,66666.66667,0,0.0,0,0.0,0.0,0.0,0,0,0,0.0,0.0,30,40,0.0,DoS attacks-SlowHTTPTest
26883,0,0,21,0.0,40,1,1,1000000.0,0,0,0.0,0.0,0,1.0,2000000.0,0,0.0,0,0.0,0.0,0.0,0,0,0,0.0,0.0,1,40,0.0,FTP-BruteForce
26883,0,0,21,0.0,40,5,5,200000.0,0,0,0.0,0.0,0,5.0,400000.0,0,0.0,0,0.0,0.0,0.0,0,0,0,0.0,0.0,5,40,0.0,DoS attacks-SlowHTTPTest
32738,1139,1139,80,1139.0,40,1139,1139,1755.926251,0,0,0.0,0.0,0,1139.0,1755.926251,0,0.0,1139,0.0,0.0,0.0,0,0,0,0.0,0.0,1139,20,0.0,DDOS attack-HOIC
65535,3549,3257,80,1774.5,72,3257,3841,781.0466024,309,309,103.0,103.0,309,640.1666667,1822.442072,935,155.5,292,233.75,177.7142857,233.75,935,935,935,110894.8571,333.0087944,4,20,178.4012332,DDOS attack-HOIC
8192,589,539,8080,294.5,72,11366,12235,245.1982019,326,326,108.6666667,108.6666667,326,2039.166667,572.1291377,326,56.875,50,32.25,65.0,32.25,112,129,129,13318.69643,115.4066568,19,20,188.2161878,Bot
32738,14536,14536,80,14536.0,40,14536,14536,137.5894331,0,0,0.0,0.0,0,14536.0,137.5894331,0,0.0,14536,0.0,0.0,0.0,0,0,0,0.0,0.0,14536,20,0.0,DDOS attack-HOIC
-1,0,0,53,0.0,8,1056,1056,946.9696969696968,45,45,45.0,45.0,45,1056.0,1893.9393939393935,61,50.333333333333336,0,61.0,75.5,61.0,61,61,61,85.33333333333333,9.237604307034012,1056,8,0.0,Benign
1024,0,0,1580,0.0,24,2,2,500000.0,0,0,0.0,0.0,0,2.0,1000000.0,0,0.0,0,0.0,0.0,0.0,0,0,0,0.0,0.0,2,24,0.0,Infilteration
26883,0,0,21,0.0,40,2,2,500000.0,0,0,0.0,0.0,0,2.0,1000000.0,0,0.0,0,0.0,0.0,0.0,0,0,0,0.0,0.0,2,40,0.0,DoS attacks-SlowHTTPTest
26883,0,0,21,0.0,40,20,20,50000.0,0,0,0.0,0.0,0,20.0,100000.0,0,0.0,0,0.0,0.0,0.0,0,0,0,0.0,0.0,20,40,0.0,DoS attacks-SlowHTTPTest
8192,754412,253278,445,188603.0,108,250622,754470,6.627168741,373,373,74.6,74.6,140,94308.75,11.92890373,140,54.5,37,43.0,60.55555556,43.0,133,172,172,4121.388889,64.19804428,37,20,70.28371077,Infilteration
256,468,468,8080,468.0,40,468,468,4273.504274,0,0,0.0,0.0,0,468.0,4273.504274,0,0.0,468,0.0,0.0,0.0,0,0,0,0.0,0.0,468,20,0.0,Bot
2052,510,510,8080,510.0,40,510,510,3921.568627,0,0,0.0,0.0,0,510.0,3921.568627,0,0.0,510,0.0,0.0,0.0,0,0,0,0.0,0.0,510,20,0.0,Bot
26883,355303,120304,22,16919.1904761905,712,120304,357237,61.5837665191,1912,1912,86.9090909091,86.9090909091,640,8307.8372093023,123.1675330383,976,101.7111111111,159,121.1363636364,104.0227272727,121.1363636364,976,2665,2665,41508.8464646465,203.7371995112,2,32,137.6880217811,SSH-Bruteforce
26883,0,0,21,0.0,40,4,4,250000.0,0,0,0.0,0.0,0,4.0,500000.0,0,0.0,0,0.0,0.0,0.0,0,0,0,0.0,0.0,4,40,0.0,FTP-BruteForce
26883,379778,99486,22,15824.0833333333,808,99486,380234,65.7489861506,1960,1960,78.4,78.4,640,8641.6818181818,118.3481750711,976,100.5434782609,229,133.25,102.7777777778,133.25,976,2665,2665,40819.809178744,202.039127841,4,32,132.3832819254,SSH-Bruteforce
26883,0,0,21,0.0,40,20,20,50000.0,0,0,0.0,0.0,0,20.0,100000.0,0,0.0,0,0.0,0.0,0.0,0,0,0,0.0,0.0,20,40,0.0,DoS attacks-SlowHTTPTest
8192,2241122,1182394,3389,320160.2857,172,953661,2241122,3.569640564,1128,1128,141.0,141.0,661,160080.1429,6.693076057,1173,169.3125,4,225.8571429,180.6,225.8571429,1173,1581,1581,100953.1625,317.731274,4,20,222.6233206,Infilteration
26883,354736,122912,22,16892.1904761905,712,122912,354854,61.9973284788,1912,1912,86.9090909091,86.9090909091,640,8654.9756097561,118.3585361867,976,106.4418604651,189,133.25,108.9761904762,133.25,976,2665,2665,42969.919158361,207.2918694941,3,32,137.6880217811,SSH-Bruteforce
26883,0,0,21,0.0,40,3,3,333333.3333,0,0,0.0,0.0,0,3.0,666666.6667,0,0.0,0,0.0,0.0,0.0,0,0,0,0.0,0.0,3,40,0.0,DoS attacks-SlowHTTPTest
2049,15600000,15600000,80,15600000.0,40,15600000,15626957,0.12798397,0,0,0.0,0.0,0,15600000.0,0.12798397,0,0.0,15600000,0.0,0.0,0.0,0,0,0,0.0,0.0,15600000,20,0.0,DDoS attacks-LOIC-HTTP
26883,3031951,2016057,80,1515975.5,120,2016057,3031951,0.9894619009,0,0,0.0,0.0,0,1515975.5,0.9894619009,0,0.0,1015894,0.0,0.0,0.0,0,0,0,0.0,0.0,1015894,40,0.0,DoS attacks-Slowloris
65535,1361,1080,65340,340.25,124,698,1361,3673.769287,935,935,187.0,187.0,935,226.8333333,5143.277002,935,154.25,6,149.5,176.2857143,149.5,299,299,299,110468.7857,332.3684487,6,20,418.1447118,Benign
8192,1509,855,80,754.5,72,719896,721431,4.158401843,20,20,6.666666667,6.666666667,20,120238.5,9.702937634,964,123.0,654,241.0,140.5714286,241.0,964,964,964,115523.4286,339.8873763,3,20,11.54700538,DDoS attacks-LOIC-HTTP
1024,0,0,3920,0.0,24,2,2,500000.0,0,0,0.0,0.0,0,2.0,1000000.0,0,0.0,0,0.0,0.0,0.0,0,0,0,0.0,0.0,2,24,0.0,Infilteration
-1,0,0,53,0.0,8,841,841,1189.0606420928,50,50,50.0,50.0,50,841.0,2378.1212841855,128,76.0,0,128.0,114.0,128.0,128,128,128,2028.0,45.0333209968,841,8,0.0,Benign
-1,120000000,719009,80,1058.409261,906480,719009,119927295,944.8224443,3625920,3625920,32.0,32.0,32,1058.409261,944.8224443,32,32.0,0,0.0,32.00028241,0.0,0,0,0,0.0,0.0,0,8,0.0,DDOS attack-LOIC-UDP
225,29906,29906,80,29906.0,64,29906,29906,66.87621213,0,0,0.0,0.0,0,29906.0,66.87621213,0,0.0,29906,0.0,0.0,0.0,0,0,0,0.0,0.0,29906,32,0.0,DoS attacks-Hulk
26883,212373,64111,22,10618.65,680,64111,212426,98.8579552409,1928,1928,91.8095238095,91.8095238095,640,5057.7619047619,202.4234321599,976,104.3863636364,306,121.1363636364,106.8139534884,121.1363636364,976,2665,2665,42227.9635306554,205.4944367389,3,32,139.7510712115,SSH-Bruteforce
8192,585,533,8080,292.5,72,10087,11070,271.00271,326,326,108.6666667,108.6666667,326,1845.0,632.3396567,326,56.875,52,32.25,65.0,32.25,112,129,129,13318.69643,115.4066568,21,20,188.2161878,Bot
32738,4369,4369,80,4369.0,40,4369,4369,457.7706569,0,0,0.0,0.0,0,4369.0,457.7706569,0,0.0,4369,0.0,0.0,0.0,0,0,0,0.0,0.0,4369,20,0.0,DDOS attack-HOIC
225,7865,7865,80,7865.0,64,7865,7865,254.2911634,0,0,0.0,0.0,0,7865.0,254.2911634,0,0.0,7865,0.0,0.0,0.0,0,0,0,0.0,0.0,7865,32,0.0,DoS attacks-Hulk
26883,0,0,21,0.0,40,5,5,200000.0,0,0,0.0,0.0,0,5.0,400000.0,0,0.0,0,0.0,0.0,0.0,0,0,0,0.0,0.0,5,40,0.0,DoS attacks-SlowHTTPTest
-1,0,0,53,0.0,8,332,332,3012.048193,40,40,40.0,40.0,40,332.0,6024.096386,56,45.33333333,0,56.0,68.0,56.0,56,56,56,85.33333333,9.237604307,332,8,0.0,Infilteration
1024,0,0,1971,0.0,24,2,2,500000.0,0,0,0.0,0.0,0,2.0,1000000.0,0,0.0,0,0.0,0.0,0.0,0,0,0,0.0,0.0,2,24,0.0,Benign
2047,130,130,80,130.0,40,130,130,15384.6153846154,0,0,0.0,0.0,0,130.0,15384.6153846154,0,0.0,130,0.0,0.0,0.0,0,0,0,0.0,0.0,130,20,0.0,Brute Force -Web
65535,10349,10018,80,5174.5,72,10018,10603,282.9387909,274,274,91.33333333,91.33333333,274,1767.166667,660.1905121,935,151.125,331,233.75,172.7142857,233.75,935,935,935,109512.9821,330.9274575,7,20,158.1939738,DDOS attack-HOIC
26883,326470,90044,22,15546.1904761905,712,90044,326592,67.3623358809,1912,1912,86.9090909091,86.9090909091,640,7965.6585365854,128.6008230453,976,106.4418604651,207,133.25,108.9761904762,133.25,976,2665,2665,42969.919158361,207.2918694941,3,32,137.6880217811,SSH-Bruteforce
32738,58479,58479,80,58479.0,40,58479,58479,34.20031122,0,0,0.0,0.0,0,58479.0,34.20031122,0,0.0,58479,0.0,0.0,0.0,0,0,0,0.0,0.0,58479,20,0.0,DDOS attack-HOIC
8192,514,438,8080,257.0,72,11423,12214,245.6197806,326,326,108.6666667,108.6666667,326,2035.666667,573.1128214,326,56.875,76,32.25,65.0,32.25,112,129,129,13318.69643,115.4066568,1,20,188.2161878,Bot
26883,17624,17254,80,5874.6666666667,136,5004478,5022102,0.7964792432,465,465,116.25,116.25,465,717443.142857143,1.5929584863,662,125.2222222222,43,165.5,140.875,165.5,662,662,662,64167.9444444444,253.3139246951,7,32,232.5,DoS attacks-GoldenEye
26883,0,0,21,0.0,40,4,4,250000.0,0,0,0.0,0.0,0,4.0,500000.0,0,0.0,0,0.0,0.0,0.0,0,0,0,0.0,0.0,4,40,0.0,DoS attacks-SlowHTTPTest
26883,0,0,21,0.0,40,2,2,500000.0,0,0,0.0,0.0,0,2.0,1000000.0,0,0.0,0,0.0,0.0,0.0,0,0,0,0.0,0.0,2,40,0.0,FTP-BruteForce
225,5131,5131,80,5131.0,64,5131,5131,389.7875658,0,0,0.0,0.0,0,5131.0,389.7875658,0,0.0,5131,0.0,0.0,0.0,0,0,0,0.0,0.0,5131,32,0.0,DoS attacks-Hulk
225,432,432,80,432.0,64,432,432,4629.62963,0,0,0.0,0.0,0,432.0,4629.62963,0,0.0,432,0.0,0.0,0.0,0,0,0,0.0,0.0,432,32,0.0,DoS attacks-Hulk
26883,2392,2005,80,797.3333333333,136,5002148,5004540,0.799274259,347,347,86.75,86.75,347,714934.285714286,1.5985485179,972,146.5555555556,64,243.0,164.875,243.0,972,972,972,108985.777777778,330.1299407472,6,32,173.5,DoS attacks-GoldenEye
26883,122069,120831,80,40689.6666666667,136,5002705,5124774,0.780522224,435,435,108.75,108.75,435,732110.571428572,1.561044448,972,156.3333333333,279,243.0,175.875,243.0,972,972,972,114256.0,338.0177510132,4,32,217.5,DoS attacks-GoldenEye
26883,0,0,21,0.0,40,1,1,1000000.0,0,0,0.0,0.0,0,1.0,2000000.0,0,0.0,0,0.0,0.0,0.0,0,0,0,0.0,0.0,1,40,0.0,FTP-BruteForce
8192,583,540,8080,291.5,72,9452,10352,289.7990726,326,326,108.6666667,108.6666667,326,1725.333333,676.1978362,326,56.875,43,32.25,65.0,32.25,112,129,129,13318.69643,115.4066568,1,20,188.2161878,Bot
8192,548,497,8080,274.0,72,9713,10779,278.3189535,326,326,108.6666667,108.6666667,326,1796.5,649.4108915,326,56.875,51,32.25,65.0,32.25,112,129,129,13318.69643,115.4066568,1,20,188.2161878,Bot
26883,7015400,6971116,80,1753850.0,168,6970810,7015400,0.7127177353,430,430,86.0,86.0,430,1002200.0,1.1403483764,972,155.7777777778,33,324.0,175.25,324.0,972,972,972,113910.444444444,337.5062139346,3,32,192.301846065,DoS attacks-GoldenEye
2049,4725787,4725787,80,4725787.0,40,4725787,4725787,0.423209933,0,0,0.0,0.0,0,4725787.0,0.423209933,0,0.0,4725787,0.0,0.0,0.0,0,0,0,0.0,0.0,4725787,20,0.0,DDoS attacks-LOIC-HTTP
26883,1647,1013,80,549.0,136,5000997,5002644,0.7995771836,449,449,112.25,112.25,449,714663.428571429,1.5991543672,972,157.8888888889,303,243.0,177.625,243.0,972,972,972,115253.111111111,339.4894860097,6,32,224.5,DoS attacks-GoldenEye
2052,538,538,8080,538.0,40,538,538,3717.472119,0,0,0.0,0.0,0,538.0,3717.472119,0,0.0,538,0.0,0.0,0.0,0,0,0,0.0,0.0,538,20,0.0,Bot
8192,3978066,1275009,3389,306005.076923077,292,956104,3978066,3.519298071,1438,1438,102.7142857143,102.7142857143,725,189431.714285714,5.5303255401,1179,137.7826086957,46824,216.375,144.0454545455,216.375,1179,1731,1731,77808.2687747036,278.9413357226,60,20,191.221751487,Benign
26883,0,0,21,0.0,40,19,19,52631.5789473684,0,0,0.0,0.0,0,19.0,105263.157894737,0,0.0,0,0.0,0.0,0.0,0,0,0,0.0,0.0,19,40,0.0,FTP-BruteForce
-1,120000000,650122,80,1023.247157,937160,650122,119867265,977.2893375,3748640,3748640,32.0,32.0,32,1023.247157,977.2893375,32,32.0,0,0.0,32.00027317,0.0,0,0,0,0.0,0.0,0,8,0.0,DDOS attack-LOIC-UDP
-1,120000000,674276,80,927.0045678,1033328,674276,119736545,1078.751688,4133312,4133312,32.0,32.0,32,927.0045678,1078.751688,32,32.0,0,0.0,32.00024774,0.0,0,0,0,0.0,0.0,0,8,0.0,DDOS attack-LOIC-UDP
26883,0,0,21,0.0,40,19,19,52631.5789473684,0,0,0.0,0.0,0,19.0,105263.157894737,0,0.0,0,0.0,0.0,0.0,0,0,0,0.0,0.0,19,40,0.0,FTP-BruteForce
225,3287,3287,80,3287.0,64,3287,3287,608.4575601,0,0,0.0,0.0,0,3287.0,608.4575601,0,0.0,3287,0.0,0.0,0.0,0,0,0,0.0,0.0,3287,32,0.0,DoS attacks-Hulk
26883,0,0,21,0.0,40,35,35,28571.4285714286,0,0,0.0,0.0,0,35.0,57142.8571428571,0,0.0,0,0.0,0.0,0.0,0,0,0,0.0,0.0,35,40,0.0,FTP-BruteForce
26883,0,0,21,0.0,40,18,18,55555.5555555556,0,0,0.0,0.0,0,18.0,111111.111111111,0,0.0,0,0.0,0.0,0.0,0,0,0,0.0,0.0,18,40,0.0,FTP-BruteForce
8192,2313636,864295,445,385606.0,152,864193,2313636,3.0255407506,537,537,76.7142857143,76.7142857143,140,210330.545454545,5.1866412867,145,67.3076923077,4692,67.6,72.9166666667,67.6,145,338,338,3704.3974358974,60.8637612697,72,20,57.4998964802,Benign
65535,15380,15038,80,7690.0,72,15038,21676,138.4019192,266,266,88.66666667,88.66666667,266,3612.666667,322.9378114,935,150.125,342,233.75,171.5714286,233.75,935,935,935,109240.125,330.5149391,2,20,153.5751716,DDOS attack-HOIC
180,0,0,49735,0.0,20,23,23,43478.260869565216,0,0,0.0,0.0,0,23.0,86956.52173913043,0,0.0,0,0.0,0.0,0.0,0,0,0,0.0,0.0,23,20,0.0,Benign
8192,319,289,80,159.5,72,1368891,1369244,2.190990065,20,20,6.666666667,6.666666667,20,228207.3333,5.112310151,964,123.0,30,241.0,140.5714286,241.0,964,964,964,115523.4286,339.8873763,6,20,11.54700538,DDoS attacks-LOIC-HTTP
8192,65017,64038,80,21672.3333333333,92,4940116,5005133,0.7991795623,646,646,161.5,161.5,646,715019.0,1.5983591245,646,112.2222222222,259,91.0,126.25,91.0,364,364,364,54558.4444444445,233.5774913052,17,20,323.0,Brute Force -Web
26883,0,0,21,0.0,40,17,17,58823.5294117647,0,0,0.0,0.0,0,17.0,117647.058823529,0,0.0,0,0.0,0.0,0.0,0,0,0,0.0,0.0,17,40,0.0,FTP-BruteForce
2052,492,492,8080,492.0,40,492,492,4065.04065,0,0,0.0,0.0,0,492.0,4065.04065,0,0.0,492,0.0,0.0,0.0,0,0,0,0.0,0.0,492,20,0.0,Bot
8192,116000000,10000000,443,6079359.316,412,10000000,115507827,0.17314844,943,943,47.15,47.15,517,2961739.154,0.346296879,1460,139.902439,15,239.65,143.4,239.65,1460,4793,4793,151232.2902,388.8859605,1,20,133.2367402,Infilteration
8192,372722,111132,443,46590.25,192,95767,372722,24.14668305,512,512,56.88888889,56.88888889,194,24848.13333,42.92743653,1430,293.1764706,18,638.8571429,311.5,638.8571429,1430,4472,4472,273999.2794,523.4494048,1,20,83.48269947,Infilteration
8192,317,316,80,158.5,72,1527864,1528210,1.96308099,20,20,6.666666667,6.666666667,20,254701.6667,4.58052231,964,123.0,1,241.0,140.5714286,241.0,964,964,964,115523.4286,339.8873763,1,20,11.54700538,DDoS attacks-LOIC-HTTP
211,99999783,99999783,80,99999783.0,64,99999782,99999784,0.0200000432,16,16,8.0,8.0,8,33333261.3333333,0.0400000864,8,4.8,99999783,0.0,6.0,0.0,0,0,0,19.2,4.38178046,1,32,0.0,DoS attacks-Slowloris
-1,120000000,561742,80,1037.824954,923832,561742,119845950,963.5619727,3695328,3695328,32.0,32.0,32,1037.824954,963.5619727,32,32.0,0,0.0,32.00027711,0.0,0,0,0,0.0,0.0,0,8,0.0,DDOS attack-LOIC-UDP
-1,89479443,41990204,500,17895888.6,48,41990204,89479443,0.0670545077,3000,3000,500.0,500.0,500,17895888.6,0.0670545077,500,500.0,4000225,0.0,583.3333333333,0.0,0,0,0,0.0,0.0,4000225,8,0.0,Brute Force -Web
32738,2774,2774,80,2774.0,40,2774,2774,720.9805335,0,0,0.0,0.0,0,2774.0,720.9805335,0,0.0,2774,0.0,0.0,0.0,0,0,0,0.0,0.0,2774,20,0.0,DDOS attack-HOIC
-1,89479768,41990317,500,17895953.6,48,41990317,89479768,0.0670542642,3000,3000,500.0,500.0,500,17895953.6,0.0670542642,500,500.0,4000355,0.0,583.3333333333,0.0,0,0,0,0.0,0.0,4000355,8,0.0,Brute Force -Web
26883,0,0,21,0.0,40,19,19,52631.5789473684,0,0,0.0,0.0,0,19.0,105263.157894737,0,0.0,0,0.0,0.0,0.0,0,0,0,0.0,0.0,19,40,0.0,FTP-BruteForce
-1,89479625,41990340,500,17895925.0,48,41990340,89479625,0.0670543713,3000,3000,500.0,500.0,500,17895925.0,0.0670543713,500,500.0,4000280,0.0,583.3333333333,0.0,0,0,0,0.0,0.0,4000280,8,0.0,Brute Force -Web
252,11900000,11900000,80,11900000.0,40,11900000,11935854,0.167562371,0,0,0.0,0.0,0,11900000.0,0.167562371,0,0.0,11900000,0.0,0.0,0.0,0,0,0,0.0,0.0,11900000,20,0.0,DDoS attacks-LOIC-HTTP
8192,323,274,80,161.5,72,1394107,1394456,2.151376594,20,20,6.666666667,6.666666667,20,232409.3333,5.01987872,964,123.0,49,241.0,140.5714286,241.0,964,964,964,115523.4286,339.8873763,6,20,11.54700538,DDoS attacks-LOIC-HTTP
8192,394,370,80,197.0,72,1157239,1157660,2.591434445,20,20,6.666666667,6.666666667,20,192943.3333,6.046680372,964,123.0,24,241.0,140.5714286,241.0,964,964,964,115523.4286,339.8873763,3,20,11.54700538,DDoS attacks-LOIC-HTTP
2052,483,483,8080,483.0,40,483,483,4140.786749,0,0,0.0,0.0,0,483.0,4140.786749,0,0.0,483,0.0,0.0,0.0,0,0,0,0.0,0.0,483,20,0.0,Bot
8192,1611973,1047314,3389,230281.8571428572,168,967248,1611973,4.962862281192054,1148,1148,143.5,143.5,677,115140.92857142857,9.305366777235102,1173,170.56250000000003,16079,225.8571428571429,181.9333333333333,225.8571428571429,1173,1581,1581,102037.59583333335,319.4332415909987,40,20,228.12966237897004,Benign
1024,0,0,6567,0.0,24,2,2,500000.0,0,0,0.0,0.0,0,2.0,1000000.0,0,0.0,0,0.0,0.0,0.0,0,0,0,0.0,0.0,2,24,0.0,Infilteration
8192,1927518,664409,3389,214168.666666667,212,664409,1927518,5.1880189965,671,671,67.1,67.1,187,120469.875,8.819632294,197,54.0,3,43.0,57.1764705882,43.0,197,301,301,4746.5882352941,68.8954877717,3,20,68.118279485,Benign
2052,492,492,8080,492.0,40,492,492,4065.04065,0,0,0.0,0.0,0,492.0,4065.04065,0,0.0,492,0.0,0.0,0.0,0,0,0,0.0,0.0,492,20,0.0,Bot
225,9809,9809,80,9809.0,64,9809,9809,203.8943827,0,0,0.0,0.0,0,9809.0,203.8943827,0,0.0,9809,0.0,0.0,0.0,0,0,0,0.0,0.0,9809,32,0.0,DoS attacks-Hulk
8192,2336678,1131568,3389,259630.88888888888,212,953204,2336678,4.279579813735568,1132,1132,113.2,113.2,661,146042.375,7.275285683350466,1173,150.72222222222223,3,225.8571428571429,159.58823529411765,225.8571428571429,1173,1581,1581,92100.68300653594,303.48094339931123,3,20,205.3424240411881,Benign
26883,0,0,21,0.0,40,1,1,1000000.0,0,0,0.0,0.0,0,1.0,2000000.0,0,0.0,0,0.0,0.0,0.0,0,0,0,0.0,0.0,1,40,0.0,FTP-BruteForce
241,0,0,22,0.0,32,6,6,166666.666666667,0,0,0.0,0.0,0,6.0,333333.333333333,0,0.0,0,0.0,0.0,0.0,0,0,0,0.0,0.0,6,32,0.0,SSH-Bruteforce
2049,16900000,16900000,80,16900000.0,40,16900000,16869026,0.118560491,0,0,0.0,0.0,0,16900000.0,0.118560491,0,0.0,16900000,0.0,0.0,0.0,0,0,0,0.0,0.0,16900000,20,0.0,DDoS attacks-LOIC-HTTP
8192,148228,49882,443,29645.6,132,20500000,20679515,0.290142201,709,709,118.1666667,118.1666667,388,1590731.923,0.676998469,1460,293.6,353,461.875,314.5714286,461.875,1460,3695,3695,257668.8286,507.6109027,0,20,159.6225757,Infilteration
8192,586,529,8080,293.0,72,10565,11523,260.3488675,326,326,108.6666667,108.6666667,326,1920.5,607.4806908,326,56.875,57,32.25,65.0,32.25,112,129,129,13318.69643,115.4066568,1,20,188.2161878,Bot
211,0,0,80,0.0,32,2,2,500000.0,8,8,8.0,8.0,8,2.0,1000000.0,8,5.3333333333,0,0.0,8.0,0.0,0,0,0,21.3333333333,4.6188021535,2,32,0.0,DoS attacks-Slowloris
225,8450,8450,80,8450.0,64,8450,8450,236.6863905,0,0,0.0,0.0,0,8450.0,236.6863905,0,0.0,8450,0.0,0.0,0.0,0,0,0,0.0,0.0,8450,32,0.0,DoS attacks-Hulk
256,489,489,8080,489.0,40,489,489,4089.97955,0,0,0.0,0.0,0,489.0,4089.97955,0,0.0,489,0.0,0.0,0.0,0,0,0,0.0,0.0,489,20,0.0,Bot
65535,1080,807,80,540.0,72,807,1424,2106.741573,309,309,103.0,103.0,309,237.3333333,4915.730337,935,155.5,273,233.75,177.7142857,233.75,935,935,935,110894.8571,333.0087944,3,20,178.4012332,DDOS attack-HOIC
26883,302830,52616,22,15141.5,680,44300,303389,69.2180665746,1912,1912,91.0476190476,91.0476190476,640,7223.5476190476,141.7322315575,976,104.0227272727,264,121.1363636364,106.4418604651,121.1363636364,976,2665,2665,42228.1157505285,205.4948071133,5,32,139.6790879804,SSH-Bruteforce
26883,0,0,21,0.0,40,3,3,333333.3333,0,0,0.0,0.0,0,3.0,666666.6667,0,0.0,0,0.0,0.0,0.0,0,0,0,0.0,0.0,3,40,0.0,DoS attacks-SlowHTTPTest
26883,0,0,21,0.0,40,21,21,47619.04762,0,0,0.0,0.0,0,21.0,95238.09524,0,0.0,0,0.0,0.0,0.0,0,0,0,0.0,0.0,21,40,0.0,DoS attacks-SlowHTTPTest
-1,42690,42690,53,42690.0,16,42397,43087,46.417713,62,62,31.0,31.0,31,14362.33333,92.835426,87,53.4,42690,87.0,66.75,87.0,87,174,174,940.8,30.67246322,293,8,0.0,Infilteration
-1,0,0,53,0.0,8,11829,11829,84.53799983,46,46,46.0,46.0,46,11829.0,169.0759997,131,74.33333333,0,131.0,111.5,131.0,131,131,131,2408.333333,49.07477288,11829,8,0.0,Infilteration
26883,2377,1428,80,792.3333333333,136,5002016,5004393,0.799297737,354,354,88.5,88.5,354,714913.285714286,1.598595474,662,112.8888888889,341,165.5,127.0,165.5,662,662,662,56108.1111111111,236.8715075967,6,32,177.0,DoS attacks-GoldenEye
2052,488,488,8080,488.0,40,488,488,4098.360656,0,0,0.0,0.0,0,488.0,4098.360656,0,0.0,488,0.0,0.0,0.0,0,0,0,0.0,0.0,488,20,0.0,Bot
26883,0,0,21,0.0,40,5,5,200000.0,0,0,0.0,0.0,0,5.0,400000.0,0,0.0,0,0.0,0.0,0.0,0,0,0,0.0,0.0,5,40,0.0,FTP-BruteForce
26883,0,0,21,0.0,40,2,2,500000.0,0,0,0.0,0.0,0,2.0,1000000.0,0,0.0,0,0.0,0.0,0.0,0,0,0,0.0,0.0,2,40,0.0,FTP-BruteForce
1024,0,0,52673,0.0,24,2,2,500000.0,0,0,0.0,0.0,0,2.0,1000000.0,0,0.0,0,0.0,0.0,0.0,0,0,0,0.0,0.0,2,24,0.0,Infilteration
-1,0,0,53,0.0,8,286,286,3496.503497,53,53,53.0,53.0,53,286.0,6993.006993,181,95.66666667,0,181.0,143.5,181.0,181,181,181,5461.333333,73.90083446,286,8,0.0,Infilteration
26883,0,0,21,0.0,40,4,4,250000.0,0,0,0.0,0.0,0,4.0,500000.0,0,0.0,0,0.0,0.0,0.0,0,0,0,0.0,0.0,4,40,0.0,DoS attacks-SlowHTTPTest
32738,16191,16191,80,16191.0,40,16191,16191,123.5254154,0,0,0.0,0.0,0,16191.0,123.5254154,0,0.0,16191,0.0,0.0,0.0,0,0,0,0.0,0.0,16191,20,0.0,DDOS attack-HOIC
226,94670118,94670118,80,94670118.0,64,94670118,94670120,0.0211259899,410,410,205.0,205.0,410,47335060.0,0.0316889849,410,102.5,94670118,0.0,136.6666666667,0.0,0,0,0,42025.0,205.0,2,32,289.9137802865,DoS attacks-GoldenEye
-1,89479434,41990230,500,17895886.8,48,41990230,89479434,0.0670545144,3000,3000,500.0,500.0,500,17895886.8,0.0670545144,500,500.0,4000287,0.0,583.3333333333,0.0,0,0,0,0.0,0.0,4000287,8,0.0,Brute Force -Web
8192,1683805,1118737,3389,240543.5714,172,953137,1683805,4.751143986,1128,1128,141.0,141.0,661,120271.7857,8.908394974,1173,169.3125,2,225.8571429,180.6,225.8571429,1173,1581,1581,100953.1625,317.731274,2,20,222.6233206,Infilteration
-1,0,0,53,0.0,8,1672,1672,598.0861244019,41,41,41.0,41.0,41,1672.0,1196.1722488038,104,62.0,0,104.0,93.0,104.0,104,104,104,1323.0,36.3730669589,1672,8,0.0,Benign
26883,0,0,21,0.0,40,3,3,333333.333333333,0,0,0.0,0.0,0,3.0,666666.666666667,0,0.0,0,0.0,0.0,0.0,0,0,0,0.0,0.0,3,40,0.0,FTP-BruteForce
26883,100012481,99999399,80,25003120.25,168,99999397,100012482,0.0499937598,246,246,49.2,49.2,230,12501560.25,0.0899887676,230,24.6,104,0.0,27.3333333333,0.0,0,0,0,5219.6,72.2467992371,1,32,101.1493944619,DoS attacks-Slowloris
221,1889982,1889982,80,1889982.0,64,1889982,1889982,1.0582111364,0,0,0.0,0.0,0,1889982.0,1.0582111364,0,0.0,1889982,0.0,0.0,0.0,0,0,0,0.0,0.0,1889982,32,0.0,DoS attacks-GoldenEye
-1,0,0,53,0.0,8,900,900,1111.111111,47,47,47.0,47.0,47,900.0,2222.222222,132,75.33333333,0,132.0,113.0,132.0,132,132,132,2408.333333,49.07477288,900,8,0.0,Infilteration
123,186,79,53847,23.25,180,79,186,48387.09677,321,321,35.66666667,35.66666667,42,20.66666667,53763.44086,42,32.63636364,1,0.0,35.9,0.0,0,0,0,271.6545455,16.48194605,1,20,13.87443693,Infilteration
256,109664,109664,22,109664.0,80,109664,109664,18.23752553,0,0,0.0,0.0,0,109664.0,18.23752553,0,0.0,109664,0.0,0.0,0.0,0,0,0,0.0,0.0,109664,40,0.0,Infilteration
26883,386399,121676,22,18399.9523809524,712,121676,386442,56.9296298021,1960,1960,89.0909090909,89.0909090909,640,9425.4146341463,108.6838387132,976,107.5581395349,262,133.25,110.119047619,133.25,976,2665,2665,42963.0620155039,207.2753290083,4,32,137.9533769037,SSH-Bruteforce
-1,120000000,610604,80,947.0736806,1012704,610604,119887216,1055.892398,4050816,4050816,32.0,32.0,32,947.0736806,1055.892398,32,32.0,0,0.0,32.00025279,0.0,0,0,0,0.0,0.0,0,8,0.0,DDOS attack-LOIC-UDP
8192,372,276,80,186.0,72,256,706,4249.291784702549,161,161,53.66666666666666,53.66666666666666,161,117.66666666666669,9915.014164305949,488,81.125,96,122.0,92.71428571428572,122.0,488,488,488,30202.125,173.78758586274222,1,20,92.95339333952974,Benign
8192,5004064,4940676,80,1251016.0,112,4940676,5004064,0.9991878601,646,646,129.2,129.2,646,714866.285714286,1.5987005762,646,112.2222222222,339,121.3333333333,126.25,121.3333333333,364,364,364,54558.4444444445,233.5774913052,18,20,288.899982693,Brute Force -Web
225,8317,8317,80,8317.0,64,8317,8317,240.4713238,0,0,0.0,0.0,0,8317.0,240.4713238,0,0.0,8317,0.0,0.0,0.0,0,0,0,0.0,0.0,8317,32,0.0,DoS attacks-Hulk
2047,8,8,80,8.0,40,8,8,250000.0,0,0,0.0,0.0,0,8.0,250000.0,0,0.0,8,0.0,0.0,0.0,0,0,0,0.0,0.0,8,20,0.0,Brute Force -Web
226,23008365,23008365,80,23008365.0,64,23008365,23008365,0.0869249075,0,0,0.0,0.0,0,23008365.0,0.0869249075,0,0.0,23008365,0.0,0.0,0.0,0,0,0,0.0,0.0,23008365,32,0.0,DoS attacks-GoldenEye
-1,120000000,875532,80,1631.844015,586320,875532,119596216,612.8120308,2345280,2345280,32.0,32.0,32,1631.844015,612.8120308,32,32.0,1,0.0,32.00043662,0.0,0,0,0,0.0,0.0,1,8,0.0,DDOS attack-LOIC-UDP
211,0,0,80,0.0,32,7,7,142857.142857143,8,8,8.0,8.0,8,7.0,285714.285714286,8,5.3333333333,0,0.0,8.0,0.0,0,0,0,21.3333333333,4.6188021535,7,32,0.0,DoS attacks-Slowloris
26883,0,0,21,0.0,40,2,2,500000.0,0,0,0.0,0.0,0,2.0,1000000.0,0,0.0,0,0.0,0.0,0.0,0,0,0,0.0,0.0,2,40,0.0,DoS attacks-SlowHTTPTest
26883,0,0,21,0.0,40,1,1,1000000.0,0,0,0.0,0.0,0,1.0,2000000.0,0,0.0,0,0.0,0.0,0.0,0,0,0,0.0,0.0,1,40,0.0,DoS attacks-SlowHTTPTest
221,1965867,1965867,80,1965867.0,64,1965867,1965867,1.0173628226,0,0,0.0,0.0,0,1965867.0,1.0173628226,0,0.0,1965867,0.0,0.0,0.0,0,0,0,0.0,0.0,1965867,32,0.0,DoS attacks-GoldenEye
254,270,158,443,135.0,60,158,270,11111.11111,46,46,15.33333333,15.33333333,46,135.0,11111.11111,46,11.5,112,0.0,15.33333333,0.0,0,0,0,529.0,23.0,112,20,26.55811238,Infilteration
26883,7010100,6966690,80,1752525.0,168,6966399,7010100,0.7132565869,522,522,104.4,104.4,522,1001442.85714286,1.1412105391,972,166.0,363,324.0,186.75,324.0,972,972,972,121158.0,348.0775775599,5,32,233.445496851,DoS attacks-GoldenEye
225,14213,14213,80,14213.0,64,14213,14213,140.7162457,0,0,0.0,0.0,0,14213.0,140.7162457,0,0.0,14213,0.0,0.0,0.0,0,0,0,0.0,0.0,14213,32,0.0,DoS attacks-Hulk
26883,0,0,21,0.0,40,21,21,47619.04762,0,0,0.0,0.0,0,21.0,95238.09524,0,0.0,0,0.0,0.0,0.0,0,0,0,0.0,0.0,21,40,0.0,DoS attacks-SlowHTTPTest
225,29319,29319,80,29319.0,64,29319,29319,68.21515058,0,0,0.0,0.0,0,29319.0,68.21515058,0,0.0,29319,0.0,0.0,0.0,0,0,0,0.0,0.0,29319,32,0.0,DoS attacks-Hulk
1024,0,0,32769,0.0,24,278,278,3597.122302,0,0,0.0,0.0,0,278.0,7194.244604,0,0.0,0,0.0,0.0,0.0,0,0,0,0.0,0.0,278,24,0.0,Infilteration
211,101011209,101011209,80,101011209.0,64,101011207,101011211,0.0197997824,16,16,8.0,8.0,8,33670403.6666667,0.0395995648,8,4.8,101011209,0.0,6.0,0.0,0,0,0,19.2,4.38178046,2,32,0.0,DoS attacks-Slowloris
8192,820993,279783,445,205248.25,112,274066,821051,6.089755691,373,373,74.6,74.6,140,102631.375,10.96156024,140,54.5,438,43.0,60.55555556,43.0,133,172,172,4121.388889,64.19804428,44,20,70.28371077,Infilteration
-1,120000000,689469,80,937.3169801,1020968,689469,119620393,1066.883303,4083872,4083872,32.0,32.0,32,937.3169801,1066.883303,32,32.0,0,0.0,32.00025074,0.0,0,0,0,0.0,0.0,0,8,0.0,DDOS attack-LOIC-UDP
8192,1151,767,80,575.5,72,1079016,1080204,2.777253186,20,20,6.666666667,6.666666667,20,180034.0,6.480257433,964,123.0,384,241.0,140.5714286,241.0,964,964,964,115523.4286,339.8873763,8,20,11.54700538,DDoS attacks-LOIC-HTTP
2049,29500000,29500000,80,29500000.0,40,29500000,29495346,0.067807308,0,0,0.0,0.0,0,29500000.0,0.067807308,0,0.0,29500000,0.0,0.0,0.0,0,0,0,0.0,0.0,29500000,20,0.0,DDoS attacks-LOIC-HTTP
-1,0,0,53,0.0,8,12495,12495,80.03201281,40,40,40.0,40.0,40,12495.0,160.0640256,96,58.66666667,0,96.0,88.0,96.0,96,96,96,1045.333333,32.33161507,12495,8,0.0,Benign
26883,0,0,21,0.0,40,1,1,1000000.0,0,0,0.0,0.0,0,1.0,2000000.0,0,0.0,0,0.0,0.0,0.0,0,0,0,0.0,0.0,1,40,0.0,FTP-BruteForce
2049,38100000,38100000,80,38100000.0,40,38100000,38052478,0.052558995,0,0,0.0,0.0,0,38100000.0,0.052558995,0,0.0,38100000,0.0,0.0,0.0,0,0,0,0.0,0.0,38100000,20,0.0,DDoS attacks-LOIC-HTTP
-1,120000000,917590,80,1673.476747,571968,917590,119645220,597.566706,2287872,2287872,32.0,32.0,32,1673.476747,597.566706,32,32.0,1,0.0,32.00044758,0.0,0,0,0,0.0,0.0,1,8,0.0,DDOS attack-LOIC-UDP
26883,0,0,21,0.0,40,23,23,43478.26087,0,0,0.0,0.0,0,23.0,86956.52174,0,0.0,0,0.0,0.0,0.0,0,0,0,0.0,0.0,23,40,0.0,DoS attacks-SlowHTTPTest
8192,481,431,8080,240.5,72,9725,10515,285.3067047,326,326,108.6666667,108.6666667,326,1752.5,665.7156443,326,56.875,50,32.25,65.0,32.25,112,129,129,13318.69643,115.4066568,1,20,188.2161878,Bot
279,119,119,22,119.0,40,119,119,16806.72269,0,0,0.0,0.0,0,119.0,16806.72269,0,0.0,119,0.0,0.0,0.0,0,0,0,0.0,0.0,119,20,0.0,Infilteration
-1,120000000,727857,80,958.693481,999672,727857,119796420,1043.09461,3998688,3998688,32.0,32.0,32,958.693481,1043.09461,32,32.0,0,0.0,32.00025608,0.0,0,0,0,0.0,0.0,0,8,0.0,DDOS attack-LOIC-UDP
-1,120000000,1110331,80,866.1276313,1105944,1110331,119735216,1154.572603,4423776,4423776,32.0,32.0,32,866.1276313,1154.572603,32,32.0,0,0.0,32.00023148,0.0,0,0,0,0.0,0.0,0,8,0.0,DDOS attack-LOIC-UDP
26883,263269,262457,80,87756.3333333333,136,5004731,5268000,0.7593014427,407,407,101.75,101.75,407,752571.428571429,1.5186028853,972,153.2222222222,333,243.0,172.375,243.0,972,972,972,112392.444444444,335.249823929,8,32,203.5,DoS attacks-GoldenEye
-1,120000000,571126,80,882.608907,1087688,571126,119999507,1133.012988,4350752,4350752,32.0,32.0,32,882.608907,1133.012988,32,32.0,0,0.0,32.00023536,0.0,0,0,0,0.0,0.0,0,8,0.0,DDOS attack-LOIC-UDP
8192,59641,58622,80,19880.3333333333,92,4948678,5008319,0.7986711709,646,646,161.5,161.5,646,715474.142857143,1.5973423418,646,112.2222222222,394,91.0,126.25,91.0,364,364,364,54558.4444444445,233.5774913052,18,20,323.0,Brute Force -Web
-1,77600000,761400,80,1039.493769,597016,761400,77573262,962.0196196,2388064,2388064,32.0,32.0,32,1039.493769,962.0196196,32,32.0,0,0.0,32.0004288,0.0,0,0,0,0.0,0.0,0,8,0.0,DDOS attack-LOIC-UDP
26883,6765373,6765037,80,2255124.33333333,136,6764768,11767690,0.3399137809,370,370,92.5,92.5,370,1681098.57142857,0.6798275617,662,114.6666666667,63,165.5,129.0,165.5,662,662,662,57101.0,238.9581553327,4,32,185.0,DoS attacks-GoldenEye
32738,15088,15088,80,15088.0,40,15088,15088,132.5556734,0,0,0.0,0.0,0,15088.0,132.5556734,0,0.0,15088,0.0,0.0,0.0,0,0,0,0.0,0.0,15088,20,0.0,DDOS attack-HOIC
8192,576,523,8080,288.0,72,10381,11256,266.5245203,326,326,108.6666667,108.6666667,326,1876.0,621.8905473,326,56.875,53,32.25,65.0,32.25,112,129,129,13318.69643,115.4066568,1,20,188.2161878,Bot
26883,380394,71393,22,18114.0,712,71393,380463,57.8242825189,1928,1928,87.6363636364,87.6363636364,640,8847.9767441861,115.6485650379,976,102.0666666667,191,121.1363636364,104.3863636364,121.1363636364,976,2665,2665,41510.3818181818,203.7409674518,5,32,137.7805520365,SSH-Bruteforce
-1,120000000,822274,80,1401.991824,682024,822274,119522607,713.2792878,2728096,2728096,32.0,32.0,32,1401.991824,713.2792878,32,32.0,1,0.0,32.00037535,0.0,0,0,0,0.0,0.0,1,8,0.0,DDOS attack-LOIC-UDP
226,48697569,48697569,80,48697569.0,64,48697569,48697569,0.0410698119,0,0,0.0,0.0,0,48697569.0,0.0410698119,0,0.0,48697569,0.0,0.0,0.0,0,0,0,0.0,0.0,48697569,32,0.0,DoS attacks-GoldenEye
8192,296,295,80,148.0,72,1419868,1420196,2.112384488,20,20,6.666666667,6.666666667,20,236699.3333,4.928897138,964,123.0,1,241.0,140.5714286,241.0,964,964,964,115523.4286,339.8873763,1,20,11.54700538,DDoS attacks-LOIC-HTTP
225,946,946,80,946.0,64,946,946,2114.164905,0,0,0.0,0.0,0,946.0,2114.164905,0,0.0,946,0.0,0.0,0.0,0,0,0,0.0,0.0,946,32,0.0,DoS attacks-Hulk
2051,31,31,80,31.0,40,31,31,64516.1290322581,0,0,0.0,0.0,0,31.0,64516.1290322581,0,0.0,31,0.0,0.0,0.0,0,0,0,0.0,0.0,31,20,0.0,Brute Force -Web
65535,16674,16398,80,8337.0,72,16398,17177,174.6521511,312,312,104.0,104.0,312,2862.833333,407.521686,935,155.875,276,233.75,178.1428571,233.75,935,935,935,111027.5536,333.2079735,6,20,180.133284,DDOS attack-HOIC
26883,0,0,21,0.0,40,24,24,41666.66667,0,0,0.0,0.0,0,24.0,83333.33333,0,0.0,0,0.0,0.0,0.0,0,0,0,0.0,0.0,24,40,0.0,DoS attacks-SlowHTTPTest
8192,2346455,1228643,3389,335207.8571428572,172,953635,2346455,3.409398432955245,1148,1148,143.5,143.5,677,167603.9285714286,6.3926220617910845,1173,170.56250000000003,43,225.8571428571429,181.9333333333333,225.8571428571429,1173,1581,1581,102037.59583333335,319.4332415909987,43,20,228.12966237897004,Benign
32738,1552,1552,80,1552.0,40,1552,1552,1288.659794,0,0,0.0,0.0,0,1552.0,1288.659794,0,0.0,1552,0.0,0.0,0.0,0,0,0,0.0,0.0,1552,20,0.0,DDOS attack-HOIC
211,101011002,101011002,80,101011002.0,64,101010999,101011004,0.019799823,16,16,8.0,8.0,8,33670334.6666667,0.039599646,8,4.8,101011002,0.0,6.0,0.0,0,0,0,19.2,4.38178046,2,32,0.0,DoS attacks-Slowloris
2049,24500000,24500000,80,24500000.0,40,24500000,24492051,0.081659147,0,0,0.0,0.0,0,24500000.0,0.081659147,0,0.0,24500000,0.0,0.0,0.0,0,0,0,0.0,0.0,24500000,20,0.0,DDoS attacks-LOIC-HTTP
26883,363900,96451,22,17328.5714285714,712,96451,364489,60.358474467,1928,1928,87.6363636364,87.6363636364,640,8476.488372093,120.716948934,976,102.0666666667,209,121.1363636364,104.3863636364,121.1363636364,976,2665,2665,41510.3818181818,203.7409674518,3,32,137.7805520365,SSH-Bruteforce
211,99999716,99999716,80,99999716.0,64,99999715,99999719,0.0200000562,16,16,8.0,8.0,8,33333239.6666667,0.0400001124,8,4.8,99999716,0.0,6.0,0.0,0,0,0,19.2,4.38178046,1,32,0.0,DoS attacks-Slowloris
237,4974009,4974009,50923,4974009.0,40,4974009,4974009,0.4020901449916959,0,0,0.0,0.0,0,4974009.0,0.4020901449916959,0,0.0,4974009,0.0,0.0,0.0,0,0,0,0.0,0.0,4974009,20,0.0,Benign
2049,11700000,11700000,80,11700000.0,40,11700000,11705954,0.170853226,0,0,0.0,0.0,0,11700000.0,0.170853226,0,0.0,11700000,0.0,0.0,0.0,0,0,0,0.0,0.0,11700000,20,0.0,DDoS attacks-LOIC-HTTP
26883,0,0,21,0.0,40,2,2,500000.0,0,0,0.0,0.0,0,2.0,1000000.0,0,0.0,0,0.0,0.0,0.0,0,0,0,0.0,0.0,2,40,0.0,FTP-BruteForce
225,7180,7180,80,7180.0,64,7180,7180,278.551532,0,0,0.0,0.0,0,7180.0,278.551532,0,0.0,7180,0.0,0.0,0.0,0,0,0,0.0,0.0,7180,32,0.0,DoS attacks-Hulk
-1,0,0,53,0.0,8,1314,1314,761.0350076104,41,41,41.0,41.0,41,1314.0,1522.0700152207,69,50.3333333333,0,69.0,75.5,69.0,69,69,69,261.3333333333,16.1658075373,1314,8,0.0,Benign
8192,103158,102831,80,34386.0,92,6133905,6237063,0.6413274966117867,97,97,24.25,24.25,97,891009.0,1.2826549932235731,231,36.44444444444444,88,57.75,41.0,57.75,231,231,231,6352.027777777778,79.6996096463325,14,20,48.5,Benign
8192,632,585,8080,316.0,72,8605,9641,311.1710403,326,326,108.6666667,108.6666667,326,1606.833333,726.0657608,326,56.875,47,32.25,65.0,32.25,112,129,129,13318.69643,115.4066568,15,20,188.2161878,Bot
26883,329019,85182,22,15667.5714285714,712,85182,329159,66.8369997478,1944,1944,88.3636363636,88.3636363636,640,7654.8604651163,133.6739994957,976,102.4222222222,195,121.1363636364,104.75,121.1363636364,976,2665,2665,41511.6585858586,203.7441007388,3,32,137.8690011274,SSH-Bruteforce
26883,0,0,21,0.0,40,3,3,333333.3333,0,0,0.0,0.0,0,3.0,666666.6667,0,0.0,0,0.0,0.0,0.0,0,0,0,0.0,0.0,3,40,0.0,DoS attacks-SlowHTTPTest
26883,0,0,21,0.0,40,2,2,500000.0,0,0,0.0,0.0,0,2.0,1000000.0,0,0.0,0,0.0,0.0,0.0,0,0,0,0.0,0.0,2,40,0.0,FTP-BruteForce
241,0,0,22,0.0,32,7,7,142857.142857143,0,0,0.0,0.0,0,7.0,285714.285714286,0,0.0,0,0.0,0.0,0.0,0,0,0,0.0,0.0,7,32,0.0,SSH-Bruteforce
8192,1721543,1110753,3389,245934.7143,172,937599,1721543,4.646994005,1128,1128,141.0,141.0,661,122967.3571,8.713113759,1173,169.3125,3,225.8571429,180.6,225.8571429,1173,1581,1581,100953.1625,317.731274,3,20,222.6233206,Infilteration
211,99999509,99999509,80,99999509.0,64,99999507,99999512,0.0200000976,16,16,8.0,8.0,8,33333170.6666667,0.0400001952,8,4.8,99999509,0.0,6.0,0.0,0,0,0,19.2,4.38178046,2,32,0.0,DoS attacks-Slowloris
-1,120000000,682587,80,1039.760543,923296,682587,119999804,961.7682376,3693184,3693184,32.0,32.0,32,1039.760543,961.7682376,32,32.0,1,0.0,32.00027727,0.0,0,0,0,0.0,0.0,1,8,0.0,DDOS attack-LOIC-UDP
2052,541,541,8080,541.0,40,541,541,3696.857671,0,0,0.0,0.0,0,541.0,3696.857671,0,0.0,541,0.0,0.0,0.0,0,0,0,0.0,0.0,541,20,0.0,Bot
26883,0,0,21,0.0,40,2,2,500000.0,0,0,0.0,0.0,0,2.0,1000000.0,0,0.0,0,0.0,0.0,0.0,0,0,0,0.0,0.0,2,40,0.0,FTP-BruteForce
26883,0,0,21,0.0,40,14,14,71428.57143,0,0,0.0,0.0,0,14.0,142857.1429,0,0.0,0,0.0,0.0,0.0,0,0,0,0.0,0.0,14,40,0.0,DoS attacks-SlowHTTPTest
-1,120000000,663482,80,1053.520075,909816,663482,119812624,949.2071553,3639264,3639264,32.0,32.0,32,1053.520075,949.2071553,32,32.0,0,0.0,32.00028138,0.0,0,0,0,0.0,0.0,0,8,0.0,DDOS attack-LOIC-UDP
26883,400190,123704,22,19056.6666666667,712,123704,400897,54.8769384655,1912,1912,86.9090909091,86.9090909091,640,9777.9756097561,104.7650643432,976,106.4418604651,218,133.25,108.9761904762,133.25,976,2665,2665,42969.919158361,207.2918694941,4,32,137.6880217811,SSH-Bruteforce
-1,120000000,679044,80,1122.818026,853184,679044,119745174,890.6246192,3412736,3412736,32.0,32.0,32,1122.818026,890.6246192,32,32.0,0,0.0,32.00030005,0.0,0,0,0,0.0,0.0,0,8,0.0,DDOS attack-LOIC-UDP
8192,595,503,8080,297.5,72,11042,12001,249.9791684,326,326,108.6666667,108.6666667,326,2000.166667,583.2847263,326,56.875,92,32.25,65.0,32.25,112,129,129,13318.69643,115.4066568,31,20,188.2161878,Bot
-1,120000000,673747,80,872.3388295,1100408,673747,119990206,1146.351895,4401632,4401632,32.0,32.0,32,872.3388295,1146.351895,32,32.0,0,0.0,32.00023264,0.0,0,0,0,0.0,0.0,0,8,0.0,DDOS attack-LOIC-UDP
26883,386849,117819,22,18421.380952381,712,117819,388080,56.6893424036,1960,1960,89.0909090909,89.0909090909,640,9465.3658536586,108.2251082251,976,107.5581395349,246,133.25,110.119047619,133.25,976,2665,2665,42963.0620155039,207.2753290083,3,32,137.9533769037,SSH-Bruteforce
8192,60497,18208,443,6721.888889,212,16462,60497,165.2974528,553,553,55.3,55.3,202,3558.647059,297.535415,1460,335.5789474,14,727.875,354.2222222,727.875,1460,5823,5823,314844.8129,561.1103393,1,20,84.78476016,Infilteration
-1,120000000,593942,80,1160.635415,825472,593942,119757844,861.6053576,3301888,3301888,32.0,32.0,32,1160.635415,861.6053576,32,32.0,0,0.0,32.00031013,0.0,0,0,0,0.0,0.0,0,8,0.0,DDOS attack-LOIC-UDP
2049,38600000,38600000,80,38600000.0,40,38600000,38644737,0.05175349,0,0,0.0,0.0,0,38600000.0,0.05175349,0,0.0,38600000,0.0,0.0,0.0,0,0,0,0.0,0.0,38600000,20,0.0,DDoS attacks-LOIC-HTTP
26883,0,0,21,0.0,40,31,31,32258.06452,0,0,0.0,0.0,0,31.0,64516.12903,0,0.0,0,0.0,0.0,0.0,0,0,0,0.0,0.0,31,40,0.0,DoS attacks-SlowHTTPTest
26883,0,0,21,0.0,40,21,21,47619.04762,0,0,0.0,0.0,0,21.0,95238.09524,0,0.0,0,0.0,0.0,0.0,0,0,0,0.0,0.0,21,40,0.0,DoS attacks-SlowHTTPTest
26883,0,0,21,0.0,40,2,2,500000.0,0,0,0.0,0.0,0,2.0,1000000.0,0,0.0,0,0.0,0.0,0.0,0,0,0,0.0,0.0,2,40,0.0,FTP-BruteForce
26883,2133901,2133322,80,711300.333333333,136,5002759,7136660,0.5604862779,331,331,82.75,82.75,331,1019522.85714286,1.1209725558,972,144.7777777778,277,243.0,162.875,243.0,972,972,972,108212.444444444,328.9565996366,4,32,165.5,DoS attacks-GoldenEye
8192,346,263,80,173.0,72,843663,844032,3.554367607,20,20,6.666666667,6.666666667,20,140672.0,8.293524416,964,123.0,83,241.0,140.5714286,241.0,964,964,964,115523.4286,339.8873763,6,20,11.54700538,DDoS attacks-LOIC-HTTP
32738,5767,5767,80,5767.0,40,5767,5767,346.800763,0,0,0.0,0.0,0,5767.0,346.800763,0,0.0,5767,0.0,0.0,0.0,0,0,0,0.0,0.0,5767,20,0.0,DDOS attack-HOIC
26883,339674,169982,22,16983.7,680,169982,339715,61.8165226734,1928,1928,91.8095238095,91.8095238095,640,8088.4523809524,126.5766892837,976,104.3863636364,301,121.1363636364,106.8139534884,121.1363636364,976,2665,2665,42227.9635306554,205.4944367389,2,32,139.7510712115,SSH-Bruteforce
26883,106334175,53247426,80,8179551.92307692,456,53247426,106334177,0.1316603974,2530,2530,180.7142857143,180.7142857143,230,6645886.0625,0.1598733397,230,140.5555555556,181,0.0,148.8235294118,0.0,0,0,0,13311.4379084967,115.375204912,2,32,97.9375221341,DoS attacks-Slowloris
-1,120000000,721470,80,837.1411171,1144136,721470,119724574,1194.550085,4576544,4576544,32.0,32.0,32,837.1411171,1194.550085,32,32.0,0,0.0,32.00022375,0.0,0,0,0,0.0,0.0,0,8,0.0,DDOS attack-LOIC-UDP
26883,396418,121585,22,17235.5652173913,776,121585,396461,60.5355886203,1912,1912,79.6666666667,79.6666666667,640,9220.023255814,110.9819124706,976,101.7111111111,220,133.25,104.0227272727,133.25,976,2665,2665,41508.8464646465,203.7371995112,4,32,133.8339875812,SSH-Bruteforce
26883,382630,102079,22,18220.4761904762,712,102079,383136,57.4208636098,1944,1944,88.3636363636,88.3636363636,640,8910.1395348837,114.8417272196,976,102.4222222222,159,121.1363636364,104.75,121.1363636364,976,2665,2665,41511.6585858586,203.7441007388,5,32,137.8690011274,SSH-Bruteforce
26883,0,0,21,0.0,40,1,1,1000000.0,0,0,0.0,0.0,0,1.0,2000000.0,0,0.0,0,0.0,0.0,0.0,0,0,0,0.0,0.0,1,40,0.0,FTP-BruteForce
65535,13970,13703,80,6985.0,72,13703,18219,164.6632636,314,314,104.6666667,104.6666667,314,3036.5,384.2142818,935,156.125,267,233.75,178.4285714,233.75,935,935,935,111117.2679,333.3425683,2,20,181.2879845,DDOS attack-HOIC
2049,68231,68231,80,68231.0,40,68231,68231,29.31218947,0,0,0.0,0.0,0,68231.0,29.31218947,0,0.0,68231,0.0,0.0,0.0,0,0,0,0.0,0.0,68231,20,0.0,DDoS attacks-LOIC-HTTP
-1,120000000,873820,80,1121.639959,855088,873820,119886487,891.5600304,3420352,3420352,32.0,32.0,32,1121.639959,891.5600304,32,32.0,0,0.0,32.00029938,0.0,0,0,0,0.0,0.0,0,8,0.0,DDOS attack-LOIC-UDP
32738,14828,14828,80,14828.0,40,14828,14828,134.8799568,0,0,0.0,0.0,0,14828.0,134.8799568,0,0.0,14828,0.0,0.0,0.0,0,0,0,0.0,0.0,14828,20,0.0,DDOS attack-HOIC
8192,56786558,1019713,80,281121.574257426,4072,1019713,56788783,3.5746495923,56330,56330,277.4876847291,277.4876847291,680,185584.258169935,5.4059971667,1935,799.7954545455,481,1826.9903846154,802.4006514658,1826.9903846154,1935,190007,190007,630808.052487415,794.2342554231,21,20,292.8687801257,Brute Force -XSS
226,8981578,8981578,80,8981578.0,64,8981578,8981578,0.2226780194,0,0,0.0,0.0,0,8981578.0,0.2226780194,0,0.0,8981578,0.0,0.0,0.0,0,0,0,0.0,0.0,8981578,32,0.0,DoS attacks-GoldenEye
-1,38224,38224,53,38224.0,16,37912,38764,51.59426272,66,66,33.0,33.0,33,12921.33333,103.1885254,70,47.8,38224,70.0,59.75,70.0,70,140,140,410.7,20.26573463,312,8,0.0,Infilteration
-1,120000000,1168452,80,963.0033888,993864,1168452,119635837,1038.426304,3975456,3975456,32.0,32.0,32,963.0033888,1038.426304,32,32.0,0,0.0,32.00025758,0.0,0,0,0,0.0,0.0,0,8,0.0,DDOS attack-LOIC-UDP
180,0,0,52660,0.0,20,21,21,47619.04761904762,0,0,0.0,0.0,0,21.0,95238.09523809524,0,0.0,0,0.0,0.0,0.0,0,0,0,0.0,0.0,21,20,0.0,Benign
26883,355155,131725,22,16912.1428571429,712,131725,355207,61.9357163569,1912,1912,86.9090909091,86.9090909091,640,8663.5853658537,118.2409130451,976,106.4418604651,266,133.25,108.9761904762,133.25,976,2665,2665,42969.919158361,207.2918694941,4,32,137.6880217811,SSH-Bruteforce
-1,120000000,716413,80,1000.570347,959424,716413,119995400,999.4383118,3837696,3837696,32.0,32.0,32,1000.570347,999.4383118,32,32.0,0,0.0,32.00026683,0.0,0,0,0,0.0,0.0,0,8,0.0,DDOS attack-LOIC-UDP
26883,6337786,6327750,80,2112595.33333333,136,6327422,11342542,0.3526546342,525,525,131.25,131.25,525,1620363.14285714,0.7053092684,662,131.8888888889,294,165.5,148.375,165.5,662,662,662,69664.6111111111,263.9405446518,4,32,262.5,DoS attacks-GoldenEye
26883,15051,14450,80,5017.0,136,5002763,5017814,0.7971598788,332,332,83.0,83.0,332,716830.571428572,1.5943197576,662,110.4444444444,289,165.5,124.25,165.5,662,662,662,54835.7777777778,234.1704032917,5,32,166.0,DoS attacks-GoldenEye
26883,373203,168348,22,17771.5714285714,712,168348,373257,58.9406226809,1928,1928,87.6363636364,87.6363636364,640,8680.3953488372,117.8812453618,976,102.0666666667,299,121.1363636364,104.3863636364,121.1363636364,976,2665,2665,41510.3818181818,203.7409674518,4,32,137.7805520365,SSH-Bruteforce
32738,5863,5863,80,5863.0,40,5863,5863,341.1222923,0,0,0.0,0.0,0,5863.0,341.1222923,0,0.0,5863,0.0,0.0,0.0,0,0,0,0.0,0.0,5863,20,0.0,DDOS attack-HOIC
26883,376983,93218,22,16390.5652173913,776,93218,377026,63.6560873786,1928,1928,80.3333333333,80.3333333333,640,8768.0465116279,116.7028268607,976,102.0666666667,192,133.25,104.3863636364,133.25,976,2665,2665,41510.3818181818,203.7409674518,4,32,133.9586784655,SSH-Bruteforce
8192,347,281,80,173.5,72,885097,885480,3.387992953,20,20,6.666666667,6.666666667,20,147580.0,7.90531689,964,123.0,66,241.0,140.5714286,241.0,964,964,964,115523.4286,339.8873763,4,20,11.54700538,DDoS attacks-LOIC-HTTP
2052,486,486,8080,486.0,40,486,486,4115.226337,0,0,0.0,0.0,0,486.0,4115.226337,0,0.0,486,0.0,0.0,0.0,0,0,0,0.0,0.0,486,20,0.0,Bot
26883,382260,103807,22,18202.8571428571,712,66308,382807,57.4702134496,1960,1960,89.0909090909,89.0909090909,640,8902.488372093,114.9404268992,976,102.7777777778,173,121.1363636364,105.1136363636,121.1363636364,976,2665,2665,41512.6767676768,203.7465994015,5,32,137.9533769037,SSH-Bruteforce
-1,120000000,606605,80,823.1784326,1164728,606605,119846548,1214.811794,4658912,4658912,32.0,32.0,32,823.1784326,1214.811794,32,32.0,0,0.0,32.00021979,0.0,0,0,0,0.0,0.0,0,8,0.0,DDOS attack-LOIC-UDP
-1,120000000,628018,80,945.9172094,1012200,628018,119681229,1057.183328,4048800,4048800,32.0,32.0,32,945.9172094,1057.183328,32,32.0,0,0.0,32.00025291,0.0,0,0,0,0.0,0.0,0,8,0.0,DDOS attack-LOIC-UDP
8192,1532692,1072284,3389,218956.0,172,955954,1532692,5.2195744481,1138,1138,142.25,142.25,677,102179.466666667,10.4391488962,1173,159.9411764706,511,197.625,169.9375,197.625,1173,1581,1581,97316.8088235294,311.9564213533,87,20,227.7465696778,Benign
65535,15947,15671,80,7973.5,72,15671,16926,177.2421127,291,291,97.0,97.0,291,2821.0,413.5649297,935,153.25,276,233.75,175.1428571,233.75,935,935,935,110145.9286,331.8824017,5,20,168.0089283,DDOS attack-HOIC
26883,0,0,21,0.0,40,33,33,30303.0303,0,0,0.0,0.0,0,33.0,60606.06061,0,0.0,0,0.0,0.0,0.0,0,0,0,0.0,0.0,33,40,0.0,DoS attacks-SlowHTTPTest
-1,0,0,53,0.0,8,276,276,3623.1884057971015,30,30,30.0,30.0,30,276.0,7246.376811594203,46,35.333333333333336,0,46.0,53.0,46.0,46,46,46,85.33333333333333,9.237604307034012,276,8,0.0,Benign
-1,120000000,674075,80,1214.013446,787768,674075,119543904,823.722471,3151072,3151072,32.0,32.0,32,1214.013446,823.722471,32,32.0,0,0.0,32.00032497,0.0,0,0,0,0.0,0.0,0,8,0.0,DDOS attack-LOIC-UDP
26883,0,0,21,0.0,40,2,2,500000.0,0,0,0.0,0.0,0,2.0,1000000.0,0,0.0,0,0.0,0.0,0.0,0,0,0,0.0,0.0,2,40,0.0,FTP-BruteForce
226,47642506,47642506,80,47642506.0,64,47642506,47642506,0.0419793199,0,0,0.0,0.0,0,47642506.0,0.0419793199,0,0.0,47642506,0.0,0.0,0.0,0,0,0,0.0,0.0,47642506,32,0.0,DoS attacks-GoldenEye
225,3995682,3928818,80,1331894.0,136,3928810,4041742,0.989672275,292,292,73.0,73.0,292,505217.75,2.226762619,935,122.7,279,187.0,136.3333333,187.0,935,935,935,89881.78889,299.8029167,7,32,146.0,DoS attacks-Hulk
26883,0,0,21,0.0,40,5,5,200000.0,0,0,0.0,0.0,0,5.0,400000.0,0,0.0,0,0.0,0.0,0.0,0,0,0,0.0,0.0,5,40,0.0,DoS attacks-SlowHTTPTest
8192,380,379,80,190.0,72,1225989,1226395,2.446193926,20,20,6.666666667,6.666666667,20,204399.1667,5.707785828,964,123.0,1,241.0,140.5714286,241.0,964,964,964,115523.4286,339.8873763,1,20,11.54700538,DDoS attacks-LOIC-HTTP
-1,120000000,602875,80,817.5730725,1171392,602875,119711502,1223.140614,4685568,4685568,32.0,32.0,32,817.5730725,1223.140614,32,32.0,0,0.0,32.00021854,0.0,0,0,0,0.0,0.0,0,8,0.0,DDOS attack-LOIC-UDP
32738,6027,6027,80,6027.0,40,6027,6027,331.8400531,0,0,0.0,0.0,0,6027.0,331.8400531,0,0.0,6027,0.0,0.0,0.0,0,0,0,0.0,0.0,6027,20,0.0,DDOS attack-HOIC
26883,0,0,21,0.0,40,14,14,71428.57143,0,0,0.0,0.0,0,14.0,142857.1429,0,0.0,0,0.0,0.0,0.0,0,0,0,0.0,0.0,14,40,0.0,DoS attacks-SlowHTTPTest
26883,0,0,21,0.0,40,2,2,500000.0,0,0,0.0,0.0,0,2.0,1000000.0,0,0.0,0,0.0,0.0,0.0,0,0,0,0.0,0.0,2,40,0.0,FTP-BruteForce
-1,120000000,625554,80,844.7464726,1134560,625554,119801100,1183.795474,4538240,4538240,32.0,32.0,32,844.7464726,1183.795474,32,32.0,0,0.0,32.00022564,0.0,0,0,0,0.0,0.0,0,8,0.0,DDOS attack-LOIC-UDP
225,30454,30454,80,30454.0,64,30454,30454,65.67281802,0,0,0.0,0.0,0,30454.0,65.67281802,0,0.0,30454,0.0,0.0,0.0,0,0,0,0.0,0.0,30454,32,0.0,DoS attacks-Hulk
8192,606,539,8080,303.0,72,10010,11007,272.5538294,326,326,108.6666667,108.6666667,326,1834.5,635.9589352,326,56.875,67,32.25,65.0,32.25,112,129,129,13318.69643,115.4066568,16,20,188.2161878,Bot
172,0,0,52219,0.0,20,22,22,45454.54545,0,0,0.0,0.0,0,22.0,90909.09091,0,0.0,0,0.0,0.0,0.0,0,0,0,0.0,0.0,22,20,0.0,Infilteration
2049,5988452,5988452,80,5988452.0,40,5988452,5988452,0.333976126,0,0,0.0,0.0,0,5988452.0,0.333976126,0,0.0,5988452,0.0,0.0,0.0,0,0,0,0.0,0.0,5988452,20,0.0,DDoS attacks-LOIC-HTTP
258,51,51,52543,51.0,40,51,51,39215.68627450981,0,0,0.0,0.0,0,51.0,39215.68627450981,0,0.0,51,0.0,0.0,0.0,0,0,0,0.0,0.0,51,20,0.0,Benign
-1,120000000,762894,80,902.5990687,1061776,762894,119793851,1107.919972,4247104,4247104,32.0,32.0,32,902.5990687,1107.919972,32,32.0,0,0.0,32.00024111,0.0,0,0,0,0.0,0.0,0,8,0.0,DDOS attack-LOIC-UDP
8192,477,423,8080,238.5,72,9208,9996,300.120048,326,326,108.6666667,108.6666667,326,1666.0,700.280112,326,56.875,54,32.25,65.0,32.25,112,129,129,13318.69643,115.4066568,1,20,188.2161878,Bot
8192,446,418,80,223.0,72,792730,793204,3.782129187,20,20,6.666666667,6.666666667,20,132200.6667,8.824968104,964,123.0,28,241.0,140.5714286,241.0,964,964,964,115523.4286,339.8873763,3,20,11.54700538,DDoS attacks-LOIC-HTTP
226,14570827,14570827,80,14570827.0,64,14570827,14570827,0.1372605687,0,0,0.0,0.0,0,14570827.0,0.1372605687,0,0.0,14570827,0.0,0.0,0.0,0,0,0,0.0,0.0,14570827,32,0.0,DoS attacks-GoldenEye
26883,0,0,21,0.0,40,13,13,76923.07692,0,0,0.0,0.0,0,13.0,153846.1538,0,0.0,0,0.0,0.0,0.0,0,0,0,0.0,0.0,13,40,0.0,DoS attacks-SlowHTTPTest
65535,1410,1067,80,705.0,72,1067,1655,1812.688822,291,291,97.0,97.0,291,275.8333333,4229.607251,935,153.25,343,233.75,175.1428571,233.75,935,935,935,110145.9286,331.8824017,6,20,168.0089283,DDOS attack-HOIC
226,1973485,1973485,80,1973485.0,64,1973485,1973485,1.0134356228,0,0,0.0,0.0,0,1973485.0,1.0134356228,0,0.0,1973485,0.0,0.0,0.0,0,0,0,0.0,0.0,1973485,32,0.0,DoS attacks-GoldenEye
221,1960668,1960668,80,1960668.0,64,1960668,1960668,1.02006051,0,0,0.0,0.0,0,1960668.0,1.02006051,0,0.0,1960668,0.0,0.0,0.0,0,0,0,0.0,0.0,1960668,32,0.0,DoS attacks-GoldenEye
26883,0,0,21,0.0,40,2,2,500000.0,0,0,0.0,0.0,0,2.0,1000000.0,0,0.0,0,0.0,0.0,0.0,0,0,0,0.0,0.0,2,40,0.0,DoS attacks-SlowHTTPTest
32738,4463,4463,80,4463.0,40,4463,4463,448.1290612,0,0,0.0,0.0,0,4463.0,448.1290612,0,0.0,4463,0.0,0.0,0.0,0,0,0,0.0,0.0,4463,20,0.0,DDOS attack-HOIC
-1,89479620,41990398,500,17895924.0,48,41990398,89479620,0.0670543751,3000,3000,500.0,500.0,500,17895924.0,0.0670543751,500,500.0,4002090,0.0,583.3333333333,0.0,0,0,0,0.0,0.0,4002090,8,0.0,Brute Force -Web
32738,15694,15694,80,15694.0,40,15694,15694,127.4372372,0,0,0.0,0.0,0,15694.0,127.4372372,0,0.0,15694,0.0,0.0,0.0,0,0,0,0.0,0.0,15694,20,0.0,DDOS attack-HOIC
26883,0,0,21,0.0,40,19,19,52631.5789473684,0,0,0.0,0.0,0,19.0,105263.157894737,0,0.0,0,0.0,0.0,0.0,0,0,0,0.0,0.0,19,40,0.0,FTP-BruteForce
-1,120000000,657942,80,987.5205843,970456,657942,119792172,1012.645467,3881824,3881824,32.0,32.0,32,987.5205843,1012.645467,32,32.0,0,0.0,32.00026379,0.0,0,0,0,0.0,0.0,0,8,0.0,DDOS attack-LOIC-UDP
26883,0,0,21,0.0,40,19,19,52631.5789473684,0,0,0.0,0.0,0,19.0,105263.157894737,0,0.0,0,0.0,0.0,0.0,0,0,0,0.0,0.0,19,40,0.0,FTP-BruteForce
26883,0,0,21,0.0,40,6,6,166666.6667,0,0,0.0,0.0,0,6.0,333333.3333,0,0.0,0,0.0,0.0,0.0,0,0,0,0.0,0.0,6,40,0.0,DoS attacks-SlowHTTPTest
-1,120000000,582235,80,817.771873,1171040,582235,119704629,1222.84327,4684160,4684160,32.0,32.0,32,817.771873,1222.84327,32,32.0,1,0.0,32.00021861,0.0,0,0,0,0.0,0.0,1,8,0.0,DDOS attack-LOIC-UDP
32738,15513,15513,80,15513.0,40,15513,15513,128.9241282,0,0,0.0,0.0,0,15513.0,128.9241282,0,0.0,15513,0.0,0.0,0.0,0,0,0,0.0,0.0,15513,20,0.0,DDOS attack-HOIC
26883,108062740,53247749,80,7718767.14285714,496,53247749,108062742,0.138808249,2530,2530,168.6666666667,168.6666666667,230,6356631.88235294,0.1665698988,230,133.1578947368,445,0.0,140.5555555556,0.0,0,0,0,13611.6959064327,116.6691729054,2,32,105.2796728899,DoS attacks-Slowloris
8192,617,567,8080,308.5,72,10175,11102,270.2215817,326,326,108.6666667,108.6666667,326,1850.333333,630.517024,326,56.875,50,32.25,65.0,32.25,112,129,129,13318.69643,115.4066568,1,20,188.2161878,Bot
26883,0,0,21,0.0,40,17,17,58823.5294117647,0,0,0.0,0.0,0,17.0,117647.058823529,0,0.0,0,0.0,0.0,0.0,0,0,0,0.0,0.0,17,40,0.0,FTP-BruteForce
32738,16990,16990,80,16990.0,40,16990,16990,117.7163037,0,0,0.0,0.0,0,16990.0,117.7163037,0,0.0,16990,0.0,0.0,0.0,0,0,0,0.0,0.0,16990,20,0.0,DDOS attack-HOIC
26883,0,0,21,0.0,40,1,1,1000000.0,0,0,0.0,0.0,0,1.0,2000000.0,0,0.0,0,0.0,0.0,0.0,0,0,0,0.0,0.0,1,40,0.0,FTP-BruteForce
221,8637260,8637260,80,8637260.0,64,8637260,8637260,0.2315549144,0,0,0.0,0.0,0,8637260.0,0.2315549144,0,0.0,8637260,0.0,0.0,0.0,0,0,0,0.0,0.0,8637260,32,0.0,DoS attacks-GoldenEye
-1,0,0,53,0.0,8,11184,11184,89.4134477825465,50,50,50.0,50.0,50,11184.0,178.826895565093,132,77.33333333333333,0,132.0,116.0,132.0,132,132,132,2241.333333333333,47.34272207354931,11184,8,0.0,Benign
225,90667,49483,80,45333.5,96,49483,90667,33.08811365,0,0,0.0,0.0,0,45333.5,33.08811365,0,0.0,41184,0.0,0.0,0.0,0,0,0,0.0,0.0,41184,32,0.0,DoS attacks-Hulk
2049,7163735,7163735,80,7163735.0,40,7163735,7163735,0.279183973,0,0,0.0,0.0,0,7163735.0,0.279183973,0,0.0,7163735,0.0,0.0,0.0,0,0,0,0.0,0.0,7163735,20,0.0,DDoS attacks-LOIC-HTTP
8192,574,494,8080,287.0,72,17323,18204,164.7989453,326,326,108.6666667,108.6666667,326,3034.0,384.5308723,326,56.875,80,32.25,65.0,32.25,112,129,129,13318.69643,115.4066568,0,20,188.2161878,Bot
225,7525,7525,80,7525.0,64,7525,7525,265.7807309,0,0,0.0,0.0,0,7525.0,265.7807309,0,0.0,7525,0.0,0.0,0.0,0,0,0,0.0,0.0,7525,32,0.0,DoS attacks-Hulk
256,412,412,8080,412.0,40,412,412,4854.368932,0,0,0.0,0.0,0,412.0,4854.368932,0,0.0,412,0.0,0.0,0.0,0,0,0,0.0,0.0,412,20,0.0,Bot
26883,0,0,21,0.0,40,2,2,500000.0,0,0,0.0,0.0,0,2.0,1000000.0,0,0.0,0,0.0,0.0,0.0,0,0,0,0.0,0.0,2,40,0.0,DoS attacks-SlowHTTPTest
8192,57172009,1019492,80,283029.747524752,4072,1019492,57174226,3.5505509073,56083,56083,276.2709359606,276.2709359606,680,186843.875816993,5.3695523574,1935,798.7175324675,325,1826.1730769231,801.319218241,1826.1730769231,1935,189922,189922,630614.704968485,794.1125266412,19,20,291.6989844299,Brute Force -XSS
26883,0,0,21,0.0,40,1,1,1000000.0,0,0,0.0,0.0,0,1.0,2000000.0,0,0.0,0,0.0,0.0,0.0,0,0,0,0.0,0.0,1,40,0.0,FTP-BruteForce
-1,0,0,53,0.0,8,390,390,2564.102564,34,34,34.0,34.0,34,390.0,5128.205128,82,50.0,0,82.0,75.0,82.0,82,82,82,768.0,27.71281292,390,8,0.0,Infilteration
-1,120000000,619016,80,883.9606377,1083888,619016,119763407,1131.280442,4335552,4335552,32.0,32.0,32,883.9606377,1131.280442,32,32.0,0,0.0,32.00023619,0.0,0,0,0,0.0,0.0,0,8,0.0,DDOS attack-LOIC-UDP
8192,584,540,8080,292.0,72,10230,11141,269.2756485,326,326,108.6666667,108.6666667,326,1856.833333,628.3098465,326,56.875,44,32.25,65.0,32.25,112,129,129,13318.69643,115.4066568,13,20,188.2161878,Bot
26883,0,0,21,0.0,40,2,2,500000.0,0,0,0.0,0.0,0,2.0,1000000.0,0,0.0,0,0.0,0.0,0.0,0,0,0,0.0,0.0,2,40,0.0,DoS attacks-SlowHTTPTest
26883,155944,140338,80,38986.0,168,140338,155944,32.0627917714,382,382,76.4,76.4,382,22277.7142857143,51.3004668342,972,150.4444444444,249,324.0,169.25,324.0,972,972,972,110875.777777778,332.9801462216,5,32,170.835593481,DoS attacks-GoldenEye
8192,349,348,80,174.5,72,45735,46116,65.05334374,20,20,6.666666667,6.666666667,20,7686.0,151.7911354,964,123.0,1,241.0,140.5714286,241.0,964,964,964,115523.4286,339.8873763,1,20,11.54700538,DDoS attacks-LOIC-HTTP
-1,120000000,646248,80,1094.802813,874832,646248,119719972,913.4148478,3499328,3499328,32.0,32.0,32,1094.802813,913.4148478,32,32.0,0,0.0,32.00029263,0.0,0,0,0,0.0,0.0,0,8,0.0,DDOS attack-LOIC-UDP
8192,57082050,1156395,80,375539.802631579,3072,1156395,57083688,2.6802753179,54995,54995,359.4444444444,359.4444444444,646,222983.15625,4.5021618085,1068,494.0968992248,289,696.9423076923,496.0194552529,696.9423076923,1068,72482,72482,126294.360223811,355.3791780955,5,20,271.4171844443,Brute Force -Web
26883,371533,84594,22,15480.5416666667,808,84594,371583,67.2797194705,1912,1912,76.48,76.48,640,8077.8913043478,126.4858726045,976,95.3541666667,281,121.1363636364,97.3829787234,121.1363636364,976,2665,2665,39478.4038120567,198.6917306081,5,32,131.9814128328,SSH-Bruteforce
946,1,1,51188,1.0,40,1,1,2000000.0,31,31,15.5,15.5,31,1.0,2000000.0,31,20.666666666666664,1,0.0,31.0,0.0,0,0,0,320.33333333333337,17.8978583448784,1,20,21.920310216782973,Benign
-1,120000000,1106515,80,1014.694965,945656,1106515,119943033,985.5261873,3782624,3782624,32.0,32.0,32,1014.694965,985.5261873,32,32.0,0,0.0,32.00027071,0.0,0,0,0,0.0,0.0,0,8,0.0,DDOS attack-LOIC-UDP
26883,1030138,1028671,80,343379.333333333,136,5002993,6033131,0.6630056599,431,431,107.75,107.75,431,861875.857142857,1.3260113198,972,155.8888888889,267,243.0,175.375,243.0,972,972,972,113979.111111111,337.6079251308,4,32,215.5,DoS attacks-GoldenEye
8192,384,278,80,192.0,72,1492540,1492955,2.009437659,20,20,6.666666667,6.666666667,20,248825.8333,4.688687871,964,123.0,106,241.0,140.5714286,241.0,964,964,964,115523.4286,339.8873763,5,20,11.54700538,DDoS attacks-LOIC-HTTP
26883,0,0,21,0.0,40,1,1,1000000.0,0,0,0.0,0.0,0,1.0,2000000.0,0,0.0,0,0.0,0.0,0.0,0,0,0,0.0,0.0,1,40,0.0,FTP-BruteForce
2052,479,479,8080,479.0,40,479,479,4175.365344,0,0,0.0,0.0,0,479.0,4175.365344,0,0.0,479,0.0,0.0,0.0,0,0,0,0.0,0.0,479,20,0.0,Bot
8192,389,377,80,194.5,72,1324064,1324481,2.265038155,20,20,6.666666667,6.666666667,20,220746.8333,5.285089027,964,123.0,12,241.0,140.5714286,241.0,964,964,964,115523.4286,339.8873763,3,20,11.54700538,DDoS attacks-LOIC-HTTP
-1,120000000,819104,80,1213.651435,791000,819104,119998572,823.9681386,3164000,3164000,32.0,32.0,32,1213.651435,823.9681386,32,32.0,0,0.0,32.00032364,0.0,0,0,0,0.0,0.0,0,8,0.0,DDOS attack-LOIC-UDP
225,40300,40300,80,40300.0,64,40300,40300,49.62779156,0,0,0.0,0.0,0,40300.0,49.62779156,0,0.0,40300,0.0,0.0,0.0,0,0,0,0.0,0.0,40300,32,0.0,DoS attacks-Hulk
26883,0,0,21,0.0,40,20,20,50000.0,0,0,0.0,0.0,0,20.0,100000.0,0,0.0,0,0.0,0.0,0.0,0,0,0,0.0,0.0,20,40,0.0,FTP-BruteForce
225,3208,3208,80,3208.0,64,3208,3208,623.4413965,0,0,0.0,0.0,0,3208.0,623.4413965,0,0.0,3208,0.0,0.0,0.0,0,0,0,0.0,0.0,3208,32,0.0,DoS attacks-Hulk
26883,390017,155921,22,17728.0454545455,744,155921,390070,58.9637757326,1912,1912,83.1304347826,83.1304347826,640,9287.380952381,110.2366241957,976,104.0227272727,414,133.25,106.4418604651,133.25,976,2665,2665,42228.1157505285,205.4948071133,4,32,135.7374820439,SSH-Bruteforce
26883,382844,83254,22,15313.76,840,83254,383470,67.8019141002,1912,1912,73.5384615385,73.5384615385,640,8521.5555555556,119.9572326388,976,97.3829787234,101,133.25,99.5,133.25,976,2665,2665,40134.7631822387,200.3366246652,5,32,130.1817900535,SSH-Bruteforce
26883,0,0,21,0.0,40,1,1,1000000.0,0,0,0.0,0.0,0,1.0,2000000.0,0,0.0,0,0.0,0.0,0.0,0,0,0,0.0,0.0,1,40,0.0,FTP-BruteForce
26883,374434,63016,22,16279.7391304348,776,43092,374517,64.0825383093,1928,1928,80.3333333333,80.3333333333,640,8322.6,122.8248650929,976,97.7234042553,241,121.1363636364,99.847826087,121.1363636364,976,2665,2665,40139.2479185939,200.3478173542,4,32,133.9586784655,SSH-Bruteforce
2052,665,665,8080,665.0,40,665,665,3007.518797,0,0,0.0,0.0,0,665.0,3007.518797,0,0.0,665,0.0,0.0,0.0,0,0,0,0.0,0.0,665,20,0.0,Bot
62,9588,9588,52486,4794.0,60,9570,9588,312.8911139,97,97,32.33333333,32.33333333,66,3196.0,417.1881519,66,32.6,0,0.0,40.75,0.0,0,0,0,1089.8,33.01211899,0,20,33.02019584,Infilteration
26883,367404,123569,22,17495.4285714286,712,123569,368480,59.704732957,1912,1912,86.9090909091,86.9090909091,640,8569.3023255814,119.409465914,976,101.7111111111,168,121.1363636364,104.0227272727,121.1363636364,976,2665,2665,41508.8464646465,203.7371995112,4,32,137.6880217811,SSH-Bruteforce
32738,5136,5136,80,5136.0,40,5136,5136,389.4080997,0,0,0.0,0.0,0,5136.0,389.4080997,0,0.0,5136,0.0,0.0,0.0,0,0,0,0.0,0.0,5136,20,0.0,DDOS attack-HOIC
26883,375808,67647,22,15658.6666666667,808,67647,375855,66.5150124383,1944,1944,77.76,77.76,640,8542.1590909091,119.727022389,976,100.1956521739,185,133.25,102.4222222222,133.25,976,2665,2665,40817.2275362319,202.0327387733,5,32,132.2526874333,SSH-Bruteforce
26883,376819,76803,22,16383.4347826087,776,76803,376869,63.6826058922,1928,1928,80.3333333333,80.3333333333,640,8764.3953488372,116.7514441358,976,102.0666666667,201,133.25,104.3863636364,133.25,976,2665,2665,41510.3818181818,203.7409674518,5,32,133.9586784655,SSH-Bruteforce
26883,0,0,21,0.0,40,24,24,41666.66667,0,0,0.0,0.0,0,24.0,83333.33333,0,0.0,0,0.0,0.0,0.0,0,0,0,0.0,0.0,24,40,0.0,DoS attacks-SlowHTTPTest
-1,0,0,53,0.0,8,1080,1080,925.925925925926,43,43,43.0,43.0,43,1080.0,1851.851851851852,71,52.333333333333336,0,71.0,78.5,71.0,71,71,71,261.33333333333337,16.165807537309522,1080,8,0.0,Benign
26883,0,0,21,0.0,40,14,14,71428.57143,0,0,0.0,0.0,0,14.0,142857.1429,0,0.0,0,0.0,0.0,0.0,0,0,0,0.0,0.0,14,40,0.0,DoS attacks-SlowHTTPTest
26883,370909,72682,22,16126.4782608696,776,72682,370952,64.6983976364,1944,1944,81.0,81.0,640,8243.3777777778,124.0052621363,976,98.0638297872,218,121.1363636364,100.1956521739,121.1363636364,976,2665,2665,40143.4958371878,200.3584184335,3,32,134.0797945417,SSH-Bruteforce
2049,20800000,20800000,80,20800000.0,40,20800000,20777365,0.096258597,0,0,0.0,0.0,0,20800000.0,0.096258597,0,0.0,20800000,0.0,0.0,0.0,0,0,0,0.0,0.0,20800000,20,0.0,DDoS attacks-LOIC-HTTP
65535,218715,218715,40094,218715.0,80,218715,218715,9.144320234,0,0,0.0,0.0,0,218715.0,9.144320234,0,0.0,218715,0.0,0.0,0.0,0,0,0,0.0,0.0,218715,40,0.0,Infilteration
-1,120000000,587956,80,918.3819205,1043576,587956,119799248,1088.879957,4174304,4174304,32.0,32.0,32,918.3819205,1088.879957,32,32.0,0,0.0,32.00024531,0.0,0,0,0,0.0,0.0,0,8,0.0,DDOS attack-LOIC-UDP
225,2221,2221,80,2221.0,64,2221,2221,900.4952724,0,0,0.0,0.0,0,2221.0,900.4952724,0,0.0,2221,0.0,0.0,0.0,0,0,0,0.0,0.0,2221,32,0.0,DoS attacks-Hulk
225,28197,28197,80,28197.0,64,28197,28197,70.92953151,0,0,0.0,0.0,0,28197.0,70.92953151,0,0.0,28197,0.0,0.0,0.0,0,0,0,0.0,0.0,28197,32,0.0,DoS attacks-Hulk
8192,328,327,80,164.0,72,1511395,1511754,1.984449851,20,20,6.666666667,6.666666667,20,251959.0,4.630382986,964,123.0,1,241.0,140.5714286,241.0,964,964,964,115523.4286,339.8873763,1,20,11.54700538,DDoS attacks-LOIC-HTTP
-1,21231,21231,53,21231.0,16,78798,100135,19.9730364,72,72,36.0,36.0,36,33378.33333,39.9460728,101,62.0,21231,101.0,77.5,101.0,101,202,202,1267.5,35.60196624,106,8,0.0,Infilteration
32738,5719,5719,80,5719.0,40,5719,5719,349.711488,0,0,0.0,0.0,0,5719.0,349.711488,0,0.0,5719,0.0,0.0,0.0,0,0,0,0.0,0.0,5719,20,0.0,DDOS attack-HOIC
26883,0,0,21,0.0,40,3,3,333333.3333,0,0,0.0,0.0,0,3.0,666666.6667,0,0.0,0,0.0,0.0,0.0,0,0,0,0.0,0.0,3,40,0.0,DoS attacks-SlowHTTPTest
8192,308,305,80,154.0,72,885928,886282,3.384927145,20,20,6.666666667,6.666666667,20,147713.6667,7.898163339,964,123.0,3,241.0,140.5714286,241.0,964,964,964,115523.4286,339.8873763,3,20,11.54700538,DDoS attacks-LOIC-HTTP
-1,77300000,787451,80,1136.045803,544432,787451,77311325,880.2591341,2177728,2177728,32.0,32.0,32,1136.045803,880.2591341,32,32.0,1,0.0,32.00047021,0.0,0,0,0,0.0,0.0,1,8,0.0,DDOS attack-LOIC-UDP
26883,0,0,21,0.0,40,4,4,250000.0,0,0,0.0,0.0,0,4.0,500000.0,0,0.0,0,0.0,0.0,0.0,0,0,0,0.0,0.0,4,40,0.0,DoS attacks-SlowHTTPTest
225,81342,51186,80,40671.0,96,51186,81342,36.88131593,0,0,0.0,0.0,0,40671.0,36.88131593,0,0.0,30156,0.0,0.0,0.0,0,0,0,0.0,0.0,30156,32,0.0,DoS attacks-Hulk
26883,377239,76537,22,16401.6956521739,776,76537,377288,63.6118826997,1928,1928,80.3333333333,80.3333333333,640,8774.1395348837,116.6217849494,976,102.0666666667,234,133.25,104.3863636364,133.25,976,2665,2665,41510.3818181818,203.7409674518,3,32,133.9586784655,SSH-Bruteforce
225,45165,45165,80,45165.0,64,45165,45165,44.28207683,0,0,0.0,0.0,0,45165.0,44.28207683,0,0.0,45165,0.0,0.0,0.0,0,0,0,0.0,0.0,45165,32,0.0,DoS attacks-Hulk
252,49600000,49600000,80,49600000.0,40,49600000,49610679,0.040313901,0,0,0.0,0.0,0,49600000.0,0.040313901,0,0.0,49600000,0.0,0.0,0.0,0,0,0,0.0,0.0,49600000,20,0.0,DDoS attacks-LOIC-HTTP
221,8924572,8924572,80,8924572.0,64,8924572,8924572,0.2241003826,0,0,0.0,0.0,0,8924572.0,0.2241003826,0,0.0,8924572,0.0,0.0,0.0,0,0,0,0.0,0.0,8924572,32,0.0,DoS attacks-GoldenEye
211,81786524,81786524,80,81786524.0,64,81786522,81786524,0.0244539064,8,8,4.0,4.0,8,40893262.0,0.0366808596,8,4.0,81786524,0.0,5.3333333333,0.0,0,0,0,21.3333333333,4.6188021535,2,32,5.6568542495,DoS attacks-Slowloris
26883,383404,78978,22,18257.3333333333,712,78978,383454,57.3732442483,1960,1960,89.0909090909,89.0909090909,640,8917.5348837209,114.7464884967,976,102.7777777778,220,121.1363636364,105.1136363636,121.1363636364,976,2665,2665,41512.6767676768,203.7465994015,5,32,137.9533769037,SSH-Bruteforce
8192,377,375,80,188.5,72,1356223,1356632,2.211358718,20,20,6.666666667,6.666666667,20,226105.3333,5.159837008,964,123.0,2,241.0,140.5714286,241.0,964,964,964,115523.4286,339.8873763,2,20,11.54700538,DDoS attacks-LOIC-HTTP
225,2706,2706,80,2706.0,64,2706,2706,739.0983001,0,0,0.0,0.0,0,2706.0,739.0983001,0,0.0,2706,0.0,0.0,0.0,0,0,0,0.0,0.0,2706,32,0.0,DoS attacks-Hulk
-1,0,0,53,0.0,8,12497,12497,80.0192046091,45,45,45.0,45.0,45,12497.0,160.0384092182,126,72.0,0,126.0,108.0,126.0,126,126,126,2187.0,46.7653718044,12497,8,0.0,Benign
8192,384,381,80,192.0,72,1209378,1209804,2.47974052,20,20,6.666666667,6.666666667,20,201634.0,5.786061213,964,123.0,3,241.0,140.5714286,241.0,964,964,964,115523.4286,339.8873763,3,20,11.54700538,DDoS attacks-LOIC-HTTP
8192,474,427,8080,237.0,72,10343,11357,264.1542661,326,326,108.6666667,108.6666667,326,1892.833333,616.3599542,326,56.875,47,32.25,65.0,32.25,112,129,129,13318.69643,115.4066568,15,20,188.2161878,Bot
-1,14200000,581664,80,266.4601915,425344,581664,14166889,3752.976394,1701376,1701376,32.0,32.0,32,266.4601915,3752.976394,32,32.0,1,0.0,32.00060187,0.0,0,0,0,0.0,0.0,1,8,0.0,DDOS attack-LOIC-UDP
65535,4451,4192,80,2225.5,72,4192,4740,632.9113924,247,247,82.33333333,82.33333333,247,790.0,1476.793249,935,147.75,259,233.75,168.8571429,233.75,935,935,935,108656.2143,329.6304208,6,20,142.6055165,DDOS attack-HOIC
2047,112,112,80,112.0,40,112,112,17857.1428571429,0,0,0.0,0.0,0,112.0,17857.1428571429,0,0.0,112,0.0,0.0,0.0,0,0,0,0.0,0.0,112,20,0.0,Brute Force -Web
26883,0,0,21,0.0,40,20,20,50000.0,0,0,0.0,0.0,0,20.0,100000.0,0,0.0,0,0.0,0.0,0.0,0,0,0,0.0,0.0,20,40,0.0,FTP-BruteForce
2049,9536688,9536688,80,9536688.0,40,9536688,9536688,0.209716413,0,0,0.0,0.0,0,9536688.0,0.209716413,0,0.0,9536688,0.0,0.0,0.0,0,0,0,0.0,0.0,9536688,20,0.0,DDoS attacks-LOIC-HTTP
26883,365794,71668,22,17418.7619047619,712,71668,365843,60.1350852688,1912,1912,86.9090909091,86.9090909091,640,8507.9767441861,120.2701705376,976,101.7111111111,288,121.1363636364,104.0227272727,121.1363636364,976,2665,2665,41508.8464646465,203.7371995112,5,32,137.6880217811,SSH-Bruteforce
2051,38,38,80,38.0,40,38,38,52631.5789473684,0,0,0.0,0.0,0,38.0,52631.5789473684,0,0.0,38,0.0,0.0,0.0,0,0,0,0.0,0.0,38,20,0.0,Brute Force -Web
-1,120000000,899510,80,1109.445778,863648,899510,119770219,901.3592937,3454592,3454592,32.0,32.0,32,1109.445778,901.3592937,32,32.0,0,0.0,32.00029642,0.0,0,0,0,0.0,0.0,0,8,0.0,DDOS attack-LOIC-UDP
1013,70,67,51140,35.0,60,39,70,42857.14286,53,53,17.66666667,17.66666667,53,23.33333333,57142.85714,53,10.6,3,0.0,13.25,0.0,0,0,0,561.8,23.70232056,3,20,30.59956427,Benign
26883,0,0,21,0.0,40,2,2,500000.0,0,0,0.0,0.0,0,2.0,1000000.0,0,0.0,0,0.0,0.0,0.0,0,0,0,0.0,0.0,2,40,0.0,DoS attacks-SlowHTTPTest
257,202,153,443,101.0,60,153,202,14851.48515,31,31,10.33333333,10.33333333,31,101.0,14851.48515,31,7.75,49,0.0,10.33333333,0.0,0,0,0,240.25,15.5,49,20,17.89785834,Infilteration
226,1719050,1719050,80,1719050.0,64,1719050,1719050,1.1634332916,0,0,0.0,0.0,0,1719050.0,1.1634332916,0,0.0,1719050,0.0,0.0,0.0,0,0,0,0.0,0.0,1719050,32,0.0,DoS attacks-GoldenEye
-1,10700000,581343,80,258.6208095,331472,581343,10715436,3866.758198,1325888,1325888,32.0,32.0,32,258.6208095,3866.758198,32,32.0,1,0.0,32.00077231,0.0,0,0,0,0.0,0.0,1,8,0.0,DDOS attack-LOIC-UDP
225,3260,3260,80,3260.0,64,3260,3260,613.4969325,0,0,0.0,0.0,0,3260.0,613.4969325,0,0.0,3260,0.0,0.0,0.0,0,0,0,0.0,0.0,3260,32,0.0,DoS attacks-Hulk
32738,14783,14783,80,14783.0,40,14783,14783,135.2905364,0,0,0.0,0.0,0,14783.0,135.2905364,0,0.0,14783,0.0,0.0,0.0,0,0,0,0.0,0.0,14783,20,0.0,DDOS attack-HOIC
256,32,32,6282,32.0,40,32,32,62500.0,0,0,0.0,0.0,0,32.0,62500.0,0,0.0,32,0.0,0.0,0.0,0,0,0,0.0,0.0,32,20,0.0,Benign
8192,1549086,1207835,80,129090.5,272,4950591,6499677,2.0000993896,2333,2333,179.4615384615,179.4615384615,431,295439.863636364,3.5386373815,1048,281.5833333333,432,442.5,293.8260869565,442.5,1048,4425,4425,85216.6884057971,291.9189757549,19,20,177.7332342701,Brute Force -Web
8192,568,515,8080,284.0,72,8413,9350,320.855615,326,326,108.6666667,108.6666667,326,1558.333333,748.6631016,326,56.875,53,32.25,65.0,32.25,112,129,129,13318.69643,115.4066568,22,20,188.2161878,Bot
-1,0,0,53,0.0,8,2035,2035,491.4004914,42,42,42.0,42.0,42,2035.0,982.8009828,102,62.0,0,102.0,93.0,102.0,102,102,102,1200.0,34.64101615,2035,8,0.0,Infilteration
26883,6880430,6878465,80,2293476.66666667,136,6878188,11883730,0.336594655,315,315,78.75,78.75,315,1697675.71428571,0.6731893101,662,108.5555555556,295,165.5,122.125,165.5,662,662,662,53926.2777777778,232.2203216296,6,32,157.5,DoS attacks-GoldenEye
26883,0,0,21,0.0,40,18,18,55555.5555555556,0,0,0.0,0.0,0,18.0,111111.111111111,0,0.0,0,0.0,0.0,0.0,0,0,0,0.0,0.0,18,40,0.0,FTP-BruteForce
-1,120000000,643695,80,983.1588853,974296,643695,119734988,1017.137948,3897184,3897184,32.0,32.0,32,983.1588853,1017.137948,32,32.0,0,0.0,32.00026275,0.0,0,0,0,0.0,0.0,0,8,0.0,DDOS attack-LOIC-UDP
241,0,0,22,0.0,32,7,7,142857.142857143,0,0,0.0,0.0,0,7.0,285714.285714286,0,0.0,0,0.0,0.0,0.0,0,0,0,0.0,0.0,7,32,0.0,SSH-Bruteforce
211,107098696,107098696,80,107098696.0,64,107098693,107098698,0.0186743633,16,16,8.0,8.0,8,35699566.0,0.0373487267,8,4.8,107098696,0.0,6.0,0.0,0,0,0,19.2,4.38178046,2,32,0.0,DoS attacks-Slowloris
26883,0,0,21,0.0,40,1,1,1000000.0,0,0,0.0,0.0,0,1.0,2000000.0,0,0.0,0,0.0,0.0,0.0,0,0,0,0.0,0.0,1,40,0.0,FTP-BruteForce
26883,0,0,21,0.0,40,8,8,125000.0,0,0,0.0,0.0,0,8.0,250000.0,0,0.0,0,0.0,0.0,0.0,0,0,0,0.0,0.0,8,40,0.0,FTP-BruteForce
-1,120000000,591365,80,868.8892291,1102608,591365,119754658,1150.90304,4410432,4410432,32.0,32.0,32,868.8892291,1150.90304,32,32.0,0,0.0,32.00023218,0.0,0,0,0,0.0,0.0,0,8,0.0,DDOS attack-LOIC-UDP
-1,120000000,691236,80,1063.418933,900256,691236,119667596,940.3715271,3601024,3601024,32.0,32.0,32,1063.418933,940.3715271,32,32.0,0,0.0,32.00028436,0.0,0,0,0,0.0,0.0,0,8,0.0,DDOS attack-LOIC-UDP
26883,365641,126827,22,16620.0454545455,744,126827,365693,62.894285644,2008,2008,87.3043478261,87.3043478261,640,8706.9761904762,117.5849688126,976,106.2045454545,223,133.25,108.6744186047,133.25,976,2665,2665,42223.1432346723,205.4827078726,5,32,136.3399610541,SSH-Bruteforce
26883,0,0,21,0.0,40,3,3,333333.3333,0,0,0.0,0.0,0,3.0,666666.6667,0,0.0,0,0.0,0.0,0.0,0,0,0,0.0,0.0,3,40,0.0,DoS attacks-SlowHTTPTest
258,287,263,443,143.5,60,263,287,10452.9616724739,77,77,25.6666666667,25.6666666667,46,143.5,10452.9616724739,46,30.75,24,0.0,41.0,0.0,0,0,0,470.25,21.6852484422,24,20,23.4591844132,Benign
26883,108125853,53247436,80,7723275.21428571,496,53247436,108125855,0.1387272267,2530,2530,168.6666666667,168.6666666667,230,6360344.41176471,0.1664726721,230,133.1578947368,341,0.0,140.5555555556,0.0,0,0,0,13611.6959064327,116.6691729054,2,32,105.2796728899,DoS attacks-Slowloris
241,0,0,22,0.0,32,7,7,142857.142857143,0,0,0.0,0.0,0,7.0,285714.285714286,0,0.0,0,0.0,0.0,0.0,0,0,0,0.0,0.0,7,32,0.0,SSH-Bruteforce
26883,108157970,53247419,80,8319843.84615385,456,53247419,108157983,0.1294402837,2530,2530,180.7142857143,180.7142857143,230,6759873.9375,0.1571774873,230,140.5555555556,260,0.0,148.8235294118,0.0,0,0,0,13311.4379084967,115.375204912,5,32,97.9375221341,DoS attacks-Slowloris
8192,1727336,1048641,3389,215917.0,192,953335,1727336,5.210335453,1144,1144,127.1111111,127.1111111,677,115155.7333,9.262818583,1173,160.2941176,3,225.8571429,170.3125,225.8571429,1173,1581,1581,97348.22059,312.0067637,3,20,218.5088353,Infilteration
8192,13197494,1065631,80,356689.027027027,772,1065631,13197494,2.8793345161,12446,12446,327.5263157895,327.5263157895,646,212862.806451613,4.7736335398,1068,456.796875,316,671.56,464.0476190476,671.56,1068,16789,16789,138199.815228175,371.7523573942,5,20,279.4968197703,Brute Force -Web
8192,529,477,8080,264.5,72,8919,9868,304.0129712,326,326,108.6666667,108.6666667,326,1644.666667,709.3635995,326,56.875,52,32.25,65.0,32.25,112,129,129,13318.69643,115.4066568,22,20,188.2161878,Bot
65535,12306,11981,80,6153.0,72,11981,12769,234.944005,339,339,113.0,113.0,339,2128.166667,548.2026784,935,159.25,325,233.75,182.0,233.75,935,935,935,112323.0714,335.1463433,4,20,195.7217413,DDOS attack-HOIC
241,0,0,22,0.0,32,5,5,200000.0,0,0,0.0,0.0,0,5.0,400000.0,0,0.0,0,0.0,0.0,0.0,0,0,0,0.0,0.0,5,32,0.0,SSH-Bruteforce
8192,349,340,80,174.5,72,1549794,1550182,1.935256634,20,20,6.666666667,6.666666667,20,258363.6667,4.515598814,964,123.0,9,241.0,140.5714286,241.0,964,964,964,115523.4286,339.8873763,7,20,11.54700538,DDoS attacks-LOIC-HTTP
26883,0,0,21,0.0,40,41,41,24390.243902439,0,0,0.0,0.0,0,41.0,48780.4878048781,0,0.0,0,0.0,0.0,0.0,0,0,0,0.0,0.0,41,40,0.0,FTP-BruteForce
2049,39100000,39100000,80,39100000.0,40,39100000,39106450,0.051142459,0,0,0.0,0.0,0,39100000.0,0.051142459,0,0.0,39100000,0.0,0.0,0.0,0,0,0,0.0,0.0,39100000,20,0.0,DDoS attacks-LOIC-HTTP
26883,0,0,21,0.0,40,17,17,58823.5294117647,0,0,0.0,0.0,0,17.0,117647.058823529,0,0.0,0,0.0,0.0,0.0,0,0,0,0.0,0.0,17,40,0.0,FTP-BruteForce
225,28432,28432,80,28432.0,64,28432,28432,70.34327518,0,0,0.0,0.0,0,28432.0,70.34327518,0,0.0,28432,0.0,0.0,0.0,0,0,0,0.0,0.0,28432,32,0.0,DoS attacks-Hulk
-1,120000000,695199,80,962.1269082,996760,695199,119875240,1039.372267,3987040,3987040,32.0,32.0,32,962.1269082,1039.372267,32,32.0,0,0.0,32.00025683,0.0,0,0,0,0.0,0.0,0,8,0.0,DDOS attack-LOIC-UDP
8192,449,447,80,224.5,72,1476745,1477224,2.030836217,20,20,6.666666667,6.666666667,20,246204.0,4.73861784,964,123.0,2,241.0,140.5714286,241.0,964,964,964,115523.4286,339.8873763,2,20,11.54700538,DDoS attacks-LOIC-HTTP
2049,12100000,12100000,80,12100000.0,40,12100000,12070563,0.165692354,0,0,0.0,0.0,0,12100000.0,0.165692354,0,0.0,12100000,0.0,0.0,0.0,0,0,0,0.0,0.0,12100000,20,0.0,DDoS attacks-LOIC-HTTP
2052,539,539,8080,539.0,40,539,539,3710.575139,0,0,0.0,0.0,0,539.0,3710.575139,0,0.0,539,0.0,0.0,0.0,0,0,0,0.0,0.0,539,20,0.0,Bot
-1,120000000,917137,80,1436.985786,668072,917137,119999809,695.909441,2672288,2672288,32.0,32.0,32,1436.985786,695.909441,32,32.0,1,0.0,32.00038319,0.0,0,0,0,0.0,0.0,1,8,0.0,DDOS attack-LOIC-UDP
26883,0,0,21,0.0,40,1,1,1000000.0,0,0,0.0,0.0,0,1.0,2000000.0,0,0.0,0,0.0,0.0,0.0,0,0,0,0.0,0.0,1,40,0.0,FTP-BruteForce
225,16230,16230,80,16230.0,64,16230,16230,123.228589,0,0,0.0,0.0,0,16230.0,123.228589,0,0.0,16230,0.0,0.0,0.0,0,0,0,0.0,0.0,16230,32,0.0,DoS attacks-Hulk
26883,324710,79558,22,16235.5,680,79558,325100,64.5955090741,1912,1912,91.0476190476,91.0476190476,640,7740.4761904762,132.2669947708,976,104.0227272727,278,121.1363636364,106.4418604651,121.1363636364,976,2665,2665,42228.1157505285,205.4948071133,3,32,139.6790879804,SSH-Bruteforce
2047,350,350,80,350.0,40,350,350,5714.2857142857,0,0,0.0,0.0,0,350.0,5714.2857142857,0,0.0,350,0.0,0.0,0.0,0,0,0,0.0,0.0,350,20,0.0,Brute Force -Web
255,24500000,10200000,443,6132680.0,100,10200000,24530720,0.20382606,56,56,11.2,11.2,53,3504388.571,0.326121696,53,6.333333333,40,0.0,7.125,0.0,0,0,0,306.5,17.5071414,40,20,23.3709221,Infilteration
26883,7237,3830,80,3618.5,104,38301,46196,64.94068751,346,346,115.3333333,115.3333333,346,7699.333333,151.5282708,935,160.125,3407,233.75,183.0,233.75,935,935,935,112688.6964,335.6913708,4,32,199.7631931,DoS attacks-Hulk
225,2110,2110,80,2110.0,64,2110,2110,947.8672986,0,0,0.0,0.0,0,2110.0,947.8672986,0,0.0,2110,0.0,0.0,0.0,0,0,0,0.0,0.0,2110,32,0.0,DoS attacks-Hulk
211,99999512,99999512,80,99999512.0,64,99999510,99999514,0.0200000972,16,16,8.0,8.0,8,33333171.3333333,0.0400001944,8,4.8,99999512,0.0,6.0,0.0,0,0,0,19.2,4.38178046,2,32,0.0,DoS attacks-Slowloris
26883,0,0,21,0.0,40,25,25,40000.0,0,0,0.0,0.0,0,25.0,80000.0,0,0.0,0,0.0,0.0,0.0,0,0,0,0.0,0.0,25,40,0.0,FTP-BruteForce
2049,23600000,23600000,80,23600000.0,40,23600000,23642541,0.084593276,0,0,0.0,0.0,0,23600000.0,0.084593276,0,0.0,23600000,0.0,0.0,0.0,0,0,0,0.0,0.0,23600000,20,0.0,DDoS attacks-LOIC-HTTP
2049,26700000,26700000,80,26700000.0,40,26700000,26675734,0.074974507,0,0,0.0,0.0,0,26700000.0,0.074974507,0,0.0,26700000,0.0,0.0,0.0,0,0,0,0.0,0.0,26700000,20,0.0,DDoS attacks-LOIC-HTTP
225,32298,32298,80,32298.0,64,32298,32298,61.92333891,0,0,0.0,0.0,0,32298.0,61.92333891,0,0.0,32298,0.0,0.0,0.0,0,0,0,0.0,0.0,32298,32,0.0,DoS attacks-Hulk
8192,449,434,80,224.5,72,1146660,1147148,2.615181302,20,20,6.666666667,6.666666667,20,191191.3333,6.102089704,964,123.0,15,241.0,140.5714286,241.0,964,964,964,115523.4286,339.8873763,3,20,11.54700538,DDoS attacks-LOIC-HTTP
-1,0,0,53,0.0,8,2078,2078,481.2319538,42,42,42.0,42.0,42,2078.0,962.4639076,96,60.0,0,96.0,90.0,96.0,96,96,96,972.0,31.17691454,2078,8,0.0,Infilteration
26883,0,0,21,0.0,40,20,20,50000.0,0,0,0.0,0.0,0,20.0,100000.0,0,0.0,0,0.0,0.0,0.0,0,0,0,0.0,0.0,20,40,0.0,FTP-BruteForce
225,679,679,80,679.0,64,679,679,2945.5081,0,0,0.0,0.0,0,679.0,2945.5081,0,0.0,679,0.0,0.0,0.0,0,0,0,0.0,0.0,679,32,0.0,DoS attacks-Hulk
26883,0,0,21,0.0,40,6,6,166666.6667,0,0,0.0,0.0,0,6.0,333333.3333,0,0.0,0,0.0,0.0,0.0,0,0,0,0.0,0.0,6,40,0.0,DoS attacks-SlowHTTPTest
2049,42000000,42000000,80,42000000.0,40,42000000,41972317,0.047650455,0,0,0.0,0.0,0,42000000.0,0.047650455,0,0.0,42000000,0.0,0.0,0.0,0,0,0,0.0,0.0,42000000,20,0.0,DDoS attacks-LOIC-HTTP
26883,0,0,21,0.0,40,2,2,500000.0,0,0,0.0,0.0,0,2.0,1000000.0,0,0.0,0,0.0,0.0,0.0,0,0,0,0.0,0.0,2,40,0.0,FTP-BruteForce
241,0,0,22,0.0,32,7,7,142857.142857143,0,0,0.0,0.0,0,7.0,285714.285714286,0,0.0,0,0.0,0.0,0.0,0,0,0,0.0,0.0,7,32,0.0,SSH-Bruteforce
211,100001170,100001170,80,100001170.0,64,100001168,100001172,0.0199997656,16,16,8.0,8.0,8,33333724.0,0.0399995312,8,4.8,100001170,0.0,6.0,0.0,0,0,0,19.2,4.38178046,2,32,0.0,DoS attacks-Slowloris
2049,9320011,9320011,80,9320011.0,40,9320011,9320011,0.214592021,0,0,0.0,0.0,0,9320011.0,0.214592021,0,0.0,9320011,0.0,0.0,0.0,0,0,0,0.0,0.0,9320011,20,0.0,DDoS attacks-LOIC-HTTP
26883,0,0,21,0.0,40,29,29,34482.7586206897,0,0,0.0,0.0,0,29.0,68965.5172413793,0,0.0,0,0.0,0.0,0.0,0,0,0,0.0,0.0,29,40,0.0,FTP-BruteForce
226,50769839,50769839,80,50769839.0,64,50769839,50769839,0.0393934674,0,0,0.0,0.0,0,50769839.0,0.0393934674,0,0.0,50769839,0.0,0.0,0.0,0,0,0,0.0,0.0,50769839,32,0.0,DoS attacks-GoldenEye
26883,0,0,21,0.0,40,21,21,47619.04762,0,0,0.0,0.0,0,21.0,95238.09524,0,0.0,0,0.0,0.0,0.0,0,0,0,0.0,0.0,21,40,0.0,DoS attacks-SlowHTTPTest
32738,25476,25476,80,25476.0,40,25476,25476,78.50525985,0,0,0.0,0.0,0,25476.0,78.50525985,0,0.0,25476,0.0,0.0,0.0,0,0,0,0.0,0.0,25476,20,0.0,DDOS attack-HOIC
8192,507,498,80,253.5,72,1217879,1218444,2.462156652,20,20,6.666666667,6.666666667,20,203074.0,5.745032189,964,123.0,9,241.0,140.5714286,241.0,964,964,964,115523.4286,339.8873763,7,20,11.54700538,DDoS attacks-LOIC-HTTP
180,0,0,55796,0.0,20,34,34,29411.764705882357,0,0,0.0,0.0,0,34.0,58823.52941176471,0,0.0,0,0.0,0.0,0.0,0,0,0,0.0,0.0,34,20,0.0,Benign
-1,120000000,655414,80,907.0478713,1055672,655414,119692223,1102.485999,4222688,4222688,32.0,32.0,32,907.0478713,1102.485999,32,32.0,0,0.0,32.0002425,0.0,0,0,0,0.0,0.0,0,8,0.0,DDOS attack-LOIC-UDP
8192,116127111,10031063,443,6451506.166666667,392,10010181,116127111,0.1636138179653845,1914,1914,100.7368421052632,100.73684210526316,1304,3415503.264705882,0.3013938751993925,1304,87.52777777777776,13,77.3125,90.02857142857142,77.3125,1085,1237,1237,82737.34206349203,287.64099510238805,13,20,314.3306543019916,Benign
-1,120000000,713740,80,975.9014973,983128,713740,119928535,1024.701919,3932512,3932512,32.0,32.0,32,975.9014973,1024.701919,32,32.0,1,0.0,32.00026039,0.0,0,0,0,0.0,0.0,1,8,0.0,DDOS attack-LOIC-UDP
2049,37500000,37500000,80,37500000.0,40,37500000,37530307,0.053290265,0,0,0.0,0.0,0,37500000.0,0.053290265,0,0.0,37500000,0.0,0.0,0.0,0,0,0,0.0,0.0,37500000,20,0.0,DDoS attacks-LOIC-HTTP
65535,13526,13216,80,6763.0,72,13216,14602,205.451308,300,300,100.0,100.0,300,2433.666667,479.3863854,935,154.375,310,233.75,176.4285714,233.75,935,935,935,110510.2679,332.4308467,3,20,173.2050808,DDOS attack-HOIC
-1,0,0,53,0.0,8,1259,1259,794.2811755,46,46,46.0,46.0,46,1259.0,1588.562351,62,51.33333333,0,62.0,77.0,62.0,62,62,62,85.33333333,9.237604307,1259,8,0.0,Infilteration
226,23335945,23335945,80,23335945.0,64,23335945,23335945,0.0857046929,0,0,0.0,0.0,0,23335945.0,0.0857046929,0,0.0,23335945,0.0,0.0,0.0,0,0,0,0.0,0.0,23335945,32,0.0,DoS attacks-GoldenEye
8192,169716,169003,445,84858.0,72,168918,169716,17.67658913,0,0,0.0,0.0,0,56572.0,23.5687855,0,0.0,713,0.0,0.0,0.0,0,0,0,0.0,0.0,85,20,0.0,Infilteration
26883,0,0,21,0.0,40,18,18,55555.5555555556,0,0,0.0,0.0,0,18.0,111111.111111111,0,0.0,0,0.0,0.0,0.0,0,0,0,0.0,0.0,18,40,0.0,FTP-BruteForce
8192,368,293,80,184.0,72,1209257,1209680,2.479994709,20,20,6.666666667,6.666666667,20,201613.3333,5.786654322,964,123.0,75,241.0,140.5714286,241.0,964,964,964,115523.4286,339.8873763,3,20,11.54700538,DDoS attacks-LOIC-HTTP
26883,0,0,21,0.0,40,6,6,166666.6667,0,0,0.0,0.0,0,6.0,333333.3333,0,0.0,0,0.0,0.0,0.0,0,0,0,0.0,0.0,6,40,0.0,DoS attacks-SlowHTTPTest
8192,349,349,8080,349.0,52,7874,26814,74.58790184,0,0,0.0,0.0,0,1787.6,596.7032147,112,7.588235294,349,9.214285714,8.0625,9.214285714,112,129,129,740.8823529,27.21915416,0,20,0.0,Bot
-1,18897,18897,53,18897.0,16,18680,19323,103.50359674998708,68,68,34.0,34.0,34,6441.0,207.0071934999741,90,56.4,18897,90.0,70.5,90.0,90,180,180,940.8000000000002,30.672463220289305,217,8,0.0,Benign
32738,24396,24396,80,24396.0,40,24396,24396,81.98065257,0,0,0.0,0.0,0,24396.0,81.98065257,0,0.0,24396,0.0,0.0,0.0,0,0,0,0.0,0.0,24396,20,0.0,DDOS attack-HOIC
-1,120000000,911974,80,1448.536946,662496,911974,119954793,690.3600759,2649984,2649984,32.0,32.0,32,1448.536946,690.3600759,32,32.0,1,0.0,32.00038642,0.0,0,0,0,0.0,0.0,1,8,0.0,DDOS attack-LOIC-UDP
211,108158617,108158617,80,108158617.0,64,108158615,108158619,0.0184913604,16,16,8.0,8.0,8,36052873.0,0.0369827207,8,4.8,108158617,0.0,6.0,0.0,0,0,0,19.2,4.38178046,2,32,0.0,DoS attacks-Slowloris
-1,0,0,53,0.0,8,1016,1016,984.2519685039372,41,41,41.0,41.0,41,1016.0,1968.503937007874,69,50.333333333333336,0,69.0,75.5,69.0,69,69,69,261.33333333333337,16.165807537309522,1016,8,0.0,Benign
-1,89479007,41990148,500,17895801.4,48,41990148,89479007,0.0670548344,3000,3000,500.0,500.0,500,17895801.4,0.0670548344,500,500.0,4000847,0.0,583.3333333333,0.0,0,0,0,0.0,0.0,4000847,8,0.0,Brute Force -Web
-1,120000000,1027063,80,979.8432659,977000,1027063,119662379,1020.579743,3908000,3908000,32.0,32.0,32,979.8432659,1020.579743,32,32.0,0,0.0,32.00026203,0.0,0,0,0,0.0,0.0,0,8,0.0,DDOS attack-LOIC-UDP
8192,421,400,80,210.5,72,1221049,1221501,2.455994715,20,20,6.666666667,6.666666667,20,203583.5,5.730654334,964,123.0,21,241.0,140.5714286,241.0,964,964,964,115523.4286,339.8873763,4,20,11.54700538,DDoS attacks-LOIC-HTTP
8192,3971285,1289861,3389,397128.5,232,1289861,3971285,2.769884306968651,1148,1148,104.36363636363636,104.36363636363636,677,233605.0,4.532537956857793,1173,143.6315789473684,3,225.8571428571429,151.61111111111111,225.8571428571429,1173,1581,1581,89114.35672514622,298.52027858278944,3,20,202.2944748268092,Benign
2049,37400000,37400000,80,37400000.0,40,37400000,37356554,0.053538129,0,0,0.0,0.0,0,37400000.0,0.053538129,0,0.0,37400000,0.0,0.0,0.0,0,0,0,0.0,0.0,37400000,20,0.0,DDoS attacks-LOIC-HTTP
225,21574,21574,80,21574.0,64,21574,21574,92.70418096,0,0,0.0,0.0,0,21574.0,92.70418096,0,0.0,21574,0.0,0.0,0.0,0,0,0,0.0,0.0,21574,32,0.0,DoS attacks-Hulk
26883,0,0,21,0.0,40,3,3,333333.333333333,0,0,0.0,0.0,0,3.0,666666.666666667,0,0.0,0,0.0,0.0,0.0,0,0,0,0.0,0.0,3,40,0.0,FTP-BruteForce
8192,304,300,80,152.0,72,1212545,1212874,2.473463855,20,20,6.666666667,6.666666667,20,202145.6667,5.771415662,964,123.0,4,241.0,140.5714286,241.0,964,964,964,115523.4286,339.8873763,4,20,11.54700538,DDoS attacks-LOIC-HTTP
26883,343401,168585,22,18073.7368421053,648,168585,343884,58.159146689,1912,1912,95.6,95.6,640,8387.4146341463,122.1342080469,976,106.4418604651,332,121.1363636364,108.9761904762,121.1363636364,976,2665,2665,42969.919158361,207.2918694941,6,32,141.7003510006,SSH-Bruteforce
225,1982,1982,80,1982.0,64,1982,1982,1009.081736,0,0,0.0,0.0,0,1982.0,1009.081736,0,0.0,1982,0.0,0.0,0.0,0,0,0,0.0,0.0,1982,32,0.0,DoS attacks-Hulk
26883,0,0,21,0.0,40,7,7,142857.1429,0,0,0.0,0.0,0,7.0,285714.2857,0,0.0,0,0.0,0.0,0.0,0,0,0,0.0,0.0,7,40,0.0,DoS attacks-SlowHTTPTest
32738,5267,5267,80,5267.0,40,5267,5267,379.7228024,0,0,0.0,0.0,0,5267.0,379.7228024,0,0.0,5267,0.0,0.0,0.0,0,0,0,0.0,0.0,5267,20,0.0,DDOS attack-HOIC
26883,15451,15093,80,5150.3333333333,136,5004296,5019747,0.7968529091,425,425,106.25,106.25,425,717106.714285714,1.5937058182,972,155.2222222222,27,243.0,174.625,243.0,972,972,972,113570.444444444,337.0021430858,7,32,212.5,DoS attacks-GoldenEye
225,41596,41596,80,41596.0,64,41596,41596,48.0815463,0,0,0.0,0.0,0,41596.0,48.0815463,0,0.0,41596,0.0,0.0,0.0,0,0,0,0.0,0.0,41596,32,0.0,DoS attacks-Hulk
32738,14748,14748,80,14748.0,40,14748,14748,135.6116084,0,0,0.0,0.0,0,14748.0,135.6116084,0,0.0,14748,0.0,0.0,0.0,0,0,0,0.0,0.0,14748,20,0.0,DDOS attack-HOIC
256,699,699,8080,699.0,40,699,699,2861.230329,0,0,0.0,0.0,0,699.0,2861.230329,0,0.0,699,0.0,0.0,0.0,0,0,0,0.0,0.0,699,20,0.0,Bot
26883,379989,125207,22,18094.7142857143,712,125207,380041,57.8884909786,1928,1928,87.6363636364,87.6363636364,640,9269.2926829268,110.5143918682,976,106.8139534884,219,133.25,109.3571428571,133.25,976,2665,2665,42967.9169435216,207.2870399796,6,32,137.7805520365,SSH-Bruteforce
8192,27419524,20271300,3389,3427440.5,192,20140639,27419524,0.328233269111455,1148,1148,127.55555555555556,127.55555555555556,677,1612913.176470589,0.6564665382229101,1173,143.6315789473684,3,175.66666666666666,151.61111111111111,175.66666666666666,1173,1581,1581,89114.3567251462,298.5202785827894,3,20,218.69105555046775,Benign
26883,0,0,21,0.0,40,36,36,27777.77778,0,0,0.0,0.0,0,36.0,55555.55556,0,0.0,0,0.0,0.0,0.0,0,0,0,0.0,0.0,36,40,0.0,DoS attacks-SlowHTTPTest
26883,0,0,21,0.0,40,19,19,52631.5789473684,0,0,0.0,0.0,0,19.0,105263.157894737,0,0.0,0,0.0,0.0,0.0,0,0,0,0.0,0.0,19,40,0.0,FTP-BruteForce
8192,117333406,58784147,443,11733340.6,232,58650153,117333406,0.0937499419389564,875,875,79.54545454545455,79.54545454545455,517,6175442.421052633,0.1704544398890116,517,58.57142857142858,73,39.44444444444445,61.5,39.44444444444444,156,355,355,13481.257142857145,116.10881595665828,2,20,154.04308724273457,Benign
26883,0,0,21,0.0,40,3,3,333333.333333333,0,0,0.0,0.0,0,3.0,666666.666666667,0,0.0,0,0.0,0.0,0.0,0,0,0,0.0,0.0,3,40,0.0,FTP-BruteForce
2052,427,427,8080,427.0,40,427,427,4683.840749,0,0,0.0,0.0,0,427.0,4683.840749,0,0.0,427,0.0,0.0,0.0,0,0,0,0.0,0.0,427,20,0.0,Bot
8192,541,480,8080,270.5,72,15427,16283,184.2412332,326,326,108.6666667,108.6666667,326,2713.833333,429.8962108,326,56.875,61,32.25,65.0,32.25,112,129,129,13318.69643,115.4066568,21,20,188.2161878,Bot
8192,317,314,80,158.5,72,710190,710567,4.221980475,20,20,6.666666667,6.666666667,20,118427.8333,9.851287774,964,123.0,3,241.0,140.5714286,241.0,964,964,964,115523.4286,339.8873763,3,20,11.54700538,DDoS attacks-LOIC-HTTP
8192,419,369,80,209.5,72,1116713,1117183,2.685325502,20,20,6.666666667,6.666666667,20,186197.1667,6.265759504,964,123.0,50,241.0,140.5714286,241.0,964,964,964,115523.4286,339.8873763,5,20,11.54700538,DDoS attacks-LOIC-HTTP
26883,366772,103712,22,15946.6086956522,776,103712,366935,65.4066796572,1928,1928,80.3333333333,80.3333333333,640,8533.3720930233,119.9122460381,976,102.0666666667,207,133.25,104.3863636364,133.25,976,2665,2665,41510.3818181818,203.7409674518,5,32,133.9586784655,SSH-Bruteforce
32738,5671,5671,80,5671.0,40,5671,5671,352.6714865,0,0,0.0,0.0,0,5671.0,352.6714865,0,0.0,5671,0.0,0.0,0.0,0,0,0,0.0,0.0,5671,20,0.0,DDOS attack-HOIC
8192,9002511,5999837,443,4501255.5,92,5999837,9002511,0.3332403592730961,0,0,0.0,0.0,0,4501255.5,0.3332403592730961,0,0.0,3002674,0.0,0.0,0.0,0,0,0,0.0,0.0,3002674,28,0.0,Benign
65535,4066,3611,80,2033.0,72,3611,4408,680.5807623,324,324,108.0,108.0,324,734.6666667,1588.021779,935,157.375,455,233.75,179.8571429,233.75,935,935,935,111580.8393,334.0371825,7,20,187.0614872,DDOS attack-HOIC
-1,26434,26434,53,26434.0,16,197456,223891,8.93291825,60,60,30.0,30.0,30,74630.33333,17.8658365,46,36.4,26434,46.0,45.5,46.0,46,92,92,76.8,8.76356092,1,8,0.0,Infilteration
8192,57189651,1014418,80,283117.084158416,4072,1014418,57191866,3.5494557915,56330,56330,277.4876847291,277.4876847291,680,186901.522875817,5.367896197,1936,799.7337662338,458,1826.8076923077,802.338762215,1826.8076923077,1936,189988,189988,630675.492406616,794.1507995379,25,20,292.8687801257,Brute Force -XSS
-1,0,0,53,0.0,8,674,674,1483.6795252226,53,53,53.0,53.0,53,674.0,2967.3590504451,81,62.3333333333,0,81.0,93.5,81.0,81,81,81,261.3333333333,16.1658075373,674,8,0.0,Benign
32738,2130,2130,80,2130.0,40,2130,2130,938.9671362,0,0,0.0,0.0,0,2130.0,938.9671362,0,0.0,2130,0.0,0.0,0.0,0,0,0,0.0,0.0,2130,20,0.0,DDOS attack-HOIC
2049,24700000,24700000,80,24700000.0,40,24700000,24690278,0.081003543,0,0,0.0,0.0,0,24700000.0,0.081003543,0,0.0,24700000,0.0,0.0,0.0,0,0,0,0.0,0.0,24700000,20,0.0,DDoS attacks-LOIC-HTTP
32738,1637,1637,80,1637.0,40,1637,1637,1221.747098,0,0,0.0,0.0,0,1637.0,1221.747098,0,0.0,1637,0.0,0.0,0.0,0,0,0,0.0,0.0,1637,20,0.0,DDOS attack-HOIC
8192,448,302,80,224.0,72,253,876,3424.657534,161,161,53.66666667,53.66666667,161,146.0,7990.86758,488,81.125,146,122.0,92.71428571,122.0,488,488,488,30202.125,173.7875859,0,20,92.95339334,Benign
8192,1683,1406,80,841.5,72,1381736,1383450,2.168491814,20,20,6.666666667,6.666666667,20,230575.0,5.059814233,964,123.0,277,241.0,140.5714286,241.0,964,964,964,115523.4286,339.8873763,6,20,11.54700538,DDoS attacks-LOIC-HTTP
2052,525,525,8080,525.0,40,525,525,3809.52381,0,0,0.0,0.0,0,525.0,3809.52381,0,0.0,525,0.0,0.0,0.0,0,0,0,0.0,0.0,525,20,0.0,Bot
980,0,0,52582,0.0,20,14,14,71428.57143,0,0,0.0,0.0,0,14.0,142857.1429,0,0.0,0,0.0,0.0,0.0,0,0,0,0.0,0.0,14,20,0.0,Benign
8192,511204,170732,445,85200.66666666666,152,170678,511271,13.691369156474746,373,373,53.285714285714285,53.285714285714285,140,51127.1,21.515008674460315,140,45.41666666666667,2,43.0,49.54545454545455,43.0,133,172,172,3822.083333333333,61.823000035046284,2,20,67.9576198467699,Benign
-1,120000000,872342,80,1006.737194,952864,872342,119909447,993.3162314,3811456,3811456,32.0,32.0,32,1006.737194,993.3162314,32,32.0,1,0.0,32.00026866,0.0,0,0,0,0.0,0.0,1,8,0.0,DDOS attack-LOIC-UDP
2052,627,627,8080,627.0,40,627,627,3189.792663,0,0,0.0,0.0,0,627.0,3189.792663,0,0.0,627,0.0,0.0,0.0,0,0,0,0.0,0.0,627,20,0.0,Bot
8192,116203305,10015372,80,4007010.51724138,612,10004121,116214617,0.2581430871126994,3935,3935,131.16666666666669,131.16666666666666,436,2278717.9803921566,0.4474480176620123,788,208.05660377358487,153,322.36363636363626,212.05769230769232,322.3636363636364,788,7092,7092,96252.5159651669,310.2458959682898,18,20,202.9722391980181,Benign
32738,10455,10455,80,10455.0,40,10455,10455,191.2960306,0,0,0.0,0.0,0,10455.0,191.2960306,0,0.0,10455,0.0,0.0,0.0,0,0,0,0.0,0.0,10455,20,0.0,DDOS attack-HOIC
26883,6794826,6794068,80,2264942.0,136,6793779,11797300,0.3390606325,312,312,78.0,78.0,312,1685328.57142857,0.678121265,972,142.6666666667,255,243.0,160.5,243.0,972,972,972,107368.0,327.6705662705,3,32,156.0,DoS attacks-GoldenEye
65535,12846,12351,80,6423.0,72,12351,15056,199.2561105,315,315,105.0,105.0,315,2509.333333,464.9309245,935,156.25,495,233.75,178.5714286,233.75,935,935,935,111162.5,333.4104078,3,20,181.8653348,DDOS attack-HOIC
-1,89479974,41990587,500,17895994.8,48,41990587,89479974,0.0670541098,3000,3000,500.0,500.0,500,17895994.8,0.0670541098,500,500.0,4000459,0.0,583.3333333333,0.0,0,0,0,0.0,0.0,4000459,8,0.0,Brute Force -Web
225,4207679,3964196,80,1051919.75,168,3964176,4231547,1.181600961,670,670,134.0,134.0,335,470171.8889,2.363201921,935,145.9090909,5307,187.0,160.5,187.0,935,935,935,86449.09091,294.0222626,6,32,183.4870568,DoS attacks-Hulk
-1,120000000,717187,80,1223.572565,783584,717187,119845262,817.2872116,3134336,3134336,32.0,32.0,32,1223.572565,817.2872116,32,32.0,0,0.0,32.0003267,0.0,0,0,0,0.0,0.0,0,8,0.0,DDOS attack-LOIC-UDP
2049,10800000,10800000,80,10800000.0,40,10800000,10840832,0.184487685,0,0,0.0,0.0,0,10800000.0,0.184487685,0,0.0,10800000,0.0,0.0,0.0,0,0,0,0.0,0.0,10800000,20,0.0,DDoS attacks-LOIC-HTTP
26883,355854,101090,22,16945.4285714286,712,101090,355902,61.8147692342,1928,1928,87.6363636364,87.6363636364,640,8276.7906976744,123.6295384685,976,102.0666666667,165,121.1363636364,104.3863636364,121.1363636364,976,2665,2665,41510.3818181818,203.7409674518,5,32,137.7805520365,SSH-Bruteforce
2049,38900000,38900000,80,38900000.0,40,38900000,38927445,0.051377633,0,0,0.0,0.0,0,38900000.0,0.051377633,0,0.0,38900000,0.0,0.0,0.0,0,0,0,0.0,0.0,38900000,20,0.0,DDoS attacks-LOIC-HTTP
8192,392,295,80,196.0,72,275,798,3759.3984962406016,161,161,53.66666666666666,53.66666666666666,161,133.0,8771.929824561405,488,81.125,97,122.0,92.71428571428572,122.0,488,488,488,30202.125,173.78758586274222,1,20,92.95339333952974,Benign
1024,0,0,1066,0.0,24,322,322,3105.590062,0,0,0.0,0.0,0,322.0,6211.180124,0,0.0,0,0.0,0.0,0.0,0,0,0,0.0,0.0,322,24,0.0,Infilteration
31,0,0,51556,0.0,20,15,15,66666.66666666667,0,0,0.0,0.0,0,15.0,133333.33333333334,0,0.0,0,0.0,0.0,0.0,0,0,0,0.0,0.0,15,20,0.0,Benign
26883,0,0,21,0.0,40,3,3,333333.333333333,0,0,0.0,0.0,0,3.0,666666.666666667,0,0.0,0,0.0,0.0,0.0,0,0,0,0.0,0.0,3,40,0.0,FTP-BruteForce
2051,209,209,80,209.0,40,209,209,9569.3779904306,0,0,0.0,0.0,0,209.0,9569.3779904306,0,0.0,209,0.0,0.0,0.0,0,0,0,0.0,0.0,209,20,0.0,Brute Force -Web
2049,22300000,22300000,80,22300000.0,40,22300000,22265797,0.089823868,0,0,0.0,0.0,0,22300000.0,0.089823868,0,0.0,22300000,0.0,0.0,0.0,0,0,0,0.0,0.0,22300000,20,0.0,DDoS attacks-LOIC-HTTP
8192,711117,237338,445,177779.25,112,237233,711189,7.030479943,373,373,74.6,74.6,140,88898.625,12.6548639,140,54.5,42,43.0,60.55555556,43.0,133,172,172,4121.388889,64.19804428,42,20,70.28371077,Infilteration
8192,466,459,80,233.0,72,1385101,1385595,2.165134834,20,20,6.666666667,6.666666667,20,230932.5,5.051981279,964,123.0,7,241.0,140.5714286,241.0,964,964,964,115523.4286,339.8873763,5,20,11.54700538,DDoS attacks-LOIC-HTTP
65535,869,603,80,434.5,72,603,1131,2652.519894,323,323,107.6666667,107.6666667,323,188.5,6189.213086,935,157.25,266,233.75,179.7142857,233.75,935,935,935,111533.3571,333.9661018,6,20,186.4841369,DDOS attack-HOIC
26883,6737845,6735736,80,2245948.33333333,136,6735427,11739572,0.3407279243,344,344,86.0,86.0,344,1677081.71428571,0.6814558486,972,146.2222222222,282,243.0,164.5,243.0,972,972,972,108836.444444444,329.9036896496,3,32,172.0,DoS attacks-GoldenEye
26883,0,0,21,0.0,40,8,8,125000.0,0,0,0.0,0.0,0,8.0,250000.0,0,0.0,0,0.0,0.0,0.0,0,0,0,0.0,0.0,8,40,0.0,FTP-BruteForce
8192,381,378,80,190.5,72,1303051,1303463,2.301561302,20,20,6.666666667,6.666666667,20,217243.8333,5.370309706,964,123.0,3,241.0,140.5714286,241.0,964,964,964,115523.4286,339.8873763,3,20,11.54700538,DDoS attacks-LOIC-HTTP
8192,352,312,80,176.0,72,581883,582258,5.152355142,20,20,6.666666667,6.666666667,20,97043.0,12.022162,964,123.0,40,241.0,140.5714286,241.0,964,964,964,115523.4286,339.8873763,4,20,11.54700538,DDoS attacks-LOIC-HTTP
8192,61923,61587,80,20641.0,92,5523115,5585038,0.7161992451976155,97,97,24.25,24.25,97,797862.5714285715,1.432398490395231,231,36.44444444444444,150,57.75,41.0,57.75,231,231,231,6352.027777777778,79.6996096463325,40,20,48.5,Benign
225,44178,42273,80,22089.0,96,42273,44178,67.90710308,0,0,0.0,0.0,0,22089.0,67.90710308,0,0.0,1905,0.0,0.0,0.0,0,0,0,0.0,0.0,1905,32,0.0,DoS attacks-Hulk
26883,0,0,21,0.0,40,2,2,500000.0,0,0,0.0,0.0,0,2.0,1000000.0,0,0.0,0,0.0,0.0,0.0,0,0,0,0.0,0.0,2,40,0.0,DoS attacks-SlowHTTPTest
-1,120000000,718530,80,1301.828106,735160,718530,119630192,768.1589276,2940640,2940640,32.0,32.0,32,1301.828106,768.1589276,32,32.0,0,0.0,32.00034822,0.0,0,0,0,0.0,0.0,0,8,0.0,DDOS attack-LOIC-UDP
8192,3707635,1203222,3389,463454.375,192,969840,3707635,2.4274234114199484,1333,1333,148.11111111111111,148.11111111111111,661,195138.68421052632,5.394274247599886,1173,250.47619047619048,4,357.0,263.0,357.0,1173,3927,3927,172467.1619047619,415.2916588432302,4,20,209.3349256839649,Benign
-1,20744,20744,53,20744.0,16,20744,26024,76.85213649,80,80,40.0,40.0,40,8674.666667,153.704273,139,79.6,20744,139.0,99.5,139.0,139,278,278,2940.3,54.22453319,160,8,0.0,Infilteration
-1,120000000,952821,80,1446.108544,661272,952821,119532440,691.5193901,2645088,2645088,32.0,32.0,32,1446.108544,691.5193901,32,32.0,1,0.0,32.00038713,0.0,0,0,0,0.0,0.0,1,8,0.0,DDOS attack-LOIC-UDP
26883,6957134,6956024,80,2319044.66666667,136,6955744,11962088,0.3343897821,285,285,71.25,71.25,285,1708869.71428571,0.6687795642,662,105.2222222222,355,165.5,118.375,165.5,662,662,662,52477.9444444444,229.0806505239,4,32,142.5,DoS attacks-GoldenEye
8192,306,305,80,153.0,72,600326,600663,4.994481098,20,20,6.666666667,6.666666667,20,100110.5,11.65378923,964,123.0,1,241.0,140.5714286,241.0,964,964,964,115523.4286,339.8873763,1,20,11.54700538,DDoS attacks-LOIC-HTTP
26883,0,0,21,0.0,40,4,4,250000.0,0,0,0.0,0.0,0,4.0,500000.0,0,0.0,0,0.0,0.0,0.0,0,0,0,0.0,0.0,4,40,0.0,FTP-BruteForce
26883,0,0,21,0.0,40,8,8,125000.0,0,0,0.0,0.0,0,8.0,250000.0,0,0.0,0,0.0,0.0,0.0,0,0,0,0.0,0.0,8,40,0.0,FTP-BruteForce
65535,15722,15422,80,7861.0,72,15422,15978,187.7581675,273,273,91.0,91.0,273,2663.0,438.1023908,935,151.0,300,233.75,172.5714286,233.75,935,935,935,109478.0,330.8745986,4,20,157.6166235,DDOS attack-HOIC
26883,364166,86568,22,17341.2380952381,712,86568,364216,60.4037164759,1928,1928,87.6363636364,87.6363636364,640,8470.1395348837,120.8074329519,976,102.0666666667,129,121.1363636364,104.3863636364,121.1363636364,976,2665,2665,41510.3818181818,203.7409674518,4,32,137.7805520365,SSH-Bruteforce
32738,5810,5810,80,5810.0,40,5810,5810,344.2340792,0,0,0.0,0.0,0,5810.0,344.2340792,0,0.0,5810,0.0,0.0,0.0,0,0,0,0.0,0.0,5810,20,0.0,DDOS attack-HOIC
32738,9941,9941,80,9941.0,40,9941,9941,201.1870033,0,0,0.0,0.0,0,9941.0,201.1870033,0,0.0,9941,0.0,0.0,0.0,0,0,0,0.0,0.0,9941,20,0.0,DDOS attack-HOIC
-1,120000000,722189,80,893.2832043,1073664,722189,119884859,1119.474145,4294656,4294656,32.0,32.0,32,893.2832043,1119.474145,32,32.0,0,0.0,32.00023844,0.0,0,0,0,0.0,0.0,0,8,0.0,DDOS attack-LOIC-UDP
26883,0,0,21,0.0,40,1,1,1000000.0,0,0,0.0,0.0,0,1.0,2000000.0,0,0.0,0,0.0,0.0,0.0,0,0,0,0.0,0.0,1,40,0.0,FTP-BruteForce
26883,375306,92294,22,17871.7142857143,712,92294,375362,58.6100883947,1928,1928,87.6363636364,87.6363636364,640,8729.3488372093,117.2201767893,976,102.0666666667,129,121.1363636364,104.3863636364,121.1363636364,976,2665,2665,41510.3818181818,203.7409674518,5,32,137.7805520365,SSH-Bruteforce
26883,0,0,21,0.0,40,19,19,52631.5789473684,0,0,0.0,0.0,0,19.0,105263.157894737,0,0.0,0,0.0,0.0,0.0,0,0,0,0.0,0.0,19,40,0.0,FTP-BruteForce
-1,120000000,672388,80,1146.409603,834768,672388,119622110,872.2969357,3339072,3339072,32.0,32.0,32,1146.409603,872.2969357,32,32.0,0,0.0,32.00030667,0.0,0,0,0,0.0,0.0,0,8,0.0,DDOS attack-LOIC-UDP
225,640,640,80,640.0,64,640,640,3125.0,0,0,0.0,0.0,0,640.0,3125.0,0,0.0,640,0.0,0.0,0.0,0,0,0,0.0,0.0,640,32,0.0,DoS attacks-Hulk
26883,0,0,21,0.0,40,3,3,333333.333333333,0,0,0.0,0.0,0,3.0,666666.666666667,0,0.0,0,0.0,0.0,0.0,0,0,0,0.0,0.0,3,40,0.0,FTP-BruteForce
32738,1730,1730,80,1730.0,40,1730,1730,1156.069364,0,0,0.0,0.0,0,1730.0,1156.069364,0,0.0,1730,0.0,0.0,0.0,0,0,0,0.0,0.0,1730,20,0.0,DDOS attack-HOIC
8192,453,411,80,226.5,72,1066868,1067368,2.810651996,20,20,6.666666667,6.666666667,20,177894.6667,6.558187991,964,123.0,42,241.0,140.5714286,241.0,964,964,964,115523.4286,339.8873763,5,20,11.54700538,DDoS attacks-LOIC-HTTP
-1,89479808,41990291,500,17895961.6,48,41990291,89479808,0.0670542342,3000,3000,500.0,500.0,500,17895961.6,0.0670542342,500,500.0,4003223,0.0,583.3333333333,0.0,0,0,0,0.0,0.0,4003223,8,0.0,Brute Force -Web
26883,0,0,21,0.0,40,21,21,47619.0476190476,0,0,0.0,0.0,0,21.0,95238.0952380952,0,0.0,0,0.0,0.0,0.0,0,0,0,0.0,0.0,21,40,0.0,FTP-BruteForce
1024,0,0,12345,0.0,24,245,245,4081.632653,0,0,0.0,0.0,0,245.0,8163.265306,0,0.0,0,0.0,0.0,0.0,0,0,0,0.0,0.0,245,24,0.0,Infilteration
26883,0,0,21,0.0,40,2,2,500000.0,0,0,0.0,0.0,0,2.0,1000000.0,0,0.0,0,0.0,0.0,0.0,0,0,0,0.0,0.0,2,40,0.0,DoS attacks-SlowHTTPTest
26883,0,0,21,0.0,40,19,19,52631.5789473684,0,0,0.0,0.0,0,19.0,105263.157894737,0,0.0,0,0.0,0.0,0.0,0,0,0,0.0,0.0,19,40,0.0,FTP-BruteForce
8192,369,367,80,184.5,72,1119408,1119826,2.678987628,20,20,6.666666667,6.666666667,20,186637.6667,6.250971133,964,123.0,2,241.0,140.5714286,241.0,964,964,964,115523.4286,339.8873763,2,20,11.54700538,DDoS attacks-LOIC-HTTP
26883,6760484,6760205,80,2253494.66666667,136,6759867,11764398,0.340008898,424,424,106.0,106.0,424,1680628.28571429,0.6800177961,972,155.1111111111,25,243.0,174.5,243.0,972,972,972,113503.111111111,336.9022278215,4,32,212.0,DoS attacks-GoldenEye
-1,0,0,53,0.0,8,1257,1257,795.5449483,35,35,35.0,35.0,35,1257.0,1591.089897,83,51.0,0,83.0,76.5,83.0,83,83,83,768.0,27.71281292,1257,8,0.0,Infilteration
26883,0,0,21,0.0,40,3,3,333333.333333333,0,0,0.0,0.0,0,3.0,666666.666666667,0,0.0,0,0.0,0.0,0.0,0,0,0,0.0,0.0,3,40,0.0,FTP-BruteForce
-1,0,0,53,0.0,8,354,354,2824.858757062147,52,52,52.0,52.0,52,354.0,5649.717514124294,68,57.333333333333336,0,68.0,86.0,68.0,68,68,68,85.33333333333333,9.237604307034012,354,8,0.0,Benign
2052,491,491,8080,491.0,40,491,491,4073.319756,0,0,0.0,0.0,0,491.0,4073.319756,0,0.0,491,0.0,0.0,0.0,0,0,0,0.0,0.0,491,20,0.0,Bot
65535,6911,6644,80,3455.5,72,6644,7706,389.3070335,309,309,103.0,103.0,309,1284.333333,908.3830781,935,155.5,267,233.75,177.7142857,233.75,935,935,935,110894.8571,333.0087944,4,20,178.4012332,DDOS attack-HOIC
2049,26600000,26600000,80,26600000.0,40,26600000,26607854,0.075165776,0,0,0.0,0.0,0,26600000.0,0.075165776,0,0.0,26600000,0.0,0.0,0.0,0,0,0,0.0,0.0,26600000,20,0.0,DDoS attacks-LOIC-HTTP
226,1991801,1991801,80,1991801.0,64,1991801,1991801,1.0041163751,0,0,0.0,0.0,0,1991801.0,1.0041163751,0,0.0,1991801,0.0,0.0,0.0,0,0,0,0.0,0.0,1991801,32,0.0,DoS attacks-GoldenEye
225,2518,2518,80,2518.0,64,2518,2518,794.2811755,0,0,0.0,0.0,0,2518.0,794.2811755,0,0.0,2518,0.0,0.0,0.0,0,0,0,0.0,0.0,2518,32,0.0,DoS attacks-Hulk
26883,100559,79460,80,25139.75,168,78605,100559,49.7220537197,430,430,86.0,86.0,430,14365.5714285714,79.5552859515,972,155.7777777778,341,324.0,175.25,324.0,972,972,972,113910.444444444,337.5062139346,5,32,192.301846065,DoS attacks-GoldenEye
-1,25391,25391,53,25391.0,16,25391,32581,61.38547006,70,70,35.0,35.0,35,10860.33333,122.7709401,135,75.0,25391,135.0,93.75,135.0,135,270,270,3000.0,54.77225575,1,8,0.0,Infilteration
32738,17574,17574,80,17574.0,40,17574,17574,113.8044839,0,0,0.0,0.0,0,17574.0,113.8044839,0,0.0,17574,0.0,0.0,0.0,0,0,0,0.0,0.0,17574,20,0.0,DDOS attack-HOIC
-1,51079,51079,53,51079.0,16,38851,51504,38.83193538365952,100,100,50.0,50.0,50,17168.0,77.66387076731904,111,74.4,51079,111.0,93.0,111.0,111,222,222,1116.3,33.41107600781513,425,8,0.0,Benign
226,2089929,2089929,80,2089929.0,64,2089929,2089929,0.9569703086,0,0,0.0,0.0,0,2089929.0,0.9569703086,0,0.0,2089929,0.0,0.0,0.0,0,0,0,0.0,0.0,2089929,32,0.0,DoS attacks-GoldenEye
225,62837,38319,80,31418.5,96,38319,62837,47.74257205,0,0,0.0,0.0,0,31418.5,47.74257205,0,0.0,24518,0.0,0.0,0.0,0,0,0,0.0,0.0,24518,32,0.0,DoS attacks-Hulk
8192,473,423,8080,236.5,72,10686,11531,260.1682421,326,326,108.6666667,108.6666667,326,1921.833333,607.0592316,326,56.875,50,32.25,65.0,32.25,112,129,129,13318.69643,115.4066568,17,20,188.2161878,Bot
225,74922,41750,80,37461.0,96,41750,74922,40.04164331,0,0,0.0,0.0,0,37461.0,40.04164331,0,0.0,33172,0.0,0.0,0.0,0,0,0,0.0,0.0,33172,32,0.0,DoS attacks-Hulk
31337,655974,219017,41597,218658.0,160,219017,655974,6.097802657,0,0,0.0,0.0,0,218658.0,6.097802657,0,0.0,218098,0.0,0.0,0.0,0,0,0,0.0,0.0,218098,40,0.0,Infilteration
2052,505,505,8080,505.0,40,505,505,3960.39604,0,0,0.0,0.0,0,505.0,3960.39604,0,0.0,505,0.0,0.0,0.0,0,0,0,0.0,0.0,505,20,0.0,Bot
32738,786,786,80,786.0,40,786,786,2544.529262,0,0,0.0,0.0,0,786.0,2544.529262,0,0.0,786,0.0,0.0,0.0,0,0,0,0.0,0.0,786,20,0.0,DDOS attack-HOIC
225,1885,1885,80,1885.0,64,1885,1885,1061.007958,0,0,0.0,0.0,0,1885.0,1061.007958,0,0.0,1885,0.0,0.0,0.0,0,0,0,0.0,0.0,1885,32,0.0,DoS attacks-Hulk
225,7698,7698,80,7698.0,64,7698,7698,259.8077423,0,0,0.0,0.0,0,7698.0,259.8077423,0,0.0,7698,0.0,0.0,0.0,0,0,0,0.0,0.0,7698,32,0.0,DoS attacks-Hulk
26883,0,0,21,0.0,40,17,17,58823.5294117647,0,0,0.0,0.0,0,17.0,117647.058823529,0,0.0,0,0.0,0.0,0.0,0,0,0,0.0,0.0,17,40,0.0,FTP-BruteForce
62563,86587224,86587224,16058,86587224.0,40,86587224,86587224,0.0230980959,0,0,0.0,0.0,0,86587224.0,0.0230980959,0,0.0,86587224,0.0,0.0,0.0,0,0,0,0.0,0.0,86587224,20,0.0,Benign
8192,56478468,1015030,80,279596.376237624,4072,1015030,56480676,3.5941496168,56330,56330,277.4876847291,277.4876847291,680,184577.37254902,5.4354873515,1934,799.8051948052,378,1827.0192307692,802.4104234528,1827.0192307692,1934,190010,190010,630823.271373578,794.2438362201,19,20,292.8687801257,Brute Force -XSS
2049,31400000,31400000,80,31400000.0,40,31400000,31435896,0.063621536,0,0,0.0,0.0,0,31400000.0,0.063621536,0,0.0,31400000,0.0,0.0,0.0,0,0,0,0.0,0.0,31400000,20,0.0,DDoS attacks-LOIC-HTTP
-1,119000000,815049,80,1462.668076,652712,815049,119336163,683.690492,2610848,2610848,32.0,32.0,32,1462.668076,683.690492,32,32.0,0,0.0,32.00039221,0.0,0,0,0,0.0,0.0,0,8,0.0,DDOS attack-LOIC-UDP
32738,15456,15456,80,15456.0,40,15456,15456,129.3995859,0,0,0.0,0.0,0,15456.0,129.3995859,0,0.0,15456,0.0,0.0,0.0,0,0,0,0.0,0.0,15456,20,0.0,DDOS attack-HOIC
-1,0,0,53,0.0,8,999,999,1001.0010010010008,38,38,38.0,38.0,38,999.0,2002.0020020020015,178,84.66666666666666,0,178.0,127.0,178.0,178,178,178,6533.333333333333,80.82903768654761,999,8,0.0,Benign
980,62,59,51253,31.0,60,33,62,48387.096774193546,31,31,10.333333333333332,10.333333333333334,31,20.666666666666668,64516.12903225806,31,6.2,3,0.0,7.75,0.0,0,0,0,192.2,13.863621460498695,3,20,17.8978583448784,Benign
2047,82,82,80,82.0,40,82,82,24390.243902439,0,0,0.0,0.0,0,82.0,24390.243902439,0,0.0,82,0.0,0.0,0.0,0,0,0,0.0,0.0,82,20,0.0,Brute Force -Web
8192,303,253,80,151.5,72,816900,817226,3.670955158,20,20,6.666666667,6.666666667,20,136204.3333,8.565562035,964,123.0,50,241.0,140.5714286,241.0,964,964,964,115523.4286,339.8873763,5,20,11.54700538,DDoS attacks-LOIC-HTTP
8192,657,600,8080,328.5,72,8691,9738,308.0714726,326,326,108.6666667,108.6666667,326,1623.0,718.833436,326,56.875,57,32.25,65.0,32.25,112,129,129,13318.69643,115.4066568,2,20,188.2161878,Bot
211,107135228,107135228,80,107135228.0,64,107135226,107135231,0.0186679954,16,16,8.0,8.0,8,35711743.6666667,0.0373359908,8,4.8,107135228,0.0,6.0,0.0,0,0,0,19.2,4.38178046,2,32,0.0,DoS attacks-Slowloris
2049,16600000,16600000,80,16600000.0,40,16600000,16630197,0.120263157,0,0,0.0,0.0,0,16600000.0,0.120263157,0,0.0,16600000,0.0,0.0,0.0,0,0,0,0.0,0.0,16600000,20,0.0,DDoS attacks-LOIC-HTTP
-1,120000000,909161,80,1048.625309,915280,909161,119972173,953.6378073,3661120,3661120,32.0,32.0,32,1048.625309,953.6378073,32,32.0,0,0.0,32.0002797,0.0,0,0,0,0.0,0.0,0,8,0.0,DDOS attack-LOIC-UDP
26883,0,0,21,0.0,40,40,40,25000.0,0,0,0.0,0.0,0,40.0,50000.0,0,0.0,0,0.0,0.0,0.0,0,0,0,0.0,0.0,40,40,0.0,DoS attacks-SlowHTTPTest
2053,267,249,80,133.5,60,249,267,11235.9550561798,0,0,0.0,0.0,0,133.5,11235.9550561798,0,0.0,18,0.0,0.0,0.0,0,0,0,0.0,0.0,18,20,0.0,Brute Force -XSS
-1,120000000,629831,80,843.8687015,1136472,629831,119878300,1185.026815,4545888,4545888,32.0,32.0,32,843.8687015,1185.026815,32,32.0,0,0.0,32.00022526,0.0,0,0,0,0.0,0.0,0,8,0.0,DDOS attack-LOIC-UDP
26883,391215,62739,22,16300.625,808,62739,391263,63.8956405282,1928,1928,77.12,77.12,640,8505.7173913044,120.1238041931,976,95.6875,231,121.1363636364,97.7234042553,121.1363636364,976,2665,2665,39484.1768617021,198.7062577316,4,32,132.1187344777,SSH-Bruteforce
8192,409,407,80,204.5,72,1190945,1191386,2.518075586,20,20,6.666666667,6.666666667,20,198564.3333,5.8755097,964,123.0,2,241.0,140.5714286,241.0,964,964,964,115523.4286,339.8873763,2,20,11.54700538,DDoS attacks-LOIC-HTTP
26883,0,0,21,0.0,40,21,21,47619.04762,0,0,0.0,0.0,0,21.0,95238.09524,0,0.0,0,0.0,0.0,0.0,0,0,0,0.0,0.0,21,40,0.0,DoS attacks-SlowHTTPTest
32738,4709,4709,80,4709.0,40,4709,4709,424.7186239,0,0,0.0,0.0,0,4709.0,424.7186239,0,0.0,4709,0.0,0.0,0.0,0,0,0,0.0,0.0,4709,20,0.0,DDOS attack-HOIC
26883,108989729,53244435,80,7784980.64285714,496,53244435,108989744,0.1376276285,2380,2380,158.6666666667,158.6666666667,238,6411161.41176471,0.1651531542,238,125.2631578947,159,0.0,132.2222222222,0.0,0,0,0,14701.8713450292,121.2512735811,15,32,114.9948239001,DoS attacks-Slowloris
26883,0,0,21,0.0,40,3,3,333333.333333333,0,0,0.0,0.0,0,3.0,666666.666666667,0,0.0,0,0.0,0.0,0.0,0,0,0,0.0,0.0,3,40,0.0,FTP-BruteForce
26883,0,0,21,0.0,40,32,32,31250.0,0,0,0.0,0.0,0,32.0,62500.0,0,0.0,0,0.0,0.0,0.0,0,0,0,0.0,0.0,32,40,0.0,DoS attacks-SlowHTTPTest
8192,1053,705,80,526.5,72,705,1390,2158.273381294964,161,161,53.66666666666666,53.66666666666666,161,231.66666666666663,5035.971223021583,488,81.125,348,122.0,92.71428571428572,122.0,488,488,488,30202.125,173.78758586274222,28,20,92.95339333952974,Benign
225,2988,2988,80,2988.0,64,2988,2988,669.3440428,0,0,0.0,0.0,0,2988.0,669.3440428,0,0.0,2988,0.0,0.0,0.0,0,0,0,0.0,0.0,2988,32,0.0,DoS attacks-Hulk
8192,737520,254771,445,184380.0,112,254643,737586,6.778870531707489,286,286,57.2,57.2,103,92198.25,12.20196695707348,131,45.6,416,42.5,50.66666666666666,42.5,131,170,170,2807.3777777777777,52.98469380658699,45,20,52.48523601928451,Benign
26883,0,0,21,0.0,40,32,32,31250.0,0,0,0.0,0.0,0,32.0,62500.0,0,0.0,0,0.0,0.0,0.0,0,0,0,0.0,0.0,32,40,0.0,DoS attacks-SlowHTTPTest
26883,12282,8547,80,6141.0,104,41293,53639,55.92945431,415,415,138.3333333,138.3333333,415,8939.833333,130.5020601,935,168.75,3735,233.75,192.8571429,233.75,935,935,935,116948.2143,341.9769207,8,32,239.6003617,DoS attacks-Hulk
2052,486,486,8080,486.0,40,486,486,4115.226337,0,0,0.0,0.0,0,486.0,4115.226337,0,0.0,486,0.0,0.0,0.0,0,0,0,0.0,0.0,486,20,0.0,Bot
225,1202,1202,80,1202.0,64,1202,1202,1663.893511,0,0,0.0,0.0,0,1202.0,1663.893511,0,0.0,1202,0.0,0.0,0.0,0,0,0,0.0,0.0,1202,32,0.0,DoS attacks-Hulk
32738,22228,22228,80,22228.0,40,22228,22228,89.97660608,0,0,0.0,0.0,0,22228.0,89.97660608,0,0.0,22228,0.0,0.0,0.0,0,0,0,0.0,0.0,22228,20,0.0,DDOS attack-HOIC
26883,0,0,21,0.0,40,17,17,58823.5294117647,0,0,0.0,0.0,0,17.0,117647.058823529,0,0.0,0,0.0,0.0,0.0,0,0,0,0.0,0.0,17,40,0.0,FTP-BruteForce
26883,410529,409550,80,102632.25,168,409550,410529,12.1794075449,326,326,65.2,65.2,326,58647.0,19.4870520718,972,144.2222222222,84,324.0,162.25,324.0,972,972,972,107982.444444444,328.6068234904,7,32,145.791632133,DoS attacks-GoldenEye
-1,0,0,53,0.0,8,1044,1044,957.8544061,34,34,34.0,34.0,34,1044.0,1915.708812,79,49.0,0,79.0,73.5,79.0,79,79,79,675.0,25.98076211,1044,8,0.0,Infilteration
26883,0,0,21,0.0,40,1,1,1000000.0,0,0,0.0,0.0,0,1.0,2000000.0,0,0.0,0,0.0,0.0,0.0,0,0,0,0.0,0.0,1,40,0.0,FTP-BruteForce
1024,0,0,1059,0.0,24,2,2,500000.0,0,0,0.0,0.0,0,2.0,1000000.0,0,0.0,0,0.0,0.0,0.0,0,0,0,0.0,0.0,2,24,0.0,Infilteration
26883,0,0,21,0.0,40,22,22,45454.54545,0,0,0.0,0.0,0,22.0,90909.09091,0,0.0,0,0.0,0.0,0.0,0,0,0,0.0,0.0,22,40,0.0,DoS attacks-SlowHTTPTest
26883,0,0,21,0.0,40,30,30,33333.33333,0,0,0.0,0.0,0,30.0,66666.66667,0,0.0,0,0.0,0.0,0.0,0,0,0,0.0,0.0,30,40,0.0,DoS attacks-SlowHTTPTest
226,1784121,1784121,80,1784121.0,64,1784121,1784121,1.1210002012,0,0,0.0,0.0,0,1784121.0,1.1210002012,0,0.0,1784121,0.0,0.0,0.0,0,0,0,0.0,0.0,1784121,32,0.0,DoS attacks-GoldenEye
225,25333,25333,80,25333.0,64,25333,25333,78.94840722,0,0,0.0,0.0,0,25333.0,78.94840722,0,0.0,25333,0.0,0.0,0.0,0,0,0,0.0,0.0,25333,32,0.0,DoS attacks-Hulk
26883,0,0,21,0.0,40,4,4,250000.0,0,0,0.0,0.0,0,4.0,500000.0,0,0.0,0,0.0,0.0,0.0,0,0,0,0.0,0.0,4,40,0.0,FTP-BruteForce
-1,120000000,821448,80,1309.129113,731648,821448,119726403,763.8749491,2926592,2926592,32.0,32.0,32,1309.129113,763.8749491,32,32.0,0,0.0,32.0003499,0.0,0,0,0,0.0,0.0,0,8,0.0,DDOS attack-LOIC-UDP
-1,961384,961384,53,961384.0,16,961115,961750,2.079542500649857,90,90,45.0,45.0,45,320583.3333333334,4.159085001299714,61,51.4,961384,61.0,64.25,61.0,61,122,122,76.8,8.763560920082657,269,8,0.0,Benign
26883,0,0,21,0.0,40,2,2,500000.0,0,0,0.0,0.0,0,2.0,1000000.0,0,0.0,0,0.0,0.0,0.0,0,0,0,0.0,0.0,2,40,0.0,DoS attacks-SlowHTTPTest
32738,30382,30382,80,30382.0,40,30382,30382,65.82845106,0,0,0.0,0.0,0,30382.0,65.82845106,0,0.0,30382,0.0,0.0,0.0,0,0,0,0.0,0.0,30382,20,0.0,DDOS attack-HOIC
26883,0,0,21,0.0,40,17,17,58823.5294117647,0,0,0.0,0.0,0,17.0,117647.058823529,0,0.0,0,0.0,0.0,0.0,0,0,0,0.0,0.0,17,40,0.0,FTP-BruteForce
8192,24010,23862,80,12005.0,72,23850,48127,62.33507178922434,436,436,145.33333333333334,145.33333333333334,436,8021.166666666667,145.44850084152347,859,161.875,148,214.75,185.0,214.75,859,859,859,102621.26785714288,320.34554446276115,12,20,251.72471736667683,Benign
32738,552,552,80,552.0,40,552,552,3623.188406,0,0,0.0,0.0,0,552.0,3623.188406,0,0.0,552,0.0,0.0,0.0,0,0,0,0.0,0.0,552,20,0.0,DDOS attack-HOIC
26883,321799,79006,22,15323.7619047619,712,79006,322416,68.2348270557,1992,1992,90.5454545455,90.5454545455,640,7498.0465116279,136.4696541115,976,103.4888888889,331,121.1363636364,105.8409090909,121.1363636364,976,2665,2665,41513.9373737374,203.7496929415,6,32,138.1099380144,SSH-Bruteforce
256,539,539,8080,539.0,40,539,539,3710.575139,0,0,0.0,0.0,0,539.0,3710.575139,0,0.0,539,0.0,0.0,0.0,0,0,0,0.0,0.0,539,20,0.0,Bot
26883,7170,6831,80,2390.0,136,5003448,5010618,0.7983047201,418,418,104.5,104.5,418,715802.571428571,1.5966094402,972,154.4444444444,24,243.0,173.75,243.0,972,972,972,113103.777777778,336.30905099,9,32,209.0,DoS attacks-GoldenEye
-1,41860,41860,53,41860.0,16,99593,141573,14.1269874906,78,78,39.0,39.0,39,47191.0,28.2539749811,209,107.0,41860,209.0,133.75,209.0,209,418,418,8670.0,93.1128347759,120,8,0.0,Benign
26883,406611,125217,22,19362.4285714286,712,125217,406657,54.0996466309,1928,1928,87.6363636364,87.6363636364,640,9918.4634146342,103.2811435682,976,106.8139534884,223,133.25,109.3571428571,133.25,976,2665,2665,42967.9169435216,207.2870399796,2,32,137.7805520365,SSH-Bruteforce
225,34733,34733,80,34733.0,64,34733,34733,57.58212651,0,0,0.0,0.0,0,34733.0,57.58212651,0,0.0,34733,0.0,0.0,0.0,0,0,0,0.0,0.0,34733,32,0.0,DoS attacks-Hulk
2053,102,102,80,102.0,40,102,102,19607.8431372549,0,0,0.0,0.0,0,102.0,19607.8431372549,0,0.0,102,0.0,0.0,0.0,0,0,0,0.0,0.0,102,20,0.0,Brute Force -XSS
225,36204,36204,80,36204.0,64,36204,36204,55.24251464,0,0,0.0,0.0,0,36204.0,55.24251464,0,0.0,36204,0.0,0.0,0.0,0,0,0,0.0,0.0,36204,32,0.0,DoS attacks-Hulk
26883,0,0,21,0.0,40,28,28,35714.28571,0,0,0.0,0.0,0,28.0,71428.57143,0,0.0,0,0.0,0.0,0.0,0,0,0,0.0,0.0,28,40,0.0,DoS attacks-SlowHTTPTest
32738,6463,6463,80,6463.0,40,6463,6463,309.453814,0,0,0.0,0.0,0,6463.0,309.453814,0,0.0,6463,0.0,0.0,0.0,0,0,0,0.0,0.0,6463,20,0.0,DDOS attack-HOIC
32738,28924,28924,80,28924.0,40,28924,28924,69.14672936,0,0,0.0,0.0,0,28924.0,69.14672936,0,0.0,28924,0.0,0.0,0.0,0,0,0,0.0,0.0,28924,20,0.0,DDOS attack-HOIC
32738,15182,15182,80,15182.0,40,15182,15182,131.7349493,0,0,0.0,0.0,0,15182.0,131.7349493,0,0.0,15182,0.0,0.0,0.0,0,0,0,0.0,0.0,15182,20,0.0,DDOS attack-HOIC
26883,371429,116825,22,17687.0952380952,712,116825,371477,59.2230474565,1912,1912,86.9090909091,86.9090909091,640,9060.4146341463,113.0621815079,976,106.4418604651,215,133.25,108.9761904762,133.25,976,2665,2665,42969.919158361,207.2918694941,5,32,137.6880217811,SSH-Bruteforce
32738,2158,2158,80,2158.0,40,2158,2158,926.7840593,0,0,0.0,0.0,0,2158.0,926.7840593,0,0.0,2158,0.0,0.0,0.0,0,0,0,0.0,0.0,2158,20,0.0,DDOS attack-HOIC
26883,7061303,6729416,80,1765325.75,168,6729079,7061303,0.7080846127,455,455,91.0,91.0,455,1008757.57142857,1.1329353803,972,158.5555555556,32,324.0,178.375,324.0,972,972,972,115693.777777778,340.1378805393,5,32,203.4821859525,DoS attacks-GoldenEye
26883,0,0,21,0.0,40,7,7,142857.1429,0,0,0.0,0.0,0,7.0,285714.2857,0,0.0,0,0.0,0.0,0.0,0,0,0,0.0,0.0,7,40,0.0,DoS attacks-SlowHTTPTest
26883,0,0,21,0.0,40,3,3,333333.333333333,0,0,0.0,0.0,0,3.0,666666.666666667,0,0.0,0,0.0,0.0,0.0,0,0,0,0.0,0.0,3,40,0.0,FTP-BruteForce
-1,120000000,684986,80,1181.577571,812016,684986,119931305,846.3344912,3248064,3248064,32.0,32.0,32,1181.577571,846.3344912,32,32.0,0,0.0,32.00031526,0.0,0,0,0,0.0,0.0,0,8,0.0,DDOS attack-LOIC-UDP
65535,1801,1288,56300,450.25,124,977,1801,2776.235425,935,935,187.0,187.0,935,300.1666667,3886.729595,935,155.375,7,154.0,177.5714286,154.0,308,308,308,110851.125,332.9431258,7,20,418.1447118,Benign
32738,1605,1605,80,1605.0,40,1605,1605,1246.105919,0,0,0.0,0.0,0,1605.0,1246.105919,0,0.0,1605,0.0,0.0,0.0,0,0,0,0.0,0.0,1605,20,0.0,DDOS attack-HOIC
2049,20000000,20000000,80,20000000.0,40,20000000,20038919,0.099805783,0,0,0.0,0.0,0,20000000.0,0.099805783,0,0.0,20000000,0.0,0.0,0.0,0,0,0,0.0,0.0,20000000,20,0.0,DDoS attacks-LOIC-HTTP
26883,0,0,21,0.0,40,2,2,500000.0,0,0,0.0,0.0,0,2.0,1000000.0,0,0.0,0,0.0,0.0,0.0,0,0,0,0.0,0.0,2,40,0.0,FTP-BruteForce
26883,0,0,21,0.0,40,14,14,71428.57143,0,0,0.0,0.0,0,14.0,142857.1429,0,0.0,0,0.0,0.0,0.0,0,0,0,0.0,0.0,14,40,0.0,DoS attacks-SlowHTTPTest
26883,107070223,53247547,80,7647873.07142857,496,53247547,107070225,0.1400949704,2530,2530,168.6666666667,168.6666666667,230,6298248.52941177,0.1681139645,230,133.1578947368,392,0.0,140.5555555556,0.0,0,0,0,13611.6959064327,116.6691729054,2,32,105.2796728899,DoS attacks-Slowloris
-1,120000000,668507,80,1078.525637,890112,668507,119999998,927.2000155,3560448,3560448,32.0,32.0,32,1078.525637,927.2000155,32,32.0,1,0.0,32.0002876,0.0,0,0,0,0.0,0.0,1,8,0.0,DDOS attack-LOIC-UDP
26883,6814108,6813393,80,2271369.33333333,136,6813058,11817582,0.3384787176,305,305,76.25,76.25,305,1688226.0,0.6769574351,662,107.4444444444,265,165.5,120.875,165.5,662,662,662,53421.2777777778,231.1304345554,3,32,152.5,DoS attacks-GoldenEye
241,0,0,22,0.0,32,7,7,142857.142857143,0,0,0.0,0.0,0,7.0,285714.285714286,0,0.0,0,0.0,0.0,0.0,0,0,0,0.0,0.0,7,32,0.0,SSH-Bruteforce
26883,0,0,21,0.0,40,4,4,250000.0,0,0,0.0,0.0,0,4.0,500000.0,0,0.0,0,0.0,0.0,0.0,0,0,0,0.0,0.0,4,40,0.0,FTP-BruteForce
2049,28300000,28300000,80,28300000.0,40,28300000,28287017,0.070703814,0,0,0.0,0.0,0,28300000.0,0.070703814,0,0.0,28300000,0.0,0.0,0.0,0,0,0,0.0,0.0,28300000,20,0.0,DDoS attacks-LOIC-HTTP
2053,222,203,80,111.0,60,203,222,13513.5135135135,0,0,0.0,0.0,0,111.0,13513.5135135135,0,0.0,19,0.0,0.0,0.0,0,0,0,0.0,0.0,19,20,0.0,Brute Force -XSS
8192,56967849,1012628,80,282019.054455445,4072,1012628,56970108,3.5632721637,56330,56330,277.4876847291,277.4876847291,680,186176.823529412,5.3887909077,1935,799.788961039,403,1826.9711538462,802.3941368078,1826.9711538462,1935,190005,190005,630787.000920089,794.221002568,26,20,292.8687801257,Brute Force -XSS
32738,30158,30158,80,30158.0,40,30158,30158,66.31739505,0,0,0.0,0.0,0,30158.0,66.31739505,0,0.0,30158,0.0,0.0,0.0,0,0,0,0.0,0.0,30158,20,0.0,DDOS attack-HOIC
1024,0,0,1102,0.0,24,296,296,3378.378378,0,0,0.0,0.0,0,296.0,6756.756757,0,0.0,0,0.0,0.0,0.0,0,0,0,0.0,0.0,296,24,0.0,Infilteration
-1,719946,719946,53,719946.0,16,719650,720482,2.775919454,90,90,45.0,45.0,45,240160.6667,5.551838908,61,51.4,719946,61.0,64.25,61.0,61,122,122,76.8,8.76356092,296,8,0.0,Infilteration
26883,0,0,21,0.0,40,4,4,250000.0,0,0,0.0,0.0,0,4.0,500000.0,0,0.0,0,0.0,0.0,0.0,0,0,0,0.0,0.0,4,40,0.0,DoS attacks-SlowHTTPTest
278,91,91,80,91.0,40,91,91,21978.021978022,0,0,0.0,0.0,0,91.0,21978.021978022,0,0.0,91,0.0,0.0,0.0,0,0,0,0.0,0.0,91,20,0.0,Benign
-1,0,0,53,0.0,8,1120,1120,892.8571428571,45,45,45.0,45.0,45,1120.0,1785.7142857143,86,58.6666666667,0,86.0,88.0,86.0,86,86,86,560.3333333333,23.6713610368,1120,8,0.0,Benign
211,105084561,105084561,80,105084561.0,64,105084559,105084563,0.0190322912,16,16,8.0,8.0,8,35028187.6666667,0.0380645823,8,4.8,105084561,0.0,6.0,0.0,0,0,0,19.2,4.38178046,2,32,0.0,DoS attacks-Slowloris
241,0,0,22,0.0,32,5,5,200000.0,0,0,0.0,0.0,0,5.0,400000.0,0,0.0,0,0.0,0.0,0.0,0,0,0,0.0,0.0,5,32,0.0,SSH-Bruteforce
26883,385863,49942,22,17539.2272727273,744,49942,385929,59.5964542701,1928,1928,83.8260869565,83.8260869565,640,9188.7857142857,111.4194579832,976,104.3863636364,254,133.25,106.8139534884,133.25,976,2665,2665,42227.9635306554,205.4944367389,5,32,135.8473917085,SSH-Bruteforce
2051,190,190,80,190.0,40,180,190,10526.3157894737,0,0,0.0,0.0,0,95.0,15789.4736842105,0,0.0,190,0.0,0.0,0.0,0,0,0,0.0,0.0,10,20,0.0,SQL Injection
221,1922604,1922604,80,1922604.0,64,1922604,1922604,1.0402558197,0,0,0.0,0.0,0,1922604.0,1.0402558197,0,0.0,1922604,0.0,0.0,0.0,0,0,0,0.0,0.0,1922604,32,0.0,DoS attacks-GoldenEye
225,63384,63384,80,63384.0,64,63384,63384,31.5537044,0,0,0.0,0.0,0,63384.0,31.5537044,0,0.0,63384,0.0,0.0,0.0,0,0,0,0.0,0.0,63384,32,0.0,DoS attacks-Hulk
-1,120000000,634611,80,948.2790391,1012368,634611,119999971,1054.550255,4049472,4049472,32.0,32.0,32,948.2790391,1054.550255,32,32.0,0,0.0,32.00025287,0.0,0,0,0,0.0,0.0,0,8,0.0,DDOS attack-LOIC-UDP
26883,106942120,53247426,80,8226316.92307692,456,53247426,106942122,0.1309119338,2530,2530,180.7142857143,180.7142857143,230,6683882.625,0.1589644911,230,140.5555555556,166,0.0,148.8235294118,0.0,0,0,0,13311.4379084967,115.375204912,2,32,97.9375221341,DoS attacks-Slowloris
26883,0,0,21,0.0,40,1,1,1000000.0,0,0,0.0,0.0,0,1.0,2000000.0,0,0.0,0,0.0,0.0,0.0,0,0,0,0.0,0.0,1,40,0.0,FTP-BruteForce
32738,1372,1372,80,1372.0,40,1372,1372,1457.725948,0,0,0.0,0.0,0,1372.0,1457.725948,0,0.0,1372,0.0,0.0,0.0,0,0,0,0.0,0.0,1372,20,0.0,DDOS attack-HOIC
225,50317,50317,80,50317.0,64,50317,50317,39.74799769,0,0,0.0,0.0,0,50317.0,39.74799769,0,0.0,50317,0.0,0.0,0.0,0,0,0,0.0,0.0,50317,32,0.0,DoS attacks-Hulk
2049,12600000,12600000,80,12600000.0,40,12600000,12562078,0.159209328,0,0,0.0,0.0,0,12600000.0,0.159209328,0,0.0,12600000,0.0,0.0,0.0,0,0,0,0.0,0.0,12600000,20,0.0,DDoS attacks-LOIC-HTTP
26883,0,0,21,0.0,40,22,22,45454.54545,0,0,0.0,0.0,0,22.0,90909.09091,0,0.0,0,0.0,0.0,0.0,0,0,0,0.0,0.0,22,40,0.0,DoS attacks-SlowHTTPTest
226,1894888,1894888,80,1894888.0,64,1894888,1894888,1.0554713524,0,0,0.0,0.0,0,1894888.0,1.0554713524,0,0.0,1894888,0.0,0.0,0.0,0,0,0,0.0,0.0,1894888,32,0.0,DoS attacks-GoldenEye
-1,120000000,908413,80,1316.816426,726384,908413,119562981,759.4156589,2905536,2905536,32.0,32.0,32,1316.816426,759.4156589,32,32.0,1,0.0,32.00035243,0.0,0,0,0,0.0,0.0,1,8,0.0,DDOS attack-LOIC-UDP
1024,0,0,4002,0.0,24,280,280,3571.428571,0,0,0.0,0.0,0,280.0,7142.857143,0,0.0,0,0.0,0.0,0.0,0,0,0,0.0,0.0,280,24,0.0,Infilteration
2049,41600000,41600000,80,41600000.0,40,41600000,41602666,0.048073842,0,0,0.0,0.0,0,41600000.0,0.048073842,0,0.0,41600000,0.0,0.0,0.0,0,0,0,0.0,0.0,41600000,20,0.0,DDoS attacks-LOIC-HTTP
26883,0,0,21,0.0,40,5,5,200000.0,0,0,0.0,0.0,0,5.0,400000.0,0,0.0,0,0.0,0.0,0.0,0,0,0,0.0,0.0,5,40,0.0,DoS attacks-SlowHTTPTest
26883,6020382,6018015,80,2006794.0,136,6017634,11024043,0.3628432872,392,392,98.0,98.0,392,1574863.28571429,0.7256865743,972,151.5555555556,286,243.0,170.5,243.0,972,972,972,111465.777777778,333.8649094735,4,32,196.0,DoS attacks-GoldenEye
256,428,414,443,214.0,60,414,428,7009.345794,77,77,25.66666667,25.66666667,46,214.0,7009.345794,46,30.75,14,0.0,41.0,0.0,0,0,0,470.25,21.68524844,14,20,23.45918441,Infilteration
8192,384,339,80,192.0,72,1630481,1630892,1.83948416,20,20,6.666666667,6.666666667,20,271815.3333,4.292129706,964,123.0,45,241.0,140.5714286,241.0,964,964,964,115523.4286,339.8873763,3,20,11.54700538,DDoS attacks-LOIC-HTTP
26883,108183510,53236094,80,7727393.57142857,496,53236094,108183512,0.1386532913,2530,2530,168.6666666667,168.6666666667,230,6363736.0,0.1663839495,230,133.1578947368,171,0.0,140.5555555556,0.0,0,0,0,13611.6959064327,116.6691729054,2,32,105.2796728899,DoS attacks-Slowloris
252,30800000,30800000,80,30800000.0,40,30800000,30832633,0.064866338,0,0,0.0,0.0,0,30800000.0,0.064866338,0,0.0,30800000,0.0,0.0,0.0,0,0,0,0.0,0.0,30800000,20,0.0,DDoS attacks-LOIC-HTTP
225,406,406,80,406.0,64,406,406,4926.108374,0,0,0.0,0.0,0,406.0,4926.108374,0,0.0,406,0.0,0.0,0.0,0,0,0,0.0,0.0,406,32,0.0,DoS attacks-Hulk
26883,3033163,2009685,80,1516581.5,120,2009685,3033163,0.9890665289,0,0,0.0,0.0,0,1516581.5,0.9890665289,0,0.0,1023478,0.0,0.0,0.0,0,0,0,0.0,0.0,1023478,40,0.0,DoS attacks-Slowloris
8192,117000000,10000000,80,6854271.824,384,10000000,116534048,0.154461295,883,883,49.05555556,49.05555556,436,3427472.0,0.300341408,788,90.19444444,146,139.0588235,92.77142857,139.0588235,788,2364,2364,55719.24683,236.0492466,15,20,140.7724372,Benign
32738,6467,6467,80,6467.0,40,6467,6467,309.2624092,0,0,0.0,0.0,0,6467.0,309.2624092,0,0.0,6467,0.0,0.0,0.0,0,0,0,0.0,0.0,6467,20,0.0,DDOS attack-HOIC
26883,7002008,6986105,80,1750502.0,168,6985304,7002008,0.7140808751,488,488,97.6,97.6,488,1000286.85714286,1.1425294001,972,162.2222222222,33,324.0,182.5,324.0,972,972,972,118260.444444444,343.8901633435,6,32,218.240234604,DoS attacks-GoldenEye
26883,3039241,2016087,80,1519620.5,120,2016087,3039241,0.9870885527,0,0,0.0,0.0,0,1519620.5,0.9870885527,0,0.0,1023154,0.0,0.0,0.0,0,0,0,0.0,0.0,1023154,40,0.0,DoS attacks-Slowloris
26883,0,0,21,0.0,40,1,1,1000000.0,0,0,0.0,0.0,0,1.0,2000000.0,0,0.0,0,0.0,0.0,0.0,0,0,0,0.0,0.0,1,40,0.0,FTP-BruteForce
211,99999457,99999457,80,99999457.0,64,99999454,99999459,0.0200001082,16,16,8.0,8.0,8,33333153.0,0.0400002164,8,4.8,99999457,0.0,6.0,0.0,0,0,0,19.2,4.38178046,2,32,0.0,DoS attacks-Slowloris
26883,7001119,6974669,80,1750279.75,168,6974366,7001119,0.7141715489,359,359,71.8,71.8,359,1000159.85714286,1.1426744782,972,147.8888888889,24,324.0,166.375,324.0,972,972,972,109603.111111111,331.063605839,4,32,160.5496807845,DoS attacks-GoldenEye
241,0,0,22,0.0,32,18,18,55555.5555555556,0,0,0.0,0.0,0,18.0,111111.111111111,0,0.0,0,0.0,0.0,0.0,0,0,0,0.0,0.0,18,32,0.0,SSH-Bruteforce
225,762,762,80,762.0,64,762,762,2624.671916,0,0,0.0,0.0,0,762.0,2624.671916,0,0.0,762,0.0,0.0,0.0,0,0,0,0.0,0.0,762,32,0.0,DoS attacks-Hulk
-1,234936,234936,53,234936.0,16,234665,235251,8.50155791,76,76,38.0,38.0,38,78417.0,17.00311582,70,50.8,234936,70.0,63.5,70.0,70,140,140,307.2,17.52712184,271,8,0.0,Infilteration
225,31433,31433,80,31433.0,64,31433,31433,63.62739796,0,0,0.0,0.0,0,31433.0,63.62739796,0,0.0,31433,0.0,0.0,0.0,0,0,0,0.0,0.0,31433,32,0.0,DoS attacks-Hulk
63325,88019724,88019724,32739,88019724.0,40,88019724,88019724,0.0227221799,0,0,0.0,0.0,0,88019724.0,0.0227221799,0,0.0,88019724,0.0,0.0,0.0,0,0,0,0.0,0.0,88019724,20,0.0,Benign
26883,0,0,21,0.0,40,3,3,333333.333333333,0,0,0.0,0.0,0,3.0,666666.666666667,0,0.0,0,0.0,0.0,0.0,0,0,0,0.0,0.0,3,40,0.0,FTP-BruteForce
8192,597,549,8080,298.5,72,10182,11227,267.2129687,326,326,108.6666667,108.6666667,326,1871.166667,623.4969271,326,56.875,48,32.25,65.0,32.25,112,129,129,13318.69643,115.4066568,0,20,188.2161878,Bot
225,439,439,80,439.0,64,439,439,4555.808656,0,0,0.0,0.0,0,439.0,4555.808656,0,0.0,439,0.0,0.0,0.0,0,0,0,0.0,0.0,439,32,0.0,DoS attacks-Hulk
259,150,150,51808,150.0,40,150,150,13333.333333333334,0,0,0.0,0.0,0,150.0,13333.333333333334,0,0.0,150,0.0,0.0,0.0,0,0,0,0.0,0.0,150,20,0.0,Benign
2052,604,604,8080,604.0,40,604,604,3311.258278,0,0,0.0,0.0,0,604.0,3311.258278,0,0.0,604,0.0,0.0,0.0,0,0,0,0.0,0.0,604,20,0.0,Bot
8192,556,505,8080,278.0,72,11399,12291,244.0810349,326,326,108.6666667,108.6666667,326,2048.5,569.5224148,326,56.875,51,32.25,65.0,32.25,112,129,129,13318.69643,115.4066568,18,20,188.2161878,Bot
211,116254577,116254577,80,116254577.0,64,116254568,116254580,0.0172036233,16,16,8.0,8.0,8,38751526.6666667,0.0344072466,8,4.8,116254577,0.0,6.0,0.0,0,0,0,19.2,4.38178046,3,32,0.0,DoS attacks-Slowloris
8192,678,622,8080,339.0,72,11732,13045,229.9731698,326,326,108.6666667,108.6666667,326,2174.166667,536.6040629,326,56.875,56,32.25,65.0,32.25,112,129,129,13318.69643,115.4066568,21,20,188.2161878,Bot
225,1663,1663,80,1663.0,64,1663,1663,1202.645821,0,0,0.0,0.0,0,1663.0,1202.645821,0,0.0,1663,0.0,0.0,0.0,0,0,0,0.0,0.0,1663,32,0.0,DoS attacks-Hulk
8192,56622051,1134701,80,370078.764705883,3092,1134701,56623657,2.7197113037,54995,54995,357.1103896104,357.1103896104,646,220325.513618677,4.5563994569,1069,492.2239382239,291,697.0288461538,494.1317829457,697.0288461538,1069,72491,72491,126787.267486756,356.0719976167,4,20,272.0749262837,Brute Force -Web
26883,0,0,21,0.0,40,2,2,500000.0,0,0,0.0,0.0,0,2.0,1000000.0,0,0.0,0,0.0,0.0,0.0,0,0,0,0.0,0.0,2,40,0.0,FTP-BruteForce
2049,21400000,21400000,80,21400000.0,40,21400000,21401395,0.093451852,0,0,0.0,0.0,0,21400000.0,0.093451852,0,0.0,21400000,0.0,0.0,0.0,0,0,0,0.0,0.0,21400000,20,0.0,DDoS attacks-LOIC-HTTP
-1,85700000,602053,80,1003.86961,682880,602053,85689306,996.1569767,2731520,2731520,32.0,32.0,32,1003.86961,996.1569767,32,32.0,0,0.0,32.00037488,0.0,0,0,0,0.0,0.0,0,8,0.0,DDOS attack-LOIC-UDP
26883,278179,73741,22,14641.0,648,73741,278221,71.8852998156,1944,1944,97.2,97.2,640,6785.8780487805,150.9591296128,976,107.1860465116,261,121.1363636364,109.7380952381,121.1363636364,976,2665,2665,42965.6312292359,207.2815265026,4,32,141.7906536895,SSH-Bruteforce
256,20,20,39554,20.0,40,20,20,100000.0,0,0,0.0,0.0,0,20.0,100000.0,0,0.0,20,0.0,0.0,0.0,0,0,0,0.0,0.0,20,20,0.0,Infilteration
211,101011385,101011385,80,101011385.0,64,101011370,101011391,0.0197997471,16,16,8.0,8.0,8,33670463.6666667,0.0395994943,8,4.8,101011385,0.0,6.0,0.0,0,0,0,19.2,4.38178046,6,32,0.0,DoS attacks-Slowloris
26883,0,0,21,0.0,40,13,13,76923.07692,0,0,0.0,0.0,0,13.0,153846.1538,0,0.0,0,0.0,0.0,0.0,0,0,0,0.0,0.0,13,40,0.0,DoS attacks-SlowHTTPTest
26883,0,0,21,0.0,40,20,20,50000.0,0,0,0.0,0.0,0,20.0,100000.0,0,0.0,0,0.0,0.0,0.0,0,0,0,0.0,0.0,20,40,0.0,FTP-BruteForce
-1,120000000,607548,80,845.1411654,1135640,607548,119971169,1183.242617,4542560,4542560,32.0,32.0,32,845.1411654,1183.242617,32,32.0,0,0.0,32.00022542,0.0,0,0,0,0.0,0.0,0,8,0.0,DDOS attack-LOIC-UDP
8192,572,497,8080,286.0,72,9008,10005,299.850075,326,326,108.6666667,108.6666667,326,1667.5,699.6501749,326,56.875,75,32.25,65.0,32.25,112,129,129,13318.69643,115.4066568,2,20,188.2161878,Bot
65535,932,567,80,466.0,72,567,1218,2463.054187,310,310,103.3333333,103.3333333,310,203.0,5747.126437,935,155.625,365,233.75,177.8571429,233.75,935,935,935,110938.8393,333.0748254,3,20,178.9785834,DDOS attack-HOIC
26883,404925,141315,22,19282.1428571429,712,141315,404966,54.3255483176,1912,1912,86.9090909091,86.9090909091,640,9417.8139534884,108.6510966353,976,101.7111111111,212,121.1363636364,104.0227272727,121.1363636364,976,2665,2665,41508.8464646465,203.7371995112,4,32,137.6880217811,SSH-Bruteforce
8192,117437775,58639709,443,4516837.5,552,58639709,117437775,0.2299089879725667,936,936,34.66666666666666,34.666666666666664,201,1957296.25,0.5194240098639471,1410,541.5806451612904,22,960.0588235294118,550.4590163934427,960.0588235294116,1410,32642,32642,413756.18191433087,643.2388218339522,0,20,65.24156296764768,Benign
40927,22,22,54286,22.0,40,22,22,90909.09091,0,0,0.0,0.0,0,22.0,90909.09091,0,0.0,22,0.0,0.0,0.0,0,0,0,0.0,0.0,22,20,0.0,Infilteration
-1,120000000,576805,80,1014.15143,945448,576805,119852416,986.0543821,3781792,3781792,32.0,32.0,32,1014.15143,986.0543821,32,32.0,0,0.0,32.00027077,0.0,0,0,0,0.0,0.0,0,8,0.0,DDOS attack-LOIC-UDP
8192,457,408,8080,228.5,72,10147,11102,270.2215817,326,326,108.6666667,108.6666667,326,1850.333333,630.517024,326,56.875,49,32.25,65.0,32.25,112,129,129,13318.69643,115.4066568,16,20,188.2161878,Bot
26883,0,0,21,0.0,40,2,2,500000.0,0,0,0.0,0.0,0,2.0,1000000.0,0,0.0,0,0.0,0.0,0.0,0,0,0,0.0,0.0,2,40,0.0,FTP-BruteForce
-1,0,0,53,0.0,8,654,654,1529.051988,42,42,42.0,42.0,42,654.0,3058.103976,102,62.0,0,102.0,93.0,102.0,102,102,102,1200.0,34.64101615,654,8,0.0,Infilteration
26883,1329,542,80,443.0,136,5003036,5004365,0.7993022092,332,332,83.0,83.0,332,714909.285714286,1.5986044183,972,144.8888888889,267,243.0,163.0,243.0,972,972,972,108259.111111111,329.0275233337,6,32,166.0,DoS attacks-GoldenEye
221,9075276,9075276,80,9075276.0,64,9075276,9075276,0.2203789725,0,0,0.0,0.0,0,9075276.0,0.2203789725,0,0.0,9075276,0.0,0.0,0.0,0,0,0,0.0,0.0,9075276,32,0.0,DoS attacks-GoldenEye
-1,120000000,600240,80,851.5815981,1124936,600240,119745998,1174.293942,4499744,4499744,32.0,32.0,32,851.5815981,1174.293942,32,32.0,0,0.0,32.00022757,0.0,0,0,0,0.0,0.0,0,8,0.0,DDOS attack-LOIC-UDP
221,1901570,1901570,80,1901570.0,64,1901570,1901570,1.051762491,0,0,0.0,0.0,0,1901570.0,1.051762491,0,0.0,1901570,0.0,0.0,0.0,0,0,0,0.0,0.0,1901570,32,0.0,DoS attacks-GoldenEye
-1,83300000,840454,80,989.0470352,674056,840454,83333147,1011.086261,2696224,2696224,32.0,32.0,32,989.0470352,1011.086261,32,32.0,0,0.0,32.00037979,0.0,0,0,0,0.0,0.0,0,8,0.0,DDOS attack-LOIC-UDP
32738,1154,1154,80,1154.0,40,1154,1154,1733.102253,0,0,0.0,0.0,0,1154.0,1733.102253,0,0.0,1154,0.0,0.0,0.0,0,0,0,0.0,0.0,1154,20,0.0,DDOS attack-HOIC
225,1047,1047,80,1047.0,64,1047,1047,1910.219675,0,0,0.0,0.0,0,1047.0,1910.219675,0,0.0,1047,0.0,0.0,0.0,0,0,0,0.0,0.0,1047,32,0.0,DoS attacks-Hulk
2051,83,83,80,83.0,40,83,83,24096.3855421687,0,0,0.0,0.0,0,83.0,24096.3855421687,0,0.0,83,0.0,0.0,0.0,0,0,0,0.0,0.0,83,20,0.0,Brute Force -Web
2049,43600000,43600000,80,43600000.0,40,43600000,43613959,0.045856878,0,0,0.0,0.0,0,43600000.0,0.045856878,0,0.0,43600000,0.0,0.0,0.0,0,0,0,0.0,0.0,43600000,20,0.0,DDoS attacks-LOIC-HTTP
8192,65931,64867,80,21977.0,92,4942372,5008303,0.7986737224,646,646,161.5,161.5,646,715471.857142857,1.5973474448,646,112.2222222222,399,91.0,126.25,91.0,364,364,364,54558.4444444445,233.5774913052,16,20,323.0,Brute Force -Web
256,565,565,8080,565.0,40,565,565,3539.823009,0,0,0.0,0.0,0,565.0,3539.823009,0,0.0,565,0.0,0.0,0.0,0,0,0,0.0,0.0,565,20,0.0,Bot
32738,28262,28262,80,28262.0,40,28262,28262,70.76640011,0,0,0.0,0.0,0,28262.0,70.76640011,0,0.0,28262,0.0,0.0,0.0,0,0,0,0.0,0.0,28262,20,0.0,DDOS attack-HOIC
8192,373,345,80,186.5,72,1859617,1860016,1.612889351,20,20,6.666666667,6.666666667,20,310002.6667,3.763408487,964,123.0,28,241.0,140.5714286,241.0,964,964,964,115523.4286,339.8873763,6,20,11.54700538,DDoS attacks-LOIC-HTTP
-1,9436417,552789,80,252.2701438,299256,552789,9436417,3964.110531,1197024,1197024,32.0,32.0,32,252.2701438,3964.110531,32,32.0,1,0.0,32.00085545,0.0,0,0,0,0.0,0.0,1,8,0.0,DDOS attack-LOIC-UDP
-1,73800000,682211,80,934.2405806,631680,682211,73766702,1070.401656,2526720,2526720,32.0,32.0,32,934.2405806,1070.401656,32,32.0,0,0.0,32.00040527,0.0,0,0,0,0.0,0.0,0,8,0.0,DDOS attack-LOIC-UDP
256,469,469,8080,469.0,40,469,469,4264.392324,0,0,0.0,0.0,0,469.0,4264.392324,0,0.0,469,0.0,0.0,0.0,0,0,0,0.0,0.0,469,20,0.0,Bot
26883,363411,43916,22,13977.3461538462,872,43878,364133,74.1487313701,1944,1944,72.0,72.0,640,7915.9347826087,129.0737175702,976,96.0208333333,91,133.25,98.0638297872,133.25,976,2665,2665,39489.7229609929,198.7202127641,5,32,128.7478155154,SSH-Bruteforce
221,94514805,94514805,80,94514805.0,64,94514805,94514807,0.0211607055,386,386,193.0,193.0,386,47257403.5,0.0317410583,386,96.5,94514805,0.0,128.6666666667,0.0,0,0,0,37249.0,193.0,2,32,272.943217538,DoS attacks-GoldenEye
508,1,1,52018,1.0,40,1,1,2000000.0,0,0,0.0,0.0,0,1.0,2000000.0,0,0.0,1,0.0,0.0,0.0,0,0,0,0.0,0.0,1,20,0.0,Infilteration
26883,0,0,21,0.0,40,20,20,50000.0,0,0,0.0,0.0,0,20.0,100000.0,0,0.0,0,0.0,0.0,0.0,0,0,0,0.0,0.0,20,40,0.0,FTP-BruteForce
8192,3897779,1326286,3389,299829.153846154,292,953201,3897779,3.5917890676,1459,1459,104.2142857143,104.2142857143,741,185608.523809524,5.6442399633,1179,138.6956521739,7244,216.375,145.0,216.375,1179,1731,1731,78630.3122529644,280.4109702793,90,20,195.1134496691,Benign
26883,0,0,21,0.0,40,6,6,166666.6667,0,0,0.0,0.0,0,6.0,333333.3333,0,0.0,0,0.0,0.0,0.0,0,0,0,0.0,0.0,6,40,0.0,DoS attacks-SlowHTTPTest
226,8979118,8979118,80,8979118.0,64,8979118,8979118,0.2227390263,0,0,0.0,0.0,0,8979118.0,0.2227390263,0,0.0,8979118,0.0,0.0,0.0,0,0,0,0.0,0.0,8979118,32,0.0,DoS attacks-GoldenEye
2052,585,585,8080,585.0,40,585,585,3418.803419,0,0,0.0,0.0,0,585.0,3418.803419,0,0.0,585,0.0,0.0,0.0,0,0,0,0.0,0.0,585,20,0.0,Bot
211,103453083,103453083,80,103453083.0,64,103453080,103453083,0.019332435,8,8,4.0,4.0,8,51726541.5,0.0289986525,8,4.0,103453083,0.0,5.3333333333,0.0,0,0,0,21.3333333333,4.6188021535,3,32,5.6568542495,DoS attacks-Slowloris
65535,4483,4090,80,2241.5,72,4090,4775,628.2722513,310,310,103.3333333,103.3333333,310,795.8333333,1465.968586,935,155.625,393,233.75,177.8571429,233.75,935,935,935,110938.8393,333.0748254,5,20,178.9785834,DDOS attack-HOIC
8192,121026,41922,443,15128.25,192,41922,121026,74.36418621,512,512,56.88888889,56.88888889,194,8068.4,132.2029977,1430,293.1176471,18,638.7142857,311.4375,638.7142857,1430,4471,4471,273878.6103,523.3341287,5,20,83.48269947,Infilteration
32738,30313,30313,80,30313.0,40,30313,30313,65.97829314,0,0,0.0,0.0,0,30313.0,65.97829314,0,0.0,30313,0.0,0.0,0.0,0,0,0,0.0,0.0,30313,20,0.0,DDOS attack-HOIC
26883,0,0,21,0.0,40,21,21,47619.04762,0,0,0.0,0.0,0,21.0,95238.09524,0,0.0,0,0.0,0.0,0.0,0,0,0,0.0,0.0,21,40,0.0,DoS attacks-SlowHTTPTest
225,379,379,80,379.0,64,379,379,5277.044855,0,0,0.0,0.0,0,379.0,5277.044855,0,0.0,379,0.0,0.0,0.0,0,0,0,0.0,0.0,379,32,0.0,DoS attacks-Hulk
-1,120000000,651547,80,975.3545276,982160,651547,119743300,1025.276571,3928640,3928640,32.0,32.0,32,975.3545276,1025.276571,32,32.0,0,0.0,32.00026065,0.0,0,0,0,0.0,0.0,0,8,0.0,DDOS attack-LOIC-UDP
26883,3387,2419,80,1129.0,136,5001782,5005169,0.7991738141,394,394,98.5,98.5,394,715024.142857143,1.5983476282,662,117.3333333333,282,165.5,132.0,165.5,662,662,662,58697.0,242.27463755,6,32,197.0,DoS attacks-GoldenEye
8192,1687,1390,80,843.5,72,1396980,1398698,2.144851855,20,20,6.666666667,6.666666667,20,233116.3333,5.004654329,964,123.0,297,241.0,140.5714286,241.0,964,964,964,115523.4286,339.8873763,3,20,11.54700538,DDoS attacks-LOIC-HTTP
8192,556,504,8080,278.0,72,9959,10797,277.8549597,326,326,108.6666667,108.6666667,326,1799.5,648.3282393,326,56.875,52,32.25,65.0,32.25,112,129,129,13318.69643,115.4066568,1,20,188.2161878,Bot
26883,0,0,21,0.0,40,39,39,25641.02564,0,0,0.0,0.0,0,39.0,51282.05128,0,0.0,0,0.0,0.0,0.0,0,0,0,0.0,0.0,39,40,0.0,DoS attacks-SlowHTTPTest
26883,10972,10667,80,3657.3333333333,136,5004996,5015968,0.7974532533,356,356,89.0,89.0,356,716566.857142857,1.5949065066,972,147.5555555556,26,243.0,166.0,243.0,972,972,972,109445.777777778,330.8259025194,7,32,178.0,DoS attacks-GoldenEye
8192,4108368,1243372,3389,316028.307692308,292,953216,4108368,3.4076791563,1455,1455,103.9285714286,103.9285714286,741,195636.571428571,5.3549243885,1179,138.5217391304,162,216.375,144.8181818182,216.375,1179,1731,1731,78625.0790513834,280.4016388172,39,20,195.0362744508,Benign
65535,13585,13290,80,6792.5,72,20022,33630,89.20606601,268,268,89.33333333,89.33333333,268,5605.0,208.1474874,935,150.375,295,233.75,171.8571429,233.75,935,935,935,109306.8393,330.6158485,3,20,154.7298721,DDOS attack-HOIC
26883,76928,76066,80,19232.0,168,76066,76928,64.9958402662,437,437,87.4,87.4,437,10989.7142857143,103.993344426,972,156.5555555556,23,324.0,176.125,324.0,972,972,972,114395.777777778,338.2244488173,7,32,195.4323412335,DoS attacks-GoldenEye
2047,685,685,80,685.0,40,685,685,2919.7080291971,0,0,0.0,0.0,0,685.0,2919.7080291971,0,0.0,685,0.0,0.0,0.0,0,0,0,0.0,0.0,685,20,0.0,Brute Force -Web
26883,0,0,21,0.0,40,5,5,200000.0,0,0,0.0,0.0,0,5.0,400000.0,0,0.0,0,0.0,0.0,0.0,0,0,0,0.0,0.0,5,40,0.0,DoS attacks-SlowHTTPTest
225,9400,9400,80,9400.0,64,9400,9400,212.7659574,0,0,0.0,0.0,0,9400.0,212.7659574,0,0.0,9400,0.0,0.0,0.0,0,0,0,0.0,0.0,9400,32,0.0,DoS attacks-Hulk
65535,9472,9046,80,4736.0,72,9046,11689,256.6515527,314,314,104.6666667,104.6666667,314,1948.166667,598.8536231,935,156.125,426,233.75,178.4285714,233.75,935,935,935,111117.2679,333.3425683,4,20,181.2879845,DDOS attack-HOIC
8192,439,419,80,219.5,72,1525319,1525795,1.966188118,20,20,6.666666667,6.666666667,20,254299.1667,4.587772276,964,123.0,20,241.0,140.5714286,241.0,964,964,964,115523.4286,339.8873763,5,20,11.54700538,DDoS attacks-LOIC-HTTP
32738,1248,1248,80,1248.0,40,1248,1248,1602.564103,0,0,0.0,0.0,0,1248.0,1602.564103,0,0.0,1248,0.0,0.0,0.0,0,0,0,0.0,0.0,1248,20,0.0,DDOS attack-HOIC
2049,29000000,29000000,80,29000000.0,40,29000000,29032225,0.068888967,0,0,0.0,0.0,0,29000000.0,0.068888967,0,0.0,29000000,0.0,0.0,0.0,0,0,0,0.0,0.0,29000000,20,0.0,DDoS attacks-LOIC-HTTP
32738,14802,14802,80,14802.0,40,14802,14802,135.1168761,0,0,0.0,0.0,0,14802.0,135.1168761,0,0.0,14802,0.0,0.0,0.0,0,0,0,0.0,0.0,14802,20,0.0,DDOS attack-HOIC
2049,18200000,18200000,80,18200000.0,40,18200000,18232696,0.109693048,0,0,0.0,0.0,0,18200000.0,0.109693048,0,0.0,18200000,0.0,0.0,0.0,0,0,0,0.0,0.0,18200000,20,0.0,DDoS attacks-LOIC-HTTP
241,0,0,22,0.0,32,7,7,142857.142857143,0,0,0.0,0.0,0,7.0,285714.285714286,0,0.0,0,0.0,0.0,0.0,0,0,0,0.0,0.0,7,32,0.0,SSH-Bruteforce
-1,120000000,603902,80,917.3205012,1044472,603902,119763530,1090.139878,4177888,4177888,32.0,32.0,32,917.3205012,1090.139878,32,32.0,0,0.0,32.0002451,0.0,0,0,0,0.0,0.0,0,8,0.0,DDOS attack-LOIC-UDP
258,273,256,443,136.5,60,256,273,10989.010989010989,77,77,25.666666666666664,25.666666666666668,46,136.5,10989.010989010989,46,30.75,17,0.0,41.0,0.0,0,0,0,470.25,21.68524844220144,17,20,23.45918441321721,Benign
2052,749,749,8080,749.0,40,749,749,2670.226969,0,0,0.0,0.0,0,749.0,2670.226969,0,0.0,749,0.0,0.0,0.0,0,0,0,0.0,0.0,749,20,0.0,Bot
8192,352,350,80,176.0,72,711346,711741,4.215016417,20,20,6.666666667,6.666666667,20,118623.5,9.835038307,964,123.0,2,241.0,140.5714286,241.0,964,964,964,115523.4286,339.8873763,2,20,11.54700538,DDoS attacks-LOIC-HTTP
8192,61939,60874,80,20646.3333333333,92,4946411,5008350,0.7986662274,646,646,161.5,161.5,646,715478.571428571,1.5973324548,646,112.2222222222,381,91.0,126.25,91.0,364,364,364,54558.4444444445,233.5774913052,18,20,323.0,Brute Force -Web
8192,593,542,8080,296.5,72,9638,10535,284.7650688,326,326,108.6666667,108.6666667,326,1755.833333,664.4518272,326,56.875,51,32.25,65.0,32.25,112,129,129,13318.69643,115.4066568,1,20,188.2161878,Bot
1024,0,0,2135,0.0,24,360,360,2777.777778,0,0,0.0,0.0,0,360.0,5555.555556,0,0.0,0,0.0,0.0,0.0,0,0,0,0.0,0.0,360,24,0.0,Infilteration
2049,4283953,4283953,80,4283953.0,40,4283953,4283953,0.46685853,0,0,0.0,0.0,0,4283953.0,0.46685853,0,0.0,4283953,0.0,0.0,0.0,0,0,0,0.0,0.0,4283953,20,0.0,DDoS attacks-LOIC-HTTP
-1,120000000,807883,80,1527.534215,626408,807883,119605929,654.6581817,2505632,2505632,32.0,32.0,32,1527.534215,654.6581817,32,32.0,0,0.0,32.00040868,0.0,0,0,0,0.0,0.0,0,8,0.0,DDOS attack-LOIC-UDP
256,688,688,8080,688.0,40,688,688,2906.976744,0,0,0.0,0.0,0,688.0,2906.976744,0,0.0,688,0.0,0.0,0.0,0,0,0,0.0,0.0,688,20,0.0,Bot
65535,1323,1098,52577,330.75,124,722,1323,3779.289494,935,935,187.0,187.0,935,220.5,5291.005291,935,147.75,6,123.5,168.8571429,123.5,247,247,247,108656.2143,329.6304208,6,20,418.1447118,Benign
8192,1696056,1116926,3389,242293.71428571432,172,953167,1696056,4.716825387840967,1032,1032,129.0,129.0,565,121146.85714285712,8.844047602201814,1149,153.8125,77,204.1428571428571,164.06666666666666,204.14285714285717,1149,1429,1429,90825.62916666668,301.3729071543537,77,20,190.9195791800456,Benign
63323,119,119,52100,119.0,40,119,119,16806.72269,0,0,0.0,0.0,0,119.0,16806.72269,0,0.0,119,0.0,0.0,0.0,0,0,0,0.0,0.0,119,20,0.0,Infilteration
-1,120000000,838624,80,1500.463226,639696,838624,119978540,666.4691869,2558784,2558784,32.0,32.0,32,1500.463226,666.4691869,32,32.0,0,0.0,32.00040019,0.0,0,0,0,0.0,0.0,0,8,0.0,DDOS attack-LOIC-UDP
26883,0,0,21,0.0,40,22,22,45454.54545,0,0,0.0,0.0,0,22.0,90909.09091,0,0.0,0,0.0,0.0,0.0,0,0,0,0.0,0.0,22,40,0.0,DoS attacks-SlowHTTPTest
8192,536,484,8080,268.0,72,10072,10923,274.6498215,326,326,108.6666667,108.6666667,326,1820.5,640.8495834,326,56.875,52,32.25,65.0,32.25,112,129,129,13318.69643,115.4066568,22,20,188.2161878,Bot
26883,356978,146578,22,16998.9523809524,712,146578,359430,61.2080238155,1912,1912,86.9090909091,86.9090909091,640,8358.8372093023,122.416047631,976,101.7111111111,300,121.1363636364,104.0227272727,121.1363636364,976,2665,2665,41508.8464646465,203.7371995112,2,32,137.6880217811,SSH-Bruteforce
8192,56555709,1013025,80,279978.757425742,4072,1013025,56557979,3.5892371614,56330,56330,277.4876847291,277.4876847291,680,184829.996732026,5.4280581702,1935,799.8084415584,348,1827.0288461539,802.4136807818,1827.0288461539,1935,190011,190011,630834.077192352,794.2506387737,20,20,292.8687801257,Brute Force -XSS
8192,57465,57144,8080,28732.5,72,57144,69147,43.38583019,326,326,108.6666667,108.6666667,326,11524.5,101.2336038,326,56.875,321,32.25,65.0,32.25,112,129,129,13318.69643,115.4066568,13,20,188.2161878,Bot
8192,3004637,2671296,443,375579.625,192,2671296,3004637,2.9953701562,1349,1349,149.8888888889,149.8888888889,485,136574.409090909,7.6548348436,1460,307.8333333333,263,431.3571428571,321.2173913043,431.3571428571,1460,6039,6039,243425.275362319,493.3814704286,1,20,206.2107201653,Benign
8192,116000000,10200000,80,7735660.533,332,10200000,116034908,0.137889539,456,456,28.5,28.5,445,4001203.724,0.258542886,971,46.03225806,693,69.35714286,47.56666667,69.35714286,971,971,971,35839.63226,189.3135818,47,20,111.067547,Infilteration
26883,7788584,6765344,80,1947146.0,176,6765023,12793248,0.3908311634,534,534,106.8,106.8,534,1599156.0,0.7034960942,662,119.6,8,165.5,132.8888888889,165.5,662,662,662,64484.2666666667,253.9375251251,8,32,238.812059997,DoS attacks-GoldenEye
-1,0,0,53,0.0,8,44741,44741,22.35086386,49,49,49.0,49.0,49,44741.0,44.70172772,65,54.33333333,0,65.0,81.5,65.0,65,65,65,85.33333333,9.237604307,44741,8,0.0,Infilteration
26883,5992696,5962834,80,1498174.0,168,5962528,5992696,0.8343490142,299,299,59.8,59.8,299,856099.428571429,1.3349584227,972,141.2222222222,30,324.0,158.875,324.0,972,972,972,106836.444444444,326.8584471058,5,32,133.7168650545,DoS attacks-GoldenEye
26883,0,0,21,0.0,40,21,21,47619.04762,0,0,0.0,0.0,0,21.0,95238.09524,0,0.0,0,0.0,0.0,0.0,0,0,0,0.0,0.0,21,40,0.0,DoS attacks-SlowHTTPTest
26883,0,0,21,0.0,40,19,19,52631.5789473684,0,0,0.0,0.0,0,19.0,105263.157894737,0,0.0,0,0.0,0.0,0.0,0,0,0,0.0,0.0,19,40,0.0,FTP-BruteForce
26883,173041,171191,80,43260.25,168,171191,173041,28.894886183,447,447,89.4,89.4,447,24720.1428571429,46.2318178929,972,157.6666666667,283,324.0,177.375,324.0,972,972,972,115108.0,339.2756991003,7,32,199.9044771885,DoS attacks-GoldenEye
8192,56289043,1174658,80,370322.651315789,3072,1174658,56290616,2.7180374079,54995,54995,359.4444444444,359.4444444444,646,219885.21875,4.5655922472,1069,494.0852713178,2708,696.9134615385,496.0077821012,696.9134615385,1069,72479,72479,126281.121105179,355.3605508567,4,20,271.4171844443,Brute Force -Web
32738,1408,1408,80,1408.0,40,1408,1408,1420.454545,0,0,0.0,0.0,0,1408.0,1420.454545,0,0.0,1408,0.0,0.0,0.0,0,0,0,0.0,0.0,1408,20,0.0,DDOS attack-HOIC
-1,0,0,53,0.0,8,259,259,3861.003861003861,34,34,34.0,34.0,34,259.0,7722.007722007722,66,44.66666666666666,0,66.0,67.0,66.0,66,66,66,341.3333333333333,18.475208614068023,259,8,0.0,Benign
256,565,565,8080,565.0,40,565,565,3539.823009,0,0,0.0,0.0,0,565.0,3539.823009,0,0.0,565,0.0,0.0,0.0,0,0,0,0.0,0.0,565,20,0.0,Bot
-1,120000000,674539,80,994.1226803,962184,674539,119565123,1005.92043,3848736,3848736,32.0,32.0,32,994.1226803,1005.92043,32,32.0,0,0.0,32.00026606,0.0,0,0,0,0.0,0.0,0,8,0.0,DDOS attack-LOIC-UDP
225,1319,1319,80,1319.0,64,1319,1319,1516.300227,0,0,0.0,0.0,0,1319.0,1516.300227,0,0.0,1319,0.0,0.0,0.0,0,0,0,0.0,0.0,1319,32,0.0,DoS attacks-Hulk
225,5287392,5272489,80,1762464.0,136,5272480,5335865,0.749644153,365,365,91.25,91.25,365,666983.125,1.686699345,935,130.0,2434,187.0,144.4444444,187.0,935,935,935,93161.11111,305.2230514,8,32,182.5,DoS attacks-Hulk
225,2656,2656,80,2656.0,64,2656,2656,753.0120482,0,0,0.0,0.0,0,2656.0,753.0120482,0,0.0,2656,0.0,0.0,0.0,0,0,0,0.0,0.0,2656,32,0.0,DoS attacks-Hulk
65535,13265,12985,80,6632.5,72,12985,21637,138.6513842,339,339,113.0,113.0,339,3606.166667,323.5198965,935,159.25,280,233.75,182.0,233.75,935,935,935,112323.0714,335.1463433,4,20,195.7217413,DDOS attack-HOIC
32738,8444,8444,80,8444.0,40,8444,8444,236.8545713,0,0,0.0,0.0,0,8444.0,236.8545713,0,0.0,8444,0.0,0.0,0.0,0,0,0,0.0,0.0,8444,20,0.0,DDOS attack-HOIC
32738,29612,29612,80,29612.0,40,29612,29612,67.54018641,0,0,0.0,0.0,0,29612.0,67.54018641,0,0.0,29612,0.0,0.0,0.0,0,0,0,0.0,0.0,29612,20,0.0,DDOS attack-HOIC
32738,4065,4065,80,4065.0,40,4065,4065,492.00492,0,0,0.0,0.0,0,4065.0,492.00492,0,0.0,4065,0.0,0.0,0.0,0,0,0,0.0,0.0,4065,20,0.0,DDOS attack-HOIC
225,2021,2021,80,2021.0,64,2021,2021,989.6091044,0,0,0.0,0.0,0,2021.0,989.6091044,0,0.0,2021,0.0,0.0,0.0,0,0,0,0.0,0.0,2021,32,0.0,DoS attacks-Hulk
8192,23436,23135,80,11718.0,72,23184,46952,63.89504174,438,438,146.0,146.0,438,7825.333333,149.0884307,860,162.25,301,215.0,185.4285714,215.0,860,860,860,102977.6429,320.9012977,14,20,252.8794179,Infilteration
26883,0,0,21,0.0,40,24,24,41666.6666666667,0,0,0.0,0.0,0,24.0,83333.3333333333,0,0.0,0,0.0,0.0,0.0,0,0,0,0.0,0.0,24,40,0.0,FTP-BruteForce
32738,15428,15428,80,15428.0,40,15428,15428,129.6344309,0,0,0.0,0.0,0,15428.0,129.6344309,0,0.0,15428,0.0,0.0,0.0,0,0,0,0.0,0.0,15428,20,0.0,DDOS attack-HOIC
-1,20772,20772,53,20772.0,16,20490,21129,94.65663306356194,76,76,38.0,38.0,38,7043.0,189.31326612712388,54,44.4,20772,54.0,55.5,54.0,54,108,108,76.8,8.763560920082657,282,8,0.0,Benign
8192,499,374,80,249.5,72,320,1034,2901.353965,161,161,53.66666667,53.66666667,161,172.3333333,6769.825919,488,81.125,125,122.0,92.71428571,122.0,488,488,488,30202.125,173.7875859,54,20,92.95339334,Benign
65535,1774,1408,80,887.0,72,1408,2021,1484.413657,312,312,104.0,104.0,312,336.8333333,3463.631865,935,155.875,366,233.75,178.1428571,233.75,935,935,935,111027.5536,333.2079735,3,20,180.133284,DDOS attack-HOIC
26883,29793,29501,80,14896.5,104,29501,40385,74.28500681,360,360,120.0,120.0,360,6730.833333,173.3316826,935,161.875,292,233.75,185.0,233.75,935,935,935,113456.6964,336.8333363,7,32,207.8460969,DoS attacks-Hulk
32738,4590,4590,80,4590.0,40,4590,4590,435.7298475,0,0,0.0,0.0,0,4590.0,435.7298475,0,0.0,4590,0.0,0.0,0.0,0,0,0,0.0,0.0,4590,20,0.0,DDOS attack-HOIC
225,744,744,80,744.0,64,744,744,2688.172043,0,0,0.0,0.0,0,744.0,2688.172043,0,0.0,744,0.0,0.0,0.0,0,0,0,0.0,0.0,744,32,0.0,DoS attacks-Hulk
26883,424057,108664,22,19275.3181818182,744,108664,424575,54.1718188777,1928,1928,83.8260869565,83.8260869565,640,10108.9285714286,101.2777483366,976,104.3863636364,236,133.25,106.8139534884,133.25,976,2665,2665,42227.9635306554,205.4944367389,5,32,135.8473917085,SSH-Bruteforce
221,12084299,12084299,80,12084299.0,64,12084299,12084299,0.1655040148,0,0,0.0,0.0,0,12084299.0,0.1655040148,0,0.0,12084299,0.0,0.0,0.0,0,0,0,0.0,0.0,12084299,32,0.0,DoS attacks-GoldenEye
26883,334560,87594,22,15931.4285714286,712,87594,335195,65.6334372529,1928,1928,87.6363636364,87.6363636364,640,7795.2325581395,131.2668745059,976,102.0666666667,146,121.1363636364,104.3863636364,121.1363636364,976,2665,2665,41510.3818181818,203.7409674518,5,32,137.7805520365,SSH-Bruteforce
26883,0,0,21,0.0,40,1,1,1000000.0,0,0,0.0,0.0,0,1.0,2000000.0,0,0.0,0,0.0,0.0,0.0,0,0,0,0.0,0.0,1,40,0.0,FTP-BruteForce
225,12666,12666,80,12666.0,64,12666,12666,157.9030475,0,0,0.0,0.0,0,12666.0,157.9030475,0,0.0,12666,0.0,0.0,0.0,0,0,0,0.0,0.0,12666,32,0.0,DoS attacks-Hulk
32738,1919,1919,80,1919.0,40,1919,1919,1042.209484,0,0,0.0,0.0,0,1919.0,1042.209484,0,0.0,1919,0.0,0.0,0.0,0,0,0,0.0,0.0,1919,20,0.0,DDOS attack-HOIC
8192,1670362,1123095,3389,238623.1429,172,953941,1670362,4.789380984,1128,1128,141.0,141.0,661,119311.5714,8.980089346,1173,169.3125,3,225.8571429,180.6,225.8571429,1173,1581,1581,100953.1625,317.731274,3,20,222.6233206,Infilteration
225,3457523,3354939,80,1152507.667,136,3354931,3467595,1.15353725,379,379,94.75,94.75,379,433449.375,2.595458812,935,131.4,322,187.0,146.0,187.0,935,935,935,93911.82222,306.4503585,8,32,189.5,DoS attacks-Hulk
226,2609347,2609347,80,2609347.0,64,2609347,2609347,0.7664752906,0,0,0.0,0.0,0,2609347.0,0.7664752906,0,0.0,2609347,0.0,0.0,0.0,0,0,0,0.0,0.0,2609347,32,0.0,DoS attacks-GoldenEye
-1,120000000,580427,80,948.727964,1011080,580427,119904035,1054.051267,4044320,4044320,32.0,32.0,32,948.727964,1054.051267,32,32.0,0,0.0,32.00025319,0.0,0,0,0,0.0,0.0,0,8,0.0,DDOS attack-LOIC-UDP
26883,0,0,21,0.0,40,1,1,1000000.0,0,0,0.0,0.0,0,1.0,2000000.0,0,0.0,0,0.0,0.0,0.0,0,0,0,0.0,0.0,1,40,0.0,DoS attacks-SlowHTTPTest
225,41290,41290,80,41290.0,64,41290,41290,48.43787842,0,0,0.0,0.0,0,41290.0,48.43787842,0,0.0,41290,0.0,0.0,0.0,0,0,0,0.0,0.0,41290,32,0.0,DoS attacks-Hulk
26883,0,0,21,0.0,40,2,2,500000.0,0,0,0.0,0.0,0,2.0,1000000.0,0,0.0,0,0.0,0.0,0.0,0,0,0,0.0,0.0,2,40,0.0,FTP-BruteForce
2049,23000000,23000000,80,23000000.0,40,23000000,22985897,0.087009874,0,0,0.0,0.0,0,23000000.0,0.087009874,0,0.0,23000000,0.0,0.0,0.0,0,0,0,0.0,0.0,23000000,20,0.0,DDoS attacks-LOIC-HTTP
8192,56847651,1173769,80,373997.703947368,3072,1173769,56849604,2.6913116229,54995,54995,359.4444444444,359.4444444444,646,222068.765625,4.5206999155,1068,494.1201550388,339,697.0,496.0428015564,697.0,1068,72488,72488,126320.853210871,355.4164503943,4,20,271.4171844443,Brute Force -Web
-1,0,0,53,0.0,8,291,291,3436.426117,33,33,33.0,33.0,33,291.0,6872.852234,97,54.33333333,0,97.0,81.5,97.0,97,97,97,1365.333333,36.95041723,291,8,0.0,Infilteration
26883,0,0,21,0.0,40,5,5,200000.0,0,0,0.0,0.0,0,5.0,400000.0,0,0.0,0,0.0,0.0,0.0,0,0,0,0.0,0.0,5,40,0.0,DoS attacks-SlowHTTPTest
-1,39158,39158,53,39158.0,16,38691,39483,50.65471215,74,74,37.0,37.0,37,13161.0,101.3094243,95,60.2,39158,95.0,75.25,95.0,95,190,190,1009.2,31.76790834,325,8,0.0,Infilteration
1038,3,3,51723,1.5,60,3,3,1000000.0,31,31,10.33333333,10.33333333,31,1.5,1000000.0,31,7.75,0,0.0,10.33333333,0.0,0,0,0,240.25,15.5,0,20,17.89785834,Infilteration
26883,394006,125102,22,18762.1904761905,712,125102,394059,55.8292032411,1928,1928,87.6363636364,87.6363636364,640,9164.1627906977,111.6584064823,976,102.0666666667,222,121.1363636364,104.3863636364,121.1363636364,976,2665,2665,41510.3818181818,203.7409674518,5,32,137.7805520365,SSH-Bruteforce
32738,1279,1279,80,1279.0,40,1279,1279,1563.721658,0,0,0.0,0.0,0,1279.0,1563.721658,0,0.0,1279,0.0,0.0,0.0,0,0,0,0.0,0.0,1279,20,0.0,DDOS attack-HOIC
26883,108061590,53247568,80,7718685.0,496,53247568,108061593,0.1388097249,2530,2530,168.6666666667,168.6666666667,230,6356564.29411765,0.1665716699,230,133.1578947368,287,0.0,140.5555555556,0.0,0,0,0,13611.6959064327,116.6691729054,3,32,105.2796728899,DoS attacks-Slowloris
26883,6979194,6978899,80,2326398.0,136,6978622,11979712,0.3338978433,461,461,115.25,115.25,461,1711387.42857143,0.6677956866,972,159.2222222222,22,243.0,179.125,243.0,972,972,972,116142.444444444,340.7967788059,6,32,230.5,DoS attacks-GoldenEye
26883,108671795,53229557,80,7244786.33333333,536,53229557,108671798,0.1472323114,2530,2530,158.125,158.125,230,6037322.11111111,0.1748383697,230,126.5,311,0.0,133.1578947368,0.0,0,0,0,13781.8421052632,117.3960906728,3,32,110.104117392,DoS attacks-Slowloris
32738,2677,2677,80,2677.0,40,2677,2677,747.1049682,0,0,0.0,0.0,0,2677.0,747.1049682,0,0.0,2677,0.0,0.0,0.0,0,0,0,0.0,0.0,2677,20,0.0,DDOS attack-HOIC
26883,369037,71367,22,16045.0869565217,776,71367,369087,65.0253192337,1944,1944,81.0,81.0,640,8201.9333333333,124.6318618645,976,98.0638297872,322,121.1363636364,100.1956521739,121.1363636364,976,2665,2665,40143.4958371878,200.3584184335,4,32,134.0797945417,SSH-Bruteforce
-1,120000000,645022,80,1022.093391,935776,645022,119555286,978.3925405,3743104,3743104,32.0,32.0,32,1022.093391,978.3925405,32,32.0,0,0.0,32.00027357,0.0,0,0,0,0.0,0.0,0,8,0.0,DDOS attack-LOIC-UDP
8192,291,288,80,145.5,72,1697770,1698090,1.766690811,20,20,6.666666667,6.666666667,20,283015.0,4.12227856,964,123.0,3,241.0,140.5714286,241.0,964,964,964,115523.4286,339.8873763,3,20,11.54700538,DDoS attacks-LOIC-HTTP
-1,112637837,56318956,0,56318918.5,0,56318956,112637837,0.0266340342,0,0,0.0,0.0,0,56318918.5,0.0266340342,0,0.0,56318881,0.0,0.0,0.0,0,0,0,0.0,0.0,56318881,0,0.0,Benign
225,47036,40594,80,23518.0,96,40594,47036,63.78093375,0,0,0.0,0.0,0,23518.0,63.78093375,0,0.0,6442,0.0,0.0,0.0,0,0,0,0.0,0.0,6442,32,0.0,DoS attacks-Hulk
26883,3425,1602,80,1141.6666666667,136,5000765,5004190,0.7993301613,456,456,114.0,114.0,456,714884.285714286,1.5986603226,662,124.2222222222,317,165.5,139.75,165.5,662,662,662,63412.4444444444,251.8182766291,7,32,228.0,DoS attacks-GoldenEye
32738,28791,28791,80,28791.0,40,28791,28791,69.46615262,0,0,0.0,0.0,0,28791.0,69.46615262,0,0.0,28791,0.0,0.0,0.0,0,0,0,0.0,0.0,28791,20,0.0,DDOS attack-HOIC
26883,0,0,21,0.0,40,9,9,111111.1111,0,0,0.0,0.0,0,9.0,222222.2222,0,0.0,0,0.0,0.0,0.0,0,0,0,0.0,0.0,9,40,0.0,DoS attacks-SlowHTTPTest
1024,0,0,8010,0.0,24,2,2,500000.0,0,0,0.0,0.0,0,2.0,1000000.0,0,0.0,0,0.0,0.0,0.0,0,0,0,0.0,0.0,2,24,0.0,Infilteration
26883,0,0,21,0.0,40,6,6,166666.6667,0,0,0.0,0.0,0,6.0,333333.3333,0,0.0,0,0.0,0.0,0.0,0,0,0,0.0,0.0,6,40,0.0,DoS attacks-SlowHTTPTest
26883,0,0,21,0.0,40,3,3,333333.3333,0,0,0.0,0.0,0,3.0,666666.6667,0,0.0,0,0.0,0.0,0.0,0,0,0,0.0,0.0,3,40,0.0,DoS attacks-SlowHTTPTest
123,35200,35200,53376,35200.0,40,35184,35200,56.8181818182,38,38,19.0,19.0,38,17600.0,85.2272727273,38,19.0,35200,0.0,25.3333333333,0.0,0,0,0,481.3333333333,21.9393102292,16,20,26.8700576851,Benign
-1,120000000,641837,80,1067.723441,899056,641837,119991828,936.5804478,3596224,3596224,32.0,32.0,32,1067.723441,936.5804478,32,32.0,0,0.0,32.00028474,0.0,0,0,0,0.0,0.0,0,8,0.0,DDOS attack-LOIC-UDP
26883,0,0,21,0.0,40,4,4,250000.0,0,0,0.0,0.0,0,4.0,500000.0,0,0.0,0,0.0,0.0,0.0,0,0,0,0.0,0.0,4,40,0.0,DoS attacks-SlowHTTPTest
32738,2066,2066,80,2066.0,40,2066,2066,968.054211,0,0,0.0,0.0,0,2066.0,968.054211,0,0.0,2066,0.0,0.0,0.0,0,0,0,0.0,0.0,2066,20,0.0,DDOS attack-HOIC
221,1815440,1815440,80,1815440.0,64,1815440,1815440,1.1016613052,0,0,0.0,0.0,0,1815440.0,1.1016613052,0,0.0,1815440,0.0,0.0,0.0,0,0,0,0.0,0.0,1815440,32,0.0,DoS attacks-GoldenEye
32738,2139,2139,80,2139.0,40,2139,2139,935.0163628,0,0,0.0,0.0,0,2139.0,935.0163628,0,0.0,2139,0.0,0.0,0.0,0,0,0,0.0,0.0,2139,20,0.0,DDOS attack-HOIC
26883,7034080,6957545,80,1758520.0,168,6957238,7034080,0.7108250119,379,379,75.8,75.8,379,1004868.57142857,1.1373200191,662,115.6666666667,316,220.6666666667,130.125,220.6666666667,662,662,662,57684.5,240.1759771501,6,32,169.4939526945,DoS attacks-GoldenEye
-1,120000000,603125,80,832.4428074,1150576,603125,119722757,1201.292082,4602304,4602304,32.0,32.0,32,832.4428074,1201.292082,32,32.0,0,0.0,32.0002225,0.0,0,0,0,0.0,0.0,0,8,0.0,DDOS attack-LOIC-UDP
8192,9456504,6747110,3389,1050722.667,212,6747110,9456504,1.057473248,1138,1138,113.8,113.8,677,591031.5,1.797704522,1173,151.0555556,52,225.8571429,159.9411765,225.8571429,1173,1581,1581,93013.46732,304.9810934,52,20,209.6175353,Benign
26883,39594,39337,80,19797.0,104,39337,69577,43.11769694,334,334,111.3333333,111.3333333,334,11596.16667,100.6079595,935,158.625,257,233.75,181.2857143,233.75,935,935,935,112069.4107,334.7676966,5,32,192.8349899,DoS attacks-Hulk
8192,116000000,10200000,80,6104856.158,412,10200000,115992267,0.172425288,2057,2057,102.85,102.85,515,3314064.771,0.310365518,515,98.62162162,206,99.5,101.3611111,99.5,402,1592,1592,36677.74174,191.5143382,25,20,209.6396093,Infilteration
8192,296,294,80,148.0,72,1517697,1518024,1.97625334,20,20,6.666666667,6.666666667,20,253004.0,4.611257793,964,123.0,2,241.0,140.5714286,241.0,964,964,964,115523.4286,339.8873763,2,20,11.54700538,DDoS attacks-LOIC-HTTP
225,150777,107999,80,75388.5,96,107999,150777,19.89693388,0,0,0.0,0.0,0,75388.5,19.89693388,0,0.0,42778,0.0,0.0,0.0,0,0,0,0.0,0.0,42778,32,0.0,DoS attacks-Hulk
26883,0,0,21,0.0,40,1,1,1000000.0,0,0,0.0,0.0,0,1.0,2000000.0,0,0.0,0,0.0,0.0,0.0,0,0,0,0.0,0.0,1,40,0.0,FTP-BruteForce
26883,7068587,6949021,80,1767146.75,168,6948728,7068587,0.7073549494,350,350,70.0,70.0,350,1009798.14285714,1.1317679191,662,112.4444444444,45,220.6666666667,126.5,220.6666666667,662,662,662,55868.7777777778,236.3657711636,3,32,156.524758425,DoS attacks-GoldenEye
26883,0,0,21,0.0,40,17,17,58823.5294117647,0,0,0.0,0.0,0,17.0,117647.058823529,0,0.0,0,0.0,0.0,0.0,0,0,0,0.0,0.0,17,40,0.0,FTP-BruteForce
2053,335,335,80,335.0,40,335,335,5970.1492537313,0,0,0.0,0.0,0,335.0,5970.1492537313,0,0.0,335,0.0,0.0,0.0,0,0,0,0.0,0.0,335,20,0.0,Brute Force -XSS
-1,0,0,53,0.0,8,385,385,2597.402597,41,41,41.0,41.0,41,385.0,5194.805195,57,46.33333333,0,57.0,69.5,57.0,57,57,57,85.33333333,9.237604307,385,8,0.0,Infilteration
225,21644,21644,80,21644.0,64,21644,21644,92.40436149,0,0,0.0,0.0,0,21644.0,92.40436149,0,0.0,21644,0.0,0.0,0.0,0,0,0,0.0,0.0,21644,32,0.0,DoS attacks-Hulk
26883,0,0,21,0.0,40,2,2,500000.0,0,0,0.0,0.0,0,2.0,1000000.0,0,0.0,0,0.0,0.0,0.0,0,0,0,0.0,0.0,2,40,0.0,DoS attacks-SlowHTTPTest
2051,21,21,80,21.0,40,21,21,95238.0952380952,0,0,0.0,0.0,0,21.0,95238.0952380952,0,0.0,21,0.0,0.0,0.0,0,0,0,0.0,0.0,21,20,0.0,Brute Force -Web
8192,119272244,10077959,80,5679630.66666667,452,10007196,119272244,0.1844519669,2319,2319,105.4090909091,105.4090909091,577,3138743.26315789,0.3269830322,577,82.975,289,58.8235294118,85.1025641026,58.8235294118,250,1000,1000,33495.7173076923,183.0183523795,40,20,227.5420754584,Benign
26883,0,0,21,0.0,40,1,1,1000000.0,0,0,0.0,0.0,0,1.0,2000000.0,0,0.0,0,0.0,0.0,0.0,0,0,0,0.0,0.0,1,40,0.0,FTP-BruteForce
26883,375089,103333,22,17861.380952381,712,80702,376136,58.4894825276,2008,2008,91.2727272727,91.2727272727,640,8747.3488372093,116.9789650552,976,103.8444444444,246,121.1363636364,106.2045454545,121.1363636364,976,2665,2665,41514.1797979798,203.7502878476,3,32,138.1821371607,SSH-Bruteforce
26883,7003208,6966780,80,1750802.0,168,6966426,7003208,0.7139585173,728,728,145.6,145.6,728,1000458.28571429,1.1423336277,972,188.8888888889,314,324.0,212.5,324.0,972,972,972,144207.111111111,379.7461140171,7,32,325.571497524,DoS attacks-GoldenEye
32738,4881,4881,80,4881.0,40,4881,4881,409.7521,0,0,0.0,0.0,0,4881.0,409.7521,0,0.0,4881,0.0,0.0,0.0,0,0,0,0.0,0.0,4881,20,0.0,DDOS attack-HOIC
26883,0,0,21,0.0,40,19,19,52631.57895,0,0,0.0,0.0,0,19.0,105263.1579,0,0.0,0,0.0,0.0,0.0,0,0,0,0.0,0.0,19,40,0.0,DoS attacks-SlowHTTPTest
8192,329,319,80,164.5,72,545286,545642,5.498110483,20,20,6.666666667,6.666666667,20,90940.33333,12.82892446,964,123.0,10,241.0,140.5714286,241.0,964,964,964,115523.4286,339.8873763,4,20,11.54700538,DDoS attacks-LOIC-HTTP
26883,0,0,21,0.0,40,6,6,166666.6667,0,0,0.0,0.0,0,6.0,333333.3333,0,0.0,0,0.0,0.0,0.0,0,0,0,0.0,0.0,6,40,0.0,DoS attacks-SlowHTTPTest
32738,1926,1926,80,1926.0,40,1926,1926,1038.421599,0,0,0.0,0.0,0,1926.0,1038.421599,0,0.0,1926,0.0,0.0,0.0,0,0,0,0.0,0.0,1926,20,0.0,DDOS attack-HOIC
-1,120000000,653606,80,1073.102162,894432,653606,119976041,931.8860588,3577728,3577728,32.0,32.0,32,1073.102162,931.8860588,32,32.0,1,0.0,32.00028622,0.0,0,0,0,0.0,0.0,1,8,0.0,DDOS attack-LOIC-UDP
32738,24779,24779,80,24779.0,40,24779,24779,80.71350741,0,0,0.0,0.0,0,24779.0,80.71350741,0,0.0,24779,0.0,0.0,0.0,0,0,0,0.0,0.0,24779,20,0.0,DDOS attack-HOIC
2049,25900000,25900000,80,25900000.0,40,25900000,25867982,0.077315656,0,0,0.0,0.0,0,25900000.0,0.077315656,0,0.0,25900000,0.0,0.0,0.0,0,0,0,0.0,0.0,25900000,20,0.0,DDoS attacks-LOIC-HTTP
8192,117000000,58900000,443,9769497.167,272,58900000,117233966,0.110889365,639,639,49.15384615,49.15384615,206,4884748.583,0.213248778,1460,174.6923077,143,325.25,181.68,325.25,1460,3903,3903,156749.6615,395.9162305,9,20,72.9769897,Infilteration
225,23850,23850,80,23850.0,64,23850,23850,83.85744235,0,0,0.0,0.0,0,23850.0,83.85744235,0,0.0,23850,0.0,0.0,0.0,0,0,0,0.0,0.0,23850,32,0.0,DoS attacks-Hulk
225,652,652,80,652.0,64,652,652,3067.484663,0,0,0.0,0.0,0,652.0,3067.484663,0,0.0,652,0.0,0.0,0.0,0,0,0,0.0,0.0,652,32,0.0,DoS attacks-Hulk
32738,44077,44077,80,44077.0,40,44077,44077,45.37513896,0,0,0.0,0.0,0,44077.0,45.37513896,0,0.0,44077,0.0,0.0,0.0,0,0,0,0.0,0.0,44077,20,0.0,DDOS attack-HOIC
8192,5249179,4641459,443,749882.7143,172,4641459,5249179,1.524047856,352,352,44.0,44.0,195,403783.0,2.667083748,1460,256.8666667,16,583.5,275.2142857,583.5,1460,3501,3501,249946.2667,499.9462638,0,20,74.99904761,Infilteration
8192,649,575,8080,324.5,72,9654,10630,282.2201317,326,326,108.6666667,108.6666667,326,1771.666667,658.5136406,326,56.875,74,32.25,65.0,32.25,112,129,129,13318.69643,115.4066568,2,20,188.2161878,Bot
241,0,0,22,0.0,32,6,6,166666.666666667,0,0,0.0,0.0,0,6.0,333333.333333333,0,0.0,0,0.0,0.0,0.0,0,0,0,0.0,0.0,6,32,0.0,SSH-Bruteforce
2049,38500000,38500000,80,38500000.0,40,38500000,38453413,0.052010988,0,0,0.0,0.0,0,38500000.0,0.052010988,0,0.0,38500000,0.0,0.0,0.0,0,0,0,0.0,0.0,38500000,20,0.0,DDoS attacks-LOIC-HTTP
225,11771,11771,80,11771.0,64,11771,11771,169.9090986,0,0,0.0,0.0,0,11771.0,169.9090986,0,0.0,11771,0.0,0.0,0.0,0,0,0,0.0,0.0,11771,32,0.0,DoS attacks-Hulk
225,15954,15954,80,15954.0,64,15954,15954,125.3604112,0,0,0.0,0.0,0,15954.0,125.3604112,0,0.0,15954,0.0,0.0,0.0,0,0,0,0.0,0.0,15954,32,0.0,DoS attacks-Hulk
29200,165819,46944,445,27636.5,232,44568,165819,42.2147039845,619,619,88.4285714286,88.4285714286,428,16581.9,66.3373919756,428,118.75,148,201.5,129.5454545455,201.5,409,806,806,30284.75,174.0251418617,73,32,158.4548906817,Benign
26883,0,0,21,0.0,40,20,20,50000.0,0,0,0.0,0.0,0,20.0,100000.0,0,0.0,0,0.0,0.0,0.0,0,0,0,0.0,0.0,20,40,0.0,FTP-BruteForce
26883,54256,53913,80,18085.3333333333,136,5001586,5055842,0.7911639644,382,382,95.5,95.5,382,722263.142857143,1.5823279288,972,150.4444444444,25,243.0,169.25,243.0,972,972,972,110875.777777778,332.9801462216,3,32,191.0,DoS attacks-GoldenEye
119,0,0,50846,0.0,20,24,24,41666.6666666667,0,0,0.0,0.0,0,24.0,83333.3333333333,0,0.0,0,0.0,0.0,0.0,0,0,0,0.0,0.0,24,20,0.0,Benign
8192,397731,344638,80,132577.0,92,4951818,5349549,0.7477265841,365,365,91.25,91.25,365,764221.285714286,1.4954531681,809,130.4444444444,294,202.25,146.75,202.25,809,809,809,79320.5277777778,281.6390025863,14,20,182.5,Brute Force -XSS
26883,338430,337272,80,84607.5,168,337272,338430,14.7741039506,343,343,68.6,68.6,343,48347.1428571429,23.638566321,972,146.1111111111,246,324.0,164.375,324.0,972,972,972,108787.111111111,329.8289118787,6,32,153.3942632565,DoS attacks-GoldenEye
211,103450947,103450947,80,103450947.0,64,103450945,103450947,0.0193328341,8,8,4.0,4.0,8,51725473.5,0.0289992512,8,4.0,103450947,0.0,5.3333333333,0.0,0,0,0,21.3333333333,4.6188021535,2,32,5.6568542495,DoS attacks-Slowloris
-1,120000000,598333,80,1037.160394,924584,598333,119866701,964.1793679,3698336,3698336,32.0,32.0,32,1037.160394,964.1793679,32,32.0,0,0.0,32.00027688,0.0,0,0,0,0.0,0.0,0,8,0.0,DDOS attack-LOIC-UDP
225,264,264,80,264.0,64,264,264,7575.757576,0,0,0.0,0.0,0,264.0,7575.757576,0,0.0,264,0.0,0.0,0.0,0,0,0,0.0,0.0,264,32,0.0,DoS attacks-Hulk
26883,0,0,21,0.0,40,17,17,58823.5294117647,0,0,0.0,0.0,0,17.0,117647.058823529,0,0.0,0,0.0,0.0,0.0,0,0,0,0.0,0.0,17,40,0.0,FTP-BruteForce
-1,120000000,638535,80,1035.281111,926616,638535,119912470,965.9295651,3706464,3706464,32.0,32.0,32,1035.281111,965.9295651,32,32.0,0,0.0,32.00027627,0.0,0,0,0,0.0,0.0,0,8,0.0,DDOS attack-LOIC-UDP
256,700,700,8080,700.0,40,700,700,2857.142857,0,0,0.0,0.0,0,700.0,2857.142857,0,0.0,700,0.0,0.0,0.0,0,0,0,0.0,0.0,700,20,0.0,Bot
32738,7532,7532,80,7532.0,40,7532,7532,265.5337228,0,0,0.0,0.0,0,7532.0,265.5337228,0,0.0,7532,0.0,0.0,0.0,0,0,0,0.0,0.0,7532,20,0.0,DDOS attack-HOIC
32738,1972,1972,80,1972.0,40,1972,1972,1014.198783,0,0,0.0,0.0,0,1972.0,1014.198783,0,0.0,1972,0.0,0.0,0.0,0,0,0,0.0,0.0,1972,20,0.0,DDOS attack-HOIC
211,116030875,116030875,80,116030875.0,64,116030872,116030878,0.0172367911,16,16,8.0,8.0,8,38676959.3333333,0.0344735821,8,4.8,116030875,0.0,6.0,0.0,0,0,0,19.2,4.38178046,3,32,0.0,DoS attacks-Slowloris
225,44773,38917,80,22386.5,96,38917,44773,67.00466799,0,0,0.0,0.0,0,22386.5,67.00466799,0,0.0,5856,0.0,0.0,0.0,0,0,0,0.0,0.0,5856,32,0.0,DoS attacks-Hulk
8192,568,475,8080,284.0,72,7971,8857,338.7151406,326,326,108.6666667,108.6666667,326,1476.166667,790.335328,326,56.875,93,32.25,65.0,32.25,112,129,129,13318.69643,115.4066568,27,20,188.2161878,Bot
26883,0,0,21,0.0,40,21,21,47619.04762,0,0,0.0,0.0,0,21.0,95238.09524,0,0.0,0,0.0,0.0,0.0,0,0,0,0.0,0.0,21,40,0.0,DoS attacks-SlowHTTPTest
225,3486,3486,80,3486.0,64,3486,3486,573.7234653,0,0,0.0,0.0,0,3486.0,573.7234653,0,0.0,3486,0.0,0.0,0.0,0,0,0,0.0,0.0,3486,32,0.0,DoS attacks-Hulk
2049,19400000,19400000,80,19400000.0,40,19400000,19411604,0.103031156,0,0,0.0,0.0,0,19400000.0,0.103031156,0,0.0,19400000,0.0,0.0,0.0,0,0,0,0.0,0.0,19400000,20,0.0,DDoS attacks-LOIC-HTTP
26883,0,0,21,0.0,40,3,3,333333.3333,0,0,0.0,0.0,0,3.0,666666.6667,0,0.0,0,0.0,0.0,0.0,0,0,0,0.0,0.0,3,40,0.0,DoS attacks-SlowHTTPTest
2053,88,88,80,88.0,40,88,88,22727.2727272727,0,0,0.0,0.0,0,88.0,22727.2727272727,0,0.0,88,0.0,0.0,0.0,0,0,0,0.0,0.0,88,20,0.0,Brute Force -XSS
8192,205595,205007,445,102797.5,72,204948,205595,14.59179455,0,0,0.0,0.0,0,68531.66667,19.45572606,0,0.0,588,0.0,0.0,0.0,0,0,0,0.0,0.0,59,20,0.0,Infilteration
65535,1384,887,59870,346.0,124,611,1384,3612.716763,935,935,187.0,187.0,935,230.6666667,5057.803468,935,156.125,7,157.0,178.4285714,157.0,314,314,314,111117.2679,333.3425683,7,20,418.1447118,Benign
32738,27386,27386,80,27386.0,40,27386,27386,73.03001534,0,0,0.0,0.0,0,27386.0,73.03001534,0,0.0,27386,0.0,0.0,0.0,0,0,0,0.0,0.0,27386,20,0.0,DDOS attack-HOIC
8192,118000000,58700000,443,9043803.923,292,58700000,117569451,0.119078552,629,629,44.92857143,44.92857143,196,4521901.962,0.229651493,1460,235.0714286,90,457.9230769,243.7777778,457.9230769,1460,5953,5953,232936.3651,482.6348154,6,20,69.63472198,Infilteration
225,31231,31231,80,31231.0,64,31231,31231,64.03893567,0,0,0.0,0.0,0,31231.0,64.03893567,0,0.0,31231,0.0,0.0,0.0,0,0,0,0.0,0.0,31231,32,0.0,DoS attacks-Hulk
225,66787,40719,80,33393.5,96,40719,66787,44.91892135,0,0,0.0,0.0,0,33393.5,44.91892135,0,0.0,26068,0.0,0.0,0.0,0,0,0,0.0,0.0,26068,32,0.0,DoS attacks-Hulk
8192,25900000,15100000,3389,3237196.125,216,15100000,25897569,0.347522966,386,386,42.88888889,42.88888889,209,1726504.6,0.617818607,1173,168.7647059,164120,354.7142857,179.3125,354.7142857,1173,2483,2483,146155.0662,382.302323,35,20,76.59217395,Infilteration
62608,85900000,85900000,11460,85900000.0,40,85900000,85851240,0.023296111,0,0,0.0,0.0,0,85900000.0,0.023296111,0,0.0,85900000,0.0,0.0,0.0,0,0,0,0.0,0.0,85900000,20,0.0,Infilteration
-1,89479059,41990391,500,17895811.8,48,41990391,89479059,0.0670547955,3000,3000,500.0,500.0,500,17895811.8,0.0670547955,500,500.0,3999710,0.0,583.3333333333,0.0,0,0,0,0.0,0.0,3999710,8,0.0,Brute Force -Web
26883,0,0,21,0.0,40,2,2,500000.0,0,0,0.0,0.0,0,2.0,1000000.0,0,0.0,0,0.0,0.0,0.0,0,0,0,0.0,0.0,2,40,0.0,DoS attacks-SlowHTTPTest
8192,77801,55840,80,19450.25,112,4950895,5028696,0.9942935505,789,789,157.8,157.8,399,558744.0,1.9885871009,1050,200.2727272727,1700,282.8,220.3,282.8,1050,1414,1414,110509.618181818,332.4298695692,26,20,216.0999768626,SQL Injection
225,3661,3661,80,3661.0,64,3661,3661,546.2988255,0,0,0.0,0.0,0,3661.0,546.2988255,0,0.0,3661,0.0,0.0,0.0,0,0,0,0.0,0.0,3661,32,0.0,DoS attacks-Hulk
26883,0,0,21,0.0,40,5,5,200000.0,0,0,0.0,0.0,0,5.0,400000.0,0,0.0,0,0.0,0.0,0.0,0,0,0,0.0,0.0,5,40,0.0,DoS attacks-SlowHTTPTest
-1,0,0,53,0.0,8,1228,1228,814.3322476,40,40,40.0,40.0,40,1228.0,1628.664495,139,73.0,0,139.0,109.5,139.0,139,139,139,3267.0,57.15767665,1228,8,0.0,Infilteration
8192,6171072,6126366,443,685674.6667,212,6126215,6171072,1.620463997,739,739,73.9,73.9,415,293860.5714,3.565020794,1432,183.6521739,183,290.4166667,192.0,290.4166667,1432,3485,3485,134579.0553,366.850181,1,20,138.5211175,Infilteration
26883,376284,82052,22,16360.1739130435,776,67762,376336,63.7727987756,1912,1912,79.6666666667,79.6666666667,640,8752.0,116.9167977552,976,101.7111111111,315,133.25,104.0227272727,133.25,976,2665,2665,41508.8464646465,203.7371995112,7,32,133.8339875812,SSH-Bruteforce
1024,0,0,32778,0.0,24,2,2,500000.0,0,0,0.0,0.0,0,2.0,1000000.0,0,0.0,0,0.0,0.0,0.0,0,0,0,0.0,0.0,2,24,0.0,Infilteration
65535,964,604,80,482.0,72,604,1235,2429.149798,316,316,105.3333333,105.3333333,316,205.8333333,5668.016194,935,156.375,360,233.75,178.7142857,233.75,935,935,935,111207.9821,333.4786082,7,20,182.4426851,DDOS attack-HOIC
26883,0,0,21,0.0,40,19,19,52631.5789473684,0,0,0.0,0.0,0,19.0,105263.157894737,0,0.0,0,0.0,0.0,0.0,0,0,0,0.0,0.0,19,40,0.0,FTP-BruteForce
2052,601,601,8080,601.0,40,601,601,3327.787022,0,0,0.0,0.0,0,601.0,3327.787022,0,0.0,601,0.0,0.0,0.0,0,0,0,0.0,0.0,601,20,0.0,Bot
225,42376,42376,80,42376.0,64,42376,42376,47.19652634,0,0,0.0,0.0,0,42376.0,47.19652634,0,0.0,42376,0.0,0.0,0.0,0,0,0,0.0,0.0,42376,32,0.0,DoS attacks-Hulk
-1,0,0,53,0.0,8,314,314,3184.7133757962,47,47,47.0,47.0,47,314.0,6369.4267515924,63,52.3333333333,0,63.0,78.5,63.0,63,63,63,85.3333333333,9.237604307,314,8,0.0,Benign
1024,0,0,32781,0.0,24,2,2,500000.0,0,0,0.0,0.0,0,2.0,1000000.0,0,0.0,0,0.0,0.0,0.0,0,0,0,0.0,0.0,2,24,0.0,Infilteration
221,23004873,23004873,80,23004873.0,64,23004873,23004873,0.0869381022,0,0,0.0,0.0,0,23004873.0,0.0869381022,0,0.0,23004873,0.0,0.0,0.0,0,0,0,0.0,0.0,23004873,32,0.0,DoS attacks-GoldenEye
-1,120000000,655424,80,1069.494871,897616,655424,119998394,935.0291805,3590464,3590464,32.0,32.0,32,1069.494871,935.0291805,32,32.0,0,0.0,32.0002852,0.0,0,0,0,0.0,0.0,0,8,0.0,DDOS attack-LOIC-UDP
26883,396888,106811,22,18899.4285714286,712,106811,400317,54.9564470157,1912,1912,86.9090909091,86.9090909091,640,9763.8292682927,104.9168533937,976,106.4418604651,298,133.25,108.9761904762,133.25,976,2665,2665,42969.919158361,207.2918694941,3,32,137.6880217811,SSH-Bruteforce
8192,605,542,8080,302.5,72,9657,10913,274.9014936,326,326,108.6666667,108.6666667,326,1818.833333,641.4368185,326,56.875,63,32.25,65.0,32.25,112,129,129,13318.69643,115.4066568,19,20,188.2161878,Bot
2052,478,478,8080,478.0,40,478,478,4184.100418,0,0,0.0,0.0,0,478.0,4184.100418,0,0.0,478,0.0,0.0,0.0,0,0,0,0.0,0.0,478,20,0.0,Bot
2049,42300000,42300000,80,42300000.0,40,42300000,42343808,0.047232408,0,0,0.0,0.0,0,42300000.0,0.047232408,0,0.0,42300000,0.0,0.0,0.0,0,0,0,0.0,0.0,42300000,20,0.0,DDoS attacks-LOIC-HTTP
1021,0,0,52372,0.0,20,30,30,33333.3333333333,0,0,0.0,0.0,0,30.0,66666.6666666667,0,0.0,0,0.0,0.0,0.0,0,0,0,0.0,0.0,30,20,0.0,Benign
1024,0,0,30000,0.0,24,4,4,250000.0,0,0,0.0,0.0,0,4.0,500000.0,0,0.0,0,0.0,0.0,0.0,0,0,0,0.0,0.0,4,24,0.0,Infilteration
26883,332601,121158,22,15838.1428571429,712,121158,332644,66.1367708421,1928,1928,87.6363636364,87.6363636364,640,7735.9069767442,132.2735416842,976,102.0666666667,289,121.1363636364,104.3863636364,121.1363636364,976,2665,2665,41510.3818181818,203.7409674518,6,32,137.7805520365,SSH-Bruteforce
225,39307,39307,80,39307.0,64,39307,39307,50.88152238,0,0,0.0,0.0,0,39307.0,50.88152238,0,0.0,39307,0.0,0.0,0.0,0,0,0,0.0,0.0,39307,32,0.0,DoS attacks-Hulk
241,0,0,22,0.0,32,6,6,166666.666666667,0,0,0.0,0.0,0,6.0,333333.333333333,0,0.0,0,0.0,0.0,0.0,0,0,0,0.0,0.0,6,32,0.0,SSH-Bruteforce
252,19600000,19600000,80,19600000.0,40,19600000,19581828,0.102135511,0,0,0.0,0.0,0,19600000.0,0.102135511,0,0.0,19600000,0.0,0.0,0.0,0,0,0,0.0,0.0,19600000,20,0.0,DDoS attacks-LOIC-HTTP
-1,0,0,53,0.0,8,839,839,1191.895113,40,40,40.0,40.0,40,839.0,2383.790226,139,73.0,0,139.0,109.5,139.0,139,139,139,3267.0,57.15767665,839,8,0.0,Infilteration
26883,362683,79206,22,17270.6190476191,712,79206,363341,60.5491810723,1912,1912,86.9090909091,86.9090909091,640,8449.7906976744,121.0983621447,976,101.7111111111,226,121.1363636364,104.0227272727,121.1363636364,976,2665,2665,41508.8464646465,203.7371995112,5,32,137.6880217811,SSH-Bruteforce
26883,0,0,21,0.0,40,4,4,250000.0,0,0,0.0,0.0,0,4.0,500000.0,0,0.0,0,0.0,0.0,0.0,0,0,0,0.0,0.0,4,40,0.0,FTP-BruteForce
26883,355357,82350,22,16921.7619047619,712,82350,355409,61.9005146184,1928,1928,87.6363636364,87.6363636364,640,8265.3255813954,123.8010292367,976,102.0666666667,345,121.1363636364,104.3863636364,121.1363636364,976,2665,2665,41510.3818181818,203.7409674518,2,32,137.7805520365,SSH-Bruteforce
26883,0,0,21,0.0,40,2,2,500000.0,0,0,0.0,0.0,0,2.0,1000000.0,0,0.0,0,0.0,0.0,0.0,0,0,0,0.0,0.0,2,40,0.0,FTP-BruteForce
26883,2267,1252,80,755.6666666667,136,4999829,5002096,0.7996647805,414,414,103.5,103.5,414,714585.142857143,1.599329561,662,119.5555555556,332,165.5,134.5,165.5,662,662,662,60124.7777777778,245.2035435669,6,32,207.0,DoS attacks-GoldenEye
2049,26300000,26300000,80,26300000.0,40,26300000,26314867,0.076002664,0,0,0.0,0.0,0,26300000.0,0.076002664,0,0.0,26300000,0.0,0.0,0.0,0,0,0,0.0,0.0,26300000,20,0.0,DDoS attacks-LOIC-HTTP
-1,25154,25154,53,25154.0,16,31252,56407,35.4565922669,70,70,35.0,35.0,35,18802.3333333333,70.9131845338,87,55.8,25154,87.0,69.75,87.0,87,174,174,811.2,28.4815729903,1,8,0.0,Benign
26883,392701,154966,22,17073.9565217391,776,154966,392988,61.0705670402,1928,1928,80.3333333333,80.3333333333,640,9139.2558139535,111.9627062404,976,102.0666666667,192,133.25,104.3863636364,133.25,976,2665,2665,41510.3818181818,203.7409674518,5,32,133.9586784655,SSH-Bruteforce
2049,2431307,2431307,80,2431307.0,40,2431307,2431307,0.822602822,0,0,0.0,0.0,0,2431307.0,0.822602822,0,0.0,2431307,0.0,0.0,0.0,0,0,0,0.0,0.0,2431307,20,0.0,DDoS attacks-LOIC-HTTP
1024,0,0,8083,0.0,24,246,246,4065.04065,0,0,0.0,0.0,0,246.0,8130.081301,0,0.0,0,0.0,0.0,0.0,0,0,0,0.0,0.0,246,24,0.0,Infilteration
8192,12613984,9910105,3389,1801997.7142857143,168,9542323,12613984,0.6342167549919201,1148,1148,143.5,143.5,677,840932.2666666666,1.2684335099838402,1173,160.5294117647059,4,197.625,170.5625,197.625,1173,1581,1581,97371.51470588232,312.04409096453395,4,20,228.12966237897004,Benign
225,804,804,80,804.0,64,804,804,2487.562189,0,0,0.0,0.0,0,804.0,2487.562189,0,0.0,804,0.0,0.0,0.0,0,0,0,0.0,0.0,804,32,0.0,DoS attacks-Hulk
26883,0,0,21,0.0,40,2,2,500000.0,0,0,0.0,0.0,0,2.0,1000000.0,0,0.0,0,0.0,0.0,0.0,0,0,0,0.0,0.0,2,40,0.0,DoS attacks-SlowHTTPTest
8192,584,517,8080,292.0,72,10131,11193,268.0246583,326,326,108.6666667,108.6666667,326,1865.5,625.3908693,326,56.875,67,32.25,65.0,32.25,112,129,129,13318.69643,115.4066568,1,20,188.2161878,Bot
225,7359,7359,80,7359.0,64,7359,7359,271.7760565,0,0,0.0,0.0,0,7359.0,271.7760565,0,0.0,7359,0.0,0.0,0.0,0,0,0,0.0,0.0,7359,32,0.0,DoS attacks-Hulk
2047,130,130,80,130.0,40,130,130,15384.6153846154,0,0,0.0,0.0,0,130.0,15384.6153846154,0,0.0,130,0.0,0.0,0.0,0,0,0,0.0,0.0,130,20,0.0,Brute Force -Web
225,32359,31514,80,16179.5,96,31514,32359,92.70991069,0,0,0.0,0.0,0,16179.5,92.70991069,0,0.0,845,0.0,0.0,0.0,0,0,0,0.0,0.0,845,32,0.0,DoS attacks-Hulk
26883,0,0,21,0.0,40,3,3,333333.333333333,0,0,0.0,0.0,0,3.0,666666.666666667,0,0.0,0,0.0,0.0,0.0,0,0,0,0.0,0.0,3,40,0.0,FTP-BruteForce
65535,12196,11912,80,6098.0,72,11912,12906,232.4500232,309,309,103.0,103.0,309,2151.0,542.3833876,935,155.5,284,233.75,177.7142857,233.75,935,935,935,110894.8571,333.0087944,3,20,178.4012332,DDOS attack-HOIC
8192,421,364,80,210.5,72,1285948,1286432,2.332031542,20,20,6.666666667,6.666666667,20,214405.3333,5.44140693,964,123.0,57,241.0,140.5714286,241.0,964,964,964,115523.4286,339.8873763,6,20,11.54700538,DDoS attacks-LOIC-HTTP
32738,2426,2426,80,2426.0,40,2426,2426,824.4023083,0,0,0.0,0.0,0,2426.0,824.4023083,0,0.0,2426,0.0,0.0,0.0,0,0,0,0.0,0.0,2426,20,0.0,DDOS attack-HOIC
8192,1590,1346,80,795.0,72,1214964,1216585,2.465918945,20,20,6.666666667,6.666666667,20,202764.1667,5.753810872,964,123.0,244,241.0,140.5714286,241.0,964,964,964,115523.4286,339.8873763,4,20,11.54700538,DDoS attacks-LOIC-HTTP
26883,6987067,6973277,80,1746766.75,168,6972964,6987067,0.7156078509,453,453,90.6,90.6,453,998152.428571429,1.1449725614,972,158.3333333333,116,324.0,178.125,324.0,972,972,972,115546.0,339.9205789593,3,32,202.5877587615,DoS attacks-GoldenEye
221,102804637,102804637,80,102804637.0,64,102804637,102804639,0.019454375,306,306,153.0,153.0,306,51402319.5,0.0291815625,306,76.5,102804637,0.0,102.0,0.0,0,0,0,23409.0,153.0,2,32,216.3746750431,DoS attacks-GoldenEye
26883,397642,98744,22,18074.6363636364,744,98744,397705,57.8318100099,1976,1976,85.9130434783,85.9130434783,640,9038.75,113.1491934977,976,100.8913043478,271,121.1363636364,103.1333333333,121.1363636364,976,2665,2665,40822.1434782609,202.0449046085,2,32,136.154295176,SSH-Bruteforce
2051,48,48,80,48.0,40,48,48,41666.6666666667,0,0,0.0,0.0,0,48.0,41666.6666666667,0,0.0,48,0.0,0.0,0.0,0,0,0,0.0,0.0,48,20,0.0,Brute Force -Web
241,0,0,22,0.0,32,7,7,142857.142857143,0,0,0.0,0.0,0,7.0,285714.285714286,0,0.0,0,0.0,0.0,0.0,0,0,0,0.0,0.0,7,32,0.0,SSH-Bruteforce
26883,108070063,53253527,80,7719290.21428571,496,53253527,108070067,0.1387988406,2530,2530,168.6666666667,168.6666666667,230,6357062.76470588,0.1665586087,230,133.1578947368,396,0.0,140.5555555556,0.0,0,0,0,13611.6959064327,116.6691729054,3,32,105.2796728899,DoS attacks-Slowloris
26883,107422111,53247375,80,7673007.92857143,496,53247375,107422124,0.13963604,2530,2530,168.6666666667,168.6666666667,230,6318948.47058824,0.167563248,230,133.1578947368,334,0.0,140.5555555556,0.0,0,0,0,13611.6959064327,116.6691729054,13,32,105.2796728899,DoS attacks-Slowloris
26883,0,0,21,0.0,40,2,2,500000.0,0,0,0.0,0.0,0,2.0,1000000.0,0,0.0,0,0.0,0.0,0.0,0,0,0,0.0,0.0,2,40,0.0,FTP-BruteForce
-1,120000000,643812,80,1043.408055,917728,643812,119694555,958.4061698,3670912,3670912,32.0,32.0,32,1043.408055,958.4061698,32,32.0,0,0.0,32.00027895,0.0,0,0,0,0.0,0.0,0,8,0.0,DDOS attack-LOIC-UDP
26883,0,0,21,0.0,40,27,27,37037.03704,0,0,0.0,0.0,0,27.0,74074.07407,0,0.0,0,0.0,0.0,0.0,0,0,0,0.0,0.0,27,40,0.0,DoS attacks-SlowHTTPTest
-1,0,0,53,0.0,8,30593,30593,32.68721602981074,48,48,48.0,48.0,48,30593.0,65.37443205962148,305,133.66666666666669,0,305.0,200.5,305.0,305,305,305,22016.333333333336,148.37901918173384,30593,8,0.0,Benign
1080,96,49,51125,48.0,60,47,96,31250.0,31,31,10.3333333333,10.3333333333,31,32.0,41666.6666666667,31,6.2,47,0.0,7.75,0.0,0,0,0,192.2,13.8636214605,24,20,17.8978583449,Benign
2049,30100000,30100000,80,30100000.0,40,30100000,30121066,0.066398712,0,0,0.0,0.0,0,30100000.0,0.066398712,0,0.0,30100000,0.0,0.0,0.0,0,0,0,0.0,0.0,30100000,20,0.0,DDoS attacks-LOIC-HTTP
237,4737131,4600396,55176,1184282.75,168,4600388,4737131,1.055491182,935,935,187.0,187.0,935,676733.0,1.688785892,935,145.1111111,45,123.6666667,163.25,123.6666667,371,371,371,102793.8611,320.6148174,8,32,418.1447118,Benign
26883,6747942,6746782,80,2249314.0,136,6746411,11752416,0.340355549,368,368,92.0,92.0,368,1678916.57142857,0.680711098,972,148.8888888889,270,243.0,167.5,243.0,972,972,972,110087.111111111,331.7937779873,4,32,184.0,DoS attacks-GoldenEye
-1,120000000,609448,80,1050.469688,912256,609448,119786109,951.9634702,3649024,3649024,32.0,32.0,32,1050.469688,951.9634702,32,32.0,1,0.0,32.00028062,0.0,0,0,0,0.0,0.0,1,8,0.0,DDOS attack-LOIC-UDP
26883,400790,157172,22,17425.652173913,776,157172,400834,59.8751602908,1912,1912,79.6666666667,79.6666666667,640,9321.7209302326,109.7711271998,976,101.7111111111,268,133.25,104.0227272727,133.25,976,2665,2665,41508.8464646465,203.7371995112,2,32,133.8339875812,SSH-Bruteforce
26883,3749,2722,80,1249.6666666667,136,5001261,5005010,0.7991992024,642,642,160.5,160.5,642,715001.428571429,1.5983984048,972,179.3333333333,257,243.0,201.75,243.0,972,972,972,133438.0,365.2916642903,6,32,321.0,DoS attacks-GoldenEye
65535,14087,13833,80,7043.5,72,23940,38073,78.79599716,312,312,104.0,104.0,312,6345.5,183.8573267,935,155.875,254,233.75,178.1428571,233.75,935,935,935,111027.5536,333.2079735,4,20,180.133284,DDOS attack-HOIC
221,9097764,9097764,80,9097764.0,64,9097764,9097764,0.2198342362,0,0,0.0,0.0,0,9097764.0,0.2198342362,0,0.0,9097764,0.0,0.0,0.0,0,0,0,0.0,0.0,9097764,32,0.0,DoS attacks-GoldenEye
26883,0,0,21,0.0,40,5,5,200000.0,0,0,0.0,0.0,0,5.0,400000.0,0,0.0,0,0.0,0.0,0.0,0,0,0,0.0,0.0,5,40,0.0,FTP-BruteForce
-1,120000000,614465,80,918.3027721,1043248,614465,119751273,1088.97381,4172992,4172992,32.0,32.0,32,918.3027721,1088.97381,32,32.0,0,0.0,32.00024539,0.0,0,0,0,0.0,0.0,0,8,0.0,DDOS attack-LOIC-UDP
256,489,489,8080,489.0,40,489,489,4089.97955,0,0,0.0,0.0,0,489.0,4089.97955,0,0.0,489,0.0,0.0,0.0,0,0,0,0.0,0.0,489,20,0.0,Bot
26883,0,0,21,0.0,40,18,18,55555.5555555556,0,0,0.0,0.0,0,18.0,111111.111111111,0,0.0,0,0.0,0.0,0.0,0,0,0,0.0,0.0,18,40,0.0,FTP-BruteForce
-1,0,0,53,0.0,8,330,330,3030.30303,46,46,46.0,46.0,46,330.0,6060.606061,174,88.66666667,0,174.0,133.0,174.0,174,174,174,5461.333333,73.90083446,330,8,0.0,Infilteration
1024,0,0,5718,0.0,24,243,243,4115.226337,0,0,0.0,0.0,0,243.0,8230.452675,0,0.0,0,0.0,0.0,0.0,0,0,0,0.0,0.0,243,24,0.0,Infilteration
26883,0,0,21,0.0,40,3,3,333333.333333333,0,0,0.0,0.0,0,3.0,666666.666666667,0,0.0,0,0.0,0.0,0.0,0,0,0,0.0,0.0,3,40,0.0,FTP-BruteForce
2047,178,178,80,178.0,40,178,178,11235.9550561798,0,0,0.0,0.0,0,178.0,11235.9550561798,0,0.0,178,0.0,0.0,0.0,0,0,0,0.0,0.0,178,20,0.0,Brute Force -Web
26883,373623,94841,22,17791.5714285714,712,94841,373890,58.8408355399,1944,1944,88.3636363636,88.3636363636,640,9119.2682926829,112.3325042125,976,107.1860465116,211,133.25,109.7380952381,133.25,976,2665,2665,42965.6312292359,207.2815265026,3,32,137.8690011274,SSH-Bruteforce
2052,575,575,8080,575.0,40,575,575,3478.26087,0,0,0.0,0.0,0,575.0,3478.26087,0,0.0,575,0.0,0.0,0.0,0,0,0,0.0,0.0,575,20,0.0,Bot
26883,0,0,21,0.0,40,22,22,45454.54545,0,0,0.0,0.0,0,22.0,90909.09091,0,0.0,0,0.0,0.0,0.0,0,0,0,0.0,0.0,22,40,0.0,DoS attacks-SlowHTTPTest
2049,25500000,25500000,80,25500000.0,40,25500000,25501778,0.078425904,0,0,0.0,0.0,0,25500000.0,0.078425904,0,0.0,25500000,0.0,0.0,0.0,0,0,0,0.0,0.0,25500000,20,0.0,DDoS attacks-LOIC-HTTP
32738,13051,13051,80,13051.0,40,13051,13051,153.2449621,0,0,0.0,0.0,0,13051.0,153.2449621,0,0.0,13051,0.0,0.0,0.0,0,0,0,0.0,0.0,13051,20,0.0,DDOS attack-HOIC
26883,107806082,53247505,80,8292775.53846154,456,53247505,107806093,0.1298627899,2380,2380,170.0,170.0,238,6737880.8125,0.1576905305,238,132.2222222222,200,0.0,140.0,0.0,0,0,0,14592.4183006536,120.7990823668,5,32,110.3002894201,DoS attacks-Slowloris
26883,0,0,21,0.0,40,19,19,52631.5789473684,0,0,0.0,0.0,0,19.0,105263.157894737,0,0.0,0,0.0,0.0,0.0,0,0,0,0.0,0.0,19,40,0.0,FTP-BruteForce
26883,0,0,21,0.0,40,18,18,55555.5555555556,0,0,0.0,0.0,0,18.0,111111.111111111,0,0.0,0,0.0,0.0,0.0,0,0,0,0.0,0.0,18,40,0.0,FTP-BruteForce
26883,0,0,21,0.0,40,20,20,50000.0,0,0,0.0,0.0,0,20.0,100000.0,0,0.0,0,0.0,0.0,0.0,0,0,0,0.0,0.0,20,40,0.0,FTP-BruteForce
26883,0,0,21,0.0,40,18,18,55555.5555555556,0,0,0.0,0.0,0,18.0,111111.111111111,0,0.0,0,0.0,0.0,0.0,0,0,0,0.0,0.0,18,40,0.0,FTP-BruteForce
8192,2033686,1175450,3389,290526.5714285714,172,937831,2033686,3.933743950639381,1128,1128,141.00000000000003,141.0,661,145263.28571428574,7.37576990744884,1173,169.3125,204,225.8571428571429,180.6,225.8571428571429,1173,1581,1581,100953.1625,317.73127403515065,52,20,222.62332055996032,Benign
2052,914,914,8080,914.0,40,914,914,2188.183807,0,0,0.0,0.0,0,914.0,2188.183807,0,0.0,914,0.0,0.0,0.0,0,0,0,0.0,0.0,914,20,0.0,Bot
258,169,169,443,169.0,40,169,169,11834.31953,0,0,0.0,0.0,0,169.0,11834.31953,0,0.0,169,0.0,0.0,0.0,0,0,0,0.0,0.0,169,20,0.0,Infilteration
-1,120000000,601027,80,1023.263481,936152,601027,119740246,977.2737564,3744608,3744608,32.0,32.0,32,1023.263481,977.2737564,32,32.0,0,0.0,32.00027346,0.0,0,0,0,0.0,0.0,0,8,0.0,DDOS attack-LOIC-UDP
26883,0,0,21,0.0,40,18,18,55555.5555555556,0,0,0.0,0.0,0,18.0,111111.111111111,0,0.0,0,0.0,0.0,0.0,0,0,0,0.0,0.0,18,40,0.0,FTP-BruteForce
26883,359041,152826,22,17097.1904761905,712,152826,360591,61.0109514658,1928,1928,87.6363636364,87.6363636364,640,8794.9024390244,116.4754527983,976,106.8139534884,245,133.25,109.3571428571,133.25,976,2665,2665,42967.9169435216,207.2870399796,6,32,137.7805520365,SSH-Bruteforce
-1,0,0,53,0.0,8,246,246,4065.04065,63,63,63.0,63.0,63,246.0,8130.081301,191,105.6666667,0,191.0,158.5,191.0,191,191,191,5461.333333,73.90083446,246,8,0.0,Infilteration
8192,585,532,8080,292.5,72,10805,11742,255.4931017,326,326,108.6666667,108.6666667,326,1957.0,596.1505706,326,56.875,53,32.25,65.0,32.25,112,129,129,13318.69643,115.4066568,22,20,188.2161878,Bot
8192,5008369,4954647,80,1252092.25,112,4954647,5008369,0.9983289969,646,646,129.2,129.2,646,715481.285714286,1.5973263951,646,112.2222222222,357,121.3333333333,126.25,121.3333333333,364,364,364,54558.4444444445,233.5774913052,27,20,288.899982693,Brute Force -Web
26883,0,0,21,0.0,40,2,2,500000.0,0,0,0.0,0.0,0,2.0,1000000.0,0,0.0,0,0.0,0.0,0.0,0,0,0,0.0,0.0,2,40,0.0,FTP-BruteForce
26883,0,0,21,0.0,40,21,21,47619.0476190476,0,0,0.0,0.0,0,21.0,95238.0952380952,0,0.0,0,0.0,0.0,0.0,0,0,0,0.0,0.0,21,40,0.0,FTP-BruteForce
-1,0,0,53,0.0,8,1658,1658,603.1363088,37,37,37.0,37.0,37,1658.0,1206.272618,92,55.33333333,0,92.0,83.0,92.0,92,92,92,1008.333333,31.75426481,1658,8,0.0,Infilteration
226,8083855,8083855,80,8083855.0,64,8083855,8083855,0.2474067138,0,0,0.0,0.0,0,8083855.0,0.2474067138,0,0.0,8083855,0.0,0.0,0.0,0,0,0,0.0,0.0,8083855,32,0.0,DoS attacks-GoldenEye
-1,89479489,41990323,500,17895897.8,48,41990323,89479489,0.0670544732,3000,3000,500.0,500.0,500,17895897.8,0.0670544732,500,500.0,4000225,0.0,583.3333333333,0.0,0,0,0,0.0,0.0,4000225,8,0.0,Brute Force -Web
-1,120000000,670104,80,862.4327696,1112600,670104,119941975,1159.519009,4450400,4450400,32.0,32.0,32,862.4327696,1159.519009,32,32.0,0,0.0,32.00023009,0.0,0,0,0,0.0,0.0,0,8,0.0,DDOS attack-LOIC-UDP
8192,564,500,8080,282.0,72,26795,27632,108.5697742,326,326,108.6666667,108.6666667,326,4605.333333,253.3294731,326,56.875,64,32.25,65.0,32.25,112,129,129,13318.69643,115.4066568,1,20,188.2161878,Bot
225,42430,42430,80,42430.0,64,42430,42430,47.13646005,0,0,0.0,0.0,0,42430.0,47.13646005,0,0.0,42430,0.0,0.0,0.0,0,0,0,0.0,0.0,42430,32,0.0,DoS attacks-Hulk
26883,0,0,21,0.0,40,19,19,52631.5789473684,0,0,0.0,0.0,0,19.0,105263.157894737,0,0.0,0,0.0,0.0,0.0,0,0,0,0.0,0.0,19,40,0.0,FTP-BruteForce
2047,9,9,80,9.0,40,9,9,222222.222222222,0,0,0.0,0.0,0,9.0,222222.222222222,0,0.0,9,0.0,0.0,0.0,0,0,0,0.0,0.0,9,20,0.0,Brute Force -Web
256,433,433,8080,433.0,40,433,433,4618.937644,0,0,0.0,0.0,0,433.0,4618.937644,0,0.0,433,0.0,0.0,0.0,0,0,0,0.0,0.0,433,20,0.0,Bot
1024,0,0,1971,0.0,24,249,249,4016.064257,0,0,0.0,0.0,0,249.0,8032.128514,0,0.0,0,0.0,0.0,0.0,0,0,0,0.0,0.0,249,24,0.0,Infilteration
225,8180,8180,80,8180.0,64,8180,8180,244.4987775,0,0,0.0,0.0,0,8180.0,244.4987775,0,0.0,8180,0.0,0.0,0.0,0,0,0,0.0,0.0,8180,32,0.0,DoS attacks-Hulk
26883,6731474,6731156,80,2243824.66666667,136,6730754,11735629,0.3408424039,306,306,76.5,76.5,306,1676518.42857143,0.6816848079,972,142.0,39,243.0,159.75,243.0,972,972,972,107118.0,327.2888632386,4,32,153.0,DoS attacks-GoldenEye
26883,0,0,21,0.0,40,2,2,500000.0,0,0,0.0,0.0,0,2.0,1000000.0,0,0.0,0,0.0,0.0,0.0,0,0,0,0.0,0.0,2,40,0.0,FTP-BruteForce
26883,384788,161080,22,18323.2380952381,712,161080,388193,56.6728405716,1928,1928,87.6363636364,87.6363636364,640,9468.1219512195,108.1936047275,976,106.8139534884,253,133.25,109.3571428571,133.25,976,2665,2665,42967.9169435216,207.2870399796,5,32,137.7805520365,SSH-Bruteforce
26883,336258,79559,22,16812.9,680,63286,336315,62.4414611302,1928,1928,91.8095238095,91.8095238095,640,8007.5,127.8563251713,976,104.3863636364,323,121.1363636364,106.8139534884,121.1363636364,976,2665,2665,42227.9635306554,205.4944367389,2,32,139.7510712115,SSH-Bruteforce
26883,0,0,21,0.0,40,3,3,333333.333333333,0,0,0.0,0.0,0,3.0,666666.666666667,0,0.0,0,0.0,0.0,0.0,0,0,0,0.0,0.0,3,40,0.0,FTP-BruteForce
2049,22100000,22100000,80,22100000.0,40,22100000,22050641,0.090700311,0,0,0.0,0.0,0,22100000.0,0.090700311,0,0.0,22100000,0.0,0.0,0.0,0,0,0,0.0,0.0,22100000,20,0.0,DDoS attacks-LOIC-HTTP
8192,56636883,1115474,80,372611.072368421,3072,1115474,56638606,2.7013376706,54995,54995,359.4444444444,359.4444444444,646,221244.5546875,4.5375410546,1069,494.1782945736,255,697.1442307692,496.1011673152,697.1442307692,1069,72503,72503,126387.890266341,355.5107456412,5,20,271.4171844443,Brute Force -Web
8192,527,477,8080,263.5,72,9346,10294,291.4319021,326,326,108.6666667,108.6666667,326,1715.666667,680.0077715,326,56.875,50,32.25,65.0,32.25,112,129,129,13318.69643,115.4066568,19,20,188.2161878,Bot
-1,0,0,53,0.0,8,1269,1269,788.0220646,35,35,35.0,35.0,35,1269.0,1576.044129,87,52.33333333,0,87.0,78.5,87.0,87,87,87,901.3333333,30.022214,1269,8,0.0,Infilteration
-1,0,0,53,0.0,8,1727,1727,579.0387956,46,46,46.0,46.0,46,1727.0,1158.077591,91,61.0,0,91.0,91.5,91.0,91,91,91,675.0,25.98076211,1727,8,0.0,Infilteration
8192,344,342,80,172.0,72,1288611,1288993,2.327398209,20,20,6.666666667,6.666666667,20,214832.1667,5.430595822,964,123.0,2,241.0,140.5714286,241.0,964,964,964,115523.4286,339.8873763,2,20,11.54700538,DDoS attacks-LOIC-HTTP
-1,120000000,779483,80,846.4791885,1129768,779483,119539791,1181.372318,4519072,4519072,32.0,32.0,32,846.4791885,1181.372318,32,32.0,0,0.0,32.0002266,0.0,0,0,0,0.0,0.0,0,8,0.0,DDOS attack-LOIC-UDP
225,39599,39599,80,39599.0,64,39599,39599,50.50632592,0,0,0.0,0.0,0,39599.0,50.50632592,0,0.0,39599,0.0,0.0,0.0,0,0,0,0.0,0.0,39599,32,0.0,DoS attacks-Hulk
26883,6901312,6707187,80,1725328.0,168,6706843,6901312,0.7244999212,353,353,70.6,70.6,353,985901.714285714,1.1591998739,972,147.2222222222,60,324.0,165.625,324.0,972,972,972,109290.444444444,330.5910531827,7,32,157.8663992115,DoS attacks-GoldenEye
2052,501,501,8080,501.0,40,501,501,3992.015968,0,0,0.0,0.0,0,501.0,3992.015968,0,0.0,501,0.0,0.0,0.0,0,0,0,0.0,0.0,501,20,0.0,Bot
26883,387689,109942,22,18461.3809523809,712,109942,388026,56.6972316288,1912,1912,86.9090909091,86.9090909091,640,9023.8604651163,113.3944632576,976,101.7111111111,219,121.1363636364,104.0227272727,121.1363636364,976,2665,2665,41508.8464646465,203.7371995112,6,32,137.6880217811,SSH-Bruteforce
1026,25,25,51040,25.0,40,25,25,80000.0,0,0,0.0,0.0,0,25.0,80000.0,0,0.0,25,0.0,0.0,0.0,0,0,0,0.0,0.0,25,20,0.0,Infilteration
-1,103000000,25000000,80,8580330.333,104,25000000,102963964,0.126257765,416,416,32.0,32.0,32,8580330.333,0.126257765,32,32.0,2000016,0.0,34.46153846,0.0,0,0,0,0.0,0.0,2000016,8,0.0,Benign
26883,0,0,21,0.0,40,2,2,500000.0,0,0,0.0,0.0,0,2.0,1000000.0,0,0.0,0,0.0,0.0,0.0,0,0,0,0.0,0.0,2,40,0.0,DoS attacks-SlowHTTPTest
1024,0,0,8888,0.0,24,304,304,3289.473684,0,0,0.0,0.0,0,304.0,6578.947368,0,0.0,0,0.0,0.0,0.0,0,0,0,0.0,0.0,304,24,0.0,Infilteration
65535,5415,5104,80,2707.5,72,5104,5858,512.1201775,247,247,82.33333333,82.33333333,247,976.3333333,1194.947081,935,147.75,311,233.75,168.8571429,233.75,935,935,935,108656.2143,329.6304208,6,20,142.6055165,DDOS attack-HOIC
225,1458,1458,80,1458.0,64,1458,1458,1371.742112,0,0,0.0,0.0,0,1458.0,1371.742112,0,0.0,1458,0.0,0.0,0.0,0,0,0,0.0,0.0,1458,32,0.0,DoS attacks-Hulk
26883,0,0,21,0.0,40,19,19,52631.5789473684,0,0,0.0,0.0,0,19.0,105263.157894737,0,0.0,0,0.0,0.0,0.0,0,0,0,0.0,0.0,19,40,0.0,FTP-BruteForce
221,1952788,1952788,80,1952788.0,64,1952788,1952788,1.0241767155,0,0,0.0,0.0,0,1952788.0,1.0241767155,0,0.0,1952788,0.0,0.0,0.0,0,0,0,0.0,0.0,1952788,32,0.0,DoS attacks-GoldenEye
-1,120000000,611495,80,955.8192864,1003408,611495,119883634,1046.231215,4013632,4013632,32.0,32.0,32,955.8192864,1046.231215,32,32.0,1,0.0,32.00025513,0.0,0,0,0,0.0,0.0,1,8,0.0,DDOS attack-LOIC-UDP
225,54747,39607,80,27373.5,96,39607,54747,54.79752315,0,0,0.0,0.0,0,27373.5,54.79752315,0,0.0,15140,0.0,0.0,0.0,0,0,0,0.0,0.0,15140,32,0.0,DoS attacks-Hulk
26883,0,0,21,0.0,40,19,19,52631.5789473684,0,0,0.0,0.0,0,19.0,105263.157894737,0,0.0,0,0.0,0.0,0.0,0,0,0,0.0,0.0,19,40,0.0,FTP-BruteForce
8192,60700000,10000000,443,3791019.75,352,10000000,60656316,0.280267598,1262,1262,74.23529412,74.23529412,501,1895509.875,0.544048867,1460,212.0882353,242,371.8125,218.5151515,371.8125,1460,5949,5949,178775.8405,422.8189216,10,20,158.7102428,Infilteration
221,95466593,95466593,80,95466593.0,64,95466593,95466598,0.0209497357,459,459,229.5,229.5,459,47733299.0,0.0314246036,459,114.75,95466593,0.0,153.0,0.0,0,0,0,52670.25,229.5,5,32,324.5620125646,DoS attacks-GoldenEye
8192,334,333,80,167.0,72,1749341,1749703,1.714576702,20,20,6.666666667,6.666666667,20,291617.1667,4.000678972,964,123.0,1,241.0,140.5714286,241.0,964,964,964,115523.4286,339.8873763,1,20,11.54700538,DDoS attacks-LOIC-HTTP
8192,106239,36215,443,13279.875,192,36215,106239,84.71465281,520,520,57.77777778,57.77777778,202,7588.5,141.191088,1430,223.875,16,510.3333333,238.8,510.3333333,1430,3062,3062,203485.85,451.0940589,1,20,85.15100965,Infilteration
8192,1422,1133,80,711.0,72,1850089,1851536,1.620276354,20,20,6.666666667,6.666666667,20,308589.3333,3.780644827,964,123.0,289,241.0,140.5714286,241.0,964,964,964,115523.4286,339.8873763,5,20,11.54700538,DDoS attacks-LOIC-HTTP
32738,3687,3687,80,3687.0,40,3687,3687,542.4464334,0,0,0.0,0.0,0,3687.0,542.4464334,0,0.0,3687,0.0,0.0,0.0,0,0,0,0.0,0.0,3687,20,0.0,DDOS attack-HOIC
8192,342,304,80,171.0,72,1210553,1210952,2.47738969,20,20,6.666666667,6.666666667,20,201825.3333,5.780575944,964,123.0,38,241.0,140.5714286,241.0,964,964,964,115523.4286,339.8873763,4,20,11.54700538,DDoS attacks-LOIC-HTTP
8192,282384,282302,445,141192.0,72,282204,282384,10.6238313785,0,0,0.0,0.0,0,94128.0,14.1651085047,0,0.0,82,0.0,0.0,0.0,0,0,0,0.0,0.0,82,20,0.0,Benign
8192,1668270,1108510,3389,238324.2857,172,937537,1668270,4.795386838,1128,1128,141.0,141.0,661,119162.1429,8.991350321,1173,169.3125,3,225.8571429,180.6,225.8571429,1173,1581,1581,100953.1625,317.731274,3,20,222.6233206,Infilteration
26883,0,0,21,0.0,40,2,2,500000.0,0,0,0.0,0.0,0,2.0,1000000.0,0,0.0,0,0.0,0.0,0.0,0,0,0,0.0,0.0,2,40,0.0,DoS attacks-SlowHTTPTest
2052,487,487,8080,487.0,40,487,487,4106.776181,0,0,0.0,0.0,0,487.0,4106.776181,0,0.0,487,0.0,0.0,0.0,0,0,0,0.0,0.0,487,20,0.0,Bot
26883,6969562,6968988,80,2323187.33333333,136,6968720,11973344,0.3340754262,318,318,79.5,79.5,318,1710477.71428571,0.6681508524,972,143.3333333333,281,243.0,161.25,243.0,972,972,972,107626.0,328.0640181428,3,32,159.0,DoS attacks-GoldenEye
2052,484,484,8080,484.0,40,484,484,4132.231405,0,0,0.0,0.0,0,484.0,4132.231405,0,0.0,484,0.0,0.0,0.0,0,0,0,0.0,0.0,484,20,0.0,Bot
26883,8939,8526,80,2979.6666666667,136,5002889,5011828,0.7981119863,380,380,95.0,95.0,380,715975.428571429,1.5962239726,972,150.2222222222,78,243.0,169.0,243.0,972,972,972,110760.444444444,332.8069176631,6,32,190.0,DoS attacks-GoldenEye
221,16333909,16333909,80,16333909.0,64,16333909,16333909,0.122444664,0,0,0.0,0.0,0,16333909.0,0.122444664,0,0.0,16333909,0.0,0.0,0.0,0,0,0,0.0,0.0,16333909,32,0.0,DoS attacks-GoldenEye
26883,1358,644,80,452.6666666667,136,5003868,5005226,0.799164713,287,287,71.75,71.75,287,715032.285714286,1.5983294261,662,105.4444444444,304,165.5,118.625,165.5,662,662,662,52568.2777777778,229.2777306626,6,32,143.5,DoS attacks-GoldenEye
26883,107894724,53247536,80,7706766.0,496,53247536,107894737,0.13902439,2530,2530,168.6666666667,168.6666666667,230,6346749.23529412,0.166829268,230,133.1578947368,171,0.0,140.5555555556,0.0,0,0,0,13611.6959064327,116.6691729054,13,32,105.2796728899,DoS attacks-Slowloris
8192,53375381,1033296,80,265549.15920398,4052,1033296,53377612,3.7843581313,54500,54500,269.801980198,269.801980198,680,172185.84516129,5.8264127665,2920,800.7724358974,34,1792.1192660551,803.347266881,1792.1192660551,2920,195341,195341,673159.198851925,820.4627955318,4,20,285.3588129625,Brute Force -XSS
32738,1717,1717,80,1717.0,40,1717,1717,1164.822365,0,0,0.0,0.0,0,1717.0,1164.822365,0,0.0,1717,0.0,0.0,0.0,0,0,0,0.0,0.0,1717,20,0.0,DDOS attack-HOIC
252,7075776,7075776,80,7075776.0,40,7075776,7075776,0.28265451,0,0,0.0,0.0,0,7075776.0,0.28265451,0,0.0,7075776,0.0,0.0,0.0,0,0,0,0.0,0.0,7075776,20,0.0,DDoS attacks-LOIC-HTTP
26883,0,0,21,0.0,40,1,1,1000000.0,0,0,0.0,0.0,0,1.0,2000000.0,0,0.0,0,0.0,0.0,0.0,0,0,0,0.0,0.0,1,40,0.0,FTP-BruteForce
8192,505,441,8080,252.5,72,10812,11671,257.0473824,326,326,108.6666667,108.6666667,326,1945.166667,599.7772256,326,56.875,64,32.25,65.0,32.25,112,129,129,13318.69643,115.4066568,23,20,188.2161878,Bot
26883,6940221,6939414,80,2313407.0,136,6939126,11942598,0.3349354973,217,217,54.25,54.25,217,1706085.42857143,0.6698709946,972,132.1111111111,261,243.0,148.625,243.0,972,972,972,104349.111111111,323.0311302508,3,32,108.5,DoS attacks-GoldenEye
26883,304861,77252,22,14517.1904761905,712,77252,304909,72.1526750604,1912,1912,86.9090909091,86.9090909091,640,7090.9069767442,144.3053501209,976,101.7111111111,148,121.1363636364,104.0227272727,121.1363636364,976,2665,2665,41508.8464646465,203.7371995112,3,32,137.6880217811,SSH-Bruteforce
2052,643,643,8080,643.0,40,643,643,3110.419907,0,0,0.0,0.0,0,643.0,3110.419907,0,0.0,643,0.0,0.0,0.0,0,0,0,0.0,0.0,643,20,0.0,Bot
8192,729,673,8080,364.5,72,11244,12398,241.974512,326,326,108.6666667,108.6666667,326,2066.333333,564.6071947,326,56.875,56,32.25,65.0,32.25,112,129,129,13318.69643,115.4066568,2,20,188.2161878,Bot
26883,0,0,21,0.0,40,2,2,500000.0,0,0,0.0,0.0,0,2.0,1000000.0,0,0.0,0,0.0,0.0,0.0,0,0,0,0.0,0.0,2,40,0.0,FTP-BruteForce
-1,0,0,53,0.0,8,12843,12843,77.86342755,31,31,31.0,31.0,31,12843.0,155.7268551,95,52.33333333,0,95.0,78.5,95.0,95,95,95,1365.333333,36.95041723,12843,8,0.0,Infilteration
225,56700,43617,80,28350.0,96,43617,56700,52.91005291,0,0,0.0,0.0,0,28350.0,52.91005291,0,0.0,13083,0.0,0.0,0.0,0,0,0,0.0,0.0,13083,32,0.0,DoS attacks-Hulk
26883,6252452,6250986,80,2084150.66666667,136,6250685,11255535,0.3553807082,571,571,142.75,142.75,571,1607933.57142857,0.7107614165,972,171.4444444444,275,243.0,192.875,243.0,972,972,972,125785.777777778,354.6629072482,5,32,285.5,DoS attacks-GoldenEye
8192,1385,1095,80,692.5,72,1654515,1655925,1.811676253,20,20,6.666666667,6.666666667,20,275987.5,4.227244591,964,123.0,290,241.0,140.5714286,241.0,964,964,964,115523.4286,339.8873763,4,20,11.54700538,DDoS attacks-LOIC-HTTP
26883,419087,143965,22,19956.5238095238,712,143965,419141,52.4883034587,1944,1944,88.3636363636,88.3636363636,640,9747.4651162791,104.9766069175,976,102.4222222222,226,121.1363636364,104.75,121.1363636364,976,2665,2665,41511.6585858586,203.7441007388,5,32,137.8690011274,SSH-Bruteforce
26883,362146,90620,22,17245.0476190476,712,90620,362643,60.6657235904,1960,1960,89.0909090909,89.0909090909,640,8433.5581395349,121.3314471808,976,102.7777777778,161,121.1363636364,105.1136363636,121.1363636364,976,2665,2665,41512.6767676768,203.7465994015,5,32,137.9533769037,SSH-Bruteforce
26883,355589,85206,22,16932.8095238095,712,85206,355631,61.8618736837,1928,1928,87.6363636364,87.6363636364,640,8270.488372093,123.7237473674,976,102.0666666667,244,121.1363636364,104.3863636364,121.1363636364,976,2665,2665,41510.3818181818,203.7409674518,3,32,137.7805520365,SSH-Bruteforce
-1,238531,238531,53,238531.0,16,236868,239042,8.366730532709733,68,68,34.0,34.0,34,79680.66666666666,16.733461065419466,211,104.8,238531,211.0,131.0,211.0,211,422,422,9398.7,96.9468926784144,511,8,0.0,Benign
-1,0,0,53,0.0,8,450,450,2222.222222,42,42,42.0,42.0,42,450.0,4444.444444,58,47.33333333,0,58.0,71.0,58.0,58,58,58,85.33333333,9.237604307,450,8,0.0,Infilteration
-1,30126,30126,53,30126.0,16,30126,37050,53.98110661,60,60,30.0,30.0,30,12350.0,107.9622132,122,66.8,30126,122.0,83.5,122.0,122,244,244,2539.2,50.39047529,25,8,0.0,Infilteration
26883,379785,80897,22,16512.3913043478,776,80897,379897,63.1750184919,1944,1944,81.0,81.0,640,8834.8139534884,115.8208672351,976,102.4222222222,103,133.25,104.75,133.25,976,2665,2665,41511.6585858586,203.7441007388,4,32,134.0797945417,SSH-Bruteforce
8192,369,367,80,184.5,72,1430970,1431370,2.095894143,20,20,6.666666667,6.666666667,20,238561.6667,4.890419668,964,123.0,2,241.0,140.5714286,241.0,964,964,964,115523.4286,339.8873763,2,20,11.54700538,DDoS attacks-LOIC-HTTP
26883,0,0,21,0.0,40,28,28,35714.28571,0,0,0.0,0.0,0,28.0,71428.57143,0,0.0,0,0.0,0.0,0.0,0,0,0,0.0,0.0,28,40,0.0,DoS attacks-SlowHTTPTest
8192,1961010,1154218,3389,280144.2857142857,172,951651,1961010,4.07953044604566,1128,1128,141.00000000000003,141.0,661,140072.14285714284,7.649119586335613,1173,169.3125,4,225.8571428571429,180.6,225.8571428571429,1173,1581,1581,100953.1625,317.73127403515065,4,20,222.62332055996032,Benign
225,68217,41459,80,34108.5,96,41459,68217,43.97730771,0,0,0.0,0.0,0,34108.5,43.97730771,0,0.0,26758,0.0,0.0,0.0,0,0,0,0.0,0.0,26758,32,0.0,DoS attacks-Hulk
26883,326474,106402,22,15546.380952381,712,106402,327008,67.2766415501,1912,1912,86.9090909091,86.9090909091,640,7604.8372093023,134.5532831001,976,101.7111111111,148,121.1363636364,104.0227272727,121.1363636364,976,2665,2665,41508.8464646465,203.7371995112,4,32,137.6880217811,SSH-Bruteforce
8192,400,398,80,200.0,72,832387,832817,3.602231943,20,20,6.666666667,6.666666667,20,138802.8333,8.405207867,964,123.0,2,241.0,140.5714286,241.0,964,964,964,115523.4286,339.8873763,2,20,11.54700538,DDoS attacks-LOIC-HTTP
-1,120000000,578715,80,952.3003495,1007208,578715,119894614,1050.097213,4028832,4028832,32.0,32.0,32,952.3003495,1050.097213,32,32.0,0,0.0,32.00025417,0.0,0,0,0,0.0,0.0,0,8,0.0,DDOS attack-LOIC-UDP
-1,120000000,642562,80,1001.434314,958632,642562,119999871,998.5760735,3834528,3834528,32.0,32.0,32,1001.434314,998.5760735,32,32.0,1,0.0,32.00026705,0.0,0,0,0,0.0,0.0,1,8,0.0,DDOS attack-LOIC-UDP
-1,120000000,605377,80,857.5384759,1116552,605377,119684930,1166.136789,4466208,4466208,32.0,32.0,32,857.5384759,1166.136789,32,32.0,1,0.0,32.00022928,0.0,0,0,0,0.0,0.0,1,8,0.0,DDOS attack-LOIC-UDP
26883,343746,76492,22,14945.4782608696,776,76492,343790,69.8100584659,1944,1944,81.0,81.0,640,7995.1162790698,127.9851071875,976,102.4222222222,171,133.25,104.75,133.25,976,2665,2665,41511.6585858586,203.7441007388,6,32,134.0797945417,SSH-Bruteforce
8192,305,199,80,152.5,72,188,669,4484.304932735426,161,161,53.66666666666666,53.66666666666666,161,111.5,10463.37817638266,488,81.125,106,122.0,92.71428571428572,122.0,488,488,488,30202.125,173.78758586274222,36,20,92.95339333952974,Benign
32738,6542,6542,80,6542.0,40,6542,6542,305.7169061,0,0,0.0,0.0,0,6542.0,305.7169061,0,0.0,6542,0.0,0.0,0.0,0,0,0,0.0,0.0,6542,20,0.0,DDOS attack-HOIC
26883,0,0,21,0.0,40,21,21,47619.04762,0,0,0.0,0.0,0,21.0,95238.09524,0,0.0,0,0.0,0.0,0.0,0,0,0,0.0,0.0,21,40,0.0,DoS attacks-SlowHTTPTest
219,4118459,3990737,40068,1029614.75,168,3990731,4118459,1.214046322,935,935,187.0,187.0,935,514807.375,2.185283379,935,127.1,14321,84.0,141.2222222,84.0,336,336,336,91730.76667,302.8708746,5,32,418.1447118,Benign
32738,30005,30005,80,30005.0,40,30005,30005,66.65555741,0,0,0.0,0.0,0,30005.0,66.65555741,0,0.0,30005,0.0,0.0,0.0,0,0,0,0.0,0.0,30005,20,0.0,DDOS attack-HOIC
32738,26736,26736,80,26736.0,40,26736,26736,74.80550569,0,0,0.0,0.0,0,26736.0,74.80550569,0,0.0,26736,0.0,0.0,0.0,0,0,0,0.0,0.0,26736,20,0.0,DDOS attack-HOIC
26883,0,0,21,0.0,40,3,3,333333.333333333,0,0,0.0,0.0,0,3.0,666666.666666667,0,0.0,0,0.0,0.0,0.0,0,0,0,0.0,0.0,3,40,0.0,FTP-BruteForce
-1,120000000,656843,80,785.6424374,1221120,656843,119919676,1272.852005,4884480,4884480,32.0,32.0,32,785.6424374,1272.852005,32,32.0,0,0.0,32.00020964,0.0,0,0,0,0.0,0.0,0,8,0.0,DDOS attack-LOIC-UDP
-1,120000000,671922,80,1261.608676,759216,671922,119727925,792.6471623,3036864,3036864,32.0,32.0,32,1261.608676,792.6471623,32,32.0,1,0.0,32.00033719,0.0,0,0,0,0.0,0.0,1,8,0.0,DDOS attack-LOIC-UDP
26883,0,0,21,0.0,40,18,18,55555.5555555556,0,0,0.0,0.0,0,18.0,111111.111111111,0,0.0,0,0.0,0.0,0.0,0,0,0,0.0,0.0,18,40,0.0,FTP-BruteForce
26883,0,0,21,0.0,40,1,1,1000000.0,0,0,0.0,0.0,0,1.0,2000000.0,0,0.0,0,0.0,0.0,0.0,0,0,0,0.0,0.0,1,40,0.0,FTP-BruteForce
172,0,0,51198,0.0,20,67,67,14925.373134328358,0,0,0.0,0.0,0,67.0,29850.74626865672,0,0.0,0,0.0,0.0,0.0,0,0,0,0.0,0.0,67,20,0.0,Benign
26883,0,0,21,0.0,40,21,21,47619.04762,0,0,0.0,0.0,0,21.0,95238.09524,0,0.0,0,0.0,0.0,0.0,0,0,0,0.0,0.0,21,40,0.0,DoS attacks-SlowHTTPTest
26883,0,0,21,0.0,40,2,2,500000.0,0,0,0.0,0.0,0,2.0,1000000.0,0,0.0,0,0.0,0.0,0.0,0,0,0,0.0,0.0,2,40,0.0,FTP-BruteForce
241,0,0,22,0.0,32,8,8,125000.0,0,0,0.0,0.0,0,8.0,250000.0,0,0.0,0,0.0,0.0,0.0,0,0,0,0.0,0.0,8,32,0.0,SSH-Bruteforce
26883,0,0,21,0.0,40,18,18,55555.5555555556,0,0,0.0,0.0,0,18.0,111111.111111111,0,0.0,0,0.0,0.0,0.0,0,0,0,0.0,0.0,18,40,0.0,FTP-BruteForce
-1,120000000,601457,80,973.0803647,984520,601457,119751162,1027.6727,3938080,3938080,32.0,32.0,32,973.0803647,1027.6727,32,32.0,0,0.0,32.00026003,0.0,0,0,0,0.0,0.0,0,8,0.0,DDOS attack-LOIC-UDP
26883,0,0,21,0.0,40,18,18,55555.5555555556,0,0,0.0,0.0,0,18.0,111111.111111111,0,0.0,0,0.0,0.0,0.0,0,0,0,0.0,0.0,18,40,0.0,FTP-BruteForce
26883,3031667,2015896,80,1515833.5,120,2015896,3031667,0.9895545916,0,0,0.0,0.0,0,1515833.5,0.9895545916,0,0.0,1015771,0.0,0.0,0.0,0,0,0,0.0,0.0,1015771,40,0.0,DoS attacks-Slowloris
26883,0,0,21,0.0,40,25,25,40000.0,0,0,0.0,0.0,0,25.0,80000.0,0,0.0,0,0.0,0.0,0.0,0,0,0,0.0,0.0,25,40,0.0,FTP-BruteForce
2052,489,489,8080,489.0,40,489,489,4089.97955,0,0,0.0,0.0,0,489.0,4089.97955,0,0.0,489,0.0,0.0,0.0,0,0,0,0.0,0.0,489,20,0.0,Bot
2051,21,21,80,21.0,40,21,21,95238.0952380952,0,0,0.0,0.0,0,21.0,95238.0952380952,0,0.0,21,0.0,0.0,0.0,0,0,0,0.0,0.0,21,20,0.0,Brute Force -Web
241,0,0,22,0.0,32,9,9,111111.111111111,0,0,0.0,0.0,0,9.0,222222.222222222,0,0.0,0,0.0,0.0,0.0,0,0,0,0.0,0.0,9,32,0.0,SSH-Bruteforce
26883,0,0,21,0.0,40,21,21,47619.04762,0,0,0.0,0.0,0,21.0,95238.09524,0,0.0,0,0.0,0.0,0.0,0,0,0,0.0,0.0,21,40,0.0,DoS attacks-SlowHTTPTest
-1,120000000,897119,80,1457.662321,657864,897119,119866488,686.0382862,2631456,2631456,32.0,32.0,32,1457.662321,686.0382862,32,32.0,0,0.0,32.00038914,0.0,0,0,0,0.0,0.0,0,8,0.0,DDOS attack-LOIC-UDP
211,107098763,107098763,80,107098763.0,64,107098761,107098765,0.0186743517,16,16,8.0,8.0,8,35699588.3333333,0.0373487033,8,4.8,107098763,0.0,6.0,0.0,0,0,0,19.2,4.38178046,2,32,0.0,DoS attacks-Slowloris
26883,0,0,21,0.0,40,26,26,38461.53846,0,0,0.0,0.0,0,26.0,76923.07692,0,0.0,0,0.0,0.0,0.0,0,0,0,0.0,0.0,26,40,0.0,DoS attacks-SlowHTTPTest
8192,387,385,80,193.5,72,1820949,1821359,1.647121737,20,20,6.666666667,6.666666667,20,303559.8333,3.843284053,964,123.0,2,241.0,140.5714286,241.0,964,964,964,115523.4286,339.8873763,2,20,11.54700538,DDoS attacks-LOIC-HTTP
26883,107970030,53247682,80,7712145.0,496,53247682,107970031,0.13892744,2530,2530,168.6666666667,168.6666666667,230,6351178.29411765,0.166712928,230,133.1578947368,337,0.0,140.5555555556,0.0,0,0,0,13611.6959064327,116.6691729054,1,32,105.2796728899,DoS attacks-Slowloris
26883,3278327,2211526,80,1639163.5,120,2211526,3278327,0.9151009036,0,0,0.0,0.0,0,1639163.5,0.9151009036,0,0.0,1066801,0.0,0.0,0.0,0,0,0,0.0,0.0,1066801,40,0.0,DoS attacks-Slowloris
8192,4148862,1221590,3389,345738.5,296,1221590,4148862,3.133389349,1148,1148,88.30769231,88.30769231,677,188584.6364,5.543688848,1173,163.375,3,277.3,170.4782609,277.3,1173,2773,2773,118770.6793,344.6312222,3,20,188.7817896,Infilteration
