Init Fwd Win Byts,Fwd IAT Tot,Fwd IAT Max,Dst Port,Fwd IAT Mean,Fwd Header Len,Flow IAT Max,Flow Duration,Fwd Pkts/s,TotLen Fwd Pkts,Subflow Fwd Byts,Fwd Pkt Len Mean,Fwd Seg Size Avg,Fwd Pkt Len Max,Flow IAT Mean,Flow Pkts/s,Pkt Len Max,Pkt Len Mean,Fwd IAT Min,Bwd Pkt Len Mean,Pkt Size Avg,Bwd Seg Size Avg,Bwd Pkt Len Max,TotLen Bwd Pkts,Subflow Bwd Byts,Pkt Len Var,Pkt Len Std,Flow IAT Min,Fwd Seg Size Min,Fwd Pkt Len Std,Label
-86.61743949462941,87443601.05036214,42074802.06815748,494.86070946896194,17771432.94970511,50.537028492033144,41729937.27626406,89310141.60826582,1287.127423007013,2754.8209582697114,3110.131292091002,499.32263603268257,500.13221855915697,499.04209342915965,18108999.27393143,0.0,492.1891669891581,500.443256935745,4055440.6006485806,0.5134602383209138,584.736402312398,3.916448795250344,0.0,0.0,37.91334414217875,318.6401260186505,0.0,4227272.778600942,7.979644383542669,3.105271568143314,Brute Force -Web
2047.0,80.0,80.0,80.0,80.0,40.0,80.0,80.0,25000.0,0.0,0.0,0.0,0.0,0.0,80.0,25000.0,0.0,0.0,80.0,0.0,0.0,0.0,0.0,0.0,0.0,0.0,0.0,80.0,20.0,0.0,Brute Force -Web
8089.831122590197,56074481.45495402,887151.9916694486,77.66006498100556,612352.2292714757,3050.283586774148,279247.7953417876,55884894.614814,0.0,54699.75857548342,54006.772843117695,366.00680554474957,355.5988981295351,643.0532635373103,0.0,742.7567454825388,1056.0916001816045,496.6515247697911,0.0,692.9232604151023,497.49991460825225,690.6833846100108,1081.2038699609539,72326.52263821509,72345.18338524201,129400.45978651996,354.8968576450968,19812.011018542056,20.20195462863883,271.71008006504275,Brute Force -Web
8219.499110264007,64862997.19232118,2864044.9459190834,79.26450655688384,658741.0412802517,3073.474222632972,2982057.353954131,63207090.48196559,0.0,54544.24141236371,55551.399746222945,353.4810463045157,356.32496160203044,635.5431952918483,368233.9285236885,0.0,1050.666442797091,495.4228571709403,0.0,690.6675718840295,492.12280306449196,686.7461348019835,1063.4825447830476,72092.91496188287,72009.56793283505,123872.44471332498,351.8132534961105,123533.8787442597,20.13647032027406,270.52239405578575,Brute Force -Web
8192.0,56301732.0,1208932.0,80.0,370406.131578947,3072.0,1208932.0,56303473.0,2.7174167391,54995.0,54995.0,359.4444444444,359.4444444444,646.0,219935.44140625,4.5645496859,1068.0,494.1085271318,320.0,696.9711538462,496.0311284047,696.9711538462,1068.0,72485.0,72485.0,126307.116580702,355.3971251723,8.0,20.0,271.4171844443,Brute Force -Web
2169.1751020852626,0.0,144107.0914254862,83.7951830641357,427615.5677143628,42.81654184996183,13944.022212664648,1738146.744539813,1365.5542791253608,0.0,944.9167952487494,2.8017999879908158,0.5610874835683408,0.0,199058.06525446707,643.5682296059858,0.0,8.30325314317859,318385.05801845226,0.0,0.0,5.258120470905231,19.758015334038053,890.944146417629,482.709038815129,0.0,0.0,0.0,19.95937850706795,1.767486606797721,Brute Force -Web
8276.061552312269,56585494.12977396,1368428.9498314788,75.8301691022176,402437.8061595952,3071.7796045933783,1219241.4302129382,56526297.18958473,468.99323809606574,54293.20669149198,55292.04772558582,350.0208272591832,353.85149097518763,637.7886573674232,290125.8434066837,515.9816121098648,1066.320117839213,486.4878739207463,173656.14802779735,699.7519752554462,504.73874112955355,695.181629535716,1057.3237662691702,72675.29019646527,72653.08719442257,124999.93662974544,360.7817721176437,327038.61939484824,20.07300027257173,271.1752517818536,Brute Force -Web
2172.294919922936,0.0,0.0,82.97116322886464,112421.65210621138,22.794290670347053,0.0,0.0,0.0,0.0,0.0,3.9778967338575657,0.0,0.0,83159.71474174334,769.6399009124696,0.0,0.0,100471.84034579931,5.80510347846026,0.0,1.038719802502961,0.0,1060.390796370639,0.0,3318.902657883775,3.0638590590423234,0.0,20.145251544323614,3.531701286197134,Brute Force -Web
8192.0,55330356.0,1183051.0,80.0,361636.31372549,3092.0,1183051.0,55332482.0,2.7831753508,54442.0,54442.0,353.5194805195,353.5194805195,646.0,212817.238461538,4.7169400426,2920.0,516.0801526718,87.0,754.8691588785,518.0574712644,754.8691588785,2920.0,80771.0,80771.0,191349.491635226,437.4351284879,4.0,20.0,270.7849934725,Brute Force -Web
8231.990311672947,57431226.99314875,654306.8720807149,83.63699412168444,813428.7688258484,3079.876187831737,1165721.793651631,55549419.72153247,1386.3966180350292,55316.81959374733,54594.25922629475,368.16365074179066,357.0340929643398,641.8529446999496,306846.8832472158,661.7483621019475,1054.836312080358,489.79853986002706,57027.63137782099,698.0102817233562,501.1857517073019,699.4950106213489,1077.5128108191066,71749.98936172365,71707.81875233985,127074.3989329232,359.4215193083866,0.0,20.01812844716654,274.03659373023174,Brute Force -Web
-1.0,89479663.0,41990445.0,500.0,17895932.6,48.0,41990445.0,89479663.0,0.0670543428,3000.0,3000.0,500.0,500.0,500.0,17895932.6,0.0670543428,500.0,500.0,4000249.0,0.0,583.3333333333,0.0,0.0,0.0,0.0,0.0,0.0,4000249.0,8.0,0.0,Brute Force -Web
-80.88433695493836,90602801.04602127,41346329.043947734,502.2380185369666,17894156.25159348,53.89062785692172,42137100.06680798,89738059.92770517,415.3294980215333,2869.170351737782,3354.0145468895566,509.38853918782786,501.04071571003016,500.3099428352267,17708399.86787364,460.7568799775798,507.38191629182984,496.97914356687176,3988225.7107591373,0.0,584.9419607929107,8.596836800379341,0.0,1025.0057270689902,0.0,993.3211577199087,4.911442872354705,3696344.3803197676,8.203273777583648,2.191625734048609,Brute Force -Web
-149.91917944190075,113044779.46866973,56267023.68652914,0.0,56449915.99569087,6.869991429068335,56278180.993824795,112744233.44568458,661.8455156113585,0.0,0.0,1.9314314021394168,0.0,0.0,56356933.89751337,166.52291271559218,13.88470354710858,13.266167540238124,56164549.477203265,5.798203718534583,0.0,2.7358356793809855,0.0,140.77998994692555,0.0,1595.4409985828117,0.0,56590636.436897874,0.11378682457912467,1.6738423094476889,Brute Force -Web
-1.0,89479489.0,41990323.0,500.0,17895897.8,48.0,41990323.0,89479489.0,0.0670544732,3000.0,3000.0,500.0,500.0,500.0,17895897.8,0.0670544732,500.0,500.0,4000225.0,0.0,583.3333333333,0.0,0.0,0.0,0.0,0.0,0.0,4000225.0,8.0,0.0,Brute Force -Web
8265.597705136817,0.0,0.0,81.47782535381431,93574.48937400282,87.5912435078298,4557437.368990462,6546810.195794356,0.0,622.2346385734421,1014.9410080720467,159.70604814548776,160.5192051064887,639.0830030138544,632286.9640654156,0.0,640.4273303577213,115.22524270832314,0.0,87.71983565627703,135.24070393145803,93.50708007011232,355.9316633687516,240.39879274274028,0.0,52783.38015807936,234.24216767995952,325570.1842153313,19.666026552843768,322.4756907300241,Brute Force -Web
2018.0102424870624,0.0,237619.6882442858,76.67206232130917,174145.04999645395,67.8641247454539,0.0,0.0,165070.37561166848,0.0,0.0,0.0,1.3870996912622104,3.623182751157434,0.0,166040.18419155153,18.874762831061304,0.0,131477.8544531133,3.7572038345258396,0.0,2.8802994646975586,9.705851478488226,295.32356910909596,0.0,0.0,0.0,76851.3540599057,19.966842146321962,0.0,Brute Force -Web
-30.197853261932227,89131749.22024517,42972102.27240832,501.8079073982909,18313804.27349781,46.772251497506964,41115559.990141824,87470376.11166641,195.97781927072052,3097.9527835186823,2483.220182143889,496.1117830171945,496.1631621023455,503.18619201836947,18254350.134914186,1137.392466024783,500.2486182879021,509.41594967114435,4109609.482013798,12.266621586145103,581.8015234926114,1.8029574001609245,1.2885793018252654,0.0,0.0,2781.7065365435255,0.7693378787467064,4022309.108443857,8.006535465374348,2.5371869450188616,Brute Force -Web
2051.0,19.0,19.0,80.0,19.0,40.0,19.0,19.0,105263.157894737,0.0,0.0,0.0,0.0,0.0,19.0,105263.157894737,0.0,0.0,19.0,0.0,0.0,0.0,0.0,0.0,0.0,0.0,0.0,19.0,20.0,0.0,Brute Force -Web
8274.571900517689,52152.795247114096,0.0,78.48747349955815,58324.56023277722,72.7409886672945,5431596.365068195,5759411.556876492,0.0,0.0,418.29229562414037,162.85857814786948,161.08625779317225,643.034703101328,507025.4723153099,805.588349409988,653.089155378298,110.67777114108843,0.0,79.61302519890651,119.02985154604788,98.08250312123926,359.47208364088516,1203.4063760801967,321.60579072066236,52245.16185202502,237.32448638002276,0.0,20.01278017859386,324.17842540477466,Brute Force -Web
8161.657795355355,5629289.536098347,4756470.991231323,80.35534752495018,1100967.998883619,104.47058816195185,5832065.178658845,4651384.20815589,446.3688940700209,1520.4971445577419,0.0,125.93507114442144,124.15898708932971,641.2017744035525,871416.9774282457,735.6461880900008,647.5286758868519,121.04081819696974,0.0,121.49217315916923,125.23041493153731,115.2446259290491,377.1650974109064,472.81016490400845,313.8899768565389,52934.869725752535,233.18321536834338,0.0,20.10037007385477,290.11013813398597,Brute Force -Web
8165.3647008798835,5411231.577707376,5374434.133841367,78.85080729744583,975151.142057242,126.66255640209046,5470036.154274235,4963634.654531253,0.0,248.6845398757619,288.5432922131744,131.67830390383375,131.80586665594993,648.3138140477342,793739.5870848382,806.561272713118,649.0239263645178,116.74564933680881,0.0,112.30600331509882,122.32312933740606,120.97738070859097,367.31257274340777,0.0,0.0,59096.02987737002,232.5755784851106,15747.65315772764,20.121260926451594,287.12692563267456,Brute Force -Web
52.978189203742765,89650552.06660436,42525642.211689755,502.06659261003017,17822654.719486922,18.52286231220765,42383443.32739294,88868917.30070901,472.3048981336303,2638.3197489991408,3442.5167344510974,502.49965266521536,499.5243057000003,506.0851896801433,17865383.61771831,1243.4846839146237,499.78019744732126,502.6471533131043,4108661.3575350945,0.0,582.1556372766225,0.0,2.8685928563672554,0.0,568.118244422928,1580.0221468116486,0.0,4176577.508929231,8.099991859633809,0.0,Brute Force -Web
8208.496268414312,1057943.5085247862,148612.72212305127,79.68274752484268,245422.595925553,133.6967410907958,4520073.591859004,4861226.497144488,0.0,0.0,858.6119737413237,165.66014263653278,163.5016430614839,636.253073613574,668262.5311295886,0.0,637.3064518600156,115.24265271949888,399271.9073447972,91.28931829401228,122.29678935923457,87.1970695416078,377.1327939717515,926.3089772378202,0.0,55953.38941112762,230.55691812340262,0.0,19.858184103360013,327.4042037585436,Brute Force -Web
1878.4315247257553,0.0,0.0,75.13467228701086,25995.99179686203,64.88488656348218,0.0,0.0,3289.3425513863945,0.0,0.0,0.0,0.5296837959293045,0.19973109982725826,84082.43488234839,3999.069892959829,0.0,0.0,0.0,0.0,0.0,0.0,13.33742023586073,0.0,384.7354775533628,1739.71775959585,0.0847419081350726,0.0,20.126996017741277,0.8840251661713864,Brute Force -Web
2051.0,38.0,38.0,80.0,38.0,40.0,38.0,38.0,52631.5789473684,0.0,0.0,0.0,0.0,0.0,38.0,52631.5789473684,0.0,0.0,38.0,0.0,0.0,0.0,0.0,0.0,0.0,0.0,0.0,38.0,20.0,0.0,Brute Force -Web
8289.85114443822,5394623.852509861,4667952.200450918,83.54948771208498,1358546.482348675,148.753485223765,4857803.112824241,5689504.5934013035,0.0,914.9388716388785,941.9860113260725,127.5793758671705,126.90098251485904,634.5900897035227,967328.658066195,0.0,642.9643754772122,114.4343790696704,127109.55386723703,121.95440578323893,130.29456145523858,124.24518242260613,378.72731089068833,166.71691388193543,457.44580261169466,53323.377607239876,230.51379266654484,431008.06606423977,20.00926885869327,287.08643420656944,Brute Force -Web
-30.761042249408728,89954667.38424663,41768805.0899317,503.0595716887038,18108493.45058867,55.5193389036447,42366751.17091859,89446579.9057769,0.0,3183.52903920246,1886.7667742136623,497.85794416827133,496.0547370226984,500.9262215043751,17799405.7329426,570.8973047194045,509.0141920623507,505.72926329990395,4153410.194489195,1.7783603326756825,586.6145484230582,0.6389768624838773,2.706688532134065,1599.3393066608353,0.0,0.0,2.0326028377451952,3748444.263405801,8.05158697673523,2.3470975789163675,Brute Force -Web
2014.765434903766,210233.861878735,0.0,86.31883945455989,0.0,29.588329966400256,0.0,0.0,3971.5126629257365,6.159786665220752,625.4912056608882,0.3843965019549409,1.751480432222248,8.345753414345065,0.0,1699.9663953405377,2.277224700856372,3.6576064291395003,0.0,0.0,0.0,0.0,4.599551413449442,0.0,0.0,2592.2883681385383,0.0,72231.52233849799,20.011242891972465,1.1620384648395305,Brute Force -Web
-1.0,89480078.0,41990377.0,500.0,17896015.6,48.0,41990377.0,89480078.0,0.0670540318,3000.0,3000.0,500.0,500.0,500.0,17896015.6,0.0670540318,500.0,500.0,4000319.0,0.0,583.3333333333,0.0,0.0,0.0,0.0,0.0,0.0,4000319.0,8.0,0.0,Brute Force -Web
171.7203512436515,89555464.4505399,41775169.91633058,496.28063207784237,18171802.554385185,30.428375794548597,42171935.78287731,89281084.68037008,90.24770566695665,2376.3196093735924,3108.2131444714228,502.27871177781424,500.80825617397215,502.3244389594087,18045718.392680295,788.1088416520371,493.4098715041285,501.38801025479563,3574548.6957166907,2.7867362404114786,583.8100354024507,1.5464479771807904,6.863424077038424,0.0,658.9228141290728,0.0,0.0,3824028.339977602,7.816134783593869,0.0,Brute Force -Web
-179.72404654186835,88760145.82448557,42048000.20619449,499.3335765279293,17877277.63152974,19.360042921711575,41893625.754373424,89506398.88368382,245.2687177904359,3012.9919459914286,3020.344773376713,502.60693975198694,503.7647964750611,497.7559316763171,18118168.271546908,0.0,503.067932834672,497.56905998141605,4054061.038145033,0.0,591.9687640553967,0.0,0.0,384.1664119916295,408.0112166131647,2641.744887664822,0.0,4171158.1349647124,8.016024665612447,0.43701063096615805,Brute Force -Web
-9.719560612497661,90011689.58310853,41179602.058684655,499.8325338784318,17795654.54995191,61.460193023318325,41912764.94376081,89758562.13932364,0.0,3808.7552200645996,2887.5176343388625,498.18589037244334,496.92702013884536,504.0430271062425,17977349.987810586,637.3895846654713,498.5217839732622,495.17388148785875,3704968.1175837843,0.0,588.2039705711676,11.459673381682697,0.0,0.0,572.5102201235927,0.0,6.662427781476321,4194273.6829548767,7.992196172086178,0.0,Brute Force -Web
2060.167182100122,315615.9915673614,0.0,76.75570589228496,0.0,3.0983904868274763,0.0,685703.9921456059,2739.9693678336776,0.0,383.30471808732216,1.4441415112007427,0.37610768699476094,0.0,0.0,2567.3103889294334,6.921468079507609,0.0,0.0,0.12344591171178387,0.8869944937979296,8.30001227688713,13.084881570989388,0.0,72.36809148545059,243.93372301261903,8.59885448392604,0.0,19.83387338015775,5.10327959738162,Brute Force -Web
-87.21693627082652,89552845.35403435,41875798.16062843,500.59789553249493,18023790.97953724,70.32061508974202,42212085.911274225,89545268.55390081,0.0,2926.694342435895,2893.669659578503,501.4696466097561,496.44283663535924,490.53881228069196,18140439.91566574,234.77685282915806,499.72007842307096,497.5964774328617,3717343.4434531746,1.1917417208642238,589.7604352964851,1.733862253192462,0.0,342.9635708754547,0.0,0.0,0.0,4029362.393440425,8.235321210600393,4.6686008394696294,Brute Force -Web
2051.0,1750.0,1750.0,80.0,1750.0,40.0,1750.0,1750.0,1142.8571428571,0.0,0.0,0.0,0.0,0.0,1750.0,1142.8571428571,0.0,0.0,1750.0,0.0,0.0,0.0,0.0,0.0,0.0,0.0,0.0,1750.0,20.0,0.0,Brute Force -Web
8111.769854658202,5869306.751066742,5369588.0940803625,77.76553533905488,1530660.3214516914,126.0185911660644,5294332.113995342,4494689.423803568,157.2167425665707,770.2833560346019,1233.3633332209424,128.40966666830454,132.84999662837603,639.5647529332178,968101.3844221322,48.938044460388994,642.4607671206296,117.21463353577124,0.0,124.82985388867391,119.22000597505878,132.41181860929368,362.0207867282113,427.8183074235455,493.9028211588517,51222.16178807106,232.56136290311926,0.0,19.970709182631786,288.319387286122,Brute Force -Web
2099.3590014324577,311849.61065673357,0.0,87.10306917880126,0.0,23.159800258005312,620583.0652368313,0.0,22402.808312730864,0.0,33.67577778362336,0.0,7.290145377181961,7.336263466889509,317821.8308703759,20784.01559975738,0.31830689620226177,8.517047624874582,0.0,0.0,4.185622457505826,0.0,13.417109595558705,0.0,0.0,0.0,0.0,0.0,20.020861492741908,1.3137528447827747,Brute Force -Web
2047.0,685.0,685.0,80.0,685.0,40.0,685.0,685.0,2919.7080291971,0.0,0.0,0.0,0.0,0.0,685.0,2919.7080291971,0.0,0.0,685.0,0.0,0.0,0.0,0.0,0.0,0.0,0.0,0.0,685.0,20.0,0.0,Brute Force -Web
102.45700054334911,88520598.1086238,41700523.20464552,501.2842380639997,17915199.297225345,103.78182469744293,41735592.210654795,89372711.69992888,0.0,3061.12198688566,3029.6705135793527,492.14426061113863,498.7805485722636,504.65494000770155,17926328.75518749,0.0,508.2693940723065,500.93992677539956,4105108.90962432,0.0,582.3295463552348,0.0,0.0,0.0,226.54429903280493,1749.4244567746691,1.3981047365836545,4149036.1031796443,8.16456289643848,0.0,Brute Force -Web
8192.0,5008209.0,4953704.0,80.0,1252052.25,112.0,4953704.0,5008209.0,0.9983608911,646.0,646.0,129.2,129.2,646.0,715458.428571429,1.5973774257,646.0,112.2222222222,386.0,121.3333333333,126.25,121.3333333333,364.0,364.0,364.0,54558.4444444445,233.5774913052,16.0,20.0,288.899982693,Brute Force -Web
8104.55097156138,4310524.305252415,4832326.224128233,77.11719834567384,1196516.6457062722,110.75566091150048,4905810.081418461,5959858.573178471,0.0,499.0654852096808,587.6403416601296,134.27794048993275,126.70728940347138,646.5554013942194,748826.7068449999,754.2202550696221,641.8650460096013,111.64115329142756,43766.7937820407,112.13943954785299,127.86251177629383,121.14777778880011,363.9556324348548,530.0272383559554,0.0,49986.75653748298,233.02981731022004,21930.24302837699,19.71246535229149,287.75438564786015,Brute Force -Web
2047.0,8.0,8.0,80.0,8.0,40.0,8.0,8.0,250000.0,0.0,0.0,0.0,0.0,0.0,8.0,250000.0,0.0,0.0,8.0,0.0,0.0,0.0,0.0,0.0,0.0,0.0,0.0,8.0,20.0,0.0,Brute Force -Web
8194.826198224748,4470072.28998341,4403065.6947511,82.09495063144378,1048148.4924494259,119.43780039762491,4479351.884152384,5858209.2741808295,452.85928212806044,568.1954873553622,305.6466154267511,127.63423743898068,126.88364898803151,630.3295153448372,1032472.7982549288,0.0,661.2584572048944,111.9103653554568,0.0,120.74546420881717,126.1934982756012,127.33545571449939,358.86602854379646,504.5267573675301,590.0863258579325,53336.818614585434,229.27807966219993,0.0,19.982438063736126,286.80021000531366,Brute Force -Web
-1.0,89479687.0,41990325.0,500.0,17895937.4,48.0,41990325.0,89479687.0,0.0670543249,3000.0,3000.0,500.0,500.0,500.0,17895937.4,0.0670543249,500.0,500.0,4000250.0,0.0,583.3333333333,0.0,0.0,0.0,0.0,0.0,0.0,4000250.0,8.0,0.0,Brute Force -Web
2051.0,83.0,83.0,80.0,83.0,40.0,83.0,83.0,24096.3855421687,0.0,0.0,0.0,0.0,0.0,83.0,24096.3855421687,0.0,0.0,83.0,0.0,0.0,0.0,0.0,0.0,0.0,0.0,0.0,83.0,20.0,0.0,Brute Force -Web
2047.0,83.0,83.0,80.0,83.0,40.0,83.0,83.0,24096.3855421687,0.0,0.0,0.0,0.0,0.0,83.0,24096.3855421687,0.0,0.0,83.0,0.0,0.0,0.0,0.0,0.0,0.0,0.0,0.0,83.0,20.0,0.0,Brute Force -Web
2047.0,130.0,130.0,80.0,130.0,40.0,130.0,130.0,15384.6153846154,0.0,0.0,0.0,0.0,0.0,130.0,15384.6153846154,0.0,0.0,130.0,0.0,0.0,0.0,0.0,0.0,0.0,0.0,0.0,130.0,20.0,0.0,Brute Force -Web
8192.0,68967.0,67266.0,80.0,22989.0,92.0,4939998.0,5008965.0,0.7985681673,646.0,646.0,161.5,161.5,646.0,715566.428571429,1.5971363346,646.0,112.2222222222,359.0,91.0,126.25,91.0,364.0,364.0,364.0,54558.4444444445,233.5774913052,16.0,20.0,323.0,Brute Force -Web
53.1636012490744,89237596.5426543,42389569.509469554,499.9231482719214,17568507.896577716,36.4602293884427,42092640.64135561,89929759.81418887,0.0,2944.119030654787,3098.4771754939497,501.01839354443587,502.3960863873946,499.8652038583278,17952691.897754904,0.0,494.89521622968874,508.1590697736736,4148340.427915116,5.298296543096948,576.8933460929883,13.899616768810612,6.295341549056307,269.65382032564025,1164.020285508198,849.8974604788308,11.368144424002123,3827817.985835472,8.14193323591805,2.1587336763409155,Brute Force -Web
-1.0,89479620.0,41990398.0,500.0,17895924.0,48.0,41990398.0,89479620.0,0.0670543751,3000.0,3000.0,500.0,500.0,500.0,17895924.0,0.0670543751,500.0,500.0,4002090.0,0.0,583.3333333333,0.0,0.0,0.0,0.0,0.0,0.0,4002090.0,8.0,0.0,Brute Force -Web
2047.0,4340.0,4340.0,80.0,4340.0,40.0,4340.0,4340.0,460.8294930876,0.0,0.0,0.0,0.0,0.0,4340.0,460.8294930876,0.0,0.0,4340.0,0.0,0.0,0.0,0.0,0.0,0.0,0.0,0.0,4340.0,20.0,0.0,Brute Force -Web
8177.51130151352,0.0,0.0,72.1988505051826,0.0,141.7568095469042,4748832.666955369,5605165.243509149,445.06282710597185,473.0769030043025,1010.3956488052886,156.346165498395,163.40099086183318,632.5707366671187,352527.9947965194,0.0,644.6713456965775,110.11568620850213,127874.5764278709,92.46180650902808,132.9463497987796,91.83604624608326,377.1425993710449,1713.1308394463504,129.7949279559794,54602.84023415189,226.30275066648443,320343.38992262527,20.092737991109797,321.21721381923766,Brute Force -Web
8192.0,56039649.0,1865436.0,80.0,366272.215686274,3104.0,1865436.0,56042044.0,2.7479368882,54442.0,54442.0,353.5194805195,353.5194805195,646.0,214720.475095785,4.6750614592,2920.0,518.1634980989,126.0,757.7314814815,520.141221374,757.7314814815,2920.0,81835.0,81835.0,191759.518967869,437.9035498462,3.0,20.0,270.7849934725,Brute Force -Web
2051.0301820936825,0.0,160687.89465628716,76.10336228050487,0.0,90.84346989972417,0.0,1128266.8982030049,251267.17456767143,526.2499568228607,135.8361279781579,0.0,0.3090412715566846,1.0402461346609242,65469.07514669708,250714.65590463512,3.5951140087051705,0.0,335442.4337367664,0.0,0.0,0.0,1.9927906560415243,678.079236530761,524.7473112952923,0.0,0.3529991182261135,85687.87055253967,19.862458655446044,1.1406807074284946,Brute Force -Web
83.82730494035744,88439666.4710391,41905428.16132815,505.15391621368985,18207048.449855424,77.72776756947337,42009691.940329194,89082684.48648733,0.0,3031.3891722612484,3198.929390794806,495.4779241654224,496.6768534596654,497.2252656688156,17964523.84814696,0.0,487.1936939947073,493.00604702060747,4061273.1830987907,4.254773356284929,577.6386082753272,0.0,11.187217253946159,0.0,332.49565536095247,0.0,2.42772588241289,3772540.5934818406,8.09988339514369,0.42621485106120727,Brute Force -Web
2047.0,82.0,82.0,80.0,82.0,40.0,82.0,82.0,24390.243902439,0.0,0.0,0.0,0.0,0.0,82.0,24390.243902439,0.0,0.0,82.0,0.0,0.0,0.0,0.0,0.0,0.0,0.0,0.0,82.0,20.0,0.0,Brute Force -Web
8178.256554829413,57448390.58971378,1143499.5115667167,77.44865456040377,46362.837774401705,3109.970656311198,430362.8723403645,56328822.544191085,1121.734752017628,54738.36718910045,55059.12804927379,358.8876466987483,355.1306973779083,646.8801922692899,159539.43425311625,527.250573875854,1079.4239899523534,486.69262110342993,6219.9543228772845,696.0738953924608,488.3769110454871,693.79898327035,1064.935726188168,71932.11093638312,72094.20006476848,129480.17874262515,359.00490741376467,517561.85043230845,19.94054674883397,270.08952638342873,Brute Force -Web
8192.0,55626407.0,1058282.0,80.0,365963.203947368,3072.0,1058282.0,55628072.0,2.750409901,54995.0,54995.0,359.4444444444,359.4444444444,646.0,217297.15625,4.6199695722,1068.0,494.0697674419,282.0,696.875,495.9922178988,696.875,1068.0,72475.0,72475.0,126262.726631074,355.3346684902,5.0,20.0,271.4171844443,Brute Force -Web
1961.4439767178612,0.0,79707.04321041305,78.09707211954593,0.0,80.72736347492273,0.0,0.0,14612.422077446907,733.9076729988716,22.597934229618946,4.321816969745612,1.3116549718132593,2.0068039406588056,534230.8561565304,13342.276347909792,0.0,3.765930499492743,0.0,0.0,0.0,3.6393566371185404,4.784364957102336,469.7506794405929,242.06099090171637,0.0,0.6523650855100115,48649.28641642456,20.015103001910262,1.3445116038164577,Brute Force -Web
8192.0,58658952.0,2014468.0,80.0,385914.157894737,3072.0,2014468.0,58660769.0,2.6082167453,54995.0,54995.0,359.4444444444,359.4444444444,646.0,229143.62890625,4.3811222454,1068.0,494.0930232558,275.0,696.9326923077,496.0155642023,696.9326923077,1068.0,72481.0,72481.0,126289.718939462,355.3726479901,8.0,20.0,271.4171844443,Brute Force -Web
8211.91442908463,55512819.80047903,1327800.557153124,76.29835825139813,540096.574302994,3074.7868924017484,319696.92446013086,55074021.07023798,74.61197640216037,54859.89713414447,55336.670256765414,360.1213014553485,361.11768244618366,646.5078128842592,468223.74412456685,0.0,1066.4328764889958,497.34665318558785,296968.0613421415,701.0932475946963,498.4316782295644,694.3329308552431,1048.7988924986926,72537.48261978904,72009.53500041197,127798.3331826201,356.3486557572838,0.0,19.91749516859795,271.26213287057567,Brute Force -Web
-1.0,89479526.0,41990297.0,500.0,17895905.2,48.0,41990297.0,89479526.0,0.0670544455,3000.0,3000.0,500.0,500.0,500.0,17895905.2,0.0670544455,500.0,500.0,4000269.0,0.0,583.3333333333,0.0,0.0,0.0,0.0,0.0,0.0,4000269.0,8.0,0.0,Brute Force -Web
8321.55178840187,55797190.89724505,1122083.753970402,86.14161541000226,529251.3150086998,3057.7500641092483,1429449.272711108,57530509.77719681,0.0,54697.25289132532,54882.4886417856,356.6706579579899,362.871843812632,646.5478589078594,198175.73945530667,0.0,1085.3467586354172,489.1315927771821,193368.69314402872,702.9059498724038,487.65671523120886,700.6922106561618,1051.9331858591027,73113.15155235719,71512.59206517796,128272.86896555813,355.6356698678156,116433.75113489619,19.829514352480846,269.3573293314538,Brute Force -Web
8179.16843508013,55643089.0921519,922963.5404381983,81.66136241134562,301561.0304276372,3079.7859791314368,750909.320658602,55692758.34395611,199.38179226386765,55521.217854702045,54814.40723516878,361.65756547139307,361.49822994253924,638.0139043282834,0.0,699.0684681823308,1064.6546616780267,492.51890737816126,0.0,706.9494687037067,493.5096483169137,691.978689801166,1071.3409740951163,72217.52181572145,73597.05286049415,127638.80767067641,359.48391100479455,0.0,19.9536623514868,270.53218582121445,Brute Force -Web
8192.0,65017.0,64038.0,80.0,21672.3333333333,92.0,4940116.0,5005133.0,0.7991795623,646.0,646.0,161.5,161.5,646.0,715019.0,1.5983591245,646.0,112.2222222222,259.0,91.0,126.25,91.0,364.0,364.0,364.0,54558.4444444445,233.5774913052,17.0,20.0,323.0,Brute Force -Web
2047.0,1131.0,1131.0,80.0,1131.0,40.0,1131.0,1131.0,1768.3465959328,0.0,0.0,0.0,0.0,0.0,1131.0,1768.3465959328,0.0,0.0,1131.0,0.0,0.0,0.0,0.0,0.0,0.0,0.0,0.0,1131.0,20.0,0.0,Brute Force -Web
8122.764475451524,56223077.97267516,1369663.9219138813,75.45956263005849,266748.4092620497,3113.679593607255,512283.82504651905,55662987.00528616,0.0,55175.77036364047,54366.92095430454,348.3926560524334,361.58610669659873,645.1161975190103,338680.96717728465,0.0,1056.938600784354,491.2873638340248,161075.36429345154,701.789571605985,503.1137941799448,696.4634973541721,1058.3817950443924,72388.98080443514,72992.67937324953,128490.61487751556,356.6848027098844,0.0,20.16528480330536,271.76055508604315,Brute Force -Web
-1.0,89479434.0,41990230.0,500.0,17895886.8,48.0,41990230.0,89479434.0,0.0670545144,3000.0,3000.0,500.0,500.0,500.0,17895886.8,0.0670545144,500.0,500.0,4000287.0,0.0,583.3333333333,0.0,0.0,0.0,0.0,0.0,0.0,4000287.0,8.0,0.0,Brute Force -Web
8236.045374706473,4010713.4075912423,4598091.041916305,83.27448365554928,1028594.418448694,74.71219642893664,4782851.378234926,3836991.335898698,547.7194575045773,567.8434478541125,360.16296562914033,134.71663690887289,138.5653858144952,642.6245520287073,844451.2918120129,1657.2219486472911,657.1389892371515,121.03213340201653,0.0,119.5907501119392,125.14494232659219,123.3902764311236,366.7084944798319,491.79845026713474,672.0073124885657,54841.31511576611,229.0867494597399,0.0,19.95237924406038,285.2976159356032,Brute Force -Web
8077.246237411478,1104732.4773377364,0.0,77.9907118468572,0.0,21.125407417024363,5089039.635923682,6267102.756991264,333.1810670552065,608.3829087454235,51.82281306687696,165.34256162464303,155.451650565052,645.2158523660506,360944.3410720816,0.0,640.1945160525345,105.10996189919533,0.0,95.9703743886599,122.02042044024088,93.75420509173954,370.7057257251795,0.0,888.228366716581,57497.754455517104,231.63209599040704,106991.67109923068,19.976457131839823,323.65365534884296,Brute Force -Web
8122.6856018099315,55306490.26960658,1100898.5436663737,79.516002839328,715377.3700281794,3059.112453850194,805596.0339631224,55849062.21548,0.0,54691.61661007511,55407.53914796492,356.4865971133794,358.6793445260741,654.8680611008454,272845.3869082971,1269.0337831154934,1054.3836074741791,496.7046748914784,0.0,699.3509137090149,490.5674092124999,704.5710036057186,1076.9675780257785,72601.66719916265,72852.02154896449,126387.81574838505,356.2149427544381,0.0,20.08877705264932,274.36129750308106,Brute Force -Web
8188.058787931695,57552851.28785933,1060003.3248554752,81.13578251810644,318775.7303311299,3108.431887469623,980534.1710270093,56007600.27799096,0.0,54969.491187934655,54933.530715552784,359.6785406948332,358.9745219525717,649.7636406680236,102394.03854624639,0.0,1079.8899475293956,486.2122497584489,0.0,696.8597652346853,491.6658416345301,693.7429641603233,1051.804444273993,72012.3781764756,72971.30131657112,126607.39139980804,356.38202163558753,0.0,19.990215714972205,274.0098518481787,Brute Force -Web
8110.60325204064,0.0,0.0,83.93118789556871,91105.42778829724,74.65345318705505,4799655.718358279,4810537.844672832,0.0,150.38383244094183,420.0619594718157,161.4088628273812,163.61508640810013,651.7693884208121,744931.8319858885,76.03557771184532,652.5512146609055,107.18577403343618,289071.39211598266,91.62644562842533,127.68187036385312,93.89236380150999,366.9305872900413,249.3679090382286,32.43492910837813,50758.353537494855,234.80088042944996,0.0,19.911006945622482,323.11117502138023,Brute Force -Web
2003.9403479272762,0.0,381463.7579279592,79.8019010560778,191331.4056992453,48.96834400461313,380308.7743480109,0.0,85977.77499465439,0.0,0.0,2.9529726230740616,0.0,0.0,211156.59347930324,86583.40433807818,11.418837277610502,6.876912301007645,105183.73133809624,0.0,0.0,0.0,0.0,252.60824052634166,1125.4730183312718,0.0,0.7441408526192052,0.0,20.01728190357441,0.0,Brute Force -Web
8237.728086907808,55674414.427702956,1283121.83615532,78.02453552817637,624220.7283916954,3124.8554494934106,221148.70745990297,57303234.34113727,27.41429172231613,55378.471740535504,54444.454131036466,359.37872974431394,363.93402571304176,636.4488406942869,5750.962214061321,1026.4827939920897,1069.4587946361432,496.3294051914973,0.0,702.2218513233817,502.29430578501075,693.6958023346072,1057.7536568844962,72167.89635527856,72173.90365381801,122769.50496280027,351.9595776196081,196822.1884451256,19.9330526535795,266.2378019270093,Brute Force -Web
37.71943151108899,89152065.34383574,41976723.57039884,501.3504002960421,17987745.692849036,44.727868806905754,41908848.683759905,89721668.35287322,577.2725409046069,3258.9036756972846,2602.0147462625914,500.24902747699093,498.1033190712363,507.83091046229475,17700014.867331892,1724.143428151881,499.2143175940077,498.3191592222495,4440837.17396041,2.41944961887358,590.077622911799,0.0,0.0,0.0,26.352923954942995,0.0,0.36283848964624255,4000575.430230372,7.9098882453005315,0.0,Brute Force -Web
2171.741762862482,1057171.1633895128,611930.1196702331,78.1350447594785,97135.24861562518,74.28461936562772,0.0,983309.80377762,7372.641728420629,774.6452366553045,3.701103930530802,0.6172857600966606,2.957101061999346,0.0,218979.0424543531,8627.778951054279,0.0,0.7188241590337465,0.0,7.70092371469758,0.0,0.0,1.22354109601722,0.0,0.0,0.0,1.186561238653644,0.0,20.025813534852542,0.0,Brute Force -Web
8192.0,55782.0,54685.0,80.0,18594.0,92.0,4952707.0,5008489.0,0.7986440621,646.0,646.0,161.5,161.5,646.0,715498.428571429,1.5972881242,646.0,112.2222222222,390.0,91.0,126.25,91.0,364.0,364.0,364.0,54558.4444444445,233.5774913052,24.0,20.0,323.0,Brute Force -Web
2028.2033248077746,0.0,0.0,84.37994046820442,0.0,24.48179219268478,1023671.4042265138,0.0,15012.327892661458,0.0,925.6160541190765,7.177046168413136,3.5046355875489006,0.0,66655.08292563874,13613.045476556048,13.280791382867136,0.0,250223.05143858594,0.0,0.0,0.0,0.0,0.0,68.843072363312,3933.0871378650527,3.9106917149446745,0.0,20.092541175270007,4.684687006595349,Brute Force -Web
8193.930348751504,6596102.419794517,5026852.504544745,82.84385837523645,700793.3491988253,100.35351919524608,4991071.896466905,5437020.544013306,154.21953400982238,1101.7667603519735,74.27056713768116,130.61903487077413,134.5813788067253,641.338732780508,521294.5238654498,0.0,630.4381734035896,111.39780883701282,27995.511713713866,123.4143957704976,127.4737555532749,116.98513270506517,380.27975586119373,414.12856614008365,619.3518824417365,56615.78623739379,232.1930222131658,0.0,19.87247995231945,291.7888040912348,Brute Force -Web
98.629811973884,90355795.8969883,42251759.900786445,505.27907571519165,17718040.248894703,34.37435750436885,41631208.545261,90260432.39956157,934.7624976945095,2499.0069716209646,3020.783334956778,502.59644743544715,503.6112247815001,486.529630790696,17907970.557074763,1608.7471929269768,500.61452062494084,501.1873118775778,4215928.92560594,0.0,582.3778033844363,7.7596575807665324,0.0,0.0,0.0,0.0,0.0,4105038.621419368,7.87099579472375,1.8206623053576227,Brute Force -Web
-1.0,112638867.0,56320621.0,0.0,56319433.5,0.0,56320621.0,112638867.0,0.0266337906,0.0,0.0,0.0,0.0,0.0,56319433.5,0.0266337906,0.0,0.0,56318246.0,0.0,0.0,0.0,0.0,0.0,0.0,0.0,0.0,56318246.0,0.0,0.0,Brute Force -Web
8188.170310776319,57337812.34958442,814814.817842501,81.97077130844517,337440.97836877865,3074.4838793147333,689671.5601107982,55639574.398180135,0.0,54471.085785828196,54577.08326104281,360.9080005819786,369.83540508576203,646.826593153726,190293.63347035885,1552.097435676774,1061.953561973766,495.9391834188525,0.0,712.6609241594939,500.9586359927329,695.3125370835148,1067.0044118553737,71912.20060464661,72569.85342827877,123963.51135977475,354.2904993570787,0.0,19.899772020713463,273.4910352517567,Brute Force -Web
8157.077298344941,55437786.495917596,1436812.0168903833,75.87444456437852,858626.1978285417,3094.2368238322492,828404.5882366137,56957825.98373723,1775.449966812778,55211.797769708355,54895.19660765948,355.25433407842996,357.30101058951595,645.5201365278069,0.0,0.0,1075.2050855528819,497.48549248024955,118478.35566843611,691.3842367425988,495.9938633243303,700.8814042397406,1075.6777110281146,72473.981199747,72307.70603896522,126675.05689039224,359.77928678549745,0.0,20.04496307303764,269.26188161459726,Brute Force -Web
8121.507673844324,4256652.151792931,5975554.494627921,74.95081735627198,3293598.450592483,88.48897755907596,5893833.624413457,4424107.853772166,0.0,0.0,0.0,0.0,0.0,3.7448423514084803,1919735.4704619672,1356.3385668742314,0.0,0.0,0.0,5.500651086048245,12.492535208535593,0.0,0.0,180.18020465759304,344.0668492641064,2506.919684074638,0.0,375251.0906677872,19.922018783327502,0.8871664161748068,Brute Force -Web
8192.0,56704756.0,1127463.0,80.0,373057.605263158,3072.0,1127463.0,56706281.0,2.6981138121,54995.0,54995.0,359.4444444444,359.4444444444,646.0,221508.91015625,4.5321258151,1069.0,494.1240310078,421.0,697.0096153846,496.046692607,697.0096153846,1069.0,72489.0,72489.0,126325.011793805,355.4223006422,4.0,20.0,271.4171844443,Brute Force -Web
8156.491639416655,5094126.125715384,4890054.416783371,83.19141722167984,1466814.885025285,92.62136853233925,5005540.350066572,4994894.781965679,0.0,113.61385262869419,950.1646900615765,131.8857901791139,125.49604674234637,638.7488589485636,1029492.3290034541,684.3474924611731,654.1252635954176,120.24842044837968,0.0,131.3534414539503,118.68043500357706,118.48977068099563,362.13319037323316,119.82679416085915,319.4400645906655,54724.27485959225,237.67055656114277,440281.94479231874,19.997135829754885,283.76790161193793,Brute Force -Web
27.491041841027332,89249200.52904865,41992528.350744635,501.74862522179063,17892947.676256992,9.171911480353401,42023158.37969217,89746108.61250962,22.784225274591126,2753.4163855879724,3162.837080640308,507.64814460387737,496.96563855348677,500.3825451388637,17967702.01878897,0.0,498.95553536408755,495.96009598182104,3762310.322706868,10.114974145722337,579.0856841690378,5.6059140805736405,0.0,121.22057339397209,0.0,0.0,2.7507852756330067,4346271.0308417035,7.916909739034136,3.193843542031111,Brute Force -Web
-80.11340460653109,89944518.67487776,41835147.826531805,501.9291508284205,17764254.97071108,50.106969984107565,42251149.36414716,88574260.93259925,341.18801617758135,2779.383875561727,3915.0997032100854,503.0943155353333,499.1962976567341,496.0470510689152,18090104.03994322,0.0,510.02466377143395,493.4169271481959,3832552.730799911,0.0,584.8558304912648,2.6555211742874154,0.0,474.42853150319434,0.0,0.0,0.5432221624638407,3899563.6313412604,8.026780062808715,0.5581877786238261,Brute Force -Web
8158.066519998649,62251028.75299139,2297093.9013943267,79.95262622895206,433795.7014088831,3113.6709527872954,2049994.0020118128,60663761.50874637,856.6829728786992,54836.3223001415,54845.77800114043,360.24570832651614,358.82547407521724,646.4274835315567,117602.84780768279,0.0,1082.0424359527833,497.5496893641506,203501.40650789367,697.2771071993755,493.09784588727877,696.0449222830462,1056.437891458607,72644.58189535126,74917.22592906938,127834.3706719183,356.3780392182063,0.0,20.074487748341383,274.66380509134126,Brute Force -Web
8162.540633961925,3648838.8226342793,5182719.962298254,79.75703404961779,1413174.1347034222,109.81784586849993,4906937.986250742,5114834.531540215,895.4416894312875,1836.3349873938885,1294.813938278835,129.40313872381452,128.60250188242227,649.0507702896384,888074.783914361,1102.5830810317814,644.115222221464,112.70458147711321,217629.48148462188,123.4831444173045,121.75205083053491,112.82636051353025,361.8792064949416,1329.1077022182703,0.0,56700.03706479032,237.94906536256852,0.0,20.03196752923192,294.70940659026706,Brute Force -Web
-21.86904619231229,87555336.4749774,41757256.92215081,498.41577478951876,17693683.39645576,41.49616127395713,41648862.19908325,89463731.92384881,0.0,2871.927548610176,2284.4548426855627,496.848240908699,500.1796778732164,499.548647855681,17747518.897136983,631.4485689604353,499.9932880474738,493.22457891630427,3853217.1276255334,1.742985800581179,588.5797692681738,0.0,0.0,116.32800786570782,0.0,3374.1415581531637,0.0,4088628.51823275,7.924443209306907,0.0,Brute Force -Web
1979.4926982237369,1198863.239789475,0.0,79.46141372264584,66534.58873750248,24.282040526390958,156967.4195801895,0.0,24559.511515026916,0.0,0.0,6.871047919564143,1.9206799030368957,0.0,182271.21507917042,25059.66339871514,5.51548531146401,0.0,0.0,0.41166083359025735,0.0,7.1039168653663225,15.099950602543364,131.21263298551062,0.0,0.0,0.0,0.0,19.99123360618759,2.598748328593236,Brute Force -Web
-1.0,112640956.0,56320505.0,0.0,56320478.0,0.0,56320505.0,112640956.0,0.0266332967,0.0,0.0,0.0,0.0,0.0,56320478.0,0.0266332967,0.0,0.0,56320451.0,0.0,0.0,0.0,0.0,0.0,0.0,0.0,0.0,56320451.0,0.0,0.0,Brute Force -Web
8157.550337784568,566616.5827399914,282816.58955888345,80.512304164777,39234.41323755309,98.44430163550393,5260966.215231467,4842278.497390485,0.0,365.10415920515646,408.28074166884426,163.0163119184234,159.31395000555366,639.4976288808617,806575.5075692517,1065.9231585783725,644.0304655115351,107.91238715493049,268601.338483821,91.91633946890968,127.14506455699997,82.66285984330072,351.1420985687786,558.0319688293373,951.1723550676822,50407.393061829214,233.79218274350671,0.0,20.102774083829708,324.3070156649744,Brute Force -Web
2030.2763734454581,837938.2914058153,0.0,78.84287738713485,0.0,50.82539211712055,130431.72655667807,0.0,47.43821254981026,0.0,0.0,0.0,3.018354727068935,6.278461653639317,0.0,1714.5844367185357,1.7707805318128131,8.482966825733445,130265.2500681313,0.0,4.046506081096848,10.028178230240668,0.0,0.0,32.953099747948094,0.0,0.0,0.0,19.886219304264184,2.9797148031229175,Brute Force -Web
8192.0,57758972.0,1388542.0,80.0,379993.236842105,3072.0,1388542.0,57760693.0,2.6488601859,54995.0,54995.0,359.4444444444,359.4444444444,646.0,225627.70703125,4.4493925999,1068.0,494.1317829457,272.0,697.0288461538,496.0544747082,697.0288461538,1068.0,72491.0,72491.0,126334.161554007,355.4351720835,4.0,20.0,271.4171844443,Brute Force -Web
2047.0,114.0,114.0,80.0,114.0,40.0,114.0,114.0,17543.8596491228,0.0,0.0,0.0,0.0,0.0,114.0,17543.8596491228,0.0,0.0,114.0,0.0,0.0,0.0,0.0,0.0,0.0,0.0,0.0,114.0,20.0,0.0,Brute Force -Web
8124.765237800349,55825255.711909965,634118.265962211,78.29547239291769,383549.4066496515,3053.401579535446,1786912.173793775,57705303.47202185,577.0552935548608,54911.41239781324,54844.327355004265,356.6119758392131,365.2327755083778,639.0729444253194,177757.34382460424,0.0,1079.0927582814058,498.6967190208302,0.0,689.5021093991592,496.8201234303088,694.9348396921486,1067.4784319179716,73119.40527942628,72945.72122366665,128050.659177343,352.9190255385041,0.0,20.152904928557543,269.26348523768263,Brute Force -Web
-1.0,89479700.0,41990352.0,500.0,17895940.0,48.0,41990352.0,89479700.0,0.0670543151,3000.0,3000.0,500.0,500.0,500.0,17895940.0,0.0670543151,500.0,500.0,4000335.0,0.0,583.3333333333,0.0,0.0,0.0,0.0,0.0,0.0,4000335.0,8.0,0.0,Brute Force -Web
128.75338563294846,112663658.31943089,56267944.9953735,0.0,56210453.40348364,6.920318282642422,57112763.01675691,114682648.86355966,0.0,22.930077558441617,0.0,0.0,0.0,8.749485400831066,56560933.57251416,0.0,0.0,0.0,56111195.7854502,0.0,0.0,0.0,21.826545761711664,0.0,132.4675357082378,0.0,0.0,56387498.11413562,0.09545520421281452,0.0,Brute Force -Web
2046.252338624643,483933.37885971105,0.0,80.8293810731672,0.0,68.61572297044641,0.0,486505.3798978889,90563.88521970906,550.6415538352171,25.892713204243112,0.0,3.5769081431827745,10.407734618004199,0.0,90279.83375406648,3.092314316059563,8.637157397799115,0.0,1.9783118991996114,0.0,0.0,0.0,0.0,0.0,3025.996417395802,0.0,0.0,20.193749743739115,1.4329332983292193,Brute Force -Web
8192.0,60765.0,59550.0,80.0,20255.0,92.0,4947809.0,5008574.0,0.7986305084,646.0,646.0,161.5,161.5,646.0,715510.571428572,1.5972610168,646.0,112.2222222222,427.0,91.0,126.25,91.0,364.0,364.0,364.0,54558.4444444445,233.5774913052,19.0,20.0,323.0,Brute Force -Web
2086.7495749452883,0.0,0.0,73.87238476548983,0.0,5.639588048781512,0.0,1341457.9521952753,16201.408540948984,151.54690695387515,0.0,0.2788443615819583,10.01143234617891,0.0,0.0,17465.686594019608,0.0,0.0,86684.07732462742,2.627220368011214,0.0,0.0,1.488626362259153,0.0,0.0,0.0,3.222995045075409,295192.89145293523,19.997177245512624,0.0,Brute Force -Web
8132.092471919011,342905.1015055503,409196.6225437232,74.59242696991473,232857.68918203044,85.3522826931669,5093051.07117782,4037180.513815691,0.0,0.0,726.8977293346253,163.74920639618637,155.64704705406476,650.722189605806,604685.9560392628,0.0,650.1724477902304,110.5267795690122,0.0,93.67860701773179,127.57657525206963,85.20916302958567,337.4269583249921,1375.2370914372664,0.0,53596.54770599163,232.84595301065883,0.0,19.88678093059375,319.61619202224415,Brute Force -Web
2051.0,209.0,209.0,80.0,209.0,40.0,209.0,209.0,9569.3779904306,0.0,0.0,0.0,0.0,0.0,209.0,9569.3779904306,0.0,0.0,209.0,0.0,0.0,0.0,0.0,0.0,0.0,0.0,0.0,209.0,20.0,0.0,Brute Force -Web
8105.5807086318455,0.0,318931.26759541244,77.17887374052292,62827.42616320636,42.31184211619544,4509804.669417173,5188166.399454719,0.0,155.18228917063243,529.5977922845212,161.68367056517772,167.3149535590394,642.7239771482878,382052.07931817096,0.0,620.1713389918464,112.44703031660237,0.0,96.26018804505071,123.11017995395004,90.9461196613571,356.848360963387,566.8579822178704,0.0,58868.0041874868,232.43569206183548,0.0,19.977930173245102,324.88642184725404,Brute Force -Web
2018.7221798143594,0.0,501592.76957967837,82.35814567164444,0.0,77.39280234764169,0.0,0.0,286798.9053190086,869.4627886108167,611.0813858036802,0.0,3.374720915462385,3.420806270295989,135517.8492006548,284934.66688555095,9.47273031751538,1.178306313016283,0.0,2.974239859358521,0.0,4.268986136076271,10.937304415741632,0.0,330.51476927900853,3496.687609653909,0.0,120751.60561076061,19.941922051810252,0.0,Brute Force -Web
-1.0,89479722.0,41990318.0,500.0,17895944.4,48.0,41990318.0,89479722.0,0.0670542986,3000.0,3000.0,500.0,500.0,500.0,17895944.4,0.0670542986,500.0,500.0,4000231.0,0.0,583.3333333333,0.0,0.0,0.0,0.0,0.0,0.0,4000231.0,8.0,0.0,Brute Force -Web
8135.4601356308995,55753408.63392904,1378553.7395314402,77.95898218336272,785442.5344840288,3087.9370128938767,2185798.6389894825,57164401.95368594,0.0,54941.992377417366,54896.87545604647,359.9225817400009,360.97293546100985,647.9917627256995,173777.1051650565,1036.6593758164063,1062.839873014731,497.6670718180849,0.0,705.6809572818756,489.50034676115064,688.849067920532,1069.0436486483372,72590.32814245505,71567.85601419449,127835.5095975873,355.3058144391203,194109.80615035465,20.082153860544405,267.7109333814066,Brute Force -Web
8187.305394395816,56754282.927071206,840945.2480673017,90.23355425388532,49897.202150989964,3076.14709347054,622030.1184261149,56591087.66001629,0.0,53953.55310601115,55187.9068524363,360.29045401827335,360.64502037077114,645.8148338772229,486817.93814884115,328.026314372499,1049.6712489297533,494.22243519404515,0.0,696.5336078567415,494.9203842014776,696.0054678583524,1084.2405379986326,72153.08998093921,72789.2936445706,129177.49400440323,355.97938046307047,279436.7889629362,19.90045042016373,269.5579447857228,Brute Force -Web
8056.496814347929,57381025.91790705,1360771.9548898095,83.08024714225192,387650.39499429567,3077.153113516889,1291584.703198015,57709458.84003075,1130.0829169948895,55189.73624768266,55144.89908751327,358.74863474561914,357.07940010934027,639.818459651199,261622.9050350076,1060.5713520649488,1077.4664851637967,487.13527208382254,749507.5358335957,704.1825864751838,496.9636396959447,695.4780632281613,1082.9719018788953,71741.7653677626,73310.24007885768,126728.45312158923,355.37159904200945,32494.612334055386,20.13202501730927,273.88323199388634,Brute Force -Web
8111.2955604259405,57576509.68131172,918583.8899191644,80.87491952777087,63749.90808204439,3061.5457538402375,1282623.7022028167,57039071.76418979,0.0,55426.34030367529,54522.684449708155,367.13948627284896,363.91918684908126,659.5870536278018,232734.11096078504,353.64734669973666,1064.0871828138413,493.79883803478054,176255.6756119102,700.7659469612682,492.26373166798925,690.8060692874947,1051.3795883531684,73629.74792462167,72787.16620585842,125750.38330637726,353.9863651497142,0.0,20.038677745540117,267.86007518716656,Brute Force -Web
8192.0,56650946.0,1112676.0,80.0,372703.592105263,3072.0,1112676.0,56652503.0,2.7006750258,54995.0,54995.0,359.4444444444,359.4444444444,646.0,221298.83984375,4.5364279845,1068.0,494.0503875969,280.0,696.8269230769,495.9727626459,696.8269230769,1068.0,72470.0,72470.0,126240.72507767,355.3037082239,5.0,20.0,271.4171844443,Brute Force -Web
-76.54637764948397,90462525.08822374,42427822.14111571,498.387762008053,17910034.64788601,97.39438923351202,41940718.54590993,90004823.284909,1638.0331395551339,3146.7256938007354,3645.273702592046,503.58555219785796,497.7930091443048,502.0603436027782,18336397.804751806,0.0,506.85245779459575,501.64839468378995,4045850.4841885855,0.0,580.001022634312,19.439768898066216,5.893346861396348,0.0,0.0,1177.8339492810255,0.5429916857225355,3828684.9889355474,7.857857250931044,0.0,Brute Force -Web
128.0262996674251,89438442.29391287,41969538.921531335,498.5595253411464,17568957.439468388,65.54178112856206,41742523.825300306,89230831.78304555,0.0,2232.3040343818193,2996.287941840985,504.3953410322187,505.3334684879479,509.19969488432713,17994428.30536948,1240.2701581891931,498.1571357978226,497.66000646223796,3785714.090744927,6.709287915325663,591.2937491803063,4.300129520193109,0.0,427.03798983578855,599.0355678617273,0.0,0.0,4171364.28201023,7.797719032616031,0.0,Brute Force -Web
2051.637265119791,487684.46494726534,0.0,77.52199043510541,273051.4635926709,47.891068017989745,12561.806058047174,0.0,81199.44301268358,359.91432995980733,814.6223853745732,0.0,0.0,0.0,0.0,79972.13557334353,0.0,0.8972740058195319,220341.86445699178,0.0,3.6137454130432474,0.8023431449268629,3.9620503507733096,0.0,0.0,1189.6856235395403,0.0910036395724596,0.0,19.902040298517573,2.561586714812477,Brute Force -Web
2098.708947095657,223423.04278591863,291176.14995763265,83.98089289162249,0.0,27.421061963470567,443170.0776413301,0.0,17691.52173951972,231.26021456886772,791.4231392078412,0.0,0.03747644933287089,9.432529560506248,15341.512659634986,18569.851841557636,0.0,0.0,5871.4654893370125,2.1499062988342943,3.2686740607796,0.0,20.33463329986049,0.0,96.68707828107347,1437.8399050067026,0.7282153861769056,212145.54041583266,20.013996453736333,7.238618706500823,Brute Force -Web
8192.0,59641.0,58622.0,80.0,19880.3333333333,92.0,4948678.0,5008319.0,0.7986711709,646.0,646.0,161.5,161.5,646.0,715474.142857143,1.5973423418,646.0,112.2222222222,394.0,91.0,126.25,91.0,364.0,364.0,364.0,54558.4444444445,233.5774913052,18.0,20.0,323.0,Brute Force -Web
253.0,335116.0,163350.0,31808.0,83779.0,100.0,92083.0,335116.0,14.9202067344,3488.0,3488.0,697.6,697.6,1168.0,37235.1111111111,29.8404134688,1168.0,445.0909090909,150.0,134.4,489.6,134.4,560.0,672.0,672.0,193629.090909091,440.0330566095,150.0,20.0,452.9158862305,Brute Force -Web
36.39674285848962,87508958.2499184,42082936.21954978,504.75886984083456,17780456.37428388,25.203827710739198,41846194.89692173,89727010.15848938,0.0,2936.5944965203107,3003.3766837659664,499.9808218830737,499.7960169166968,498.6947219716429,17709459.30429117,538.5064679243976,507.1726472048323,508.1368630438741,4427382.450025909,0.0,581.7401913912835,0.0,0.0,0.0,0.0,751.020505989353,3.5142437852470225,3966930.1714876946,7.903603140717698,0.2183581271578177,Brute Force -Web
2103.734636473026,0.0,197521.0929364918,85.09703423445015,0.0,16.588730644569388,0.0,0.0,7350.33140205712,0.0,0.0,0.0,0.0,0.0,0.0,7737.66545043401,7.8769751219537545,0.0,0.0,0.0,0.765777116574821,7.252226568576795,0.0,0.0,0.0,360.5484034718985,4.551062296521107,348055.07630470314,19.99421405000564,0.0,Brute Force -Web
8295.256749090911,55958793.2267615,1475011.185622655,86.53196132888937,597655.7686094212,3053.740300803542,741253.0154509961,56440697.62920628,0.0,55315.382294242845,54685.937133589934,359.0602608760501,356.761723907479,642.7461066042239,415050.01622145774,410.3778832327353,1068.2818454840535,500.564326742473,235122.7124825287,688.9675630449701,503.97693160837855,689.1606346907424,1063.181865470376,73074.46565980796,73619.20995075372,129187.90982588551,350.97621088956726,396290.7747337847,20.21715312274814,273.7276298893742,Brute Force -Web
8231.551781413376,57098945.51315009,1732856.842863043,83.3807006011378,524064.97052109917,3050.3083533977647,1928443.971464991,57341474.58526637,0.0,54372.47220653111,55508.03659175972,361.60209333244734,359.7512763375343,646.3406584006158,0.0,0.0,1087.135542056427,491.6088278885487,0.0,703.5064901874385,496.90196893036494,701.4869453685016,1056.167731796907,72656.55334090217,71983.41207256568,128767.1491837254,357.95720654220526,0.0,19.98136682969936,269.1912696433368,Brute Force -Web
15.662844034561772,88631597.74395359,42176338.71147216,503.3582176604044,18040264.884270016,61.24438851145372,41659150.76658232,87125316.86663336,573.9114270609131,1817.290603620628,2516.855580784879,498.5979723145193,498.32221011170645,506.9494927981737,17962602.4022067,193.16715444783586,507.3638765346534,502.30453976936707,4099972.3315372076,2.1856864263122833,578.2053259117449,0.0,3.345155440155147,256.2350513423861,0.0,673.93019115917,4.708915122367887,4195459.092825615,8.139995424632673,0.1255986447702022,Brute Force -Web
2122.219336715012,0.0,0.0,79.93439686036817,0.0,62.82108737565492,159763.73924828344,1762789.625590647,0.0,0.0,187.35291881677475,0.0,5.116861225241738,0.0,87536.8972223194,88.22323663954839,2.0403382260481364,3.390907332421715,2849.578519651459,0.0,0.44726451394294436,10.160745565974164,0.0,173.5578406383313,566.4897741955822,3554.016692685315,0.0,205991.46389933047,20.25564185042266,0.0,Brute Force -Web
-63.71796794507148,90121280.2546999,41932594.724990286,500.14380880600237,17891720.73731992,57.02598464543533,41995729.9476133,88775964.8137079,127.07616591433575,3536.8620220022426,4248.455571999549,500.35970556571124,497.2547214066916,498.6477887287824,17761787.912966672,1025.1673591101196,501.9437710798367,495.45210967513776,4030191.436445308,1.8259838764507406,584.1981568294426,4.032298378938999,0.0,202.2076756696556,0.0,2482.0416951775096,5.365696420945721,3922300.981378569,8.130686849730981,1.7748665448483512,Brute Force -Web
1897.6507368344785,0.0,339878.7442949865,79.0901062966575,0.0,34.015462825112444,0.0,53815.94864770112,14072.443056309488,986.865200938231,265.42393745884937,0.0,0.0,3.3560880497201464,98693.25888008458,15677.231558843956,6.127346360811035,0.0,160195.61677201177,1.650077345825564,4.8299825889953825,0.0,0.0,41.85918244281255,202.6474302188852,1682.399383378552,0.0,476904.1556902946,19.776042889889126,0.0,Brute Force -Web
8234.309310121409,8894756.703691225,1851366.2357468808,78.71961242756439,593169.0472935289,434.38358959410886,2218739.327308806,8608232.183907967,0.0,5870.765406118364,6416.944915868381,262.87087583239213,265.22335422256685,643.0814289759442,459159.7636569707,0.0,2914.938597380239,587.0824856161167,0.0,1023.6881039563731,596.6755995260108,1025.4129634779522,2910.351544579833,17161.168032752186,17810.69162608193,581985.416232468,757.9632372094802,302696.63913570956,20.000227689308055,255.3097865840184,Brute Force -Web
8223.03874263457,5231668.396250711,5669883.840908553,82.5682400889691,2624167.124379557,83.58796047816521,6137762.8223232115,5227055.43593144,0.0,0.0,22.228179745667674,6.661971664458052,4.633331502029374,5.6823710469925865,2160947.5887304135,33.70871765450737,0.0,0.0,0.0,0.0,2.2533778995066798,0.0,0.0,0.0,0.0,1311.766507706861,3.0477097884492466,0.0,20.074575658033062,0.0,Brute Force -Web
8192.0,56783713.0,1125874.0,80.0,373577.059210527,3072.0,1125874.0,56785256.0,2.6943613673,54995.0,54995.0,359.4444444444,359.4444444444,646.0,221817.40625,4.5258226889,1068.0,494.0736434109,332.0,696.8846153846,495.9961089494,696.8846153846,1068.0,72476.0,72476.0,126267.119069164,355.3408491423,5.0,20.0,271.4171844443,Brute Force -Web
2047.0,140.0,140.0,80.0,140.0,40.0,140.0,140.0,14285.7142857143,0.0,0.0,0.0,0.0,0.0,140.0,14285.7142857143,0.0,0.0,140.0,0.0,0.0,0.0,0.0,0.0,0.0,0.0,0.0,140.0,20.0,0.0,Brute Force -Web
-20.902471030911098,89313104.26925316,41761232.13905942,505.91386237128546,17549431.634655602,79.60168443460934,41949238.92994817,90817780.1499397,788.295590651342,2243.3979612999597,2964.175821919321,499.5520020826821,494.2625612402229,500.3132097405201,18338386.165719647,0.0,502.1795873936575,491.95379423147864,4026465.699200812,4.6368177017265255,588.446800681807,0.0,0.8005762878952005,0.0,0.0,3781.1543296877453,0.0,4211104.172154675,7.878513572819358,1.5933043467441275,Brute Force -Web
8300.870687922448,4918402.497667533,4837840.205180994,80.21437447099491,1762031.9678340775,92.98570746049514,5040227.359378982,4876151.897207834,0.0,805.6335615311606,915.0313577018298,132.7123448432406,128.19441523704916,653.8239941684232,385016.406677041,0.0,647.2983207483352,118.87732778571373,102448.13910428672,119.1542822432086,123.70098254180704,115.64116927394358,367.1610561191455,307.2288909260023,810.6220039973468,51957.08329742985,241.19453168187425,0.0,20.057266707974147,283.930455928562,Brute Force -Web
8225.252912860693,57483014.62278702,1938616.872265535,77.664238820296,293107.4641076668,3096.2838727366043,1365002.5510707248,56994706.45489289,492.8548874387728,54723.65477166975,55258.44140816283,369.1139444304156,359.76751108011365,634.935136709742,185843.09329422715,610.2616528816101,1060.4516852499003,495.3602686313235,252635.64683210631,693.8039892039133,501.0728079165016,695.0090295695319,1068.0924156494166,71482.92543464899,71796.63490715869,127481.5891187829,356.2815266730322,0.0,20.078268648303297,271.35471753952487,Brute Force -Web
8192.0,63388.0,62000.0,80.0,21129.3333333333,92.0,4945223.0,5008611.0,0.7986246087,646.0,646.0,161.5,161.5,646.0,715515.857142857,1.5972492174,646.0,112.2222222222,356.0,91.0,126.25,91.0,364.0,364.0,364.0,54558.4444444445,233.5774913052,17.0,20.0,323.0,Brute Force -Web
1930.683785646052,1205194.8031801523,212738.54512197035,79.40441005991879,36989.135688942806,51.480241356454925,230247.21532218266,0.0,19543.16964587173,549.2769155408243,131.76300318685858,0.0,0.0,0.0,0.0,20069.800134038593,5.6347695854847775,0.893643947688227,247407.2888214991,2.997460336357739,5.7745526606948845,0.3229845069371204,0.0,97.9709140232455,14.128264015078727,491.2641907912383,0.23840353057509378,0.0,19.913150423233095,0.0,Brute Force -Web
-1.0,89479974.0,41990587.0,500.0,17895994.8,48.0,41990587.0,89479974.0,0.0670541098,3000.0,3000.0,500.0,500.0,500.0,17895994.8,0.0670541098,500.0,500.0,4000459.0,0.0,583.3333333333,0.0,0.0,0.0,0.0,0.0,0.0,4000459.0,8.0,0.0,Brute Force -Web
8192.0,55108.0,54119.0,80.0,18369.3333333333,92.0,4953089.0,5008197.0,0.7986906266,646.0,646.0,161.5,161.5,646.0,715456.714285714,1.5973812532,646.0,112.2222222222,353.0,91.0,126.25,91.0,364.0,364.0,364.0,54558.4444444445,233.5774913052,15.0,20.0,323.0,Brute Force -Web
2047.0,153.0,153.0,80.0,153.0,40.0,153.0,153.0,13071.8954248366,0.0,0.0,0.0,0.0,0.0,153.0,13071.8954248366,0.0,0.0,153.0,0.0,0.0,0.0,0.0,0.0,0.0,0.0,0.0,153.0,20.0,0.0,Brute Force -Web
8192.0,55127.0,54207.0,80.0,18375.6666666667,92.0,4953175.0,5008302.0,0.7986738819,646.0,646.0,161.5,161.5,646.0,715471.714285714,1.5973477638,646.0,112.2222222222,381.0,91.0,126.25,91.0,364.0,364.0,364.0,54558.4444444445,233.5774913052,19.0,20.0,323.0,Brute Force -Web
-106.36356878051804,90996996.05346134,42342059.57144651,498.05677305368476,18023074.558826614,59.00878400254779,41688218.014410086,90521789.77373633,707.1874343898879,3525.1175963560495,3269.753841714812,507.4778059626854,501.6106682724459,505.65078250297597,17971576.62716051,476.1144176693289,510.4094087426448,501.1325584050806,4295268.149850285,0.0,584.7467859853876,0.0,0.0,0.0,0.0,177.7081874196641,1.547721389947945,3885940.4369864436,8.088830419127925,1.0477622051290123,Brute Force -Web
-49.191951425928124,89046557.7462295,42272648.19054557,501.1178403133226,18026530.27385906,16.043311451450386,42103274.02947988,90280415.43675247,1191.3960009213647,2809.727452911361,2871.7714812151503,497.93208737251916,498.96933480658737,506.12450177146786,18169034.105872735,688.9026645667714,483.1119745214931,497.10748690458854,3764507.9993574,7.55386951699139,579.8769413825381,0.0,6.973500429472155,0.0,116.70300724355548,1335.5141932854447,3.5387334550615193,4049200.9240176873,8.045869775635088,0.0,Brute Force -Web
2047.0,98.0,98.0,80.0,98.0,40.0,98.0,98.0,20408.1632653061,0.0,0.0,0.0,0.0,0.0,98.0,20408.1632653061,0.0,0.0,98.0,0.0,0.0,0.0,0.0,0.0,0.0,0.0,0.0,98.0,20.0,0.0,Brute Force -Web
-0.616511510612137,88379193.45522672,41834562.80896969,498.72821959588526,17859566.21113689,57.674731033234075,41664243.48768279,88958446.44204915,142.85153627895966,3949.0696289465905,3439.8568641912343,500.24868367597594,501.28886687553995,502.19652080293196,18224416.884312477,0.0,489.86552648214183,495.37790154580307,4204575.24827074,5.1528654686879785,588.0401110025703,0.0,6.7869733082374655,0.0,0.0,0.0,0.0,3824954.5985904406,7.925144179950698,0.0,Brute Force -Web
1995.945102023798,537214.180680594,0.0,79.11797481266275,0.0,66.59655808952104,0.0,0.0,95032.55732293437,34.642696858703815,364.61588970349146,2.523588152091305,0.0,0.0,67709.55844176169,93823.03878573701,2.4000568673098397,6.3221231062920635,166153.29449036552,0.0,2.1081776452186016,8.085002998312014,0.0,0.0,0.0,657.65267356669,1.547644516662677,315.9578742767174,20.076801862027676,0.0,Brute Force -Web
2051.0,438.0,438.0,80.0,438.0,40.0,438.0,438.0,4566.2100456621,0.0,0.0,0.0,0.0,0.0,438.0,4566.2100456621,0.0,0.0,438.0,0.0,0.0,0.0,0.0,0.0,0.0,0.0,0.0,438.0,20.0,0.0,Brute Force -Web
8219.798532935076,57400161.61518811,1972556.912417797,75.1481955420886,615852.6771838267,3083.6432357990266,1419028.2833799026,57252704.33840811,0.0,54600.72226082548,54803.18898493953,363.2022342123202,362.34823758799166,651.9641560095599,248655.14064021508,0.0,1060.1549938180947,493.68689809302236,0.0,692.7698410631812,497.29800584446616,695.5850380213044,1053.1299092583872,72201.48176236586,70693.81454811635,126009.70784272604,351.82154698369584,0.0,20.117775911423863,276.29618467614165,Brute Force -Web
8232.807176005097,57592020.1102833,1226838.8517825168,78.73416604014533,720800.3368645827,3075.1498957659505,427890.0642833677,57375239.13189329,47.75938098809522,55164.34524872882,54945.600312081064,359.6217924065137,358.6877532714071,647.027516689056,180126.91456805714,486.2559621635072,1087.5221206262456,497.42604288327794,1300.4976225438681,709.1467512206743,489.1405756877387,694.5709889974114,1070.2806616866983,73565.63266688887,72521.83816124304,123802.61573900396,353.036078842214,0.0,20.05345326977479,270.86662664857334,Brute Force -Web
-1.0,89479580.0,41990357.0,500.0,17895916.0,48.0,41990357.0,89479580.0,0.067054405,3000.0,3000.0,500.0,500.0,500.0,17895916.0,0.067054405,500.0,500.0,4000320.0,0.0,583.3333333333,0.0,0.0,0.0,0.0,0.0,0.0,4000320.0,8.0,0.0,Brute Force -Web
2047.0,150.0,150.0,80.0,150.0,40.0,150.0,150.0,13333.3333333333,0.0,0.0,0.0,0.0,0.0,150.0,13333.3333333333,0.0,0.0,150.0,0.0,0.0,0.0,0.0,0.0,0.0,0.0,0.0,150.0,20.0,0.0,Brute Force -Web
8192.0,5004064.0,4940676.0,80.0,1251016.0,112.0,4940676.0,5004064.0,0.9991878601,646.0,646.0,129.2,129.2,646.0,714866.285714286,1.5987005762,646.0,112.2222222222,339.0,121.3333333333,126.25,121.3333333333,364.0,364.0,364.0,54558.4444444445,233.5774913052,18.0,20.0,288.899982693,Brute Force -Web
8192.0,56462081.0,1143666.0,80.0,371461.059210526,3072.0,1143666.0,56463629.0,2.7097089349,54995.0,54995.0,359.4444444444,359.4444444444,646.0,220561.05078125,4.55160259,1068.0,494.0930232558,284.0,696.9326923077,496.0155642023,696.9326923077,1068.0,72481.0,72481.0,126289.360962809,355.3721443259,5.0,20.0,271.4171844443,Brute Force -Web
2047.0,112.0,112.0,80.0,112.0,40.0,112.0,112.0,17857.1428571429,0.0,0.0,0.0,0.0,0.0,112.0,17857.1428571429,0.0,0.0,112.0,0.0,0.0,0.0,0.0,0.0,0.0,0.0,0.0,112.0,20.0,0.0,Brute Force -Web
8213.665149110157,0.0,0.0,76.62409368481583,0.0,113.23294379853101,5574286.28431121,4552893.640657011,0.0,366.82917377214034,195.40295714990322,162.5534644100298,167.2263762920275,646.2777757243447,800527.5357626806,0.0,632.1737269018358,111.45539840091529,263573.04165809246,93.2995488857417,116.53235596563135,80.56359847933173,359.3591003891433,422.1908004971,0.0,53288.519261468864,232.9845831881387,0.0,19.940400927181802,324.55015475581985,Brute Force -Web
2025.8858550383995,199610.05331710438,0.0,82.93682856810386,0.0,74.25726079763575,139112.5852609879,0.0,2384.3569610975214,41.24868926186223,0.0,0.0,3.5643762027196786,0.48411039747622275,79219.63555201002,2639.0197500032014,0.23459930083733824,0.0,0.0,2.2334875123803495,0.0,2.51923950139333,0.0,0.0,0.0,0.0,2.9253069930570623,0.0,19.859139061824738,2.4699325027767975,Brute Force -Web
8192.0,100379.0,61324.0,80.0,25094.75,112.0,4944697.0,5045076.0,0.9910653477,968.0,968.0,193.6,193.6,603.0,560564.0,1.9821306954,808.0,194.5454545455,321.0,234.4,214.0,234.4,808.0,1172.0,1172.0,86586.6727272727,294.2561345618,18.0,20.0,278.1318032876,Brute Force -Web
1947.9730684079216,212623.43222750156,656231.0069942741,82.20893159441992,0.0,11.953792732874295,0.0,0.0,286030.94348447584,440.810961252408,183.81896780997928,5.103013274928893,2.5765340641420162,0.0,0.0,285513.98019530653,5.2113025418725485,5.073111785661962,142782.07292479122,0.0,0.0,0.42029951843671254,0.0,544.0400154735493,395.0706484658341,3686.010398388596,0.0,175912.45360572534,20.1076687504736,0.0,Brute Force -Web
1915.6353130025454,0.0,562197.4272365267,76.72209013478037,0.0,85.52777507724468,23745.593104906526,1246423.288368423,167569.40400275108,435.41558530426096,0.0,0.0,8.700167317798272,0.19917804485310997,764701.2582831894,167266.38896864973,6.029656699284887,0.5790659141272085,66024.55168975596,3.5166958199256277,0.0,4.394425467820756,0.0,636.5429127341422,337.4210557521474,0.0,0.0,160278.06461815603,20.007707469231413,4.288240529427738,Brute Force -Web
8192.0,61857.0,60210.0,80.0,20619.0,92.0,4945147.0,5007004.0,0.7988809276,646.0,646.0,161.5,161.5,646.0,715286.285714286,1.5977618552,646.0,112.2222222222,356.0,91.0,126.25,91.0,364.0,364.0,364.0,54558.4444444445,233.5774913052,18.0,20.0,323.0,Brute Force -Web
2047.0,998.0,998.0,80.0,998.0,40.0,998.0,998.0,2004.0080160321,0.0,0.0,0.0,0.0,0.0,998.0,2004.0080160321,0.0,0.0,998.0,0.0,0.0,0.0,0.0,0.0,0.0,0.0,0.0,998.0,20.0,0.0,Brute Force -Web
8210.386994847913,55922764.26110525,901987.2846481793,80.23547735322299,609905.3597452573,3060.025839116046,775974.6268608449,56104937.31874636,0.0,54155.12513013623,55013.20546240386,358.5944103461222,359.2978262300099,641.1484624476877,168908.45550019236,0.0,1089.3519262454572,477.9790945442825,0.0,694.8572235377039,499.0437154681281,700.5258100284478,1070.991125526322,73001.66527442222,72356.80130324034,124619.3629454559,350.6932780593251,0.0,19.862860244036153,271.5565759413722,Brute Force -Web
190.41134127415907,89876091.18561302,41681301.29159452,491.49687512261124,18019719.046813887,85.34799893434891,41795212.32950103,90114894.90267204,0.0,2752.2648030883015,3163.302763746491,502.0355592042947,506.1530022632084,497.9006058958431,17688367.504368912,833.7729697883935,484.3923647885542,500.63581368295104,3947362.338684074,11.739195472843564,587.3155263356066,0.0,14.505251340348318,469.689394609717,91.10884181190305,1301.5962061181488,4.119800277670556,3982955.7995887143,7.984980447806515,5.150976853107343,Brute Force -Web
-1.0,89479555.0,41990296.0,500.0,17895911.0,48.0,41990296.0,89479555.0,0.0670544238,3000.0,3000.0,500.0,500.0,500.0,17895911.0,0.0670544238,500.0,500.0,4000183.0,0.0,583.3333333333,0.0,0.0,0.0,0.0,0.0,0.0,4000183.0,8.0,0.0,Brute Force -Web
8127.536943321529,4248421.395744789,4920131.33464452,78.21781590062238,1249932.695692964,77.32953623050221,5368076.109402449,4638870.602522633,338.7235662155447,1443.0387804426587,0.0,129.5207974919501,130.22099628870546,651.0814141886373,952263.7242875609,378.95634515081184,650.5572666802449,111.43373913656754,0.0,119.5580785575723,128.68068078842796,123.30187904823089,356.9244768356634,696.8927501442912,1044.0926097522142,52995.1794639683,229.92530247453294,0.0,19.859794372203023,286.9431281343882,Brute Force -Web
8162.944361263552,0.0,305739.3918721727,77.71241320258297,217552.9531946865,83.41551109137984,4612255.723944268,4762739.347426259,0.0,188.28890740284413,640.8141903285867,161.41989240003196,163.02817385766681,652.2505305848654,480258.35522721376,2103.8132148601344,635.0879578800145,114.34177493119631,169722.04943413736,81.12818061348496,129.28871685440163,81.47755808721848,353.76114381567703,0.0,674.0308856163404,53543.60417929451,230.8817735893681,174041.4237938721,19.97700921299287,324.01783615659053,Brute Force -Web
2051.0,24.0,24.0,80.0,24.0,40.0,24.0,24.0,83333.3333333333,0.0,0.0,0.0,0.0,0.0,24.0,83333.3333333333,0.0,0.0,24.0,0.0,0.0,0.0,0.0,0.0,0.0,0.0,0.0,24.0,20.0,0.0,Brute Force -Web
8192.0,54669.0,53635.0,80.0,18223.0,92.0,4953748.0,5008417.0,0.7986555433,646.0,646.0,161.5,161.5,646.0,715488.142857143,1.5973110865,646.0,112.2222222222,341.0,91.0,126.25,91.0,364.0,364.0,364.0,54558.4444444445,233.5774913052,16.0,20.0,323.0,Brute Force -Web
17.493700251104414,89307048.9798182,42323355.98365445,497.3477570730131,17748835.989470772,10.414998828533221,41688457.53180502,90162158.53382121,1621.3137037857202,2970.327010982174,3273.423665594554,505.24443346403626,500.53464827411443,497.3486106983481,17692834.0206902,484.49163207244396,495.7797685553564,502.4682063158138,4020449.6979660993,0.0,580.06010859619,1.375883831283588,4.441071219143112,0.0,479.0404161244703,3953.92824127634,0.0,4414129.785069749,8.033499858853764,0.0,Brute Force -Web
2051.0,13.0,13.0,80.0,13.0,40.0,13.0,13.0,153846.153846154,0.0,0.0,0.0,0.0,0.0,13.0,153846.153846154,0.0,0.0,13.0,0.0,0.0,0.0,0.0,0.0,0.0,0.0,0.0,13.0,20.0,0.0,Brute Force -Web
-1.0,89479515.0,41990410.0,500.0,17895903.0,48.0,41990410.0,89479515.0,0.0670544537,3000.0,3000.0,500.0,500.0,500.0,17895903.0,0.0670544537,500.0,500.0,4000238.0,0.0,583.3333333333,0.0,0.0,0.0,0.0,0.0,0.0,4000238.0,8.0,0.0,Brute Force -Web
8248.642170620353,0.0,450227.8019925353,78.35502623801757,51389.55255809838,85.58977284477636,4880603.400046024,3939780.3564928235,505.3340097918873,533.8424730090454,450.28481963380466,162.86477963493036,161.4408464541544,654.3727508889233,455910.88006687985,0.0,640.4357074608286,113.12701790976294,0.0,90.68098458351248,135.74034176137792,92.83427643638014,369.08608372325705,898.0383537249681,965.8653877010244,56640.91047986988,237.64301207159164,0.0,19.969636115039368,323.2442219254985,Brute Force -Web
8155.735862710008,6387547.184776007,4431692.450932723,79.91297706106201,1715894.7047533179,96.09849911802169,5501203.160111674,4567168.360774313,306.74797694460557,859.1240317929125,535.4737799307621,124.33470558575907,126.18721637071634,640.3875001245741,789996.0063449278,0.0,640.2916417107613,107.32474360982289,435680.40699184226,115.78183500563968,123.99334036334794,112.15829181469209,347.134684015516,315.49595006787155,165.07152011736886,54312.65766665154,241.0420037792418,0.0,19.969166726247185,288.46919723129065,Brute Force -Web
8192.0,56847651.0,1173769.0,80.0,373997.703947368,3072.0,1173769.0,56849604.0,2.6913116229,54995.0,54995.0,359.4444444444,359.4444444444,646.0,222068.765625,4.5206999155,1068.0,494.1201550388,339.0,697.0,496.0428015564,697.0,1068.0,72488.0,72488.0,126320.853210871,355.4164503943,4.0,20.0,271.4171844443,Brute Force -Web
2047.0,168.0,168.0,80.0,168.0,40.0,168.0,168.0,11904.7619047619,0.0,0.0,0.0,0.0,0.0,168.0,11904.7619047619,0.0,0.0,168.0,0.0,0.0,0.0,0.0,0.0,0.0,0.0,0.0,168.0,20.0,0.0,Brute Force -Web
-30.554747448554146,91208566.2190365,42069322.105666585,507.58370827663475,17862384.361587096,18.608219769272278,42224039.46379877,88786131.98810044,0.0,3147.334244127872,2414.4799196086383,502.2917414383253,491.9164500181982,490.0933396366272,18003280.774713665,0.0,509.02576864822385,499.9882674128307,4066669.367017369,0.0,588.528611196486,0.0,0.0,0.0,0.0,0.0,1.115868080877171,4170099.716335863,8.110964330015207,0.0,Brute Force -Web
2047.0,88.0,88.0,80.0,88.0,40.0,88.0,88.0,22727.2727272727,0.0,0.0,0.0,0.0,0.0,88.0,22727.2727272727,0.0,0.0,88.0,0.0,0.0,0.0,0.0,0.0,0.0,0.0,0.0,88.0,20.0,0.0,Brute Force -Web
2106.6101196084646,335778.0035029457,0.0,80.078699512997,212264.4093784137,62.38329201048266,0.0,0.0,91079.7473972578,866.0322159640026,0.0,0.0,1.791251658192461,0.0,278371.97239443817,90378.01766804403,0.0,0.0,0.0,0.0,5.985703417490957,0.0,0.0,732.6037053009333,0.0,0.0,5.355590201486555,308488.1261948561,20.01930327766509,0.0,Brute Force -Web
2155.791574262778,1459277.4131691412,0.0,80.91789070576618,0.0,38.90297527877023,0.0,554807.0296930303,155734.93385488505,0.0,0.0,0.0,6.567095247860766,0.5489118452967501,264582.40850174974,154010.645509804,5.103047406070409,0.0,0.0,0.15234108575552702,5.008498337971467,2.2798320109606327,0.0,0.0,314.4659390420462,0.0,4.56989912581236,0.0,19.747161273558017,0.25877639228384547,Brute Force -Web
2116.7400209259717,0.0,737080.6191509156,82.77917026669118,0.0,30.03950670442744,94544.67341410558,0.0,29407.147396464235,302.4438903848591,176.70681971331214,0.4349251884656085,0.5184352948054518,6.541740808277775,377537.3621325668,27270.70121504597,22.846043370924374,0.0,0.0,8.967599160215336,2.0910316369881805,3.267219271857025,0.0,41.83251750661589,0.0,0.0,2.600228546602667,0.0,19.81609712638525,0.0,Brute Force -Web
2053.8323320589866,1020157.188754096,0.0,77.17179227705965,0.0,0.0,0.0,0.0,76540.59285495774,0.0,0.0,0.0,0.0,0.0,0.0,77270.76526310502,0.0,3.8692490276587006,0.0,0.0,0.5899027007929747,0.0,7.960637421749694,214.95107381554826,0.0,3327.635879069631,2.5944506835722128,146456.42868039824,19.881598077708126,0.0,Brute Force -Web
-119.69480192590024,89156193.99350604,41721602.889748596,496.5537837060423,17526962.031568408,35.900100285313826,41503804.12591278,89143675.65006495,449.9551183145932,2637.5774229523813,3412.6588618166356,499.2110611272796,501.1654103138303,495.3413220168401,17794009.19048012,118.99217099962756,489.1891852479651,507.11712505970576,3563616.596139821,0.0,590.1590409602562,0.0,6.442484872767381,0.0,0.0,333.22644440731017,0.0,3945507.557289356,8.068460346468598,0.0,Brute Force -Web
8166.642523817236,5154933.294115223,5214318.489193678,82.00385591480361,1426389.5244379367,106.3147491609508,5036491.146888275,4815888.373434457,0.0,17.873441259515857,0.2091907886926947,132.6645353675883,130.3835809934369,651.6067449877704,650773.9075842921,0.0,638.4014737786677,117.00740556355343,0.0,128.9509411251561,120.89992919973446,121.3441838432536,371.8048172459728,1548.3881670964356,0.0,53735.08983495388,228.83616996551874,0.0,20.076839118413908,284.78144215203093,Brute Force -Web
8216.116885993806,6378825.679575921,5387931.611037613,79.74152182507338,1323546.7331051994,120.21956873898155,5030726.236265349,5747020.855722586,1187.9719420520753,745.9521447402448,530.4982339387595,122.45014608666652,130.29282632540784,638.3606221226484,601039.1968373965,0.0,643.3067595411339,108.14094421048442,63012.26571463047,118.51171356869305,127.55929239992203,118.80709385874108,371.42336311531403,224.8401683488529,121.95168783659969,55302.367092671615,226.62179487055917,0.0,20.009892201002785,288.1149565001205,Brute Force -Web
8174.428366907571,57375799.326304555,898783.6237763779,79.45206851050678,320502.4441018914,3070.8898707726744,1480059.8255774612,55765191.180335194,8.600351914118491,54837.594366074525,54620.974233564084,364.1593459965601,365.1609650193131,645.5548371969544,482750.20414122305,0.0,1069.8117395678598,495.91497816506836,192955.98574054957,707.0368639890963,487.4528987867104,695.9584126706584,1069.8102626411262,73517.03691879164,72202.60138307916,124747.33591172994,353.6571154763605,0.0,19.99616808342552,266.67397461788164,Brute Force -Web
153.37552950697403,88734240.45060202,42149215.64684345,501.57230338468383,17976312.233665362,69.03504776719367,42272408.24618824,89242938.43733442,0.0,2237.4615579110823,2692.0611082284095,494.21782929259643,495.8493084689866,483.85857315667397,18043015.89362839,0.0,493.7860697564613,497.6387183709656,3878514.0565570723,0.0,581.2584109967369,7.8205000246569725,0.0,0.0,164.18533317203602,0.0,7.102634258044146,3853736.5428351243,7.955857441302215,2.876197926562741,Brute Force -Web
8245.807000542874,1579567.0909254027,0.0,79.4580515638716,349650.2061123064,46.86168335192511,4586045.663043042,6310791.055550041,0.0,118.63516503079518,90.98468587562309,155.81723756523164,160.46021541938168,653.320916156848,628606.0143577061,0.0,629.9900574915138,117.50688459937457,81464.50637045305,89.57662283163148,118.38242369263497,77.76157739715174,350.29929874020996,0.0,1041.0663212971767,54497.859035724316,235.47497907729817,103540.51489226562,20.114912733007877,325.8745510818206,Brute Force -Web
-1.0,89479058.0,41990392.0,500.0,17895811.6,48.0,41990392.0,89479058.0,0.0670547962,3000.0,3000.0,500.0,500.0,500.0,17895811.6,0.0670547962,500.0,500.0,3999708.0,0.0,583.3333333333,0.0,0.0,0.0,0.0,0.0,0.0,3999708.0,8.0,0.0,Brute Force -Web
-24.123240319007756,90042654.22003007,41866972.482569225,500.3547335089978,17904365.957261913,73.12811540783986,41800981.77060743,89797708.094009,64.92303973598774,2912.6630677115745,3477.144580270788,498.8399368754109,499.64006746479674,499.3177117023812,17582898.206038013,212.83904758305457,505.00734835314057,499.34019787475404,3762914.857318986,0.0,578.6278151052903,9.715025706772021,1.9897237436088893,1022.5437208454288,466.08380466064307,143.9932511873949,1.59672985124592,3908491.2693164954,7.993693997395101,0.0,Brute Force -Web
8324.340150607659,206181.33871904755,444580.1361244914,78.30187733632135,327938.9963023608,79.33462311297862,4589487.184212293,6737038.558577436,705.960292435125,0.0,206.50184854487617,160.23749371978778,159.78990904389693,642.3812765123105,655305.3904683717,911.4736664293324,632.7155745698685,101.20865639426066,0.0,79.76666123235356,133.06317062694382,96.49365682543286,352.53970699108675,274.75464707688076,1009.2336937326133,60598.89854128697,237.5659029584526,191811.7442503808,20.160971190588196,325.5980542741542,Brute Force -Web
8086.803854666424,6755166.654668955,4892365.868539325,78.79039469417347,1129264.6543922839,95.80961212541263,5284994.850153828,4928286.761395777,129.21723554539813,633.2409403160233,904.4182203281366,129.15205466516105,124.50064907668738,642.346222756153,740594.8518003451,0.0,624.2862431845855,110.59691157765735,166857.18997954813,111.91246292231682,127.09442252944537,122.9748170318679,353.9330535732875,1060.8614407808564,0.0,52165.09736990127,235.83831805460156,0.0,20.03370471648885,289.77790701352575,Brute Force -Web
8172.287248753829,3970428.7629735842,5185349.7110483665,81.04172666370566,1251373.907781423,131.46082013822382,4785734.517312092,4487828.072728463,0.0,765.0417716011824,427.8625065959226,126.98015291320642,130.0673707328557,645.2117232129996,990701.3019438364,9.115187562442106,644.416777036218,111.58488573532433,101666.69057766172,117.68966997946593,125.02295664333992,130.39112076688664,353.83848483708397,315.73729905999403,414.78673828910024,54135.75002255888,238.78162831094255,0.0,20.059634424751376,288.6774261390457,Brute Force -Web
1996.459377102926,0.0,461490.8138454415,81.98175124441437,155895.65653469888,99.62683231311777,0.0,85189.94980280157,606.617211679111,14.527383298866358,0.0,0.0,0.0,5.57054317168147,101861.88851368045,591.4284990073523,11.18987978977904,0.0,137978.99618042336,5.247244718964065,6.494501234630134,2.927799259173579,0.0,0.0,0.0,0.0,0.0,0.0,19.971076676876756,0.0033610838235115644,Brute Force -Web
4.402064224734327,88625070.27170163,42185876.08137683,503.6335456959782,18157585.0814361,46.25781141762844,42377352.4562084,88912524.30139138,0.0,3433.4380964594684,3052.3123910982004,498.8986333431636,500.30097622937086,506.562205646238,17682320.705023743,0.0,492.8277003607902,511.8728893250131,4013847.973450222,0.0,578.5616975607938,0.0,0.0,0.0,481.5131121585839,0.0,2.699635921478654,3900864.5730782384,7.975211220818844,0.0,Brute Force -Web
2047.0,113.0,113.0,80.0,113.0,40.0,113.0,113.0,17699.1150442478,0.0,0.0,0.0,0.0,0.0,113.0,17699.1150442478,0.0,0.0,113.0,0.0,0.0,0.0,0.0,0.0,0.0,0.0,0.0,113.0,20.0,0.0,Brute Force -Web
8157.058641229953,28624438.589142017,2428801.137547802,80.6675641756838,0.0,1415.1110584461596,4673993.474039793,33780176.10406931,0.0,25597.42859588364,24371.89418033146,343.10508719562887,344.12540613617654,653.2287684736965,308251.97516573354,0.0,1067.9846085577558,472.3301977423732,0.0,686.8440470762201,479.09405133603764,675.5930738593161,1067.9729610520283,32405.308201930056,32418.225480022047,130338.18105451013,358.86756762439893,0.0,19.916270561135846,277.83050473115753,Brute Force -Web
8073.715711218415,55778346.59404326,1300891.638307163,79.4763384420191,140929.34517936927,3057.0740758556626,770848.7117933999,55492099.86895829,0.0,55127.67687581265,55297.97063782132,347.9446832978196,362.688390592188,644.1781430424955,172683.65478641455,0.0,1077.6597770371495,497.45289953289205,0.0,702.5531083006914,484.702692802236,692.812499474529,1073.5774639064891,73921.5939107915,72535.35957450114,131036.01288538935,360.05907383833704,0.0,19.803685471480055,270.2202801202576,Brute Force -Web
8192.0,56352737.0,1087857.0,80.0,370741.690789474,3072.0,1087857.0,56354394.0,2.7149613214,54995.0,54995.0,359.4444444444,359.4444444444,646.0,220134.3515625,4.5604252261,1068.0,494.1162790698,378.0,696.9903846154,496.0389105058,696.9903846154,1068.0,72487.0,72487.0,126315.885259253,355.4094614093,5.0,20.0,271.4171844443,Brute Force -Web
8192.0,5005975.0,4937783.0,80.0,1251493.75,112.0,4937783.0,5005975.0,0.9988064263,646.0,646.0,129.2,129.2,646.0,715139.285714286,1.5980902821,646.0,112.2222222222,416.0,121.3333333333,126.25,121.3333333333,364.0,364.0,364.0,54558.4444444445,233.5774913052,17.0,20.0,288.899982693,Brute Force -Web
23.4865124732521,89159166.54855062,42407151.14568232,497.17480761710453,17780134.712749746,36.648272996287815,41551548.28110804,90021959.12875873,504.67142209548746,2933.6704750217,3365.3603812430524,494.79896593946756,496.0535748610191,498.09365849185593,18123551.893354725,0.0,498.25113808412334,501.92177982524817,4198100.450820958,2.3022480218905326,585.798810931109,2.2100233249374006,9.568465907694817,494.55848558174927,421.5783260087291,0.0,5.681603470802389,4176139.6501894076,7.975576899866136,1.654767073196038,Brute Force -Web
-27.027931936638016,111703301.66935694,56169243.66255445,6.269881986553321,56429696.59309858,32.33510479200211,57176205.73709691,111409059.25469635,727.8472004837233,0.0,33.38629399980905,0.0,0.0,0.0,56496934.7146496,0.0,0.0,4.873919056237767,56550992.5098843,6.639239466717626,0.0,10.075867355443382,7.740698709552361,0.0,0.0,3028.0119885557356,2.2132447237880988,56494808.697831646,0.25745142287858663,0.0,Brute Force -Web
2047.0,108.0,108.0,80.0,108.0,40.0,108.0,108.0,18518.5185185185,0.0,0.0,0.0,0.0,0.0,108.0,18518.5185185185,0.0,0.0,108.0,0.0,0.0,0.0,0.0,0.0,0.0,0.0,0.0,108.0,20.0,0.0,Brute Force -Web
-39.38124263243782,89947510.06408668,41913396.708481066,499.54802817337657,17717887.311785042,23.528649813344416,42196659.96737051,89618226.13880117,0.0,2091.0257958475813,3304.3297315016957,508.5605972648238,495.1425479629693,496.7757863593362,18055327.80027851,152.88081844362506,505.019947256489,504.7552439586854,3905555.461811102,0.0,597.0773754117497,0.9574295170206019,18.493357085929556,0.0,826.7478164824057,3402.5319245933333,0.0,4152226.7521649585,8.19187697896113,3.047112350600699,Brute Force -Web
-152.86868979067043,90604737.34185949,41970713.99031103,495.72877032522257,17720039.95632584,67.54323597885501,42005414.37709446,89702068.85434291,1205.3054499821164,2976.113179128087,2363.550454254607,494.78016254741055,497.50515426932697,502.28984673224573,18119524.38991281,817.2237321939226,501.1631617651765,499.52969146397646,3808963.20514301,4.937115466850485,585.0482179308478,0.0,7.523514669965675,0.0,201.95230467586106,0.0,0.0,3657447.7708739126,8.206932656724605,1.0509361360631297,Brute Force -Web
2047.0,159.0,159.0,80.0,159.0,40.0,159.0,159.0,12578.6163522013,0.0,0.0,0.0,0.0,0.0,159.0,12578.6163522013,0.0,0.0,159.0,0.0,0.0,0.0,0.0,0.0,0.0,0.0,0.0,159.0,20.0,0.0,Brute Force -Web
8138.060759974018,4521497.978817612,5914751.520456826,89.48498416955208,2754440.7822252098,53.44098835260979,6151594.964824282,5703421.393941653,0.0,131.62025143398648,0.0,0.0,0.763577726026915,0.0,2207163.3303959854,0.0,1.7853320813002926,3.8316985818382543,0.0,0.0,1.0756592411971584,4.66315479603512,0.0,0.0,49.4955543072473,0.0,4.675633196849061,0.0,20.137886251849345,5.067154079873044,Brute Force -Web
8076.347325802243,0.0,387440.7668308008,80.32998155582035,81197.76780501663,122.28277426248833,4625463.008389904,5151723.990659124,504.23722080535435,1065.2047425147289,725.0521989632181,156.48377157607283,162.36872315190698,643.0302335478023,806344.7532331411,181.29315890273367,636.8980493222235,116.53728586336764,0.0,87.14643186044151,131.52490578959208,92.129437803799,367.33646665189445,0.0,0.0,57286.25649615233,237.25750799467272,0.0,19.994859803345598,323.1846595889151,Brute Force -Web
8192.0,70459.0,65993.0,80.0,23486.3333333333,92.0,4952048.0,5022507.0,0.7964150174,599.0,599.0,149.75,149.75,599.0,717501.0,1.5928300349,599.0,107.0,366.0,91.0,120.375,91.0,364.0,364.0,364.0,48532.0,220.299795733,19.0,20.0,299.5,Brute Force -Web
-1.2161110090443703,88216477.74339676,42296656.432754934,501.9898356648789,17849292.924844056,90.5596977044655,41325660.30139931,89441804.31782791,0.0,3183.903568616407,3846.243485260904,495.91787887665134,503.1086871019262,503.93209376736075,17545462.951202203,852.6564236570724,508.79903872249093,494.72990692984826,4258242.352196088,0.0,583.9602806360431,17.817207626439746,0.0,0.0,0.0,1292.2257976571716,0.0,3830369.58232187,7.884295170069568,0.0,Brute Force -Web
8147.355817579591,3555350.179102919,5431018.024938804,80.79040315483644,992514.6743303221,136.75287042379063,5485700.169973969,5200804.986733351,245.2157021679212,1299.1316082639405,0.0,132.80670326966356,124.34102442438727,647.5816286821861,774120.8265414989,0.0,646.4836613587923,110.24102791250851,42265.00209719975,122.01884701220658,128.28811569592753,119.81276587165645,388.8453523944669,173.74886761481963,170.58278878374014,52770.40836451754,234.38459776577625,177658.47654083112,20.288998840278712,290.15008372327804,Brute Force -Web
8165.477395368061,4755500.564821413,5733138.559478886,80.82930545448275,1017856.5620802352,129.37619325372805,5820497.399518203,4991345.505952716,0.0,463.18966517620225,36.34842862018354,125.86092253657198,127.25763174402607,649.6349545272218,685239.8977787216,0.0,647.4056056483416,111.8809956807037,250787.94544886024,121.09365166406997,131.84272567311967,125.43420268046842,354.28753299622275,0.0,1198.1139679754826,55846.524479681735,236.38057655527894,0.0,20.186633518577008,289.16291396110415,Brute Force -Web
-1.0,89479007.0,41990148.0,500.0,17895801.4,48.0,41990148.0,89479007.0,0.0670548344,3000.0,3000.0,500.0,500.0,500.0,17895801.4,0.0670548344,500.0,500.0,4000847.0,0.0,583.3333333333,0.0,0.0,0.0,0.0,0.0,0.0,4000847.0,8.0,0.0,Brute Force -Web
44.07715014802683,112633295.84152274,55927730.20336,0.0,55826908.05398021,8.02401116257539,55542182.69511641,112037496.40256602,67.71180119369957,194.08647206159577,0.0,0.0,1.5424337544508326,8.935775856489894,56392445.70709245,0.0,6.008270116551475,0.0,56418790.00384776,0.2917685928976782,2.948893414196832,0.0,0.0,221.03455777485385,176.99686165737424,1990.3718774802628,0.0,56610418.99706119,0.0,0.0,Brute Force -Web
8206.639683194478,0.0,0.0,79.14005630356161,0.0,234.86901424291946,5017565.054954297,4971100.399224605,826.428748775903,3028.6891951083085,2736.514046509931,214.40529272239198,214.81752076957952,404.75697019175294,0.0,0.0,2904.245927646147,644.8930062962028,0.0,1059.8609833684711,683.4371257814379,1064.5611615024138,2916.921252643003,12300.895247204313,12917.96905107041,894697.4051807837,948.0257555632223,50782.666342440185,20.13766089648991,186.32593443088354,Brute Force -Web
8321.965191133717,375684.09459841554,0.0,76.40454238356405,26157.72190627023,65.27872292051504,4667888.069802718,6193701.412013865,1176.8981110214827,604.1965866050134,508.1787476411929,157.7684252687327,154.35719945702505,640.5706807380789,489302.2415464079,1302.688757839914,660.0585117739014,111.9709831020236,0.0,100.0801853206465,118.17035627350697,92.85987420501581,368.97788040296285,105.4693941698041,0.0,55962.64306577579,228.08580390686612,0.0,20.10104617970673,322.74983344179026,Brute Force -Web
8315.164387503966,622910.6072748232,194679.44495973783,78.11303519028127,424267.2888365171,123.37746786787598,4415177.979023576,5342488.887909743,0.0,711.8872042699534,0.0,154.61105621347062,162.3504901097005,646.5784539298498,604325.1438484329,678.9724400599171,648.7340946595983,106.68397776187045,0.0,99.67932528170407,128.86382140502286,94.25418159396264,364.9421155046776,608.3724082822657,1285.3459267650337,52047.53255496781,232.9213777774708,189788.85422662942,20.102782658172156,320.0460798474709,Brute Force -Web
8112.9416870911955,57706414.598803334,1274115.427350907,79.64425177633156,340809.5454569272,3081.066703508572,854669.8055064844,56711491.267896675,552.5279194697973,54745.59767790784,54018.65585484614,358.40529109416633,362.26866875745804,642.7877477709173,679172.4355761369,307.2995962838054,1079.3526062344429,492.03436833243495,0.0,696.9464962138737,488.5785382313492,685.7440637716107,1060.5813057882144,72984.27059281492,72334.21425674128,122602.00017073104,357.8161638777023,43353.202851251306,19.97787633726865,272.31347270642084,Brute Force -Web
8152.937955928523,3965244.623050496,4823996.524822498,75.29397546852303,1352652.5246117776,115.85760215800103,4339556.254625369,5981372.355970138,1294.5079579908945,817.0801795256449,799.3987442273606,125.57904212554585,126.70185439055533,651.3542182646657,798539.0401122514,498.0197301458057,653.2300850432829,108.39785743714766,313525.2695014738,119.98591950098579,136.92013546705516,130.02754264110004,355.64011298537815,150.62551919280074,1047.7510889450814,53245.33165365019,236.2651643658494,102502.03994451626,20.012842793978592,292.27495252559794,Brute Force -Web
-1.0,89479698.0,41990435.0,500.0,17895939.6,48.0,41990435.0,89479698.0,0.0670543166,3000.0,3000.0,500.0,500.0,500.0,17895939.6,0.0670543166,500.0,500.0,4000296.0,0.0,583.3333333333,0.0,0.0,0.0,0.0,0.0,0.0,4000296.0,8.0,0.0,Brute Force -Web
8217.702708551426,4085474.3588608433,4516070.5226023495,82.57057305159005,1034685.2856344236,153.22721079740245,4709304.988377474,4400453.079750601,29.180888070160247,0.0,299.0820389550661,123.605420053934,128.20473621302642,649.2039392032258,875946.8697854578,1260.4357593803065,650.8411170273909,118.50442887040204,0.0,119.9560275638943,130.16705883264424,127.70147062666369,376.7198184505771,0.0,0.0,56138.79735896958,237.65006890227696,0.0,19.979261015135542,289.84072193277336,Brute Force -Web
8158.369909147588,5871506.308735802,4707204.359217714,82.09284214836947,1070965.0363551038,125.98074422638197,4610130.6599257365,4714146.358201501,543.280289751539,973.4551901872785,782.8100277748464,131.79544724547833,132.43518715393492,651.2763219440454,577911.8075367272,1358.580241248769,643.1202374405806,110.24662273101893,0.0,114.88059297583543,131.85219786059585,125.60191164917472,360.89159038131777,18.395129266345975,112.72456847120418,54842.30155144273,230.4133277419996,459681.22452885617,19.861355995674497,292.79829986179703,Brute Force -Web
-49.54802569345382,89303513.57409331,41569126.163001776,495.80042631620734,18013628.029133245,57.853768279576315,41951517.12084155,89693035.44452651,0.0,3133.3089088022475,3656.2007295587314,497.46123669702877,497.8649611151486,507.8753363549248,17684290.33290628,0.0,492.29612629912833,496.42972954952825,4004473.2966562696,4.680201631002126,593.5386711362738,4.042849365442008,0.0,61.23321091806524,791.2901046285857,0.0,0.0,4047444.08889938,8.107221347246941,0.0,Brute Force -Web
8192.0,56636883.0,1115474.0,80.0,372611.072368421,3072.0,1115474.0,56638606.0,2.7013376706,54995.0,54995.0,359.4444444444,359.4444444444,646.0,221244.5546875,4.5375410546,1069.0,494.1782945736,255.0,697.1442307692,496.1011673152,697.1442307692,1069.0,72503.0,72503.0,126387.890266341,355.5107456412,5.0,20.0,271.4171844443,Brute Force -Web
2122.724193513536,462500.6850509176,0.0,74.10637259741763,0.0,31.55328643618452,0.0,595346.3307002548,182756.46028205808,0.0,0.0,0.0,0.0,0.0,0.0,181592.61697615014,8.34405795676454,5.9762505023294885,0.0,0.018640557073237262,0.0,0.0,4.640070705113253,1267.2080467848375,595.5421473539213,56.10597536823354,0.0,302479.5595226724,19.975882201066085,4.023969873279039,Brute Force -Web
-104.24452031893873,88954110.75991346,41943199.9433665,499.9576351178097,18083753.541859005,97.50041211140118,41941135.43976368,89755673.83626308,540.1548564035204,3066.68313911077,3297.6166832070844,492.67761508658396,493.61819252340246,498.12884188124417,18109046.10654509,0.0,487.7333358418866,503.23611287630155,3974468.910809566,0.0,584.8268132469731,0.0,9.568340568730305,0.0,842.4461699756802,0.0,1.3929575097820492,3996924.8938222756,7.982060576102351,4.91221436960809,Brute Force -Web
2051.0,92.0,92.0,80.0,92.0,40.0,92.0,92.0,21739.1304347826,0.0,0.0,0.0,0.0,0.0,92.0,21739.1304347826,0.0,0.0,92.0,0.0,0.0,0.0,0.0,0.0,0.0,0.0,0.0,92.0,20.0,0.0,Brute Force -Web
8134.425230923758,0.0,0.0,82.19019220512692,49532.28125886172,136.61472548524944,4683776.259657471,4995110.598902177,62.87039433817163,591.1397613367477,817.3920561570424,162.94832333400083,163.17267009558122,644.9367097952079,877463.4937021346,1387.8798753803403,656.4473872424621,113.00292726703273,126677.32486440618,90.77375745024467,122.95449093571216,89.63355862237044,365.3921422534154,425.3218013323673,1163.1151213257015,55084.89994778849,232.1104077353295,118262.06267358117,19.78770470699103,321.5045183514263,Brute Force -Web
8227.952365284818,4685989.637535795,5043540.071398667,81.83091418990173,1141004.956467167,107.8851319971355,4280620.824934952,4828505.782563127,715.3023390449019,991.067635849993,1081.1340554801197,130.8403440367253,126.17542247602567,649.9732883621492,1279723.872190422,443.77626502801905,638.2155628940042,117.88191508590431,184700.0237832003,117.12323283347769,127.9265235157889,117.85325092928774,365.8247702857955,628.3961109243672,109.31194318613643,55488.12741571318,229.6642960676342,0.0,19.978347817448757,288.681844261519,Brute Force -Web
1891.4776195341174,0.0,0.0,81.49815855873722,35287.24783432754,0.0,321222.3969503025,35853.07518373851,94636.7246803802,34.223465771037795,48.388115736351175,2.362626119844864,0.0,0.0,218174.99486428333,96216.57168301157,0.0,0.0,0.0,0.0,0.0,0.0,3.5005279671283334,221.89344146780874,0.0,959.4125995328461,0.0,72264.28884152226,19.804860049430534,2.1217708249615366,Brute Force -Web
8192.0,5005701.0,4937682.0,80.0,1251425.25,112.0,4937682.0,5005701.0,0.9988610986,646.0,646.0,129.2,129.2,646.0,715100.142857143,1.5981777577,646.0,112.2222222222,394.0,121.3333333333,126.25,121.3333333333,364.0,364.0,364.0,54558.4444444445,233.5774913052,17.0,20.0,288.899982693,Brute Force -Web
2047.0,350.0,350.0,80.0,350.0,40.0,350.0,350.0,5714.2857142857,0.0,0.0,0.0,0.0,0.0,350.0,5714.2857142857,0.0,0.0,350.0,0.0,0.0,0.0,0.0,0.0,0.0,0.0,0.0,350.0,20.0,0.0,Brute Force -Web
8192.0,1549086.0,1207835.0,80.0,129090.5,272.0,4950591.0,6499677.0,2.0000993896,2333.0,2333.0,179.4615384615,179.4615384615,431.0,295439.863636364,3.5386373815,1048.0,281.5833333333,432.0,442.5,293.8260869565,442.5,1048.0,4425.0,4425.0,85216.6884057971,291.9189757549,19.0,20.0,177.7332342701,Brute Force -Web
8086.034929305578,54821466.574948184,1125054.2280636476,83.63252417419781,210253.69686904043,3048.439023687897,1681176.9923674683,54891478.171642184,636.9983956586057,55093.33353336272,55667.406337012726,358.51286737020973,363.15480897967035,653.9268997172592,100102.68402858057,0.0,1068.53973734619,498.43552244424995,0.0,693.2808374323806,507.26796791291446,707.3430413976175,1062.509509998728,72910.63454295653,73671.02511054587,122411.04849454344,350.1025380042783,231032.15876088978,20.09236989646021,270.5588712113705,Brute Force -Web
8192.0,56622051.0,1134701.0,80.0,370078.764705883,3092.0,1134701.0,56623657.0,2.7197113037,54995.0,54995.0,357.1103896104,357.1103896104,646.0,220325.513618677,4.5563994569,1069.0,492.2239382239,291.0,697.0288461538,494.1317829457,697.0288461538,1069.0,72491.0,72491.0,126787.267486756,356.0719976167,4.0,20.0,272.0749262837,Brute Force -Web
8242.749736750184,28055498.668019716,2325925.3775222246,75.61082408245433,217895.48174819603,1396.3418157404008,4516587.837246307,34135462.218574055,166.34018968258007,24260.956526658723,24197.200060730665,342.0904576284389,339.81787233505753,645.7844734210184,207775.72408959808,0.0,1067.4131316435428,470.15763390446233,283077.0729962934,669.8823860368681,476.0046247415263,673.7458837720527,1063.9531209873317,33575.63436360769,31937.489302116017,135429.56846224648,365.29744686525197,0.0,20.122141118163388,272.79094803588316,Brute Force -Web
-12.042696854533453,89750133.10307401,42775228.09310604,501.7871493367068,17840726.18264048,12.635753859960765,42754866.66071003,90972789.79681878,0.0,2707.8321618069026,2854.141163057823,500.43639871623225,493.84599390545554,511.8431615201012,17723783.66758588,590.680294215617,493.1875550472979,505.66173822296435,4149187.597016249,7.564018094444755,582.4469816950577,0.07740649919726345,14.611026984647523,1183.7240368251773,142.4800070750462,0.0,0.0,4050636.088309131,8.008359662183505,0.0,Brute Force -Web
53.995178661399414,89055409.31782761,41177598.86482827,492.7184060398983,17661845.912709367,0.0,42317601.11190128,89723163.38380246,148.13027029803527,2570.578622084208,2974.3719424648652,507.423856986044,496.7592821090065,496.2969284015872,17501434.71416056,0.0,497.0866010066531,496.8980040613998,4218647.535885275,1.9206239348808225,581.4020893258688,0.0,14.587448434723674,495.9144027631546,714.5922742017608,46.29246122326116,0.0,4012489.7656777767,8.005474099029655,1.0359957273689149,Brute Force -Web
1987.7615682066112,799315.3737488699,0.0,77.96332950983911,35456.19448665711,26.84999787695238,0.0,0.0,154248.18073362007,144.29479030242615,0.0,0.7416911536106156,0.0,3.8543641563045656,0.0,155163.40501659445,6.654005206394703,4.182681196856305,167637.02713444733,0.0,0.0,0.0,2.7111070364350778,143.82925205294276,0.0,0.0,0.0,205106.8347421763,20.088438116018636,0.0,Brute Force -Web
-52.04511047388707,89138517.29767333,42928533.3805796,503.0876168878623,17920866.884677563,55.7374949870131,42101140.67245631,89112982.82985453,1021.1311790105012,3507.739932216463,2326.5973717768215,501.3683974434822,494.8844377314549,503.8025440478822,18138249.092222847,0.0,503.7316968107298,502.72599196053113,4163957.579901551,0.0,581.7856661589612,0.0,10.143578619144359,0.0,0.0,0.0,0.0,4059062.529819251,8.048079447955264,2.410722525440362,Brute Force -Web
8192.557512676623,55714331.05073512,1640552.7663919218,78.42433738081509,112125.30555786227,3052.073325496839,1131405.5754199575,57438341.083462745,0.0,55286.33693262998,55772.09194898897,360.78213707146256,354.2553816007871,647.906190828694,102443.35707099212,372.1523842416479,1088.743266829624,495.6473626554737,0.0,701.1910717394659,498.75032172678107,684.1803776870736,1073.7229086925909,72216.98121196835,71949.40668989212,125849.2563939563,352.974293947034,0.0,19.94185577399606,269.1650384154764,Brute Force -Web
71.73303500509108,89595130.36269666,41826682.19313001,505.40268890832004,17926870.29720031,25.098826576375103,41656246.66530034,89969136.61633416,299.02948463185066,3356.7439957899837,3494.290530878605,493.78475751205184,500.0447420199622,502.385671943545,18360575.59647117,403.5987381600523,498.965857152731,501.4962089047083,4050162.262628246,7.9516330258661805,582.4072318005766,3.2767104074814393,14.53298386734179,1014.9950498653311,112.19340362754862,0.0,3.35945444777476,4305103.067386887,7.814953838584511,1.1630424973143136,Brute Force -Web
-14.501282776250976,89711319.92129298,42183243.83003764,499.8430407220731,17917592.670422506,48.88006523983551,42590152.03747863,89131884.98431979,0.0,3114.0317428624985,2999.934585914236,502.8795484691789,498.6608661385101,507.08652041528285,18027833.133880474,276.06378069023344,492.9405351819544,500.6290094880064,4219266.808053034,0.0,580.8427835372094,0.0,0.0,0.0,0.0,0.0,0.0,3973284.704363042,7.906821254876759,0.0,Brute Force -Web
8193.358912406826,55392435.613164455,1521436.4319967004,81.24439485157968,508954.4800300723,3096.8599084524267,1463950.260386094,56263292.74603643,0.0,55351.038611849435,54951.96159565273,359.5587201983964,360.50975726957716,636.8419409821192,143549.59492551835,0.0,1082.777318199685,499.3884634943036,0.0,694.3729807285309,489.7121166079468,700.9669009639451,1057.388723836543,73025.73139030751,71406.3142610874,128038.3079026534,361.30310591132513,0.0,19.980598910037713,271.7858906014294,Brute Force -Web
-1.0,112641158.0,56320674.0,0.0,56320579.0,0.0,56320674.0,112641158.0,0.0266332489,0.0,0.0,0.0,0.0,0.0,56320579.0,0.0266332489,0.0,0.0,56320484.0,0.0,0.0,0.0,0.0,0.0,0.0,0.0,0.0,56320484.0,0.0,0.0,Brute Force -Web
2038.188445125689,0.0,107880.43805718169,78.34232093307287,108178.77429831808,6.966643668743295,282488.83559117187,166134.96781996603,41039.66951492488,57.74440084585628,105.04385011166212,0.5520369435976298,0.39053397544014845,14.691336375222495,38459.20171791967,42484.20575369059,8.544478420333709,1.4994401965369202,281966.70570306137,0.0,1.001913612657675,0.0,0.0,21.14015358415048,513.562513763152,966.8547745944766,0.0,0.0,19.870986465375143,0.0,Brute Force -Web
-1.0,89479808.0,41990291.0,500.0,17895961.6,48.0,41990291.0,89479808.0,0.0670542342,3000.0,3000.0,500.0,500.0,500.0,17895961.6,0.0670542342,500.0,500.0,4003223.0,0.0,583.3333333333,0.0,0.0,0.0,0.0,0.0,0.0,4003223.0,8.0,0.0,Brute Force -Web
8192.0,65359.0,64153.0,80.0,21786.3333333333,92.0,4943138.0,5008497.0,0.7986427864,646.0,646.0,161.5,161.5,646.0,715499.571428571,1.5972855729,646.0,112.2222222222,330.0,91.0,126.25,91.0,364.0,364.0,364.0,54558.4444444445,233.5774913052,17.0,20.0,323.0,Brute Force -Web
8192.0,56289043.0,1174658.0,80.0,370322.651315789,3072.0,1174658.0,56290616.0,2.7180374079,54995.0,54995.0,359.4444444444,359.4444444444,646.0,219885.21875,4.5655922472,1069.0,494.0852713178,2708.0,696.9134615385,496.0077821012,696.9134615385,1069.0,72479.0,72479.0,126281.121105179,355.3605508567,4.0,20.0,271.4171844443,Brute Force -Web
26.02487964515288,111669705.06323645,55958806.09590998,0.0,55862370.044101566,15.529135075310839,56372469.953680664,111619856.55781461,920.2250661194099,0.0,0.0,0.8029760182655777,0.0,0.0,55995429.541373715,753.8083925809661,4.077415255685249,0.0,56197725.27976352,0.0,9.378775934703993,0.0,0.0,0.0,0.0,2019.958870345656,0.694430990078059,56633772.41964159,0.28707595639358785,0.0,Brute Force -Web
-1.0,89479484.0,41990179.0,500.0,17895896.8,48.0,41990179.0,89479484.0,0.067054477,3000.0,3000.0,500.0,500.0,500.0,17895896.8,0.067054477,500.0,500.0,4000386.0,0.0,583.3333333333,0.0,0.0,0.0,0.0,0.0,0.0,4000386.0,8.0,0.0,Brute Force -Web
52.88592056525975,89495931.08960338,42153538.063767605,491.52583900469585,18010452.99906216,15.267187995767813,42291880.5790986,90059645.27924955,897.9064895979154,3400.45315201577,2762.8334045663323,500.48426744082104,501.9446874284128,503.6854332874059,17731465.01206685,0.0,505.2588058194726,507.05163059947625,3830919.4180934513,0.0,585.1836548157489,9.107500108110287,0.0,0.0,0.0,0.0,0.8182590438909373,4154281.135765768,8.130547055593786,2.9601987668565757,Brute Force -Web
8192.0,56635849.0,1131631.0,80.0,372604.269736842,3072.0,1131631.0,56637393.0,2.701395525,54995.0,54995.0,359.4444444444,359.4444444444,646.0,221239.81640625,4.5376382349,1068.0,494.1240310078,273.0,697.0096153846,496.046692607,697.0096153846,1068.0,72489.0,72489.0,126324.988447501,355.4222677992,6.0,20.0,271.4171844443,Brute Force -Web
8192.0,58826839.0,2098233.0,80.0,387018.677631579,3072.0,2098233.0,58828758.0,2.6007688281,54995.0,54995.0,359.4444444444,359.4444444444,646.0,229799.8359375,4.3686116916,1068.0,494.1124031008,308.0,696.9807692308,496.0350194553,696.9807692308,1068.0,72486.0,72486.0,126311.91338642,355.4038736233,4.0,20.0,271.4171844443,Brute Force -Web
8198.593622957922,6633911.255378762,3634804.488912762,77.5862861699827,313236.38169313874,371.18465422065503,5142162.753073227,11495509.051583016,206.78923052831044,3892.7825795145077,3262.068786510473,213.83178806639833,216.67472176228114,596.7839960019913,745124.4952008218,0.0,2917.9909442034236,715.2305850673671,142457.13963192014,1390.3756413643184,741.3100771685038,1389.727960141952,2915.8848533659743,19017.287366524233,18071.023926023077,965648.9303044335,983.200657661314,0.0,19.818886310824645,226.28544633016472,Brute Force -Web
-1.0,89479376.0,41990286.0,500.0,17895875.2,48.0,41990286.0,89479376.0,0.0670545579,3000.0,3000.0,500.0,500.0,500.0,17895875.2,0.0670545579,500.0,500.0,4000325.0,0.0,583.3333333333,0.0,0.0,0.0,0.0,0.0,0.0,4000325.0,8.0,0.0,Brute Force -Web
8150.650156551484,56032304.625573635,1485151.6089058365,77.876975018772,466001.193423407,2999.8120557324783,993427.893221558,55935188.897868626,0.0,54705.112426855216,54922.45205845476,353.2576792636898,363.9240382407901,636.1346860954326,0.0,870.0859470533408,1072.8011616104457,496.76740333167857,0.0,702.2865051827428,491.26616359481244,695.0666981536542,1059.401434909649,72852.74164612948,72017.13705273748,128597.26162244822,356.36131642102424,144209.50311365776,19.981001081812742,266.30419398245004,Brute Force -Web
8150.519151724435,54750000.10904448,1514825.8664734534,86.27667734564717,207826.69906470025,3095.554360475232,710701.9756362331,56226722.49597413,455.1462998974513,55198.24557705953,54954.799690909174,353.1731649996724,365.6841935343134,646.0991941758856,0.0,0.0,1069.5302474732368,501.67345221857346,51866.25986461156,698.3234215275857,495.1417677954618,698.9856638781724,1075.676452876068,73399.24581001399,72615.58427991955,125703.1088840677,363.47439518325683,0.0,19.91366962492676,268.56567509284633,Brute Force -Web
8267.797329729969,57352306.456968024,2108034.7390898187,83.39465215126063,614052.6318817688,3080.1381867788814,1141637.841832752,57901622.82395625,518.1299052932421,54690.12166624146,55026.13622889322,365.66956536190514,360.3409152253117,665.5531479188257,482691.0425196956,0.0,1073.2743708457624,494.8221895507042,58733.36370116783,688.6472436805484,493.8862410501203,701.189751892852,1065.884633489749,73369.74154553548,73242.71230352236,126111.1359017913,355.3023518989058,0.0,20.070852007957612,273.41716146351683,Brute Force -Web
8122.078106304851,700644.9194926013,0.0,83.45669399468466,0.0,91.41647354673668,5800909.364004736,6534763.797224606,0.0,0.0,865.0523845155858,158.11427920344943,166.4013560159973,645.6347841741729,743393.1468429363,511.7266758736162,649.2785885288635,114.90784268538307,285829.7905058268,93.37609691812567,122.3554669707536,80.28356628999136,340.41507906656864,1168.2414598848636,422.2588765856445,53771.24041403261,233.89442697148854,74464.17660081421,20.05995487865494,320.153318438944,Brute Force -Web
8093.855966365438,5729680.869423756,5260168.3287355555,72.84741646380616,1415779.8708373478,99.68553063960142,4523882.945087972,4082656.9866963946,893.8157235134671,706.7862956264034,1323.0938854056733,131.77754179884093,128.69386044912372,648.3079253219497,928833.7253746826,0.0,631.366060074631,108.64113759124436,0.0,118.71481735431938,128.33375543307017,111.19364972760927,373.19405617389305,0.0,0.0,54776.30667851916,225.99624475046804,181431.54246816464,20.09135928722968,286.4271617724828,Brute Force -Web
2051.0,40.0,40.0,80.0,40.0,40.0,40.0,40.0,50000.0,0.0,0.0,0.0,0.0,0.0,40.0,50000.0,0.0,0.0,40.0,0.0,0.0,0.0,0.0,0.0,0.0,0.0,0.0,40.0,20.0,0.0,Brute Force -Web
8131.256031168128,4429306.495954426,5333987.24163397,77.90703016741215,1553854.8285381205,132.65021817298737,4780784.75176228,4972724.534314539,0.0,505.8216577382915,1457.812492416946,132.15691771926578,129.460075689611,641.8325085605578,1250318.570688149,0.0,650.1180181389868,112.76893558474646,243644.58902512808,112.7897321833063,119.36797954646231,120.46292914754194,371.12515595970353,0.0,0.0,52733.48244016531,234.4356887452081,15401.310551978333,20.08961164311894,279.8881755133166,Brute Force -Web
29.746808184045573,87961206.61415386,42164912.53305193,501.6201622640552,17794661.906101704,27.118212490549503,42435954.92662643,88907737.32496803,2016.8113176586505,2807.659953016162,3424.0995549490444,500.7195687271996,499.78826258439574,489.5038937582975,18304886.068685763,0.0,485.9685479055963,506.2848772758935,3822204.963766656,1.0074053526004905,575.5155273510727,0.0,4.229070765669232,0.0,0.0,483.8478862237811,2.7748021335247777,3967317.8144084006,8.070067741218176,0.004284853574233494,Brute Force -Web
-1.0,89479885.0,41990455.0,500.0,17895977.0,48.0,41990455.0,89479885.0,0.0670541765,3000.0,3000.0,500.0,500.0,500.0,17895977.0,0.0670541765,500.0,500.0,4000352.0,0.0,583.3333333333,0.0,0.0,0.0,0.0,0.0,0.0,4000352.0,8.0,0.0,Brute Force -Web
-85.74001652683134,90184793.56997609,41401143.46207959,505.07154985617296,18037079.75554203,70.12367047790698,41103017.09570708,89051028.82122298,1188.9769267043966,3099.519765956166,3189.476012082108,496.4828395472006,500.6749090315231,499.2515680880724,17976264.49547253,0.0,506.4955170353087,495.9093039914747,4112728.7082423973,0.0,570.6200792411746,1.6994393045436929,0.0,148.3954542257367,0.0,846.4476412441074,0.0,4160158.940129816,7.998083803517781,2.0390966851848975,Brute Force -Web
1996.0251120957191,155807.3820412548,0.0,74.48619050684758,0.0,63.588390356344696,0.0,444585.4871543728,3551.6513535669287,0.0,0.0,0.0,0.0,0.7129598331700311,0.0,3131.158655710326,0.0,0.0,0.0,0.7211960080142275,4.327286679854842,2.237755932624241,0.0,398.92932008025906,0.0,0.0,0.0,0.0,19.95998436648115,0.0,Brute Force -Web
2101.7066306922943,0.0,506226.60801485745,81.59309172755711,115575.01796516802,11.59279682933067,0.0,0.0,16705.06386011906,0.0,31.39621737286263,0.0,0.0,2.5311246239777585,0.0,16645.32302890611,10.025023135391672,0.6216038573110495,126796.98191730483,0.0,16.990262095339908,0.0,8.479143797139898,0.0,0.0,0.0,0.0,0.0,19.979723738217267,0.0,Brute Force -Web
-1.0,89479768.0,41990317.0,500.0,17895953.6,48.0,41990317.0,89479768.0,0.0670542642,3000.0,3000.0,500.0,500.0,500.0,17895953.6,0.0670542642,500.0,500.0,4000355.0,0.0,583.3333333333,0.0,0.0,0.0,0.0,0.0,0.0,4000355.0,8.0,0.0,Brute Force -Web
2.714277650135175,87037595.37657762,41742527.92364365,503.75328913938324,17699654.608941123,58.422239245005144,42203702.957049996,89909261.66079602,1196.467951851248,2856.640040813751,3730.734744561729,497.38510523698204,501.50188066487027,510.16180009086816,18352990.335626237,608.0612645381527,507.5239284132958,505.0761381287611,4200237.811577388,0.0,589.3957307870319,12.73360794155552,7.509634979327199,978.4060209694317,191.8727425839449,264.1797677606969,0.0,3855109.105812075,7.967331085955651,3.2724898359744823,Brute Force -Web
2185.8584432434195,511749.66387622803,459476.6991871644,79.78177842290201,0.0,37.623103308136116,188849.9838405367,0.0,19375.223393333228,573.5413060123071,758.5863827470207,1.6739020449781472,0.0,1.2240155239173152,35832.57728931553,18890.71074885822,0.0,2.176683844626075,134563.5768305773,0.0,0.0,0.0,6.8166261234097245,703.7171633803524,49.73017170516713,0.0,1.2738280711198093,0.0,19.905796721794868,0.0,Brute Force -Web
8205.030407641862,55451684.31077536,983120.9147040911,79.31806945629195,417695.06433026213,3094.389588301415,864219.7111815086,57267555.14661732,701.083313779355,54605.44739348048,55025.87725076365,350.01843933568273,351.05953567904453,651.3691056925927,0.0,654.7229078575496,1060.3309245761786,492.1253874955952,87117.07431823481,687.0284871899586,493.7119492099539,693.5615768909266,1090.3702006423407,72444.27235647819,71454.24154572867,126365.24922047036,350.3821346159903,212808.24637488052,19.99235833639223,273.5176350246189,Brute Force -Web
-65.51542826478511,90040602.4596769,41681450.29525909,499.9217220135304,17875796.917735483,95.06299170372445,42220806.47668017,88262883.81980659,0.0,3415.632464870616,2969.9373863069677,505.5387440898441,502.23647128663293,497.8541891012766,18112162.746878605,0.0,489.46891537926865,497.78028555986344,4161117.9458766864,0.0,581.916623312807,0.0,0.0,0.0,688.5624586797096,0.0,0.0,4146489.1391707943,8.149594952879148,0.0,Brute Force -Web
2092.5953560279568,420857.25110297307,0.0,79.99246280709316,0.0,63.35071013660399,457348.82197901414,106065.35707402119,6661.605836958079,0.0,0.0,0.0,0.0,1.9020719342989496,0.0,7516.1189388306875,19.280565064729963,0.0,103917.57845362072,4.222473663031716,0.0,0.0,2.8883090443327357,275.65379153233135,848.7751100766952,2258.9263131696225,1.1183779929319422,105863.44755691024,19.788742569204405,0.0,Brute Force -Web
-3.9064900368160584,88962579.6378548,41832345.366142325,496.7505121052967,18028429.21819111,62.75194357732145,42297097.206421144,90465356.43121406,0.0,2824.9536563777297,2494.647846642976,497.54594924364244,499.49243489315,507.0781052761918,17846237.99849772,0.0,507.0131416349256,500.99951437155227,4165113.6744677294,0.0,595.1381688415959,0.2833978689860526,0.0,1270.1556844786792,700.5934259393144,0.0,0.0,3926933.6410715226,8.257633695481655,0.7950593459950077,Brute Force -Web
8214.989367649508,4727726.319926925,5348965.551584345,80.63982748801772,1719362.709230076,97.0356385142979,4501261.406086323,4949623.16937083,83.256647439548,779.8033574563932,1389.4473383075124,130.520265013825,128.2319340108581,649.6241236111427,947450.9446737666,0.0,641.2441239358627,116.53055194576285,125600.28119798338,111.99338518794997,127.04297944515692,126.90271389678931,382.0741162384882,96.23102442525618,521.9192234203897,51531.438772565394,232.63996390182052,0.0,20.017550513344613,289.9525430743629,Brute Force -Web
8112.595914868354,56974881.13754222,1381321.8469492446,79.62366775243157,264573.340287144,3063.458364478277,886739.7588311505,57356128.074221775,0.0,54337.66134217091,55795.91179301456,357.6408057224992,368.28597009080727,654.1906922806802,307468.9803575005,0.0,1082.284160924191,499.1460283044461,280196.06606374646,692.6618778492593,494.93433014983503,701.7495930971063,1073.9383114532982,73165.05514368681,71901.09594516996,128176.24861258805,359.73626957735326,117712.02561572012,19.974360095063336,275.47554420119764,Brute Force -Web
8279.356604838726,56181315.28244651,1311836.2985203709,80.90552528875997,492929.6555978719,3053.046968434078,1200892.0365124044,56905701.70279455,0.0,54653.37832186933,54822.188311045014,349.93172180428826,354.14483959780614,643.6344199886561,104375.95024118952,0.0,1055.3524325279127,496.3328899759727,0.0,706.5015641067263,496.4742648333705,690.4096039582968,1065.7813356589256,72476.76186090823,72843.15553692199,126597.4075447842,350.21132966289474,288414.67807127495,20.021882326739924,271.0366382026993,Brute Force -Web
8271.311934827769,3375163.4127249937,4958305.5449154135,72.21824543948857,1172218.0573831887,68.18512740486486,4704811.191592039,4447224.7504879655,0.0,1270.281868619069,684.634087445192,127.54086381519723,129.15576040142864,655.6431904461581,620403.5912211181,0.0,653.4191886681718,118.58169117283015,116255.5844429561,114.75852891501995,117.37936179708655,123.78225465508571,370.3588581108516,200.86755231004332,1308.2132801631183,58520.55852723305,234.89489226223426,0.0,19.853009801230936,289.65018397726953,Brute Force -Web
-59.14894972427443,89246767.5058922,41513427.626397826,494.97810298444455,18157331.569325063,12.032926221842061,41961772.22034651,89548216.21113373,0.0,2548.4107220531455,3198.587690535826,504.0565433502169,500.3176776053217,503.7575570273501,17831946.50978632,751.380620670847,510.8436364062138,512.6842888848047,3805421.952606215,11.90443291260061,581.9678611940321,0.9933925638159284,0.0,0.0,533.0550361749567,278.8059416843468,0.0,4063211.234494375,7.871569449654529,0.0,Brute Force -Web
1914.6875845901202,613163.5474049463,724257.4747267858,89.8317981831685,17522.76286796714,48.41121252838514,0.0,0.0,13240.045737200911,0.0,383.0522403966542,0.0,0.0,0.0,269267.99578071624,14113.532532802661,13.626895774275107,0.0,0.0,6.903170982045939,2.347425737920546,6.671997337814016,8.96398142339179,0.0,380.3232583042506,4947.076895224733,0.0,0.0,19.929732204283237,0.4858005738350499,Brute Force -Web
-77.52010688637382,89177847.68399276,41840446.107733384,503.6267769692844,18150339.095819358,11.171784078516787,41828266.16561186,89745630.82388479,0.0,3323.594787839696,2534.463013668751,495.656347894545,500.3899302160568,504.94228142991693,18250091.4390195,811.8968759176621,474.64303099769876,494.6385782449314,3877222.334926376,3.483922470469571,594.1849828876916,7.443406961532364,0.0,6.999729741495282,0.0,0.0,0.0,3827599.630690792,7.734692554956478,6.394912274755324,Brute Force -Web
2116.4596495981896,0.0,647085.1717631129,83.14384304256873,0.0,33.939223061996934,0.0,1397725.543055426,86421.8863566601,128.5004570570991,0.0,0.0,4.194987940783131,0.0,224422.66419262218,86145.7452081369,0.0,6.569362789698033,215239.7493427856,2.364616470943924,0.0,0.0,2.2568581776437657,0.0,126.03983105674885,543.7315736703262,0.0,0.0,19.89601822330092,1.5381864419130242,Brute Force -Web
8.707278490668601,89883360.83052239,42623031.45980321,496.3426083500375,18080725.828765728,64.58345956597763,42224003.164175406,89404997.1981092,3.331730930688404,2539.4113323202887,3036.54729393289,504.87465936976497,495.5453126345999,499.1140709776657,17645350.933378994,0.0,500.81491165122304,499.95061912499415,3891444.902477961,4.431086748515172,595.1936583255269,5.754026850821154,6.593979113375664,0.0,0.0,807.6833023645667,0.0,4098354.3709281953,7.938179829591366,6.654828068473677,Brute Force -Web
121.23911507209944,88754553.88068828,42085667.41455339,502.707714374118,17649470.921360847,0.0,41737251.003104895,88973752.14256144,1401.4238946411317,3290.9458130840035,3403.566613406825,501.3556098925119,501.2640997689051,493.751951668535,17678976.38119242,0.0,485.2170673863583,497.8217483764027,3998758.360476304,0.0,590.1377961709701,0.0,5.28764558893897,264.92160190549214,328.21945362329524,0.0,0.16946059093801427,3953994.580881645,7.870512971539975,5.488225097708652,Brute Force -Web
-64.60654493550278,87871929.93955453,42240240.619546786,497.406653855439,18013427.46973368,80.6240383961237,41748055.835346475,88950889.40621808,0.0,3050.932426565035,3715.1356867677896,495.5399291849177,505.12639799152373,496.9252506977462,17815129.226667196,749.4301958244148,500.6366423919282,502.5152366757469,3727029.096832585,0.0,574.6206153077092,0.0,0.0,117.62613718123379,0.0,865.2094458786237,0.0,4039653.385943372,8.053052843734399,1.7580085226849305,Brute Force -Web
2075.5106200487066,54987.967535723306,201227.1833833845,82.16174197902957,0.0,84.41203862222014,89941.88398361728,0.0,153208.65159589774,142.7768377990718,339.84451669509855,0.0,0.0,0.8809582286709933,0.0,154889.5379357843,0.0,0.0,0.0,0.0,2.761104881008019,0.0,3.4056619750190573,70.6066512709896,806.1338694045699,0.0,0.18190307126133692,11477.797505060356,19.970779274292557,0.0,Brute Force -Web
2100.5948308981933,460098.9485447758,158352.82444389808,80.74201047272406,0.0,14.33563821901167,0.0,0.0,19795.25160662227,0.0,568.4987792437921,1.2393098695212914,2.1851879103177714,0.0,0.0,18004.169082680575,4.400975406196222,0.0,0.0,0.0,0.0,10.157325733020192,0.0,0.0,0.0,4831.8236372953925,1.7678205557166418,0.0,20.07362014867744,0.0,Brute Force -Web
-63.704642752385574,90843567.81725995,41176241.33605159,502.1506661652913,17775124.058143843,36.61953824698319,41276861.37856781,89219411.12293789,270.49599093901014,3804.064394957493,3486.0802250477427,488.96793786613057,503.91398739166203,497.0466049637588,18136627.385342974,0.0,489.9813646523399,491.2189187765066,3707195.4624302685,0.0,585.8390692318094,0.0,11.129361161205738,0.0,218.94440277647357,0.0,0.7010509627287388,4100044.3495807843,7.881810805590321,0.0,Brute Force -Web
8162.624806136036,40269.74187799847,0.0,81.45148911853869,484870.70523543155,100.51130372905486,4636274.669082219,5289118.586185006,0.0,537.7463590477671,202.28630198025564,159.04213177989675,160.794039298128,647.9306185115487,547486.0907163075,1179.7883344121474,649.8468523421134,106.00652302183434,34610.74400673209,93.2172660102842,124.4372265927241,90.66044975823002,379.3937033298111,705.8337830081584,454.921000788216,56878.79909919612,234.29962212585497,183827.87616204564,20.150544239097005,319.67626218948743,Brute Force -Web
8097.490399573146,316393.22079158906,19759.09919619409,83.63730993503076,125518.58040620029,72.84413159168345,4162334.768428511,3746635.1400065836,0.0,1079.474046115911,601.2380497554577,164.01474703374956,152.4412763084245,647.2497062002169,434141.4185946852,1126.987781400316,641.8061661355648,109.22678678833292,13528.908514850753,93.35580198376968,126.29647367621068,97.98738678732876,367.3057606799146,432.34438892096557,670.588353910493,53613.80679634165,231.6080888745921,0.0,19.949106527600286,324.5306558451734,Brute Force -Web
8117.308428432626,56027287.87593887,1372294.7472631147,75.8353443530857,611881.4492182143,3067.4860380767964,1712195.8373879448,54890761.514034934,1430.5629965340709,54889.81282276852,55651.82396522357,353.1107584154109,362.0953289345179,645.2004507213262,267141.8299476478,1274.6581507641536,1080.0843513842158,491.6212195325151,16065.812203472868,692.6228341251716,493.4576832382361,697.7236902011197,1069.5400255767784,72558.4752300514,72653.60990999894,121721.64355917112,356.6208632794363,0.0,19.983433948499812,272.97647090685956,Brute Force -Web
8102.486376111935,0.0,0.0,72.47274023173726,0.0,80.85874935884873,5281245.812942594,4350604.167556066,178.81622044402505,637.7925124213707,71.30695984812724,158.22759606015165,163.94117574950582,659.0639539333938,352199.0177130399,0.0,646.1848092943131,104.67063924693608,0.0,90.91518568514066,131.17390751756952,89.16278366414545,359.49356158801675,528.9161587155504,1215.1387358685029,51611.90793742552,227.6907621002155,36545.560147140706,20.170745578510584,323.81997269035594,Brute Force -Web
1971.1433317644849,474376.06106237386,0.0,84.96773447617129,129838.32050441923,51.273177124335675,230378.8191540148,0.0,16929.610323461024,365.12215480731896,165.21675913430582,0.0,6.331695729596048,0.0,0.0,17294.15509479047,4.749365412041762,8.202769948873103,0.0,0.0,2.4312888771471908,6.661727823327138,0.0,585.8577984567883,449.34410467895174,1212.716995866361,1.9854990484167572,0.0,19.96519668924748,0.0,Brute Force -Web
2051.0812134121434,0.0,0.0,80.90117993045645,0.0,0.0,118022.1545200799,204433.87875443074,286398.1407609521,0.0,0.0,0.0,0.0,0.0,0.0,285537.3012783723,0.0,1.8399259548975788,0.0,0.0,0.0,2.2648162042329765,0.0,0.0,0.0,2191.5052704146965,0.0,0.0,20.013503850240305,2.086246808382405,Brute Force -Web
2047.0,130.0,130.0,80.0,130.0,40.0,130.0,130.0,15384.6153846154,0.0,0.0,0.0,0.0,0.0,130.0,15384.6153846154,0.0,0.0,130.0,0.0,0.0,0.0,0.0,0.0,0.0,0.0,0.0,130.0,20.0,0.0,Brute Force -Web
8128.7964111989595,55782438.38582265,979358.752319101,86.59989314297029,88457.36853895325,3086.2081108188067,1284992.5211619653,56472474.87282931,568.0629998585858,55494.121019335886,55434.39938484623,355.9942892216265,360.1973688292793,647.1999615412633,0.0,0.0,1071.3096112569183,491.6662562682503,182806.38452076286,691.0468166615773,497.1934323961694,697.960033853807,1064.7769385392378,72424.51896228181,71823.01714229283,126303.12872210173,360.3091275891727,408589.62106024637,19.94440500183776,271.2235945854855,Brute Force -Web
-31.55850528505567,89847411.70608498,42345381.08190861,495.57426742047375,18003979.97972003,27.879278269519784,41776009.29729186,89834030.35214661,1482.17615019149,3353.575868068921,3732.512892679925,505.4872607939303,497.5342291941466,497.17528915906473,18088370.151824825,0.0,499.383192799059,503.52717087239444,4120318.366099564,0.0,580.3837929613096,0.0,2.50364638463745,1308.1654088153377,419.4550506383764,570.9592081104994,4.381447662664569,3739182.678074066,7.963237748086614,0.0,Brute Force -Web
2111.4104933668586,145251.7582290975,399841.72618165007,79.0942497260896,0.0,1.6247072750027627,0.0,257371.9478670242,1872.5945916386395,425.65579377244194,55.030286123484494,1.1246057576248636,2.800023016223736,1.7105460066248928,384216.460565908,3082.7903768757033,14.914916756308903,5.160025245121828,0.0,4.758399804333048,4.732780939059856,8.772779007561649,0.0,0.0,40.1065812561288,0.0,0.0,13254.600162234468,20.04165297833038,0.0,Brute Force -Web
8237.419346149152,56107928.46004511,1597646.5343430066,72.86369125533689,853822.3779191792,3084.957724580688,1261958.97973823,56730598.75287075,0.0,54962.92911199363,54424.33390101622,358.7820176366015,357.06159903436367,647.8845403535096,410701.88623541186,1497.6528170962551,1074.026576376893,491.11538888429976,90504.23666216648,687.8236572656702,494.0557677545051,693.5483256101609,1072.6112721385266,72684.48583896013,72475.72756700724,130507.18995860073,359.4557711113312,0.0,20.203195202350877,272.24223236437865,Brute Force -Web
-11.39504959092484,90812844.13738687,41849855.89202948,500.821894042949,17842898.607228782,16.38322104795393,42132554.75589962,90555067.78397758,974.7326254222181,3553.4187557059936,1550.9613710114843,503.8121994952198,500.00472735062084,507.7924851461063,17836596.772587616,0.0,502.8339514295701,494.24641128973707,3846032.1465508677,0.0,575.7661812450189,1.4416359372159129,3.2437644964589016,628.284121987755,336.02557338023223,863.5329634432638,1.5187126684988999,3788252.734570904,8.11872539148488,1.7016714238919355,Brute Force -Web
8243.860413687587,56842467.43180132,1085733.5833657142,76.6245779290475,442648.52941692015,3088.4893645842435,1245830.7023808996,57545725.4211942,1129.1905206880244,55146.59244197084,54803.95248756578,361.73622518652695,359.6658829618659,645.7270184490267,0.0,1077.4076229816792,1059.7403228991907,498.4792737789386,0.0,695.6425963406058,496.7766730549754,696.1852383110858,1095.2874101227958,72667.38333553274,72231.83757619167,128791.7145216576,351.9663205855854,0.0,20.022354543700608,265.9926489940339,Brute Force -Web
2062.809675832401,54878.181240214784,0.0,81.93028406809849,0.0,64.19044065718111,0.0,0.0,20098.15123615577,304.05378707225793,188.0496275577652,0.0,0.0,4.379265411754078,0.0,19504.403535236295,0.0,5.528584593488641,32826.415173049594,0.0,0.0,4.215750057936426,0.0,475.02685232369737,0.0,1433.152327684682,6.218872176896953,116342.21065539654,19.95370790554946,0.0,Brute Force -Web
2057.519387456499,0.0,441149.80420734803,77.2762664690843,23397.731559806994,8.16002130829516,0.0,469558.25607208064,95563.41615297491,0.0,0.0,0.0,3.283848735580309,0.0,246964.38148606566,93987.8099427043,0.0,0.0,160388.4396739456,8.99571198143953,0.2685583116473086,0.0,0.0,0.0,561.6216183585348,4527.624254402151,0.07481826173277957,0.0,20.13169183608954,0.0,Brute Force -Web
2006.4540236055766,821297.2626879553,191485.29332904425,84.14745946844799,204209.1774373608,45.00129088189108,265661.6727202774,345707.7747104743,5905.921837300995,257.5904556107221,0.0,0.0,0.0,0.8688395903584012,0.0,4911.392194631616,13.048538853877435,2.1732548588835554,0.0,0.0,8.405603955161178,8.48100833884478,4.018013215936784,1927.113038018802,0.0,0.0,0.0,308238.54496100894,19.851742685876207,0.0,Brute Force -Web
35.79424282101849,89926817.30330053,42822505.931557,500.2272293130423,17657075.27594055,0.0,42337136.663488775,89634469.33458586,2031.6720764744837,3272.5807630652384,2833.9348176651406,491.8586644122187,488.2874101547934,499.2776106911997,17712625.143655397,0.0,493.91516656809495,497.8364083121695,4325959.453444106,3.2179048463634845,584.5001492636828,0.0,1.6954643817388677,376.8645501651098,0.0,613.3087909455897,0.0,3846966.885324984,7.973030370319243,0.0,Brute Force -Web
8135.271005493431,0.0,644541.163763996,82.01191887143514,0.0,145.87695313357978,4953918.175922895,4158426.6806861833,0.0,748.1542061380794,838.3916906037516,161.51927045414843,158.5795991923591,652.7577962724052,902591.418502131,0.0,644.2397112839157,113.34884261667243,0.0,89.66745192336741,127.74745504906863,89.17618613357028,352.0821689228849,398.80559483436423,942.9563575533788,52905.291749279524,234.5443516984831,0.0,19.899725039001744,321.14716323245335,Brute Force -Web
8192.0,5003961.0,4937612.0,80.0,1250990.25,112.0,4937612.0,5003961.0,0.9992084271,646.0,646.0,129.2,129.2,646.0,714851.571428571,1.5987334833,646.0,112.2222222222,349.0,121.3333333333,126.25,121.3333333333,364.0,364.0,364.0,54558.4444444445,233.5774913052,19.0,20.0,288.899982693,Brute Force -Web
8073.023821714901,58548626.28967883,1316891.4763363341,78.79703386321799,812166.0427432422,3071.9330102126587,929809.0402785646,56913441.14476268,610.2049784408739,54561.19495241477,54824.12369610037,357.4907230480584,357.52316953510797,646.0508750215167,610744.0294108801,174.3093183666263,1069.2713902132189,485.2456843954977,49897.926447605074,702.0199286155755,501.4159578272829,694.0851969132672,1081.6816281154536,72944.66953032164,72304.83978125395,127049.57336121907,355.71635626056695,0.0,19.88566260898912,273.8430898249366,Brute Force -Web
2047.0,105.0,105.0,80.0,105.0,40.0,105.0,105.0,19047.619047619,0.0,0.0,0.0,0.0,0.0,105.0,19047.619047619,0.0,0.0,105.0,0.0,0.0,0.0,0.0,0.0,0.0,0.0,0.0,105.0,20.0,0.0,Brute Force -Web
8192.0,48565743.0,1221138.0,80.0,373582.638461538,2632.0,1221138.0,48565743.0,2.6973745671,46267.0,46267.0,353.1832061069,353.1832061069,646.0,223805.267281106,4.48876073,1068.0,490.2146118721,328.0,702.183908046,492.4633027523,702.183908046,1068.0,61090.0,61090.0,127636.756482761,357.2628674838,7.0,20.0,273.1809713366,Brute Force -Web
8189.381422979881,0.0,399741.2063056794,75.27373122280207,158598.21562735757,187.375623977874,4979127.223390461,6141904.275680638,0.0,2763.5096634268707,1385.0870702980724,212.39295614148864,214.63492210308686,404.72714527991167,365734.8840523768,1355.2919144155417,2914.1234567598317,650.2288671488196,0.0,1061.255054554381,678.3180037562108,1063.1563278967933,2932.0085353813297,12522.913203032922,12759.687592183205,893087.7099870284,943.8130980085815,0.0,19.900240621017637,186.54231524747323,Brute Force -Web
8180.123693369435,5410216.755856042,5064786.965563387,78.41603912196071,1354906.090130345,85.82914161728554,4703614.638129509,4815614.467233298,569.9457384985158,807.0234529578105,911.9464274005868,127.95773593311817,129.22255496114636,644.5710212659504,589737.325629585,20.547770912316057,643.1603199725164,114.9364956855385,171293.85363025896,127.1119465567109,128.98254163481658,123.23589822936025,359.7866713216029,148.08368510643248,649.6619514379204,55692.87956817179,232.51942914879257,0.0,19.929921444257264,281.186354108346,Brute Force -Web
8176.469614849607,57546519.07349476,2603411.2098533288,85.219654739508,409265.1162611576,3050.208898983162,1987020.7337218954,58090169.328506365,970.9194542280754,55059.62903731032,55360.60488886679,364.19979415336957,361.2609072519747,648.3955690374117,0.0,137.9727506966428,1052.2088512320488,489.25531767305307,278591.39965408103,696.362935763358,505.9401015703703,697.949791364094,1082.1480375004767,72750.57353784305,72496.92882752015,123660.88274419415,355.6869435384748,290547.9365903944,19.915892442695814,267.52540598019834,Brute Force -Web
2068.016484506854,0.0,105608.1755457492,80.00074041488142,227965.53496378634,2.7554241791417127,183730.70022845245,1383253.0191220639,5646.475534736634,325.63180128278356,0.0,5.450979747406182,1.8808865869058309,5.528474734122332,0.0,6112.608219973183,20.795830050234756,0.0,0.0,7.316195245614314,0.09207485298480962,2.31584550326619,0.0,0.0,0.0,1542.3431056689012,0.0,0.0,20.091132272320255,0.5984088025555294,Brute Force -Web
8269.305560404298,0.0,0.0,75.88382552783396,0.0,123.94023643379404,5180598.660664439,5725062.66824859,0.0,678.2554136941329,742.9750082374942,157.85895878471337,158.7302790292551,637.5821117585306,853454.9472992835,0.0,649.3065305538089,115.07526333787146,0.0,93.50825384002857,132.17235168708626,93.1813537971658,361.1787320661936,279.13444663956716,625.1930579387041,53894.65093468824,232.710322862045,257595.89835361528,20.26843248203661,319.59100672091967,Brute Force -Web
-80.0185368338171,90846969.48020105,42774777.01214133,504.5490119321059,17906666.30502835,68.387317509816,42236080.763556354,89044207.65419202,0.0,3233.608314821792,3082.9149379833634,498.37949815418784,500.0624832885256,497.73241360450993,17968387.428834133,0.0,498.87090413720676,493.4558584115496,4311344.39907011,0.0,582.7962581419919,0.0,0.09708377573337419,0.0,41.088913241401755,0.0,0.0,4344664.623012681,8.103926727034558,0.0,Brute Force -Web
27.565116829718857,90199641.6125137,42124195.00278089,504.0623735459501,17634987.194848757,13.582897936437632,41832332.73037057,90616174.51467046,0.0,2998.220046888897,3352.396014138515,503.08617700799795,505.46533323153835,492.035954991609,17758478.851130173,817.351319923709,507.1283400863827,492.8764769764485,4093833.7317130044,2.214266604380394,578.8726627700232,0.3656567933244909,9.080876501985921,101.68221456571621,0.0,0.0,13.698045143669138,3852965.50653819,7.9868709999740854,6.013691345480998,Brute Force -Web
-1.0,89479897.0,41990457.0,500.0,17895979.4,48.0,41990457.0,89479897.0,0.0670541675,3000.0,3000.0,500.0,500.0,500.0,17895979.4,0.0670541675,500.0,500.0,4000364.0,0.0,583.3333333333,0.0,0.0,0.0,0.0,0.0,0.0,4000364.0,8.0,0.0,Brute Force -Web
-6.044115980021437,90460623.47878517,41977237.5623742,496.0183166332013,18091825.922949076,59.215514418609466,42383430.71001412,90172227.57504341,936.0581842657253,2969.6754176295067,2448.925757842203,499.1647580137808,501.9472371033679,502.28005988244337,18189970.845327597,703.0074275673668,509.0533916714583,498.13980906887906,3907299.035386059,9.173191126541706,578.7438450766621,0.0,0.0,0.0,0.0,0.0,1.4669140660402935,4103608.829462567,8.150672691940903,0.0,Brute Force -Web
2195.543485157426,0.0,0.0,78.94060391033281,60719.2945190042,36.56216263859378,954667.2485427451,0.0,12771.033048722913,0.0,0.0,4.738993239131161,0.0,4.234448461970568,0.0,15257.681372414429,0.0,3.887316747920927,0.0,0.8537116118467043,5.036195575687819,1.2692334876202855,0.0,975.2902152073996,825.5382557031677,2382.3021766285297,0.0,0.0,19.885952271976976,0.0,Brute Force -Web
4.48226973777413,89251658.05107617,42088829.4560587,505.03840228117406,17875369.703081254,52.0811371306056,41690840.75675751,90207906.24904563,1606.127103753559,2916.980434154088,3717.8033302516756,498.4428158257647,503.2629090934395,497.2823799799547,17271155.091365382,0.0,498.41380035019205,506.8538302590718,3979736.8480820507,0.0,582.1509263842095,0.4611732446280326,5.408904526925772,0.0,0.0,0.0,1.5425147514723685,4102917.7221469567,8.038850786114022,1.1693929099588365,Brute Force -Web
2020.8286813538923,0.0,59493.89522069116,78.59345426419962,0.0,35.51940011506721,0.0,738925.8822044354,18966.38101894472,805.2851724146618,529.8565921988338,0.0,2.208955324596847,0.0,21054.463099789336,18843.47020670193,0.0,1.8100804652978075,0.0,0.0,8.147971011140111,0.0,6.080306906466133,182.83169320407396,327.70162290360076,0.0,0.0,0.0,19.919832700917823,0.0,Brute Force -Web
-1.0,89479485.0,41990180.0,500.0,17895897.0,48.0,41990180.0,89479485.0,0.0670544762,3000.0,3000.0,500.0,500.0,500.0,17895897.0,0.0670544762,500.0,500.0,4000386.0,0.0,583.3333333333,0.0,0.0,0.0,0.0,0.0,0.0,4000386.0,8.0,0.0,Brute Force -Web
8219.296401243835,55953115.9607816,1168685.2531812433,77.314261021936,0.0,3058.393989751428,790317.7735548131,56262034.78006612,0.0,55144.684360299456,54295.660098871886,357.07442617815985,354.10862832351927,641.5491296591907,202064.9444364626,37.732936115101374,1082.7102878779558,501.8686615324307,110134.25701685426,703.9994959316107,487.49898528226436,696.9730074518194,1075.7701113382243,72034.84182748233,72168.1300620328,124728.08148803594,358.39536397437723,0.0,19.88491085317589,271.39399662826145,Brute Force -Web
2047.0,345.0,345.0,80.0,345.0,40.0,345.0,345.0,5797.1014492754,0.0,0.0,0.0,0.0,0.0,345.0,5797.1014492754,0.0,0.0,345.0,0.0,0.0,0.0,0.0,0.0,0.0,0.0,0.0,345.0,20.0,0.0,Brute Force -Web
4.8074327490126425,90506068.9656679,41967813.14799568,506.8165559179599,17849407.472588822,34.648252863313125,42029564.8993758,88313501.06271333,0.0,3804.1270160415165,3135.447823691556,504.0524802601209,493.7162371905364,504.6166428328236,17594483.55381953,1651.3470646791595,494.3514398093795,503.686808852966,4242239.825536894,0.0,578.0478818285716,2.423801579782777,3.2016997976416444,0.0,0.0,0.0,0.0,4367688.375762275,7.817612408844791,0.0,Brute Force -Web
-1.0,112641180.0,56320594.0,0.0,56320590.0,0.0,56320594.0,112641180.0,0.0266332437,0.0,0.0,0.0,0.0,0.0,56320590.0,0.0266332437,0.0,0.0,56320586.0,0.0,0.0,0.0,0.0,0.0,0.0,0.0,0.0,56320586.0,0.0,0.0,Brute Force -Web
2031.6119708906383,847774.1147141735,0.0,80.53634327658601,147832.2550462318,22.35283110129377,11322.085014676779,124521.11344748552,15839.349756977477,214.5606179869988,74.8242948758445,4.3243422870271155,2.1037994074414796,7.81037195638166,618303.9141210745,18589.499502632214,0.0,0.0,0.0,0.0,0.0,0.0,0.0,0.0,917.2043953501819,0.0,0.0,34951.768563647,19.800676767092284,0.0,Brute Force -Web
2049.2274527683617,323226.1694621742,0.0,83.82450461230172,516425.65398743394,74.85214386601972,0.0,0.0,5283.748028843269,0.0,47.78724869755011,0.0,1.7125250844525828,0.0,0.0,4670.239690568846,0.0,0.0,114710.16916061185,4.125719041908567,3.3308329358348314,5.8012097673107546,2.839321655952998,1006.7820174399559,0.0,0.0,2.895859395843866,0.0,19.936310345065042,4.717006518508725,Brute Force -Web
8119.676152843441,57772179.75812681,884855.7381659242,80.31940710988857,145960.94871581378,3069.5099830147915,1277211.6374191884,54737977.599056184,38.01804877742572,54956.996171540726,54408.74236637882,359.18497290496236,355.04140666669684,654.9818355092009,577956.7491057606,1305.7466462982172,1060.3413591019375,497.02933328269626,111411.63266347873,686.1642518882264,487.57194708881224,692.2713239075539,1061.2899546719466,71425.18109534924,72126.51914499645,128682.74827290585,359.47830637086656,0.0,19.818327283293037,272.44483538065776,Brute Force -Web
2047.0,128.0,128.0,80.0,128.0,40.0,128.0,128.0,15625.0,0.0,0.0,0.0,0.0,0.0,128.0,15625.0,0.0,0.0,128.0,0.0,0.0,0.0,0.0,0.0,0.0,0.0,0.0,128.0,20.0,0.0,Brute Force -Web
8192.0,65931.0,64867.0,80.0,21977.0,92.0,4942372.0,5008303.0,0.7986737224,646.0,646.0,161.5,161.5,646.0,715471.857142857,1.5973474448,646.0,112.2222222222,399.0,91.0,126.25,91.0,364.0,364.0,364.0,54558.4444444445,233.5774913052,16.0,20.0,323.0,Brute Force -Web
8192.0,61939.0,60874.0,80.0,20646.3333333333,92.0,4946411.0,5008350.0,0.7986662274,646.0,646.0,161.5,161.5,646.0,715478.571428571,1.5973324548,646.0,112.2222222222,381.0,91.0,126.25,91.0,364.0,364.0,364.0,54558.4444444445,233.5774913052,18.0,20.0,323.0,Brute Force -Web
8192.0,56314648.0,1180676.0,80.0,370491.105263158,3072.0,1180676.0,56316355.0,2.7167951477,54995.0,54995.0,359.4444444444,359.4444444444,646.0,219985.76171875,4.5635055749,1068.0,494.1201550388,309.0,697.0,496.0428015564,697.0,1068.0,72488.0,72488.0,126320.31624589,355.4156949909,6.0,20.0,271.4171844443,Brute Force -Web
8296.418865283365,6132758.984460365,4875171.354536232,80.46073490875267,640926.9346155607,132.38760023044114,4738762.812443808,4868985.980558826,235.703971200136,207.5817720493357,533.9842202149346,125.34431765704035,131.5869652303447,647.8496291197989,1098621.7015192623,0.0,629.9467670963506,113.79361885277571,0.0,129.81285491838653,134.81256155839998,127.59806497714092,353.1985871401257,288.7145615167435,710.9487740609619,57586.446257246134,234.61682591244374,0.0,20.16599948298445,285.5789769516435,Brute Force -Web
-114.00403361314841,88466723.65045287,42365379.787260175,498.7214153186899,17485572.196729954,83.29716930357701,42198941.064106,90316516.50572655,114.2654320697518,2747.4139465724993,3037.2908260583804,496.39700526688506,506.4969898767074,491.55094331145887,17823919.58946548,1424.7694227115026,514.1344936897059,492.29575753067456,4371976.375390228,0.0,575.9055895806054,0.0,7.668627402133622,0.0,0.0,4884.256133545336,0.0,3820562.019391927,8.152231553275008,0.0,Brute Force -Web
2008.2272226088974,0.0,204856.2805651407,79.81169663962582,0.0,23.17688380368372,0.0,480702.22725931817,1864.8172946528714,108.41861200551529,0.0,5.415778277500959,1.0269317898756491,1.6034181778925187,199256.78068310962,202.17987963086085,0.0,0.0,253286.4591071337,0.0,5.262349305289703,0.0,0.0,288.2179135433912,217.66711405841517,0.0,0.0,15038.344684679638,19.806941970231907,0.0,Brute Force -Web
-153.99866088273666,89829308.20072104,41542296.29825412,498.9147675802035,17709764.324386586,49.156222919486794,41523809.873204485,89584307.18428531,0.0,3975.6506454772075,2722.583038436009,499.81192198804104,498.66861481669497,499.40340392462474,17686800.853061836,1290.1399025074393,494.96556276805865,499.01620832814064,4369552.840825476,4.7972287806894744,583.6762757714746,0.0,3.3502122846095475,0.0,790.5869621410102,2829.3303834745466,0.0,4099099.379316223,7.994287057178954,0.0,Brute Force -Web
-57.064006085837576,89652847.00352821,41826370.93013474,504.66487527925057,18600160.51773973,30.694474099851863,42480076.5326488,89399566.23166166,0.0,2392.275633400531,2997.9093966022074,500.0729744254211,497.335473507234,501.68121467984867,18346517.09490538,1487.0249286404362,494.5125072584051,502.81748329482735,3931974.734720167,5.489708217612992,583.0818264968941,0.38267007355231614,0.0,57.79462253127784,761.08740391356,2074.5097000263113,6.082831465243815,4095910.4568505045,7.896849555194179,2.1060096825499928,Brute Force -Web
8192.0,56198767.0,1093109.0,80.0,369728.730263158,3072.0,1093109.0,56200401.0,2.7224005039,54995.0,54995.0,359.4444444444,359.4444444444,646.0,219532.81640625,4.5729211078,1068.0,494.1124031008,301.0,696.9807692308,496.0350194553,696.9807692308,1068.0,72486.0,72486.0,126311.617666576,355.4034575895,7.0,20.0,271.4171844443,Brute Force -Web
2051.0,38.0,38.0,80.0,38.0,40.0,38.0,38.0,52631.5789473684,0.0,0.0,0.0,0.0,0.0,38.0,52631.5789473684,0.0,0.0,38.0,0.0,0.0,0.0,0.0,0.0,0.0,0.0,0.0,38.0,20.0,0.0,Brute Force -Web
-50.85075417819589,88576904.8459655,41806233.07707941,500.22157436061605,17525105.279989086,0.0,41616995.41983501,88680511.8826051,0.0,2974.9827965911336,3405.0151113770366,496.6070496327825,500.97244637206376,505.19357475119,17608465.350512218,0.0,516.4937296943855,502.3632662709807,3824593.1450250153,0.0,587.5721212851429,1.4757684619834754,1.137840520906971,0.0,0.0,594.9083976089352,0.0,4278993.456109134,7.870747557443233,0.8012544491227391,Brute Force -Web
-1.8667023776717984,90484942.57896005,41992810.11699638,502.3524907686525,17965299.147965863,19.511124858133236,41382560.77139217,88632808.93366611,477.6347254809661,2050.973403721322,2635.4407868156504,498.08137785912743,504.3875006862409,496.8921686886981,18185073.78552389,360.0498718577988,489.93326813070837,497.79103835520004,4107826.25610833,1.4481755438502362,584.8707046067235,5.935637144192541,0.5647773394445665,570.3218317664079,0.0,163.50915183914873,0.0,4056028.299959574,8.160273080855111,0.0,Brute Force -Web
-17.741029080211565,90047262.07975033,42490769.348716825,501.5162171045815,17814244.368889537,91.05831209648724,42167320.10141998,89164483.78528473,0.0,3766.418404247783,2271.0906634412095,496.23049580077026,502.5010462168043,497.8484508686482,17565378.425932784,0.0,499.26245818777534,499.8679748312772,4013977.730542668,9.45099760796465,583.5952352150142,0.0,0.0,0.0,110.1025040897588,50.01572242302505,0.21780445107543958,3888587.9235026655,8.138650509551066,0.0,Brute Force -Web
8071.02754031451,0.0,0.0,75.03523528863533,73543.21681089443,94.71374922430067,4991215.257715278,5821311.160539866,0.0,372.82774271675555,472.0639766976409,152.32762298163044,151.7126910367283,647.7093907332405,973514.2176988191,0.0,633.209981952452,116.0591238256698,0.0,84.27234985089035,122.57032434031352,98.71921362217614,379.8004738978876,0.0,787.913747730018,54777.43016065582,233.12398682492426,0.0,19.95319981582507,327.38808017644146,Brute Force -Web
2047.0,70.0,70.0,80.0,70.0,40.0,70.0,70.0,28571.4285714286,0.0,0.0,0.0,0.0,0.0,70.0,28571.4285714286,0.0,0.0,70.0,0.0,0.0,0.0,0.0,0.0,0.0,0.0,0.0,70.0,20.0,0.0,Brute Force -Web
2040.34600079333,1321475.473835807,0.0,79.96839017965935,8021.827612744045,20.685770597935434,0.0,404169.64284868597,15802.28458951296,0.0,0.0,0.0,7.812542697674379,6.881999095684643,38674.00899349938,16129.518869374804,2.9909641712120894,0.6466734354096094,0.0,10.394962240503094,0.14238383935203916,4.623959450896686,0.0,279.2841662724993,0.0,0.0,0.0,0.0,20.033828210741525,0.0,Brute Force -Web
91.93197264881498,90012125.05963567,41522363.71246379,501.2908038383272,18110481.661430582,54.262982720145004,41859463.53828692,88737335.70989671,0.0,2710.8794581689413,2758.9829540727183,495.30269969219097,499.5135576743029,499.5467395715565,17985816.52705739,640.9970642056851,508.42757568644146,502.62748046590144,4051375.01332298,0.0,587.4766409064305,3.7947120790133835,0.0,103.34479570441246,745.40094571781,0.0,6.24856131571234,4175388.705382863,8.041567481513393,2.155500043073915,Brute Force -Web
2042.2716004331578,667422.6021384893,269301.4559855769,80.32496556990132,0.0,69.84494216647042,368356.27450884896,0.0,16025.99909657018,0.0,0.0,10.179939190651616,0.0,0.0,34276.09136011375,16968.44241232321,12.663993559018362,6.1042643362895905,104502.82431637292,1.9507107723772592,0.0,7.221009992793593,11.25082411575541,0.0,170.75549079410132,0.0,2.25645645261042,0.0,20.114997792692005,1.091967010838074,Brute Force -Web
-1.0,89479607.0,41990409.0,500.0,17895921.4,48.0,41990409.0,89479607.0,0.0670543848,3000.0,3000.0,500.0,500.0,500.0,17895921.4,0.0670543848,500.0,500.0,4000224.0,0.0,583.3333333333,0.0,0.0,0.0,0.0,0.0,0.0,4000224.0,8.0,0.0,Brute Force -Web
-50.057953845025345,88670620.05515663,41533126.14836495,503.8264232646413,18412973.33863222,55.890608335677534,41917064.752540484,89152737.67857626,681.7574378683814,3865.1007426872907,3127.9539298647087,493.7582331130075,501.1274865931986,498.2999589474038,17684416.155146427,1033.9021940930527,509.5365436863285,494.69640843901055,3915791.174407189,0.0,585.2071345271536,0.0,0.0,559.1822315189011,0.0,0.0,0.3556287825042417,4029049.192030601,7.844549280604026,0.0,Brute Force -Web
8123.088718559768,56420386.61706455,261097.63472157286,78.48513233032536,458777.5951899566,3026.9147128060645,912830.9397093449,55405647.29303937,103.41415338772381,54991.628260477024,54864.13779835981,356.0527263286211,365.28199298389677,650.0298136310028,140571.92431957694,0.0,1092.9794120273566,488.8234597111791,0.0,697.9340324865201,488.90610893180553,690.6562121981519,1063.76783151263,72951.36926723924,72347.82083716449,126983.56072157218,359.4701242926957,0.0,20.229078763234806,267.7067976142454,Brute Force -Web
-1.0,89479770.0,41990277.0,500.0,17895954.0,48.0,41990277.0,89479770.0,0.0670542627,3000.0,3000.0,500.0,500.0,500.0,17895954.0,0.0670542627,500.0,500.0,4000414.0,0.0,583.3333333333,0.0,0.0,0.0,0.0,0.0,0.0,4000414.0,8.0,0.0,Brute Force -Web
1964.9959042194882,0.0,0.0,81.16761350480053,0.0,29.124572028807222,0.0,0.0,14703.459400811857,210.64346059460192,77.56232168626707,1.9036676885705677,3.5637121235291818,2.0203808926407376,127140.44601473583,15648.090749871959,5.839797668948243,9.85520492333203,0.0,2.9041808887860037,0.0,0.0,0.0,254.16213166098677,0.0,0.0,0.609634993294792,74316.9542427504,19.933623664592837,0.0,Brute Force -Web
8311.939731978977,4427063.194397995,4301309.730768212,83.5245035125907,1191972.9543661305,96.1675900016472,4895018.621260522,7263332.319432812,267.0991443944503,843.985380771343,980.0790727160568,133.93805275717602,122.34016561965802,641.6379549527683,1048252.9831482974,1007.4621197839202,637.5575210270496,106.77692795170142,29200.78608260613,112.60937646618545,127.4911388683654,120.46984296526367,380.18604881685195,197.26531139073356,100.60471489473417,52438.370800134384,239.24989812725218,0.0,20.115080139925155,287.2002892329201,Brute Force -Web
-1.0,89479625.0,41990340.0,500.0,17895925.0,48.0,41990340.0,89479625.0,0.0670543713,3000.0,3000.0,500.0,500.0,500.0,17895925.0,0.0670543713,500.0,500.0,4000280.0,0.0,583.3333333333,0.0,0.0,0.0,0.0,0.0,0.0,4000280.0,8.0,0.0,Brute Force -Web
8304.104075637426,7139172.362634775,6005180.533284159,80.16330778062857,2866962.557598237,72.32185853765424,5570011.371889409,6483531.80651719,0.0,79.95368548989414,0.0,0.6268769685836781,0.0,1.0623307259240153,2092557.904889518,0.0,0.0,0.0,0.0,3.224339980915504,6.004116156672546,9.782402079815725,2.993835232774673,401.0477355583147,160.59721877843495,0.0,0.0,151263.08485177995,19.92311611115794,4.55794677948643,Brute Force -Web
8223.614784417023,56625009.49699845,649205.7599684766,81.75123392251281,454570.17202996253,3080.5080942401737,1642331.3259222854,57506199.05248303,0.0,54669.14078125416,54870.73657844257,358.48602133902114,359.9231544343216,643.623342299404,720394.8063564696,0.0,1055.6512047755596,494.42172994395776,0.0,695.3722107929601,495.0276489700064,706.1087192694077,1057.2191892357623,72134.36240905654,72570.46608684669,124605.60716179632,353.6901603303016,0.0,19.888490099655314,270.36182850684065,Brute Force -Web
8080.311260321193,55942732.844470635,823344.167505536,81.28605811352763,325574.90034659964,3059.7784077332467,564373.4154499231,56634626.10814609,802.7223833170949,54262.90392031803,55128.85961151779,357.7419753773592,359.88093340505657,638.4499664323597,0.0,480.75056976080396,1065.6667457817832,487.01086533146554,0.0,697.0873093794764,501.8373808393514,686.780607061946,1061.79328166425,72577.30774461033,72935.52460833684,125396.58980923361,352.68960926024454,30828.754836001808,19.90737781637099,270.15308612253773,Brute Force -Web
8158.705793704117,56706360.1463527,1303052.208933054,85.08576735582164,476546.3343428746,3005.2206189425497,830251.889260981,56793155.26226745,122.65543932182285,54238.61126519408,54961.23386322202,361.0257581754319,364.8657600385628,636.6668118394775,194348.35180222878,0.0,1059.614604568809,496.82306778018244,0.0,705.5031671129734,503.48083281293725,682.2996664994691,1060.7618840877938,72704.95685679682,72969.01478080756,124341.6416648185,353.2589732475781,0.0,19.989530460867563,275.1521962499625,Brute Force -Web
8192.0,56332561.0,1093332.0,80.0,370608.953947369,3072.0,1093332.0,56334200.0,2.7159345478,54995.0,54995.0,359.4444444444,359.4444444444,646.0,220055.46875,4.562059992,1068.0,494.0968992248,266.0,696.9423076923,496.0194552529,696.9423076923,1068.0,72482.0,72482.0,126293.862169336,355.3784773581,4.0,20.0,271.4171844443,Brute Force -Web
1833.4188445129234,0.0,0.0,80.37539576253076,79947.82482772463,39.16847961625746,0.0,0.0,20730.442767504537,0.0,0.0,0.0,0.0,0.0,162043.27118520797,22957.775837613124,6.680818072770628,0.0,109794.97442780006,0.0,0.0,0.0,2.1179249588060243,0.0,0.0,1525.670658600391,0.0,149480.39413432984,20.04042456271096,0.0,Brute Force -Web
8144.960287370594,56778145.85194198,810619.0471497148,82.52789301314836,42732.22365989641,3037.8818749927937,780156.5441106826,56769977.97130305,0.0,54965.0344706674,55371.572405023406,359.3422429839115,361.1273016888969,644.5370269197468,616887.524820677,254.9602454146918,1073.6614864115375,492.07068706897934,0.0,705.9512943422636,500.4831246722645,698.9545054358357,1083.5358571320812,72822.68019260193,73687.65186775143,126133.49773261564,356.7005587251349,0.0,20.064292765175978,271.89687005688984,Brute Force -Web
8192.0,62851.0,61778.0,80.0,20950.3333333333,92.0,4945520.0,5008371.0,0.7986628786,646.0,646.0,161.5,161.5,646.0,715481.571428571,1.5973257572,646.0,112.2222222222,376.0,91.0,126.25,91.0,364.0,364.0,364.0,54558.4444444445,233.5774913052,17.0,20.0,323.0,Brute Force -Web
-1.0,112641247.0,56320702.0,0.0,56320623.5,0.0,56320702.0,112641247.0,0.0266332279,0.0,0.0,0.0,0.0,0.0,56320623.5,0.0266332279,0.0,0.0,56320545.0,0.0,0.0,0.0,0.0,0.0,0.0,0.0,0.0,56320545.0,0.0,0.0,Brute Force -Web
-1.0,89479059.0,41990391.0,500.0,17895811.8,48.0,41990391.0,89479059.0,0.0670547955,3000.0,3000.0,500.0,500.0,500.0,17895811.8,0.0670547955,500.0,500.0,3999710.0,0.0,583.3333333333,0.0,0.0,0.0,0.0,0.0,0.0,3999710.0,8.0,0.0,Brute Force -Web
8131.2039842132235,5819307.147618436,6202444.020338773,84.03224660533915,2543907.9607510534,53.736537481316766,5569630.405229591,6026672.308888879,0.0,0.0,0.0,0.0,4.8254673777777795,4.507969437183812,1738122.5298967124,59.42196416085107,0.0,5.161413796219805,0.0,0.0,0.0,0.0,0.0,76.0828538142173,402.65846448348094,5095.7465570878085,0.3854127499351068,131039.69971687178,20.010970327947746,0.0,Brute Force -Web
-1.0,112641296.0,56320653.0,0.0,56320648.0,0.0,56320653.0,112641296.0,0.0266332163,0.0,0.0,0.0,0.0,0.0,56320648.0,0.0266332163,0.0,0.0,56320643.0,0.0,0.0,0.0,0.0,0.0,0.0,0.0,0.0,56320643.0,0.0,0.0,Brute Force -Web
8266.638447086016,5731978.670067364,4806054.920404665,79.76511375294295,1015804.9171544744,151.3313857202663,4973779.6225598585,5861825.043959629,1173.5287692093632,914.5872501794638,552.7714313321347,130.83466157142834,124.83240325015896,635.0594776069855,804892.6257695196,0.0,662.5380819114142,118.91137039758442,118767.92826142316,134.2677605178004,118.10938463103058,128.5115992843976,376.8568545589836,1072.2883416375194,263.66648171733596,58054.54853041311,232.83123076706616,0.0,20.067198319311906,287.03184674426774,Brute Force -Web
43.024249492587856,89675058.79321745,41930229.205642104,504.9440922653745,18051642.431055162,97.1054286574022,42550426.71421328,89006413.36304596,582.3544095583837,2796.9503884685473,2699.7906762287366,499.7849108151237,502.06464264573196,508.00754696382046,17968759.239118434,0.0,502.2768481139669,500.23092164883684,4223381.283859434,0.0,573.2385395694772,1.1845759056528717,0.0,1117.3271980595675,92.06896127803921,1956.9133897711247,0.0,4063493.050094494,8.18740920131305,1.0706503521918276,Brute Force -Web
8192.0,56999913.0,1141046.0,80.0,374999.427631579,3072.0,1141046.0,57001435.0,2.6841429518,54995.0,54995.0,359.4444444444,359.4444444444,646.0,222661.85546875,4.5086584224,1068.0,494.1046511628,314.0,696.9615384615,496.0272373541,696.9615384615,1068.0,72484.0,72484.0,126302.483168944,355.3906064726,5.0,20.0,271.4171844443,Brute Force -Web
8132.103788394676,57530932.55109141,1149958.1989240267,84.09272610594387,8746.17483025411,3055.7366365862053,385243.11511629506,55820602.29217626,0.0,54464.74038183493,54985.37738406691,368.56421515000255,354.4710170842814,643.3429332718897,0.0,0.0,1065.3498782561574,488.2388813925607,0.0,704.9311600850532,499.9518371826968,692.4197160571006,1057.0728562514994,72034.96331836625,72285.64120824727,125467.10583284021,359.94043789542553,23904.6753167108,20.046090123169687,275.24685477935884,Brute Force -Web
8145.014761557532,633319.0974861303,534957.9309029907,80.15689392107231,53491.24797727864,79.95402721630245,5122413.0666264435,5017205.227346712,0.0,51.40866591109045,239.55998817994555,162.56297189844457,160.18636241124443,643.673553235114,760268.8238771656,808.2837094426006,647.38125213537,116.93767893072153,59544.10325893373,93.4711057311944,131.9150888543216,92.57162686635375,376.9541623390821,503.1667393360116,928.7559778180722,56315.23717698142,238.11143422956954,0.0,20.061474102582288,327.0287089478702,Brute Force -Web
43.38977035668606,112747377.62579548,56778379.545189425,0.0,56669600.02914163,0.0,56889001.853090554,112516918.53523695,0.0,214.5652217466141,53.10243696181447,0.0,0.0,5.5183889836753695,56535567.52222691,0.0,11.892379906150623,0.0,56067117.630344644,0.0,0.0,1.0090473572443706,0.0,647.7329201913672,68.97197587163399,188.41690165428815,4.420470199581788,56148920.721322306,0.0,0.0,Brute Force -Web
13.468343520888888,89307406.38712539,41871302.571581095,504.2744475426515,17744744.63920919,47.695516834477495,42449376.89637198,89267116.21942484,284.8056192121756,3276.351623111419,2702.5912274063103,495.5209531577628,497.81919419814227,510.1351782866092,17935860.64515705,416.0053455292968,487.34757083900155,504.81204165913806,3824511.3197467136,3.868115278742744,576.6442839572561,0.0,0.8221356004200734,133.41237218899323,905.1661253783582,0.0,1.810372470109546,3884266.1577526717,7.894204839878931,2.7597526543784645,Brute Force -Web
4.249833374887025,90175437.96837634,41334785.14007882,501.9681520268002,17722345.862131644,0.0,42138832.86662614,89880829.15476388,0.0,2741.63569041167,2443.532041074225,489.1276721856095,498.1363507858907,500.1137200735083,17800798.058792483,1143.1318683880227,501.60574404989336,491.2032591613694,3807211.54775837,0.0,588.1992338333068,4.4614635656902,0.0,0.0,33.701435756071234,0.0,2.3730417132716686,4092144.394894962,8.097812350060947,1.2642886382277532,Brute Force -Web
135.01654946442855,89553048.19107275,42908245.4480064,499.298345501952,18218374.28086457,47.26518307242545,41844681.99910475,88891467.40656093,1061.8517641864714,2652.393313181986,2807.936179086607,502.7338690406134,501.28751116340817,499.34608318583327,18035622.993087966,0.0,501.95759914830126,494.97936661329,4137504.7411692603,0.0,590.6953009952964,0.0,0.0,0.0,0.0,0.0,0.0,4128823.742925443,7.9666528538325165,0.0,Brute Force -Web
2041.2566564435422,752484.190551135,0.0,77.08914656208574,456814.59881675604,47.57111086449591,0.0,0.0,6664.623360670881,0.0,792.5055920287186,0.0,2.679664686573969,0.0,0.0,6650.58713147219,0.0,2.5372844806394013,0.0,1.9545386240190101,4.370029058502133,0.0,2.3975161869505635,0.0,0.0,4805.916462727533,0.0,528319.6447894595,19.786191951664602,0.4889361904659837,Brute Force -Web
-1.0,89479699.0,41990329.0,500.0,17895939.8,48.0,41990329.0,89479699.0,0.0670543159,3000.0,3000.0,500.0,500.0,500.0,17895939.8,0.0670543159,500.0,500.0,4000325.0,0.0,583.3333333333,0.0,0.0,0.0,0.0,0.0,0.0,4000325.0,8.0,0.0,Brute Force -Web
8126.786151489042,55289819.20293369,1413393.4371565976,78.36101935777569,356804.3658973749,3090.3997847282867,1405806.2451266898,56703849.198696844,0.0,54496.71821401217,55502.757284446634,348.50725303130673,357.41556667100474,639.6586366332858,224727.98941179615,0.0,1060.842497354877,500.0032055571613,179679.34215681624,698.9185315965399,495.57991462551865,693.1647077527062,1093.103944023132,72772.69135900882,72405.9955904757,124670.0221114075,350.98880840854906,0.0,20.018568016668535,274.16000810781884,Brute Force -Web
2047.9001458446244,0.0,160663.08972533105,85.0641449014608,0.0,65.20069493817422,0.0,151627.2843335895,24896.1718369127,0.0,296.9795576968164,0.0,0.0,0.0,0.0,24415.25728695969,19.61629154920499,7.000203156774161,0.0,0.042533887563846205,0.0,0.0,18.72662411242236,896.7517465046474,380.28346269381177,0.0,0.0,0.0,20.16125844568299,0.0,Brute Force -Web
27.737665132374264,90253570.43948016,41864264.764427245,498.26635766315286,18115643.790474653,10.491942380212265,41729622.4083454,88531538.79874067,0.0,2936.455239581671,2929.8261900758052,499.83529155871054,498.33452035973164,487.8289950288008,17744451.441775627,1258.809077581579,506.7621871623991,488.4161600230161,4094416.575886784,4.307219972046866,579.5186369611811,1.9992780610952197,5.070695309001074,0.0,501.68477921518473,0.0,2.841107812086908,4141036.096888691,8.006701642106826,1.3245623756071558,Brute Force -Web
8192.0,57082050.0,1156395.0,80.0,375539.802631579,3072.0,1156395.0,57083688.0,2.6802753179,54995.0,54995.0,359.4444444444,359.4444444444,646.0,222983.15625,4.5021618085,1068.0,494.0968992248,289.0,696.9423076923,496.0194552529,696.9423076923,1068.0,72482.0,72482.0,126294.360223811,355.3791780955,5.0,20.0,271.4171844443,Brute Force -Web
5.550815666478625,89666782.83808449,43148479.52608237,498.7976179328567,18320734.416453637,54.56066281041218,42122333.215911984,89340063.75019911,0.0,2960.296197846709,3109.8053872750697,502.40399003503046,503.68008610720887,486.61652970615546,17667312.83686938,0.0,497.87217356514117,506.04562075108936,3763610.4691506405,0.0,583.3886142359187,7.292489827358954,20.903815422722538,440.16581283309085,224.07566379755755,0.0,2.666244001449595,3472040.692185402,8.02611084121582,0.0,Brute Force -Web
8153.0623636614555,3896239.7219862626,4770970.238976468,78.4362038820513,1020013.2781882181,117.02309152690094,4428413.2855966315,4011165.180511838,0.0,0.0,760.0616749817057,136.97898025596274,126.52773552724467,655.9467480629542,1255762.5176730272,393.8590704663364,642.1253817102129,110.91827249266963,0.0,122.45868385917987,135.07112542867077,122.10496087799032,355.54074892168785,0.0,686.7630374705598,56946.86180752094,225.92872403322585,419104.9654405301,19.918673289721664,288.02609456876945,Brute Force -Web
2051.0,23.0,23.0,80.0,23.0,40.0,23.0,23.0,86956.5217391304,0.0,0.0,0.0,0.0,0.0,23.0,86956.5217391304,0.0,0.0,23.0,0.0,0.0,0.0,0.0,0.0,0.0,0.0,0.0,23.0,20.0,0.0,Brute Force -Web
-64.93251563205402,90268455.23600453,41447928.594076134,503.9154907544141,17401511.799254205,81.6774038641044,41115839.62545789,89589344.80301225,1373.798870806165,2375.437702652027,2855.591532630031,498.377540359353,496.17872227144295,499.78409609670825,17861934.822726846,451.1042603038672,509.8028540269654,498.74666289316684,4122312.29733369,0.49660474334170535,583.8689531247273,8.40193920066238,0.0,462.9844340865358,236.0220283500909,0.0,0.0,4102881.6999219744,8.03359560670832,0.0,Brute Force -Web
2051.0,21.0,21.0,80.0,21.0,40.0,21.0,21.0,95238.0952380952,0.0,0.0,0.0,0.0,0.0,21.0,95238.0952380952,0.0,0.0,21.0,0.0,0.0,0.0,0.0,0.0,0.0,0.0,0.0,21.0,20.0,0.0,Brute Force -Web
2030.6813015469031,0.0,0.0,71.88391733431938,0.0,80.43402833446928,0.0,0.0,2562.4532840729153,590.0055659394886,669.2668930284893,0.0,0.0,0.0,0.0,2095.017046381959,5.023970934760629,1.7707618161608771,0.0,0.0,1.2415348161786104,0.0,11.707673168377086,0.0,540.5622210061633,0.0,0.0,43638.4391969887,20.039746734371207,0.0,Brute Force -Web
8192.0,60052.0,59002.0,80.0,20017.3333333333,92.0,4948259.0,5008311.0,0.7986724467,646.0,646.0,161.5,161.5,646.0,715473.0,1.5973448933,646.0,112.2222222222,436.0,91.0,126.25,91.0,364.0,364.0,364.0,54558.4444444445,233.5774913052,17.0,20.0,323.0,Brute Force -Web
2109.2146241259634,0.0,0.0,68.68235875642657,0.0,59.1852445452097,58604.86780991826,168611.03052305127,24687.050057786146,404.9089585607741,0.0,0.0,0.0,10.183894771131154,178981.5096167093,24490.942832618828,0.0,0.0,13297.300514885093,1.7109255910859391,1.263853984821852,3.844101145317179,0.22759268693407392,1176.445814500337,0.0,0.0,2.587110979870002,0.0,19.971188081976404,3.1206144221414487,Brute Force -Web
-30.56322989613936,90717132.7628348,42212731.9528107,503.19463187113297,18030461.50574839,90.49868024791084,42149922.59928802,89458502.47912787,0.0,3544.6329739657626,3595.7076942908016,500.13910938349164,495.29398050961305,504.1981939194804,17744736.11581503,181.5062299359991,514.3878979053067,496.1707659661982,4042359.919329146,4.435365400547228,590.3250252905941,1.55812197599965,0.0,368.19862698050014,0.0,4087.693399996426,4.523753172821957,3872149.563905333,8.069701293312688,0.0,Brute Force -Web
8192.0,59471839.0,1904795.0,80.0,391262.098684211,3072.0,1904795.0,59473791.0,2.5725617525,54995.0,54995.0,359.4444444444,359.4444444444,646.0,232319.49609375,4.321231179,1068.0,494.1124031008,333.0,696.9807692308,496.0350194553,696.9807692308,1068.0,72486.0,72486.0,126311.407549845,355.4031619863,5.0,20.0,271.4171844443,Brute Force -Web
8200.558763853618,4578264.266046234,5238640.567134468,81.30426999079923,1133524.2763947872,153.9299352099323,5163183.697240969,4690407.793408442,438.7272973219072,368.1962959648825,269.318461070838,129.91319573059323,135.68465753590357,641.8279594876943,864141.4343469306,0.0,659.9048501747147,113.00812579796951,0.0,111.6840554550525,134.55521210803857,117.76128807163877,361.3584329295109,263.65040919216057,574.9039330991486,56193.51376001255,233.45236567770286,58771.387571974854,20.069254104775798,288.250825678774,Brute Force -Web
8192.0,56008441.0,1144630.0,80.0,368476.585526316,3072.0,1144630.0,56010028.0,2.731653696,54995.0,54995.0,359.4444444444,359.4444444444,646.0,218789.171875,4.5884640515,1068.0,494.0736434109,409.0,696.8846153846,495.9961089494,696.8846153846,1068.0,72476.0,72476.0,126267.111287063,355.3408381921,7.0,20.0,271.4171844443,Brute Force -Web
2085.9573689793037,583911.3720877421,0.0,81.93208664647673,182836.62504459912,45.9121280108008,0.0,0.0,83234.44808731414,77.14099971562274,166.71090932455866,0.0,0.0,5.410081131832589,285870.4474158316,81740.8049401489,0.0,4.594869620792717,0.0,7.883201024809965,0.0,0.0,4.83662525863386,0.0,0.0,0.0,0.478713611951015,127424.87998834751,20.10028534750039,0.0,Brute Force -Web
8150.390884471899,56292577.9715345,1421467.9118816839,76.09154128652992,271196.07505016425,3085.563258699157,927848.6449824362,55529656.71601526,0.0,54672.480815447896,56033.726412194934,348.71242134670547,367.6661604647214,643.7395772495445,697128.822435475,0.0,1052.4732830087235,493.4608384023963,0.0,699.5265271974081,492.25352243297186,719.3756634553021,1085.946558368768,73878.75244277957,71805.1693281922,128149.78011368748,352.57595668286564,11038.397856757185,20.074226461096085,270.240489617662,Brute Force -Web
1980.9333224149589,697127.0546979015,419630.02291303786,81.21766227136062,105166.39142856644,55.29065521303025,319043.30739616667,0.0,183068.03740709054,0.0,274.14422778924853,0.0,0.0,14.17574286483702,285063.4009257428,183524.51007164744,0.0,1.0982763120718217,226805.53642028317,0.0,3.7939720770182976,5.37570240928628,0.0,4.898605879461897,409.72582630774855,0.0,2.958572753081723,0.0,19.97680284634012,1.9465663291678956,Brute Force -Web
8101.667142028581,911135.7680725468,87750.0295389395,78.47276292647757,0.0,55.32342547196913,4838161.950754847,4718917.256939983,909.255487582226,183.35400445482497,424.0620382063057,160.1648100796176,155.1719759540349,643.4200630049908,895376.7613991989,510.86505653753613,639.7187964742698,108.22662077958209,127527.51764718202,96.09547118018979,130.83257831302157,87.03656087613469,372.33408906217875,658.8349880374138,1174.517274180475,53818.29810955333,236.90108630361104,93042.50857027831,19.855091949529232,327.1076347801001,Brute Force -Web
8211.319939102621,61883228.3322915,2005030.2882156833,77.80766947433065,308256.3908813105,3085.9293138007556,2403699.762826599,62170211.53197472,0.0,54807.82377508259,55082.024486665425,355.6015240956884,359.65492440142896,643.6851334528549,620421.3831497859,0.0,1071.0224726157255,484.80187384795136,0.0,694.4242795525661,485.5877766067996,692.9596009640835,1085.752062034818,72142.0855506976,73197.50871313483,127277.6764181871,354.9550164514578,164668.2811268479,19.936305278335812,271.73054142666587,Brute Force -Web
8247.242687218579,1280303.0094992043,465500.1852543282,84.71295210514972,325348.7119077009,102.34305616863423,5120575.014427856,4410185.844342505,402.52966612698094,618.5788264260351,1032.6316347699035,162.2620904148639,160.44486446643012,635.5351661242057,389555.045434007,363.5897254956933,641.2514692144523,115.90151734064911,209682.58187181258,86.02848011917693,130.1617369817503,93.55318594955347,347.864881625159,710.1950982849121,0.0,58975.12147470307,231.78295420201923,225117.86968138834,20.129913632912626,325.57412155417586,Brute Force -Web
8305.150701286017,398179.9187981184,0.0,75.26338958020261,99831.22212190769,109.83636644865902,5022690.57575043,5508973.818143535,519.9399402135672,586.1695042933854,1807.3848247640929,161.84995328121485,159.98217623405293,646.786560674625,532676.2712557991,1060.4045316604386,646.0118633169859,116.65963173324354,0.0,90.33341442649146,125.6202540972293,102.40473824121457,373.2194506566547,5.0063282146961114,0.0,55117.5667637427,236.64234577678204,0.0,20.214263635372625,321.0517761889987,Brute Force -Web
-59.952727388511356,89825628.4115648,42127854.41302739,496.72843237364293,17908051.952469617,56.901813450432634,42443099.72582469,89775158.432104,1332.6835947047957,3264.4085020173434,3523.0624011915043,491.123536478616,498.2435011942363,493.34685823887673,18126120.4883501,1261.6182583706352,497.1424434264628,501.54373826610083,4035592.570727525,2.902150716881615,580.8476632340258,10.815430161753312,0.0,62.85941952901444,0.0,0.0,2.632312089843229,4369340.887633373,7.890564917656402,4.9175497146237355,Brute Force -Web
8203.391778830925,57169852.07600143,1649661.180562112,78.34698270534224,60706.52425489458,3125.503558652745,991650.8605787072,57849723.2592597,387.291587546351,54667.02489899907,55266.97611187628,358.1529737896255,369.30345258997426,651.1213332901068,430332.3655914895,461.5565497930599,1068.0978132595847,495.3383599899231,0.0,692.677086525534,487.70414574844966,700.987314855226,1091.2819055697732,72897.58667369299,72962.3114720145,123156.67685283523,353.65573113165357,422209.6057087804,20.171049724471228,270.64578176610684,Brute Force -Web
1976.4389937536612,0.0,0.0,81.80304218418162,131111.74666347995,55.5188668897425,0.0,0.0,19317.897204175864,268.29033594919133,874.3331690401418,0.0,10.292453977375303,2.6086287219155166,186363.9105857854,20269.01389378979,5.233423882475369,5.3652000436349825,0.0,0.0,0.659810385082415,2.933119894488191,0.0,0.0,0.0,492.71076379541523,0.0852606476949801,0.0,20.10400995319191,0.711633044783956,Brute Force -Web
8272.875460244966,914553.2656131287,0.0,81.08250665391819,443338.62331921555,118.74423564607402,4537959.730691868,5765794.414547269,0.0,615.8185821753285,399.93991813352056,160.52560348512353,166.61157462997488,642.5679419331524,844788.4294946155,405.78436705704337,634.6333159742661,115.53539123356825,327151.83994985983,87.92169420139382,123.90010723887768,80.81977704968101,362.13792096371236,1105.0959116562622,0.0,51260.766385699724,235.2321066512252,0.0,20.011307764070363,321.02027443339216,Brute Force -Web
2106.3454397039995,318466.5760792312,0.0,76.5838733002851,0.0,51.21876903447333,0.0,0.0,17839.372186683744,0.0,0.0,0.0,1.3359875307886546,6.41017741165216,264357.2717596756,18535.34369309383,1.3131145690675132,1.6797384695725202,0.0,3.5520592884890823,0.0,6.2767204039384925,0.0,11.2644395960117,986.5916386567957,3328.160207199072,0.0,41679.95574433322,19.978752064646795,3.565927528573059,Brute Force -Web
8208.366072187915,4942115.726914229,5245629.231740401,79.29929332748193,2846316.61665114,51.687977229013484,5397663.640229488,6776948.409147803,0.0,0.0,92.62925214612905,6.870884220115451,0.0,4.732910410855394,1668885.1142150315,638.663370811505,1.4472266132993803,6.492129887044891,68118.35642419061,0.0,0.0,2.031103277388986,0.0,17.357453407198232,0.0,2882.2019862975917,4.17518521471051,180694.11580580127,20.089497692527157,4.846330780408824,Brute Force -Web
25.18527317109064,88474087.41332974,42017508.01752711,502.49087189776606,18177620.456442233,57.450338591513834,42121061.6866494,89455295.17333993,0.0,2827.3497360152587,2429.7438208858302,499.45571748876984,493.9961294850407,489.59936096355773,17839678.30644539,166.99625634027794,489.11366142339097,504.8947419319819,4059601.389530859,0.0,575.6283194281368,0.0,0.0,0.0,110.10254167053007,86.26057437497948,6.17269451210396,4046688.403999497,7.8036841411365705,0.0,Brute Force -Web
8214.290290520565,5761393.015756706,4772539.403885544,81.5164612843573,1477873.7277562912,82.23384057789869,5410975.400026587,4766978.757277543,0.0,613.8294758789639,1010.4647663976402,133.91001672003364,127.53752691325816,640.2914953477864,144956.6774813158,0.0,652.3813533387238,112.35028785799871,0.0,119.13759484013467,115.40784899127861,118.72090549910213,363.8301662849246,203.54471442724153,346.11159967278627,53778.03314854611,232.58194235657487,0.0,19.948590025091455,290.02515559557963,Brute Force -Web
2072.6032799339537,717424.6607135801,0.0,76.41396455821632,326794.044985762,32.8845671941346,405207.8343447824,769158.2415722992,1520.0375844105702,0.0,277.33646748600313,2.277110988992163,3.968581690759456,0.0,241257.8038522527,2050.5413220141095,0.0,0.0,0.0,0.0,1.2830995631269477,0.0,14.188492181081484,0.0,94.63897293101228,1359.321114242749,3.411354686967441,255051.59431306,20.05766212160242,0.41270237720822317,Brute Force -Web
2051.0,21.0,21.0,80.0,21.0,40.0,21.0,21.0,95238.0952380952,0.0,0.0,0.0,0.0,0.0,21.0,95238.0952380952,0.0,0.0,21.0,0.0,0.0,0.0,0.0,0.0,0.0,0.0,0.0,21.0,20.0,0.0,Brute Force -Web
2015.200361864143,0.0,0.0,81.14125015350123,0.0,14.513620752529405,0.0,1919.9287511263121,5827.943574363961,0.0,0.0,2.144759162839332,0.0,15.8096778756552,0.0,6234.881184107504,0.0,0.0,0.0,0.0,5.17818929453011,0.0,0.0,27.577970228236513,0.0,0.0,0.4629093334268493,183752.0427582232,19.83944595986407,0.0,Brute Force -Web
8097.909761893627,55792088.93745899,1103488.1790480164,81.59613037910916,120166.96509977346,3079.5766827429193,703853.37364759,55774427.63023931,0.0,56254.58353237429,54989.04756505516,356.4229934863032,364.6025771311119,647.4853523934466,103596.73082208076,0.0,1074.8355296217653,491.7974370065781,0.0,698.1800910210729,497.511886999168,701.6192520523805,1056.2442659331448,72376.43053848692,72538.13949195284,126591.08856404915,359.8581754852417,260235.26883532864,20.025277809622757,269.34366701309494,Brute Force -Web
8234.040395012722,1482862.5594452082,1257431.916054366,82.33796025110843,421997.40973199846,118.90231114116068,5446557.191707415,6599456.2188431965,521.8302622435288,0.0,503.6188467317238,96.76338022201428,88.0350404400511,372.7058526031771,370738.518323621,896.1949825655435,2923.377426735149,813.7959842769237,53025.08199426071,1338.8639018869428,890.1258845853141,1337.908729499196,2908.8380935028213,9264.177972370067,11066.387149199873,1652640.6591961894,1285.7964407510294,189230.37427059092,20.15041784273592,187.40990649087152,Brute Force -Web
8169.891498998973,4819240.59815397,4428782.743117101,79.10969188984188,912181.871234545,121.47891317451145,4600302.094190832,5158423.34186472,130.4516813608563,0.0,1553.102520491501,123.7845909152017,125.03855142555766,639.3085725826247,849364.0636544508,1122.6807992325282,671.2098548085041,112.5571738272607,0.0,120.9436826801165,122.19089478552048,119.54674595925063,370.101096888716,630.6557432111763,976.0097721396886,56615.429371438484,233.89863111818957,351870.70673609426,19.956949395204315,285.42682537539883,Brute Force -Web
8096.442460641749,5827075.823541377,5170355.483244646,77.20145323110636,2885514.5633097505,114.33459495490922,4822131.4173617335,4957654.145789611,732.1290664304914,487.01587647518346,192.3459530898445,1.1417997479688966,0.22164088594294967,0.0,1775275.5953067373,127.32823554198417,18.5641711471135,10.392006164336259,69090.33535392619,0.0,0.0,3.9415426070195587,0.0,1295.9546220918721,0.0,0.0,2.77030018445643,0.0,20.09721998762768,1.9088202483121262,Brute Force -Web
8192.0,13197494.0,1065631.0,80.0,356689.027027027,772.0,1065631.0,13197494.0,2.8793345161,12446.0,12446.0,327.5263157895,327.5263157895,646.0,212862.806451613,4.7736335398,1068.0,456.796875,316.0,671.56,464.0476190476,671.56,1068.0,16789.0,16789.0,138199.815228175,371.7523573942,5.0,20.0,279.4968197703,Brute Force -Web
8192.0,54813.0,53734.0,80.0,18271.0,92.0,4953665.0,5008478.0,0.7986458162,646.0,646.0,161.5,161.5,646.0,715496.857142857,1.5972916323,646.0,112.2222222222,379.0,91.0,126.25,91.0,364.0,364.0,364.0,54558.4444444445,233.5774913052,20.0,20.0,323.0,Brute Force -Web
8221.260388038421,395870.19023643155,248567.52941463623,85.87447683067269,266772.9288283883,59.55038843936132,4798038.96779613,5639748.708914949,592.3154719432282,1237.0228738760409,956.8364912085751,165.4956185807465,168.21452933334902,636.871300914037,680147.2207548067,1864.4459340047886,646.7723092544945,106.73867801301897,0.0,88.77771999327953,130.86116150470122,87.11203029378778,363.6857611344328,449.47233443818885,0.0,52213.52021985753,238.287437940336,0.0,20.043206453267548,322.1460254007328,Brute Force -Web
2047.0,178.0,178.0,80.0,178.0,40.0,178.0,178.0,11235.9550561798,0.0,0.0,0.0,0.0,0.0,178.0,11235.9550561798,0.0,0.0,178.0,0.0,0.0,0.0,0.0,0.0,0.0,0.0,0.0,178.0,20.0,0.0,Brute Force -Web
8201.69873336828,5994760.628265598,5070451.541655478,80.96064256432233,1274822.7960962506,121.35856886740098,5277443.785090164,5151651.785762418,0.0,729.3552541733736,735.4756110609932,130.1530119177835,136.7628288336915,655.5345635721825,712606.2261452395,906.18365202003,647.0918382087444,113.4082070260108,0.0,108.50773884758179,123.62231518106907,116.67274034734547,369.3406540307518,251.96001583859118,977.1194987318852,58824.881714644944,230.74229214500835,198751.22878358525,19.96837520841676,286.7795620034987,Brute Force -Web
8145.569820213262,509845.55642384983,108115.63294806254,76.4729529416932,0.0,129.54240652348875,5177005.893928297,5063202.580190001,0.0,564.94001426823,858.1373165545981,158.34871906551032,163.33320123999374,655.7288696801448,555155.6804928703,0.0,677.999754416636,104.52307379603003,0.0,95.2878729461578,132.55838198305426,79.78653419278645,376.3276012599566,1015.7049851521773,0.0,53209.66711290174,229.87511120995865,65598.5340074647,20.113813934213823,318.16316142993657,Brute Force -Web
-1.0,89479978.0,41990311.0,500.0,17895995.6,48.0,41990311.0,89479978.0,0.0670541068,3000.0,3000.0,500.0,500.0,500.0,17895995.6,0.0670541068,500.0,500.0,4000611.0,0.0,583.3333333333,0.0,0.0,0.0,0.0,0.0,0.0,4000611.0,8.0,0.0,Brute Force -Web
8168.358764212356,0.0,841312.6373886194,85.34017557950575,0.0,141.74818643980456,5358130.086538735,6074904.055168197,0.0,1356.7767379466748,390.06153996514485,164.5571840431238,166.23514971272206,649.7021324285157,1060583.0880759563,111.17670492507301,626.96558425256,122.00511607009284,204633.26879853362,88.65308172380763,122.36745499026237,92.03452453095314,358.0733456491556,0.0,0.0,54441.1741999542,231.18231364654937,0.0,20.083636237230795,323.8215408984269,Brute Force -Web
2051.0,48.0,48.0,80.0,48.0,40.0,48.0,48.0,41666.6666666667,0.0,0.0,0.0,0.0,0.0,48.0,41666.6666666667,0.0,0.0,48.0,0.0,0.0,0.0,0.0,0.0,0.0,0.0,0.0,48.0,20.0,0.0,Brute Force -Web
2068.83714659532,157102.00665909107,172212.25209897896,84.53290107707916,0.0,54.48946820182145,0.0,29624.701193591198,649.2665587925869,428.9356769941839,0.0,0.1851686207349797,0.0,0.0,25638.158699129763,0.0,0.0,5.100331305771263,0.0,6.1355617818142,3.9574601209938485,0.33482955699119354,0.0,1395.0866864781435,0.0,121.96079272518318,2.242831982951409,185243.46157027877,20.099274871041462,0.0,Brute Force -Web
8192.0,5008369.0,4954647.0,80.0,1252092.25,112.0,4954647.0,5008369.0,0.9983289969,646.0,646.0,129.2,129.2,646.0,715481.285714286,1.5973263951,646.0,112.2222222222,357.0,121.3333333333,126.25,121.3333333333,364.0,364.0,364.0,54558.4444444445,233.5774913052,27.0,20.0,288.899982693,Brute Force -Web
2011.002339371169,370212.1473920384,495214.0965525534,82.36748697515738,193320.20108520586,60.85666538866897,200828.28947317172,140685.69678072826,152173.0100595706,0.0,0.0,0.0,0.0,0.0,0.0,153654.6601417071,0.0,0.0,0.0,0.0,0.8686395108743253,0.0,7.624316927330026,476.17921956335573,0.0,0.0,4.922677579146642,126061.19733759231,19.91517741676657,0.0,Brute Force -Web
113.21104006566071,89275581.07811119,41853385.764277734,502.7128291455408,17832728.710992433,11.6169332576372,42150977.99143148,89309946.58573292,0.0,3072.322588999133,2898.212737695621,503.22913711147675,501.9975751777767,495.22713823191174,17720138.461079713,0.0,504.99206985130616,497.9962886283033,3972405.5342536676,3.605073479318133,587.3078540370255,0.0,2.4004854330859144,74.2027084822724,0.0,5045.921770572542,0.0,4116389.183832599,7.938105994025572,1.303892797651548,Brute Force -Web
8113.230864780797,0.0,214637.09812928358,81.56676608135307,0.0,101.63679689914619,4003059.3228815217,5350012.346887565,0.0,1147.7691557497315,388.46055556141056,170.77392515155083,162.2736256926071,641.7388347055031,765517.1840201233,0.0,642.404010695525,109.33294293916926,0.0,96.53688130322615,125.35402298293995,81.75882692816742,359.72328562567156,36.55776050054175,379.02414540711567,56847.03873238805,231.80747560272428,0.0,20.2190387688978,327.14881799277396,Brute Force -Web
2047.0,128.0,128.0,80.0,128.0,40.0,128.0,128.0,15625.0,0.0,0.0,0.0,0.0,0.0,128.0,15625.0,0.0,0.0,128.0,0.0,0.0,0.0,0.0,0.0,0.0,0.0,0.0,128.0,20.0,0.0,Brute Force -Web
1995.3072765945699,1455182.7805025328,106229.62120086886,79.59715700422375,0.0,0.0,208737.6181526606,856116.2077983271,17912.789767052218,570.6395866637048,0.0,0.0,1.7988869585283624,0.0,0.0,17452.54582048497,0.0,5.980219015481391,217507.54333720004,1.1636923652450821,0.0,7.1232719576792665,0.0,888.3785207344534,323.0692253957999,941.4492935066739,1.8567596181258548,0.0,19.980371513919675,0.0,Brute Force -Web
8126.904350175714,1445523.6245425513,1802437.9982679184,78.86261914574634,679924.6503670231,74.92712503665712,5046633.528924691,7243991.16627632,602.2157066207456,277.65736175517935,298.9368904952873,91.06342321427566,90.41880688529994,379.36258107506814,204037.22351604828,0.0,2918.6154520360305,810.4167645383658,4429.423175901157,1338.2284730841072,886.0723199454187,1336.6088507736167,2920.1073003156207,8899.236059741796,9362.71970625528,1653310.0018776665,1285.4355279153183,0.0,20.04749233828802,183.45979909528478,Brute Force -Web
-1.0,89479443.0,41990204.0,500.0,17895888.6,48.0,41990204.0,89479443.0,0.0670545077,3000.0,3000.0,500.0,500.0,500.0,17895888.6,0.0670545077,500.0,500.0,4000225.0,0.0,583.3333333333,0.0,0.0,0.0,0.0,0.0,0.0,4000225.0,8.0,0.0,Brute Force -Web
8238.082246148791,752612.0236257373,386968.13365652773,78.77792663180004,0.0,236.44009362526222,4900409.041589761,6041606.088238494,0.0,2588.154111925617,2054.4261927247035,210.46076405022285,213.51275853408586,393.0271124458091,622187.8227006873,0.0,2928.7453354193153,656.4606022151588,0.0,1076.8368435027546,676.5507292127054,1050.4007920419017,2929.870655642727,12622.946229685092,12761.116807208053,888533.5909911434,941.1299360925537,244291.2427764485,20.038933645434547,184.48458468776153,Brute Force -Web
60.575405523604225,90113939.70701237,42123025.35691444,497.0532753240181,18004064.354209732,38.74652562153247,41792083.07140617,90464757.76937254,947.4928131509935,3296.736334570987,3135.532743193706,493.0580938915188,503.8399250951986,501.987162828794,17660522.685687076,325.05401089874914,499.3483301803835,506.7921101341699,4503663.478159234,9.174500955079194,582.9203724116047,6.4535966610572535,4.486055063899875,300.4659465675129,601.7071909142395,0.0,1.6894039247535544,3926174.9104729537,8.01720628037533,1.3124762190963066,Brute Force -Web
2056.651984006962,286547.7454057091,337365.3835735201,88.6815605317797,0.0,26.67075786437065,0.0,343426.9601305084,43135.453640284984,0.0,44.8775059164169,0.0,5.840979487755582,0.0,0.0,42611.617596093914,0.0,0.0,225416.9863566058,16.589464864719545,0.9273120515818961,0.0,0.0,0.0,1095.0682570051292,0.0,0.0,0.0,20.12062651877217,0.0,Brute Force -Web
8192.0,57933528.0,1296020.0,80.0,381141.631578948,3072.0,1296020.0,57935079.0,2.6408870522,54995.0,54995.0,359.4444444444,359.4444444444,646.0,226308.90234375,4.4359998197,1068.0,494.0813953488,250.0,696.9038461538,496.0038910506,696.9038461538,1068.0,72478.0,72478.0,126276.26961361,355.3537246373,4.0,20.0,271.4171844443,Brute Force -Web
-168.6572200009979,90019265.42650293,41172133.5674798,495.56995393759877,17809264.4075737,0.0,41629518.178032584,89082608.49763346,760.8093288631255,3300.266614232928,2116.588130848559,507.53822955270493,502.40979784071345,496.35758986149494,17293120.002661526,1537.5004348375912,491.53934937168475,494.97587237455156,3635171.476312048,0.0,583.0390070230246,0.0,0.0,0.0,0.0,0.0,0.0,4010898.432434966,8.016764904238439,0.0,Brute Force -Web
2047.0,229.0,229.0,80.0,229.0,40.0,229.0,229.0,8733.6244541485,0.0,0.0,0.0,0.0,0.0,229.0,8733.6244541485,0.0,0.0,229.0,0.0,0.0,0.0,0.0,0.0,0.0,0.0,0.0,229.0,20.0,0.0,Brute Force -Web
8344.421746727436,4842496.137853835,4926423.806352596,78.93020646869262,1480981.9417875814,122.16203089413315,5546732.736530267,4398053.456936838,457.8875449700416,0.0,714.0234857466533,122.59469383092535,123.09613054396559,644.2401738664845,1107251.6860238619,0.0,650.9648354123773,113.71673869204943,31369.9852186725,123.17025032812762,121.74200688020676,116.42650826047782,380.32329901012423,410.1272687453305,632.7766773463032,52679.51695642821,238.75952903733813,140918.31989955154,20.146627351939372,288.29551878219644,Brute Force -Web
8243.77350112093,56689433.78406996,1290267.4565087499,78.52804926222777,899795.360182523,3067.7541716597643,1222541.1396327156,57213323.44807412,0.0,55294.336471646,54899.87544759619,363.9196200214709,355.96943308113316,642.6736196964983,325262.8439950563,1377.4984845934277,1072.8385839143514,489.87249664120134,242873.24458200313,691.0194181572659,493.74568317970716,693.9251520366805,1066.0104481391622,72615.82658494626,73341.70377574993,128667.46967872398,359.34911309017247,105256.51027699397,19.88189400113478,266.68525665910005,Brute Force -Web
1918.5950568642656,349054.4725467841,25149.65431591645,82.08047348581064,101326.38188337072,62.537821984316324,712374.250241396,0.0,21822.441936697665,0.0,0.0,7.6834420462207165,0.0,0.0,0.0,21376.326885611794,4.6839382157442015,0.0,0.0,0.0,0.0,1.3222581372119238,0.0,0.0,956.1477663734437,0.0,3.110419269845969,0.0,19.935011414826928,0.0,Brute Force -Web
8170.828193296475,500717.78379715135,0.0,84.80176083564024,0.0,69.77554697791298,4853011.03271032,5371760.140023011,1202.1140214849358,870.4719975177924,1224.1586698093577,158.96368789713134,160.2656863297534,649.4350782897847,820840.3575443641,0.0,648.706017694755,116.79376841443205,19025.464348288257,95.80298496591641,134.53122832188288,91.78228787176545,358.8112521003586,0.0,1360.4640694527911,55988.561291474354,238.49488407532365,78593.82840189809,19.888725183720794,323.08673110745485,Brute Force -Web
8350.970362741904,3553065.328465505,5093711.900535197,81.68900007444294,1332628.317275315,105.94820151912863,4250810.400393565,6331968.21861624,0.0,1220.3806890237909,1223.2887156562217,131.08058662802037,131.65914527534474,641.9171996134346,909947.5898138885,0.0,641.2902940531056,115.98467001025787,79781.80937411323,126.080853311531,122.69887406026884,127.94887354199034,349.7281575334405,348.8434711813029,649.0215298524494,53979.66566035476,237.70218926781413,0.0,20.01122374510407,288.1144926722659,Brute Force -Web
8214.562193161713,172317.71294923994,103330.69153699625,80.87047620507401,0.0,77.2323689358803,4491384.891422874,3848287.7421547063,0.0,47.0746197974687,646.2887104664635,162.99083601188747,159.9545538533206,647.0304408004691,537919.8164346991,1084.9738596523446,659.5181298031082,121.93731427366555,0.0,92.63371646089097,123.32275918453134,100.13797873785144,352.0740692680629,88.11223731533016,193.17636688401586,55806.903828332266,237.1612930838459,0.0,20.1070157244256,326.5850593697538,Brute Force -Web
1987.215265692832,0.0,0.0,79.3138428777923,149745.29765435893,112.36297855792868,81654.89311939872,0.0,23878.527003246923,0.0,114.67786581780975,0.0,0.0,14.38157239965621,259767.79708313753,25280.918769860815,7.679494316978631,0.0,74029.95963373609,5.312315241964331,2.604120567371608,0.0,5.757278085382103,0.0,0.0,0.0,3.840469280953955,83083.82420572569,19.805807997368028,0.0,Brute Force -Web
2189.5674457286564,0.0,2355.3545015906802,74.8271365292987,0.0,1.0837681462245712,1124.9115207889286,311053.2957837947,106351.3258847251,0.0,0.0,0.0,4.502504678823958,6.884563495869095,0.0,106214.630814578,10.19297032117624,0.0,0.0,0.0,0.0,2.349258717946556,0.0,0.0,0.0,0.0,3.401362500034425,49086.620766068685,19.913062618515774,2.2498805560787276,Brute Force -Web
2150.4558555256363,467149.6439451028,131592.88495873066,77.6107707597758,0.0,29.87531164102387,712735.2278297578,0.0,18177.88261312294,0.0,431.688482897168,9.057924869289918,0.13289850315263937,0.767784580840132,165918.96110818637,16989.129001595647,11.297076480920145,2.4982765865645384,78695.61299647157,3.6200845186404105,7.766764525611562,3.561132177100635,0.0,161.44561169406634,1194.1704965898173,669.2998572211815,3.279914467859407,471452.5562932163,20.072960351424772,3.3904311265021776,Brute Force -Web
2096.559900172553,1229421.2263691458,6289.193364530313,81.11924420092785,317212.89377690654,21.177990238156298,0.0,0.0,42271.35975275612,0.0,0.0,0.0,0.0,4.20060121418447,367827.6610532157,40816.053732248714,1.1030889317995287,4.365093938351622,0.0,1.6862752225137794,5.021492161293389,0.0,12.610447605169725,0.0,0.0,2151.2609111014485,7.016310014239851,0.0,19.88096364331643,0.0,Brute Force -Web
8192.0,56512007.0,1130904.0,80.0,371789.519736842,3072.0,1130904.0,56513640.0,2.7073110138,54995.0,54995.0,359.4444444444,359.4444444444,646.0,220756.40625,4.5475747094,1068.0,494.1007751938,369.0,696.9519230769,496.0233463035,696.9519230769,1068.0,72483.0,72483.0,126298.814707568,355.3854452669,7.0,20.0,271.4171844443,Brute Force -Web
8208.159056535218,57202191.64135945,1346073.3351480504,81.02995518722663,554491.9201432768,3073.499727083108,1170799.5917546945,55565856.69000338,777.9182627726677,54701.66237932942,55503.678817622094,363.49228390379284,361.7669052097437,641.3523213916471,368863.458109754,632.9069935908867,1065.058806550904,485.7191380139206,213253.44989004315,695.4396420435828,492.4366047078185,697.6470508527281,1064.0491438903296,72611.49351315522,72300.72893585567,127185.21503323631,353.82898086951093,40408.61611377328,19.919462123746253,272.181038785273,Brute Force -Web
-1.0,89479536.0,41990323.0,500.0,17895907.2,48.0,41990323.0,89479536.0,0.067054438,3000.0,3000.0,500.0,500.0,500.0,17895907.2,0.067054438,500.0,500.0,4000265.0,0.0,583.3333333333,0.0,0.0,0.0,0.0,0.0,0.0,4000265.0,8.0,0.0,Brute Force -Web
8207.479702120687,0.0,690287.6254242533,77.23865631285237,76049.44446767113,75.27956978512191,4876633.666889568,5221277.892031615,609.2194288095264,831.3017939639914,815.327791207091,164.49504800620178,166.19867347162145,644.1298607099146,614486.6614515174,0.0,666.0547632474036,111.31143623566082,445659.7922215863,93.07038798688534,132.13639695536403,91.26782308305114,359.83919151719135,161.1337457760275,1943.673974383738,51593.6249403666,228.71227237940982,0.0,19.904090855658108,323.3211134715345,Brute Force -Web
2000.4931176517282,755855.1639984696,69138.06248392843,76.35406192791724,223119.39081561123,22.6790072629329,329177.39112859307,0.0,83757.33412516104,167.34938915046868,868.5496485112351,0.0,0.0,2.9108017996618,11858.268575005537,84754.69402978834,0.0,0.0,0.0,13.446852775541204,6.302732202790055,6.213283844402525,0.0,0.0,0.0,0.0,2.8925241470325056,0.0,20.147100893113098,3.297889859970288,Brute Force -Web
1924.7697495336035,317955.0034897762,0.0,73.37399429348284,0.0,4.003226916263003,109588.58456085541,0.0,6647.23111814066,0.0,191.89205860285452,0.0,0.0,12.412496802311463,12875.876485660154,6311.06027835245,4.964607330503041,2.4596902681156236,0.0,0.0,0.0,0.0,0.0,0.0,0.0,5062.0895163019995,0.0,0.0,19.991183134879165,4.1241318357504975,Brute Force -Web
2216.463051925674,1729734.809286077,0.0,76.82437067576164,0.0,66.6930178597041,201153.53065419476,1646375.7504626892,18574.414322228527,297.25694016365225,0.0,5.744746538634693,0.0,0.5693519462329293,50615.33151217283,17428.101520043194,7.967969399931056,0.0,81563.33028277553,3.6821817260056644,5.135436253338606,1.596422640948563,0.0,688.2926248238416,0.0,0.0,0.28683163003519097,337425.63930038403,20.011374587264314,0.7126271892774367,Brute Force -Web
2030.7744034828936,0.0,407154.8336246981,75.76629022339984,334164.06247280387,54.269671834546436,381117.3232784938,255307.4944822067,83230.85951399438,0.0,0.0,2.285843924637026,2.6286463983991597,0.0,0.0,83232.26643922656,0.22915270479101033,0.7446087510803876,0.0,0.0,0.0,0.0,9.157539021638074,693.4115503002743,79.8167352416694,2932.3039580018617,0.0,0.0,19.890032648165697,2.5297280733152836,Brute Force -Web
8156.439587761503,5277287.765289486,4913274.379990719,81.67224596221149,1101208.2541636168,104.65725523885497,4525741.459634201,6796020.171352574,228.75748320590992,453.41305268418523,643.2484246215843,122.29804557497327,134.80635305676375,645.5090869491047,714045.7903974167,0.0,646.5469201475673,111.51853824333678,0.0,120.06457628097172,121.73150891306487,112.81184481017254,365.5730106235592,584.5118803638904,111.51227337068295,53870.74474173684,225.87048473979158,5362.735873791093,19.77126856948675,289.42294487330616,Brute Force -Web
-57.502347488252994,88488892.87826931,42370460.169803455,504.25023043287104,18048070.281016603,58.62831047593392,41937586.1921412,89739913.77673714,0.0,3402.6703722895218,3746.2074807534636,503.36325428485617,494.3257688874399,502.5637559195069,17915083.4636114,728.9566429020427,512.3672632347858,510.75357150432285,4223809.272307987,0.09906686135355053,587.674755024452,0.0,0.5077259009306132,0.0,542.6358651811255,0.0,0.0,3697545.650455417,7.971523975417041,2.847410805980021,Brute Force -Web
2051.0,31.0,31.0,80.0,31.0,40.0,31.0,31.0,64516.1290322581,0.0,0.0,0.0,0.0,0.0,31.0,64516.1290322581,0.0,0.0,31.0,0.0,0.0,0.0,0.0,0.0,0.0,0.0,0.0,31.0,20.0,0.0,Brute Force -Web
8192.0,60225.0,59324.0,80.0,20075.0,92.0,4947981.0,5008206.0,0.7986891913,646.0,646.0,161.5,161.5,646.0,715458.0,1.5973783826,646.0,112.2222222222,378.0,91.0,126.25,91.0,364.0,364.0,364.0,54558.4444444445,233.5774913052,16.0,20.0,323.0,Brute Force -Web
2145.1120689019176,895783.3142479399,74812.6905195308,77.69184032122392,0.0,67.6660383675107,36791.202443102826,0.0,86547.0912847896,0.0,14.54065617034486,1.2873047296467195,2.705287870787905,7.3251733232641225,0.0,86318.35690859657,8.12457822604339,0.0,533373.9646351043,1.972304727482299,2.0239789103018966,0.0,0.2518517966393583,0.0,0.0,0.0,0.0,0.0,19.89781785683527,2.849560196773447,Brute Force -Web
2024.631006468997,0.0,0.0,83.52836263663501,0.0,39.37289976175404,444450.45073118055,617742.1814668156,15388.492131934709,0.0,0.0,0.0,5.441461555387615,0.0,429454.7112052753,15785.499576022632,6.805174543839449,0.0,69180.27733650309,8.26409905156427,1.0003632006923264,0.0,0.0,358.6498823033349,1262.7925551526748,161.87659591852395,0.0,236929.84900784167,20.12128916846714,0.0,Brute Force -Web
8272.535011117125,55971986.69873282,1206760.702951838,79.04272354232805,0.0,3068.097366338816,1352735.3540324948,55058239.23917729,0.0,54234.67748651178,54485.04127454481,363.83866166488895,362.7203889976944,639.3409511465313,42871.56310515193,269.72869285942056,1053.0859665808052,491.1533874112129,187342.39204822507,696.7212217316581,492.40078722926546,698.2719303693782,1073.5404688410883,71318.38504103545,72922.48122848073,128954.7296045357,364.40298114639154,0.0,19.98883297400865,264.15548372569333,Brute Force -Web
2047.0,9.0,9.0,80.0,9.0,40.0,9.0,9.0,222222.222222222,0.0,0.0,0.0,0.0,0.0,9.0,222222.222222222,0.0,0.0,9.0,0.0,0.0,0.0,0.0,0.0,0.0,0.0,0.0,9.0,20.0,0.0,Brute Force -Web
79.64760114886715,88361117.23242168,41845501.60360975,499.7305523580172,18335107.273489114,13.858966023411313,41277596.147309616,90348914.73346494,752.9396920226915,3579.982075228245,3745.4547851278053,494.9609142201039,499.4125533759835,497.4447404574987,17946323.70609724,0.0,504.2552959952002,500.47769111104327,3813912.5090688104,0.0,593.2009758956555,4.089980643768914,3.814017721845248,798.8409840037084,532.9391639952421,1892.5333781816798,0.6080545729657492,3657381.4428138016,8.032566349207414,0.0,Brute Force -Web
1972.7559282481009,920420.9899264151,0.0,83.37965679950932,0.0,52.21782026339123,0.0,698953.3419022107,2136.0030456093905,0.0,0.0,0.8430682733117254,5.535420136422518,0.0,242450.9676933887,2043.4777971788042,0.0,0.0,241421.64740345193,15.216160358226663,1.5496955435814845,0.0,0.6670736641836866,0.0,0.0,0.0,0.0,0.0,19.99280402046795,1.8976416397086489,Brute Force -Web
8254.99249438063,57952072.87681098,1458132.2535624297,75.09583728413338,758650.4176627231,3030.619250424418,1179202.632007259,56849640.026985355,32.76848567316507,54480.95042832747,54080.14197662103,354.73069823998225,358.20379328442857,643.8587461798669,0.0,0.0,1072.365356562589,492.82971626819847,140851.99862861147,697.5122992562555,497.6829089356039,691.4739739323512,1078.2826127455792,72013.88124072808,71631.73392299245,126570.97673367128,357.8993521228441,0.0,19.882038039056415,271.3305416395668,Brute Force -Web
2025.9004525428468,0.0,0.0,73.54863545124383,49623.38228626628,3.1182184168892135,347405.2726051701,0.0,167360.5717631347,0.0,169.1938351248013,0.0,1.5812541033250216,0.0,0.0,166511.4199021492,2.0086327693934454,7.618634649584909,339111.63281865726,0.0,3.6995143140016156,3.1464925288972974,0.0,0.0,0.0,0.0,7.388005263639859,0.0,20.01667065426169,0.0,Brute Force -Web
8212.323181513488,55031153.6490715,1611262.2207256504,81.36178353008553,487021.71019343764,3095.9013736479924,766895.8074719689,55350042.93013537,1223.7529748143688,55086.439695777575,54850.85122763954,358.14050641616444,361.1956508787247,653.502581668152,221619.99531868883,0.0,1062.0297883293158,490.84374752074683,0.0,692.7105617926792,504.8824296897935,686.5988237695345,1078.6903490031873,72704.87067604953,72822.70980502169,129593.33974249384,362.3853909630376,0.0,19.889531883304343,266.9817729842809,Brute Force -Web
47.16644753025667,90348066.82031572,41666113.125977665,501.6596214320175,17837888.011197936,43.19232494590954,41847223.645442516,88511481.52828726,0.0,2846.0280720523447,2824.793756092156,499.74819200778,500.7268360612571,496.3655855029124,17220336.41356399,1744.046597580422,502.33382113959556,493.38459609798844,3869441.7353445464,0.0,576.2688110714012,0.9874076075498825,0.0,611.7242185803649,0.0,0.0,0.0,4229034.985793722,8.028867254436564,3.8974318992854338,Brute Force -Web
8151.524330074065,5823302.227159297,4857820.697411231,78.44450361399862,1066099.393848824,131.94657525746436,5374471.959928797,6182220.583833486,0.0,510.85668622426033,690.7631320878547,130.6871062649612,128.290357162821,637.7036041660929,507046.04736579955,0.0,649.8658094746529,111.1114020450072,0.0,122.56294901423287,131.47779049171407,121.78393974083215,359.99301811185455,563.0603157537673,1399.2042377789378,55776.73134079474,238.5589932300515,132161.20517908034,20.103260065116643,289.57694692640706,Brute Force -Web
2069.4830018830303,0.0,0.0,80.3249096931503,477272.6241051151,38.479065449608434,0.0,710748.4833942386,20089.699753429955,71.83414649644088,0.0,4.590541288785402,0.0,0.0,0.0,21772.739118652917,0.0,0.0,0.0,0.0,0.07172971104066579,0.0,6.618517428721644,0.0,52.05328998076561,3091.563614200815,3.040553061102354,0.0,20.056393627924017,2.8930432271471767,Brute Force -Web
8233.781661369427,56457730.2631337,1580978.12544156,75.93346916492989,252404.60608012162,3072.0425220632346,1010865.5424865785,56727049.50604001,0.0,54791.22463731238,55126.834412771925,359.95708688924293,357.3820200541554,640.0546909331642,0.0,368.25404098465464,1065.766665114879,488.34695832286104,117700.73370324746,695.8600794474534,486.3870462359222,694.1798916746811,1073.1665543150086,73381.02966688512,71917.36958750042,125548.23413876104,355.3989224938395,0.0,20.01387173777921,268.61028307603556,Brute Force -Web
8188.084462933316,4767728.058785887,4916879.839776932,81.43223901820252,1201087.9114998295,129.17900253574075,5119065.7646037,7072224.8587922575,0.0,0.0,573.4291054319043,131.65879604726246,124.691539022886,650.5534786373407,396347.50963997055,227.0654344745874,642.8544253823777,104.5840739548263,327072.73331668257,126.56265765854482,120.42602827889591,109.86832824449932,373.8975005159152,0.0,691.9304815696728,54333.454225213805,235.4180366208684,0.0,20.02356134069001,290.16080843930655,Brute Force -Web
2025.7727945997817,595235.1166019322,0.0,77.51791119186689,102488.26450372137,46.312887801203054,0.0,311832.4333330404,12299.243610028228,0.0,0.0,3.2355155217367693,2.5267222120568,7.290937261393838,4140.255871211548,12461.125941331295,5.19500246389857,13.53474776535822,241301.9058272057,1.8550255177575994,0.0,0.0,11.797352108703777,727.728308406287,0.0,0.0,0.0,381558.50369415886,19.80165989749605,2.577898776210672,Brute Force -Web
8237.75980891051,5403503.922427838,4402070.661361562,80.68537187320409,1354526.6855833328,130.5053673934961,5014886.937510406,4848562.526435112,0.0,283.005929811542,497.91846849328425,127.463147717222,122.11373982864598,628.6778772913333,947072.271411071,0.0,632.0694314374547,109.29167438428857,55543.448851650646,126.03325990605575,140.61400357473096,124.76417089920258,367.5630805388475,1153.5805452911538,563.9157191913303,54707.16821351964,230.98280108750922,79426.54086608186,20.257247244511813,292.1433217403885,Brute Force -Web
21.43710523567095,90419897.99805775,41533230.177616894,503.36217019667936,17864166.238808405,21.09500739512154,42282733.30619286,91224174.57894321,299.4944151830381,3259.490190370447,2357.387107799498,494.9417465678718,499.06756467891387,501.02158605072714,17931852.76649237,1179.8869451079427,519.681300602329,500.6114070853831,4327505.7500859955,0.0,590.8058056147574,8.126845651633882,0.0,172.6690223480307,18.91830798310706,0.0,0.0,4291242.80561592,8.061836618708956,0.0,Brute Force -Web
-93.17438191491165,90470908.88730808,42152993.91815401,493.7215028942659,18071396.991708092,55.95500831309982,41873145.621378414,88448690.19124375,580.9140885898023,2204.7365703720534,3163.25415261872,505.2500205001225,495.6656409033759,501.31230117441794,17930494.968792938,0.0,499.481567124047,502.10102322026177,3852336.4116298445,4.229823824557132,578.0683356597277,1.2222341044472425,0.0,354.22444854476527,782.7788734223298,3291.085022182716,0.0,3912939.193392077,8.186779459134037,2.431071747665321,Brute Force -Web
2201.1140130145095,0.0,0.0,81.39911826610596,351068.7665047872,37.48569552825137,231642.0349575995,0.0,79914.66900810332,0.0,957.6415102211765,0.0,6.1073883764732075,0.0,257051.41849908448,79128.74695251175,0.0,6.199243613337108,49286.076667328096,2.8357844538245907,0.0,0.0,12.491330641270682,553.9861475939445,0.0,5928.517579422785,1.860769541669593,153136.32961111522,20.044308701354637,0.0,Brute Force -Web
1992.3988280655099,0.0,118192.88909220647,76.56147640025088,0.0,54.06973801085904,452626.6593902454,352313.7497806711,728.7094359032218,0.0,0.0,0.0,6.371368787175162,0.5918279264287253,0.0,0.0,3.1442462998344713,0.0,319966.2511202048,0.0,0.0,0.0,0.0,1142.963773476229,725.50667045958,0.0,1.3583858241294582,178401.3754535751,19.893598259383463,0.0,Brute Force -Web
14600.0,462265.0,89850.0,22.0,38522.0833333333,424.0,51244.0,462265.0,28.1223973262,1145.0,1145.0,88.0769230769,88.0769230769,648.0,20098.4782608696,51.9182719868,976.0,124.56,19.0,179.0,129.75,179.0,976.0,1969.0,1969.0,74892.7566666667,273.6654100661,11.0,32.0,183.8679152446,Brute Force -Web
2020.69630998795,1608178.0370972916,0.0,75.24143861741621,0.0,22.76215550029366,0.0,1170339.3303029605,17652.138765156393,0.0,74.04395884239474,1.62767285546739,0.0,3.7248218232019776,0.0,16824.654754080737,0.0,3.971891735352822,0.0,0.0,0.0,0.0,2.256309824815621,136.0140793992096,731.5133974682019,0.0,3.1740466879470217,0.0,19.920790794894874,0.0,Brute Force -Web
-1.0,89479543.0,41990230.0,500.0,17895908.6,48.0,41990230.0,89479543.0,0.0670544328,3000.0,3000.0,500.0,500.0,500.0,17895908.6,0.0670544328,500.0,500.0,4000299.0,0.0,583.3333333333,0.0,0.0,0.0,0.0,0.0,0.0,4000299.0,8.0,0.0,Brute Force -Web
1965.2309251071238,0.0,196012.299111352,77.15103761668048,104145.88478311297,39.942155628667734,4768.892785554328,516029.2824898096,95057.29008509012,0.0,0.0,5.98540225051973,0.0,0.745659047184657,274751.12953110697,96471.32433526876,0.0,0.0,0.0,0.0,3.2059311277962883,0.0,17.10903446931569,0.0,0.0,410.68325276227336,0.0,54889.12024549713,19.852220426681086,2.1807620926094065,Brute Force -Web
-122.94149025603707,89705729.53351761,42079866.52510952,498.1006539105517,17876535.997099277,36.53276529443714,41562610.13417416,88807693.27019447,331.3196777933463,2349.4664095806647,3203.8449755141983,506.6242510662348,498.8952431226229,501.7550354327946,18022173.840634093,343.9361778510525,492.36747378610994,495.71733282491465,4092692.8628771016,0.054937181745284266,579.9229544651085,0.0,12.562998899747152,964.846752104138,296.6937282869167,648.8846576894648,0.879023715603609,4437527.076385205,8.0773037042188,3.812021692525607,Brute Force -Web
-158.79677738233335,89642573.79382667,41467046.91954955,501.1648659924437,17595928.358884033,4.443935270325781,42167477.20365927,90551064.20072734,0.0,3049.215313608659,2569.665298403094,503.698155616617,496.683401435336,500.9756616659606,17928813.142590467,242.10789116358475,506.81907800541376,505.3925584048304,4082403.9260774166,0.0,581.9251585713032,6.38020270826165,0.0,0.0,378.56764971334087,0.0,0.8172104026850917,4089987.6810297184,7.830481081035419,3.0106380808643767,Brute Force -Web
8280.31031606855,0.0,0.0,83.40446001858061,0.0,102.53934973821076,5250735.317717777,4927915.980982546,748.1453326468992,747.5742050874829,444.9536735873778,155.43306367302657,155.55515402119244,659.3013482783648,235286.13764597476,0.0,649.4303445531242,119.37150960857298,0.0,80.14982588525507,119.82798141942877,92.27569331596003,365.12346647094944,780.1365638477008,0.0,49771.88574503102,232.73409353023004,259438.99794221684,20.130983606127916,320.6047177389028,Brute Force -Web
2047.0,130.0,130.0,80.0,130.0,40.0,130.0,130.0,15384.6153846154,0.0,0.0,0.0,0.0,0.0,130.0,15384.6153846154,0.0,0.0,130.0,0.0,0.0,0.0,0.0,0.0,0.0,0.0,0.0,130.0,20.0,0.0,Brute Force -Web
2219.204945992073,0.0,0.0,78.22749109752733,0.0,46.05044653712725,730803.5423823248,0.0,5971.21071703429,153.25034396521283,765.1262107409154,4.650050124678609,0.0,0.0,27851.523198163897,5178.482356224656,0.0,0.0,0.0,2.5515168833632558,0.0,2.07609190953701,2.84418279475333,0.0,0.0,344.9656471691938,5.854715406253633,76502.46549250759,20.12541670960587,0.0,Brute Force -Web
8192.0,5004937.0,4937643.0,80.0,1251234.25,112.0,4937643.0,5004937.0,0.999013574,646.0,646.0,129.2,129.2,646.0,714991.0,1.5984217184,646.0,112.2222222222,377.0,121.3333333333,126.25,121.3333333333,364.0,364.0,364.0,54558.4444444445,233.5774913052,17.0,20.0,288.899982693,Brute Force -Web
33.40973494079587,88584327.22840033,41702196.31577361,498.55141960681794,17558098.997253403,10.861509510954313,41761502.46025663,89920557.49640615,0.0,2653.6428151672535,2714.6202395068763,495.7600449476261,505.3528850617525,497.5140728200425,18159976.827012334,0.0,494.55857107849477,500.56359100696585,3927884.744798472,0.0,580.4972643029331,0.20043279415497353,1.7304788484135638,0.0,675.4667799968087,657.9170683939055,0.0,3905215.289657204,8.145642091976471,0.7945538498200374,Brute Force -Web
2047.0,49.0,49.0,80.0,49.0,40.0,49.0,49.0,40816.3265306122,0.0,0.0,0.0,0.0,0.0,49.0,40816.3265306122,0.0,0.0,49.0,0.0,0.0,0.0,0.0,0.0,0.0,0.0,0.0,49.0,20.0,0.0,Brute Force -Web
2051.0,13.0,13.0,80.0,13.0,40.0,13.0,13.0,153846.153846154,0.0,0.0,0.0,0.0,0.0,13.0,153846.153846154,0.0,0.0,13.0,0.0,0.0,0.0,0.0,0.0,0.0,0.0,0.0,13.0,20.0,0.0,Brute Force -Web
8052.450122681661,40920.819221350044,0.0,78.08208400031985,0.0,104.87032833740186,4614823.528561685,4948092.464219177,0.0,593.5576555615913,901.6988061336583,159.95930607743577,156.8515944461249,648.9645296530678,432693.05647782417,1672.256809659207,636.4817311003807,111.64770732021512,0.0,91.66176976801665,120.68504295010355,98.72430164530873,349.3401335849014,0.0,661.23180782767,55376.91864321093,233.3197148611085,429522.7604759201,20.076256685678754,324.0525951118417,Brute Force -Web
1959.5653019971974,1112500.6575231166,590008.97758774,76.85090239064894,480619.6934978903,37.06262249263874,290682.0138099077,1289563.5424697641,27443.362812368734,0.0,0.0,0.0,2.8482674521456164,0.0,137800.73078731576,25396.571794626656,0.17531685457311266,0.0,72520.05275575604,2.5142189218793938,11.410836195528692,6.404066667504187,14.86069009851959,0.0,471.05077543052215,0.0,6.520325494495443,91039.48069362354,20.139560733629793,0.0,Brute Force -Web
2031.1062768713168,0.0,529356.8246733652,78.20858087224528,0.0,0.0,220317.01990824795,0.0,42920.12112433587,360.1245882749539,272.5317369791823,2.8379417516480894,4.535065351115625,1.33336568771116,0.0,42931.37415638452,0.0,0.0,372626.2090054567,5.462868457116272,5.504711902850817,6.398682916552682,0.0,816.1538491704705,0.0,335.0819024201152,2.182073065914975,21175.46407447302,20.02209758192545,0.0,Brute Force -Web
2047.0,1041.0,1041.0,80.0,1041.0,40.0,1041.0,1041.0,1921.2295869356,0.0,0.0,0.0,0.0,0.0,1041.0,1921.2295869356,0.0,0.0,1041.0,0.0,0.0,0.0,0.0,0.0,0.0,0.0,0.0,1041.0,20.0,0.0,Brute Force -Web
