Init Fwd Win Byts,Fwd IAT Tot,Fwd IAT Max,Dst Port,Fwd IAT Mean,Fwd Header Len,Flow IAT Max,Flow Duration,Fwd Pkts/s,TotLen Fwd Pkts,Subflow Fwd Byts,Fwd Pkt Len Mean,Fwd Seg Size Avg,Fwd Pkt Len Max,Flow IAT Mean,Flow Pkts/s,Pkt Len Max,Pkt Len Mean,Fwd IAT Min,Bwd Pkt Len Mean,Pkt Size Avg,Bwd Seg Size Avg,Bwd Pkt Len Max,TotLen Bwd Pkts,Subflow Bwd Byts,Pkt Len Var,Pkt Len Std,Flow IAT Min,Fwd Seg Size Min,Fwd Pkt Len Std,Label
-1.0,120000000.0,707795.0,80.0,873.7681405,1095568.0,707795.0,119658178.0,1144.476728,4382272.0,4382272.0,32.0,32.0,32.0,873.7681405,1144.476728,32.0,32.0,0.0,0.0,32.00023367,0.0,0.0,0.0,0.0,0.0,0.0,0.0,8.0,0.0,DDOS attack-LOIC-UDP
-1.0,107000000.0,571752.0,80.0,916.070442,936608.0,571752.0,107248947.0,1091.628433,3746432.0,3746432.0,32.0,32.0,32.0,916.070442,1091.628433,32.0,32.0,0.0,0.0,32.00027333,0.0,0.0,0.0,0.0,0.0,0.0,0.0,8.0,0.0,DDOS attack-LOIC-UDP
-1.0,120000000.0,751595.0,80.0,963.0214686,995696.0,751595.0,119858615.0,1038.406793,3982784.0,3982784.0,32.0,32.0,32.0,963.0214686,1038.406793,32.0,32.0,0.0,0.0,32.00025711,0.0,0.0,0.0,0.0,0.0,0.0,0.0,8.0,0.0,DDOS attack-LOIC-UDP
-1.0,120000000.0,643812.0,80.0,1043.408055,917728.0,643812.0,119694555.0,958.4061698,3670912.0,3670912.0,32.0,32.0,32.0,1043.408055,958.4061698,32.0,32.0,0.0,0.0,32.00027895,0.0,0.0,0.0,0.0,0.0,0.0,0.0,8.0,0.0,DDOS attack-LOIC-UDP
-1.0,120000000.0,674539.0,80.0,994.1226803,962184.0,674539.0,119565123.0,1005.92043,3848736.0,3848736.0,32.0,32.0,32.0,994.1226803,1005.92043,32.0,32.0,0.0,0.0,32.00026606,0.0,0.0,0.0,0.0,0.0,0.0,0.0,8.0,0.0,DDOS attack-LOIC-UDP
-1.0,121307378.0,595299.5278018713,80.0,876.3586490882287,778981.0,858283.9693475042,118340067.0,998.9291239462101,3446327.0,3834487.0,32.00014418749322,32.00038569549742,32.0,661.4691196068509,788.7574557436601,32.0,31.99950096527753,0.0,0.0,32.01114362118994,0.0,0.0,0.0,0.0,0.0,0.0,0.0,8.0,0.0,DDOS attack-LOIC-UDP
-1.0,119961790.0,614134.722464428,80.0,1006.0393245035709,656816.0,529480.359334773,118306358.0,752.8881060255907,2579952.0,3841881.0,32.000841770520104,32.000597634929974,32.0,870.1832899216118,931.8043209449833,32.0,32.00308822925162,0.0,0.0023820689064712316,31.984051250891916,0.0,0.0,0.0,0.0,0.0,0.0,0.8802333027230151,8.0,0.0,DDOS attack-LOIC-UDP
-1.0,120000000.0,691102.0,80.0,933.5814251,1025392.0,691102.0,119659932.0,1071.152205,4101568.0,4101568.0,32.0,32.0,32.0,933.5814251,1071.152205,32.0,32.0,0.0,0.0,32.00024966,0.0,0.0,0.0,0.0,0.0,0.0,0.0,8.0,0.0,DDOS attack-LOIC-UDP
-1.0,120000000.0,798367.0,80.0,966.4684042,992672.0,798367.0,119922299.0,1034.703312,3970688.0,3970688.0,32.0,32.0,32.0,966.4684042,1034.703312,32.0,32.0,0.0,0.0,32.00025789,0.0,0.0,0.0,0.0,0.0,0.0,0.0,8.0,0.0,DDOS attack-LOIC-UDP
-1.0,120637765.0,615100.0284291889,80.0,784.8061426814144,737175.0,541012.8015813136,118621292.0,644.3952913163661,3293677.0,3341010.0,31.99788981460361,32.00152954273892,32.0,781.9716591203571,898.575547083202,32.0,32.0000508879195,0.010473321933384577,0.00020068103761605827,32.00673191894515,0.0,0.0,0.0,0.0,6.737598472473437e-05,0.0020134224046909803,0.0,8.0,0.0,DDOS attack-LOIC-UDP
-1.0,120000000.0,707587.0,80.0,873.360764,1097856.0,707587.0,119852171.0,1145.010548,4391424.0,4391424.0,32.0,32.0,32.0,873.360764,1145.010548,32.0,32.0,0.0,0.0,32.00023318,0.0,0.0,0.0,0.0,0.0,0.0,0.0,8.0,0.0,DDOS attack-LOIC-UDP
-1.0,120000000.0,605377.0,80.0,857.5384759,1116552.0,605377.0,119684930.0,1166.136789,4466208.0,4466208.0,32.0,32.0,32.0,857.5384759,1166.136789,32.0,32.0,1.0,0.0,32.00022928,0.0,0.0,0.0,0.0,0.0,0.0,1.0,8.0,0.0,DDOS attack-LOIC-UDP
-1.0,120000000.0,926241.0,80.0,1993.590118,480088.0,926241.0,119635343.0,501.6159815,1920352.0,1920352.0,32.0,32.0,32.0,1993.590118,501.6159815,32.0,32.0,1.0,0.0,32.00053324,0.0,0.0,0.0,0.0,0.0,0.0,1.0,8.0,0.0,DDOS attack-LOIC-UDP
-1.0,119000000.0,812429.0,80.0,1381.864381,691712.0,812429.0,119480140.0,723.6683854,2766848.0,2766848.0,32.0,32.0,32.0,1381.864381,723.6683854,32.0,32.0,1.0,0.0,32.0003701,0.0,0.0,0.0,0.0,0.0,0.0,1.0,8.0,0.0,DDOS attack-LOIC-UDP
-1.0,91824822.0,691955.7568645888,80.0,1196.2645780338669,1049314.0,738890.4564546492,118806628.0,683.1073897789039,4313833.0,3354800.0,31.99979017909007,31.998832609798285,32.0,1082.3918651635215,524.4576592183512,32.0,31.996629092206415,0.0,0.0027778138125771406,31.96133393670572,0.0,0.0,0.0,0.0,0.0008754642994792739,0.0032720524809383695,0.0,8.0,0.0,DDOS attack-LOIC-UDP
-1.0,121414824.0,656820.6259390316,80.0,946.3012539367545,440346.0,816616.6816601648,119340351.0,977.6695764810565,3578199.0,2444880.0,32.00064254296809,32.000806000447646,32.0,831.478195856705,844.0551435082377,32.0,32.00075245672961,0.0,0.0008692969695871451,31.981500759986496,0.0,0.0,0.0,0.0,0.0016916468474269333,0.0005333688714570997,0.8045669597415841,8.0,0.0,DDOS attack-LOIC-UDP
-1.0,120574316.0,560105.4168550548,80.0,1072.386095773379,640702.0,798056.3427213694,118559479.0,830.8981468523716,4378494.0,3172919.0,32.000744444348726,31.99829499795306,32.0,1044.2052632782197,1571.3671701699654,32.0,31.9993991291702,0.0,0.0,31.9965215941544,0.0,0.0,0.0,0.0,0.0,0.0,0.007452864834649144,8.0,0.0,DDOS attack-LOIC-UDP
-1.0,120000000.0,628018.0,80.0,945.9172094,1012200.0,628018.0,119681229.0,1057.183328,4048800.0,4048800.0,32.0,32.0,32.0,945.9172094,1057.183328,32.0,32.0,0.0,0.0,32.00025291,0.0,0.0,0.0,0.0,0.0,0.0,0.0,8.0,0.0,DDOS attack-LOIC-UDP
-1.0,120000000.0,599914.0,80.0,775.6602923,1237472.0,599914.0,119981461.0,1289.232509,4949888.0,4949888.0,32.0,32.0,32.0,775.6602923,1289.232509,32.0,32.0,0.0,0.0,32.00020687,0.0,0.0,0.0,0.0,0.0,0.0,0.0,8.0,0.0,DDOS attack-LOIC-UDP
-1.0,119851992.0,638575.2167893313,80.0,965.0702205980256,637718.0,594800.7185068837,119112231.0,960.730315447703,1736543.0,2759493.0,32.00190252891788,32.00049399294756,32.0,1779.610794789633,1074.4654104723945,32.0,31.997907971011173,0.004917881844128731,0.0011537217141396252,31.95960189113987,0.0002488873590842124,0.0,0.0,0.0,0.0,0.0006887590344991501,1.0026524148923062,8.0,0.0,DDOS attack-LOIC-UDP
-1.0,120749617.0,700251.4413354594,80.0,863.7196815570209,637502.0,627985.8780180285,118512841.0,1276.7436897204732,4387940.0,3810319.0,31.999816914037346,32.00050046212556,32.0,950.5539648573629,1336.459422975791,32.0,32.0002619414106,0.0,0.002467283020612028,31.995682171336853,0.0,0.0,0.0,0.0,0.0,0.0,0.0,8.0,0.0,DDOS attack-LOIC-UDP
-1.0,120819038.0,739337.2666577576,80.0,792.3283590307369,1050783.0,556375.9578878827,119626689.0,795.8370187999485,3270461.0,4429238.0,32.00034446147384,32.00110448293632,32.0,942.40050460162,991.1084264060325,32.0,32.00095230728276,0.006543940813747281,0.0,31.9522313321988,0.0,0.0,0.0,0.0,0.0013289470988175846,0.001899198102140988,0.0,8.0,0.0,DDOS attack-LOIC-UDP
-1.0,120000000.0,592161.0,80.0,836.848578,1147160.0,592161.0,119999065.0,1194.967644,4588640.0,4588640.0,32.0,32.0,32.0,836.848578,1194.967644,32.0,32.0,0.0,0.0,32.00022316,0.0,0.0,0.0,0.0,0.0,0.0,0.0,8.0,0.0,DDOS attack-LOIC-UDP
-1.0,120102918.0,901841.0638902298,80.0,847.2746376851178,783106.0,620640.3387692047,119121931.0,880.3801007456188,4261122.0,3402162.0,32.000577735954394,32.00043319647388,32.0,992.5660133831843,1099.462355196488,32.0,32.00025489588506,0.0,0.00014971664317729619,32.02862142740173,0.0,0.0,0.0,0.0,0.0,0.0,0.0,8.0,0.0,DDOS attack-LOIC-UDP
-1.0,120000000.0,646248.0,80.0,1094.802813,874832.0,646248.0,119719972.0,913.4148478,3499328.0,3499328.0,32.0,32.0,32.0,1094.802813,913.4148478,32.0,32.0,0.0,0.0,32.00029263,0.0,0.0,0.0,0.0,0.0,0.0,0.0,8.0,0.0,DDOS attack-LOIC-UDP
-1.0,119558318.0,543781.6106249597,80.0,1102.5243042444417,936294.0,633286.6604823979,119465612.0,1452.6160657794844,5139106.0,1734392.0,31.999691490118607,31.999568351853156,32.0,909.4579041105579,1131.6766719539478,32.0,32.00076877279325,0.0,0.002763133246075403,31.98652816284381,0.0,0.0,0.0,0.0,0.0001327790232902046,0.0,0.0,8.0,0.0009582732216952381,DDOS attack-LOIC-UDP
-1.0,120640540.0,873009.5025738014,80.0,759.3068705325171,1050093.0,689401.0325053048,119198169.0,1099.9239551264907,2377069.0,3310468.0,32.00223637863751,31.99899455398569,32.0,951.32105093309,809.0483189013569,32.0,31.999664564594713,0.0,0.0016692454998510564,32.093895245773275,0.0,0.0,0.0,0.0,0.0,0.00021075849505715403,0.8954007213830617,8.0,0.0010463820031160458,DDOS attack-LOIC-UDP
-1.0,120000000.0,711763.0,80.0,565.6299775,1693440.0,711763.0,119731988.0,1767.948595,6773760.0,6773760.0,32.0,32.0,32.0,565.6299775,1767.948595,32.0,32.0,0.0,0.0,32.00015117,0.0,0.0,0.0,0.0,0.0,0.0,0.0,8.0,0.0,DDOS attack-LOIC-UDP
-1.0,120000000.0,599918.0,80.0,930.2131714,1029752.0,599918.0,119735179.0,1075.030756,4119008.0,4119008.0,32.0,32.0,32.0,930.2131714,1075.030756,32.0,32.0,0.0,0.0,32.0002486,0.0,0.0,0.0,0.0,0.0,0.0,0.0,8.0,0.0,DDOS attack-LOIC-UDP
-1.0,120000000.0,602875.0,80.0,817.5730725,1171392.0,602875.0,119711502.0,1223.140614,4685568.0,4685568.0,32.0,32.0,32.0,817.5730725,1223.140614,32.0,32.0,0.0,0.0,32.00021854,0.0,0.0,0.0,0.0,0.0,0.0,0.0,8.0,0.0,DDOS attack-LOIC-UDP
-1.0,120910882.0,594028.2894383415,80.0,970.5126290618771,943324.0,627457.3042595802,118984334.0,1244.080528184005,2928936.0,3706565.0,32.00070281922152,31.997835543435222,32.0,1658.2286290470638,1037.4108745406268,32.0,32.00190576702228,0.0,0.0,32.02542345505682,0.0,0.0,0.0,0.0,0.0007332517186621035,0.0008446958131113051,0.008827792847415576,8.0,0.0,DDOS attack-LOIC-UDP
-1.0,120000000.0,721118.0,80.0,979.8050616,977096.0,721118.0,119669471.0,1020.619536,3908384.0,3908384.0,32.0,32.0,32.0,979.8050616,1020.619536,32.0,32.0,0.0,0.0,32.000262,0.0,0.0,0.0,0.0,0.0,0.0,0.0,8.0,0.0,DDOS attack-LOIC-UDP
-1.0,121222988.0,602566.9893523417,80.0,1631.9594422972125,794514.0,575822.3197308987,119726582.0,1245.5718451899854,1476992.0,2710164.0,31.998161997816798,32.00085958390763,32.0,1742.099286001649,971.7070650729888,32.0,31.998633823935958,0.0,0.0019882194586731674,31.947713786561316,0.0,0.0,0.0,0.0,0.0,0.0,0.0,8.0,0.0,DDOS attack-LOIC-UDP
-1.0,120000000.0,558184.0,80.0,795.6162825,1203456.0,558184.0,119685353.0,1256.895654,4813824.0,4813824.0,32.0,32.0,32.0,795.6162825,1256.895654,32.0,32.0,0.0,0.0,32.00021272,0.0,0.0,0.0,0.0,0.0,0.0,0.0,8.0,0.0,DDOS attack-LOIC-UDP
-1.0,120000000.0,713740.0,80.0,975.9014973,983128.0,713740.0,119928535.0,1024.701919,3932512.0,3932512.0,32.0,32.0,32.0,975.9014973,1024.701919,32.0,32.0,1.0,0.0,32.00026039,0.0,0.0,0.0,0.0,0.0,0.0,1.0,8.0,0.0,DDOS attack-LOIC-UDP
-1.0,120000000.0,819104.0,80.0,1213.651435,791000.0,819104.0,119998572.0,823.9681386,3164000.0,3164000.0,32.0,32.0,32.0,1213.651435,823.9681386,32.0,32.0,0.0,0.0,32.00032364,0.0,0.0,0.0,0.0,0.0,0.0,0.0,8.0,0.0,DDOS attack-LOIC-UDP
-1.0,120000000.0,610624.0,80.0,823.4165705,1165064.0,610624.0,119915802.0,1214.46046,4660256.0,4660256.0,32.0,32.0,32.0,823.4165705,1214.46046,32.0,32.0,0.0,0.0,32.00021973,0.0,0.0,0.0,0.0,0.0,0.0,0.0,8.0,0.0,DDOS attack-LOIC-UDP
-1.0,120000000.0,909161.0,80.0,1048.625309,915280.0,909161.0,119972173.0,953.6378073,3661120.0,3661120.0,32.0,32.0,32.0,1048.625309,953.6378073,32.0,32.0,0.0,0.0,32.0002797,0.0,0.0,0.0,0.0,0.0,0.0,0.0,8.0,0.0,DDOS attack-LOIC-UDP
-1.0,120000000.0,627824.0,80.0,1034.948942,924608.0,627824.0,119614224.0,966.2396004,3698432.0,3698432.0,32.0,32.0,32.0,1034.948942,966.2396004,32.0,32.0,0.0,0.0,32.00027687,0.0,0.0,0.0,0.0,0.0,0.0,0.0,8.0,0.0,DDOS attack-LOIC-UDP
-1.0,120000000.0,643847.0,80.0,887.0165611,1081576.0,643847.0,119921091.0,1127.383006,4326304.0,4326304.0,32.0,32.0,32.0,887.0165611,1127.383006,32.0,32.0,0.0,0.0,32.00023669,0.0,0.0,0.0,0.0,0.0,0.0,0.0,8.0,0.0,DDOS attack-LOIC-UDP
-1.0,119610148.0,765196.0308028784,80.0,750.9977320098118,855947.0,607874.119893652,119271666.0,924.0127079297398,3405321.0,3223916.0,31.998108565102118,31.999902378408052,32.0,796.1210682782784,1009.7687121432753,32.0,31.999267310448104,0.0,0.0,31.951097818184046,0.0,0.0,0.0,0.0,0.0,0.0,0.0021206357249115818,8.0,0.0,DDOS attack-LOIC-UDP
-1.0,120000000.0,601027.0,80.0,1023.263481,936152.0,601027.0,119740246.0,977.2737564,3744608.0,3744608.0,32.0,32.0,32.0,1023.263481,977.2737564,32.0,32.0,0.0,0.0,32.00027346,0.0,0.0,0.0,0.0,0.0,0.0,0.0,8.0,0.0,DDOS attack-LOIC-UDP
-1.0,121088276.0,555987.801002919,80.0,912.2055498339778,903720.0,642847.2316516394,120063538.0,567.4413200714898,2933202.0,3252287.0,31.998272281053264,32.000931852932894,32.0,1158.9445597731876,1083.7952684691202,32.0,31.998109225044786,0.002240491163149164,0.0010207649543936084,31.984646742490526,0.0,0.0,0.0,0.0,0.0,0.0027414590509322228,0.0,8.0,0.00010574357598185269,DDOS attack-LOIC-UDP
-1.0,120000000.0,668507.0,80.0,1078.525637,890112.0,668507.0,119999998.0,927.2000155,3560448.0,3560448.0,32.0,32.0,32.0,1078.525637,927.2000155,32.0,32.0,1.0,0.0,32.0002876,0.0,0.0,0.0,0.0,0.0,0.0,1.0,8.0,0.0,DDOS attack-LOIC-UDP
-1.0,120000000.0,744275.0,80.0,1084.727759,883344.0,744275.0,119772385.0,921.8986497,3533376.0,3533376.0,32.0,32.0,32.0,1084.727759,921.8986497,32.0,32.0,0.0,0.0,32.00028981,0.0,0.0,0.0,0.0,0.0,0.0,0.0,8.0,0.0,DDOS attack-LOIC-UDP
-1.0,120000000.0,795429.0,80.0,1448.319888,662264.0,795429.0,119894817.0,690.4635419,2649056.0,2649056.0,32.0,32.0,32.0,1448.319888,690.4635419,32.0,32.0,1.0,0.0,32.00038655,0.0,0.0,0.0,0.0,0.0,0.0,1.0,8.0,0.0,DDOS attack-LOIC-UDP
-1.0,120000000.0,582929.0,80.0,973.2250967,986144.0,582929.0,119966538.0,1027.519857,3944576.0,3944576.0,32.0,32.0,32.0,973.2250967,1027.519857,32.0,32.0,0.0,0.0,32.0002596,0.0,0.0,0.0,0.0,0.0,0.0,0.0,8.0,0.0,DDOS attack-LOIC-UDP
-1.0,120000000.0,606605.0,80.0,823.1784326,1164728.0,606605.0,119846548.0,1214.811794,4658912.0,4658912.0,32.0,32.0,32.0,823.1784326,1214.811794,32.0,32.0,0.0,0.0,32.00021979,0.0,0.0,0.0,0.0,0.0,0.0,0.0,8.0,0.0,DDOS attack-LOIC-UDP
-1.0,120333725.0,871269.1315901765,80.0,1283.7676559290212,936422.0,553464.3374134209,119367124.0,1248.3593254069103,3262296.0,3723929.0,32.00096456674864,31.998782413638843,32.0,864.4403902309704,952.9454858690405,32.0,31.999996078366856,0.0,0.0020106675194174507,32.019673978042114,0.0,0.0,0.0,0.0,0.002029410463243118,0.0,0.0,8.0,0.0,DDOS attack-LOIC-UDP
-1.0,120000000.0,682536.0,80.0,782.5098806,1225440.0,682536.0,119864081.0,1277.947478,4901760.0,4901760.0,32.0,32.0,32.0,782.5098806,1277.947478,32.0,32.0,0.0,0.0,32.0002089,0.0,0.0,0.0,0.0,0.0,0.0,0.0,8.0,0.0,DDOS attack-LOIC-UDP
-1.0,120000000.0,603902.0,80.0,917.3205012,1044472.0,603902.0,119763530.0,1090.139878,4177888.0,4177888.0,32.0,32.0,32.0,917.3205012,1090.139878,32.0,32.0,0.0,0.0,32.0002451,0.0,0.0,0.0,0.0,0.0,0.0,0.0,8.0,0.0,DDOS attack-LOIC-UDP
-1.0,120000000.0,652126.0,80.0,1052.089418,910784.0,652126.0,119777224.0,950.497901,3643136.0,3643136.0,32.0,32.0,32.0,1052.089418,950.497901,32.0,32.0,0.0,0.0,32.00028108,0.0,0.0,0.0,0.0,0.0,0.0,0.0,8.0,0.0,DDOS attack-LOIC-UDP
-1.0,120000000.0,581251.0,80.0,859.0509165,1116816.0,581251.0,119924367.0,1164.083693,4467264.0,4467264.0,32.0,32.0,32.0,859.0509165,1164.083693,32.0,32.0,0.0,0.0,32.00022922,0.0,0.0,0.0,0.0,0.0,0.0,0.0,8.0,0.0,DDOS attack-LOIC-UDP
-1.0,121379181.0,602761.5940751514,80.0,1043.0657211675782,964945.0,635156.4384838172,118618594.0,966.7000597629094,4331285.0,3859604.0,32.00258621903736,32.002262874060634,32.0,1016.0976604151421,1041.6592108548246,32.0,32.00120799884084,0.8563780715497638,0.0,32.071045703994315,0.0014573606454373232,0.0,0.0,0.0,0.0,0.0016581301490952074,0.011250872384652026,8.0,0.0014719036940912512,DDOS attack-LOIC-UDP
-1.0,119000000.0,689573.0,80.0,808.9323328,1181792.0,689573.0,119497911.0,1236.205711,4727168.0,4727168.0,32.0,32.0,32.0,808.9323328,1236.205711,32.0,32.0,0.0,0.0,32.00021662,0.0,0.0,0.0,0.0,0.0,0.0,0.0,8.0,0.0,DDOS attack-LOIC-UDP
-1.0,120000000.0,698698.0,80.0,1137.88137,840872.0,698698.0,119600435.0,878.8345962,3363488.0,3363488.0,32.0,32.0,32.0,1137.88137,878.8345962,32.0,32.0,0.0,0.0,32.00030445,0.0,0.0,0.0,0.0,0.0,0.0,0.0,8.0,0.0,DDOS attack-LOIC-UDP
-1.0,120000000.0,651935.0,80.0,907.061031,1055864.0,651935.0,119715729.0,1102.470002,4223456.0,4223456.0,32.0,32.0,32.0,907.061031,1102.470002,32.0,32.0,0.0,0.0,32.00024246,0.0,0.0,0.0,0.0,0.0,0.0,0.0,8.0,0.0,DDOS attack-LOIC-UDP
-1.0,120000000.0,668082.0,80.0,938.0769839,1021208.0,668082.0,119745527.0,1066.018942,4084832.0,4084832.0,32.0,32.0,32.0,938.0769839,1066.018942,32.0,32.0,0.0,0.0,32.00025068,0.0,0.0,0.0,0.0,0.0,0.0,0.0,8.0,0.0,DDOS attack-LOIC-UDP
-1.0,120000000.0,577782.0,80.0,950.4469809,1008248.0,577782.0,119784833.0,1052.14489,4032992.0,4032992.0,32.0,32.0,32.0,950.4469809,1052.14489,32.0,32.0,0.0,0.0,32.00025391,0.0,0.0,0.0,0.0,0.0,0.0,0.0,8.0,0.0,DDOS attack-LOIC-UDP
-1.0,120000000.0,618596.0,80.0,991.5552048,968184.0,618596.0,119999994.0,1008.52505,3872736.0,3872736.0,32.0,32.0,32.0,991.5552048,1008.52505,32.0,32.0,0.0,0.0,32.00026441,0.0,0.0,0.0,0.0,0.0,0.0,0.0,8.0,0.0,DDOS attack-LOIC-UDP
-1.0,119907871.0,586142.6199723422,80.0,1022.6153542342978,406547.0,816678.6406874595,118600991.0,825.3743039489657,3647418.0,2396024.0,32.000862077997574,31.999485886665976,32.0,302.50228453190414,1000.2444930552582,32.0,31.999726256662317,0.0,0.00194478741368216,32.01196202333934,6.005989035981798e-06,0.0,0.0,0.0,9.05152394870033e-05,0.0,0.007570393022300105,8.0,0.00022955108652003396,DDOS attack-LOIC-UDP
-1.0,120000000.0,846256.0,80.0,1091.727321,877024.0,846256.0,119682791.0,915.987997,3508096.0,3508096.0,32.0,32.0,32.0,1091.727321,915.987997,32.0,32.0,0.0,0.0,32.0002919,0.0,0.0,0.0,0.0,0.0,0.0,0.0,8.0,0.0,DDOS attack-LOIC-UDP
-1.0,120000000.0,930471.0,80.0,1240.884352,771520.0,930471.0,119669646.0,805.8852284,3086080.0,3086080.0,32.0,32.0,32.0,1240.884352,805.8852284,32.0,32.0,1.0,0.0,32.00033181,0.0,0.0,0.0,0.0,0.0,0.0,1.0,8.0,0.0,DDOS attack-LOIC-UDP
-1.0,121557739.0,722242.6317247271,80.0,760.2173670505958,806442.0,581499.9137391078,95532104.0,1046.398621153664,4783005.0,1459453.0,32.00085510081387,31.99901758560354,32.0,1117.2128672099727,830.4855065335806,32.0,31.997571777768144,0.0,0.0014144511444347412,32.02841473193505,0.0,0.0,0.0,0.0,0.0,0.0,0.0,8.0,0.0,DDOS attack-LOIC-UDP
-1.0,120000000.0,595213.0,80.0,1036.264573,923336.0,595213.0,119601512.0,965.0128838,3693344.0,3693344.0,32.0,32.0,32.0,1036.264573,965.0128838,32.0,32.0,0.0,0.0,32.00027726,0.0,0.0,0.0,0.0,0.0,0.0,0.0,8.0,0.0,DDOS attack-LOIC-UDP
-1.0,120000000.0,642127.0,80.0,800.1870067,1194960.0,642127.0,119523133.0,1249.716237,4779840.0,4779840.0,32.0,32.0,32.0,800.1870067,1249.716237,32.0,32.0,0.0,0.0,32.00021423,0.0,0.0,0.0,0.0,0.0,0.0,0.0,8.0,0.0,DDOS attack-LOIC-UDP
-1.0,121702443.0,790282.8980124717,80.0,1100.3407355220068,739388.0,837057.9138105821,119393823.0,856.7324723368799,4388635.0,3162181.0,32.001136822748805,32.00207941714835,32.0,734.2721683143104,857.7429187670106,32.0,32.001873821173405,0.0,0.002344109690491043,31.99214495716945,0.0,0.0,0.0,0.0,0.0007599379269430713,0.001263351323745095,0.014683785576503761,8.0,0.0,DDOS attack-LOIC-UDP
-1.0,120000000.0,686514.0,80.0,1074.71487,891616.0,686514.0,119778047.0,930.4877045,3566464.0,3566464.0,32.0,32.0,32.0,1074.71487,930.4877045,32.0,32.0,0.0,0.0,32.00028712,0.0,0.0,0.0,0.0,0.0,0.0,0.0,8.0,0.0,DDOS attack-LOIC-UDP
-1.0,120000000.0,638535.0,80.0,1035.281111,926616.0,638535.0,119912470.0,965.9295651,3706464.0,3706464.0,32.0,32.0,32.0,1035.281111,965.9295651,32.0,32.0,0.0,0.0,32.00027627,0.0,0.0,0.0,0.0,0.0,0.0,0.0,8.0,0.0,DDOS attack-LOIC-UDP
-1.0,120962686.0,964609.8593779202,80.0,862.8867398653528,1136777.0,580522.6589038146,118561784.0,1315.0165970116743,3834974.0,2626532.0,32.00081922432596,32.00172362356036,32.0,895.9000481278242,1194.44550958388,32.0,32.00074328480157,0.0,0.0,32.05517096164095,0.0,0.0,0.0,0.0,0.0,0.0,0.011306304861995771,8.0,0.0,DDOS attack-LOIC-UDP
-1.0,121042433.0,721523.5897736183,80.0,1516.5712381105354,540314.0,591063.2410905452,119394011.0,963.7875538737982,4124487.0,4102309.0,31.999558545603193,32.00065422942308,32.0,656.9133473547843,1011.1893327188379,32.0,32.00035114905376,0.0,0.0013676197631121872,31.95438898644342,0.0,0.0,0.0,0.0,0.0003214864599514082,0.0,0.0,8.0,0.0018450327533785999,DDOS attack-LOIC-UDP
-1.0,120000000.0,721470.0,80.0,837.1411171,1144136.0,721470.0,119724574.0,1194.550085,4576544.0,4576544.0,32.0,32.0,32.0,837.1411171,1194.550085,32.0,32.0,0.0,0.0,32.00022375,0.0,0.0,0.0,0.0,0.0,0.0,0.0,8.0,0.0,DDOS attack-LOIC-UDP
-1.0,120000000.0,673747.0,80.0,872.3388295,1100408.0,673747.0,119990206.0,1146.351895,4401632.0,4401632.0,32.0,32.0,32.0,872.3388295,1146.351895,32.0,32.0,0.0,0.0,32.00023264,0.0,0.0,0.0,0.0,0.0,0.0,0.0,8.0,0.0,DDOS attack-LOIC-UDP
-1.0,120000000.0,817523.0,80.0,1363.852153,701112.0,817523.0,119525275.0,733.2256713,2804448.0,2804448.0,32.0,32.0,32.0,1363.852153,733.2256713,32.0,32.0,0.0,0.0,32.00036513,0.0,0.0,0.0,0.0,0.0,0.0,0.0,8.0,0.0,DDOS attack-LOIC-UDP
-1.0,120000000.0,576214.0,80.0,805.9850522,1188144.0,576214.0,119702482.0,1240.726153,4752576.0,4752576.0,32.0,32.0,32.0,805.9850522,1240.726153,32.0,32.0,0.0,0.0,32.00021546,0.0,0.0,0.0,0.0,0.0,0.0,0.0,8.0,0.0,DDOS attack-LOIC-UDP
-1.0,120000000.0,593942.0,80.0,1160.635415,825472.0,593942.0,119757844.0,861.6053576,3301888.0,3301888.0,32.0,32.0,32.0,1160.635415,861.6053576,32.0,32.0,0.0,0.0,32.00031013,0.0,0.0,0.0,0.0,0.0,0.0,0.0,8.0,0.0,DDOS attack-LOIC-UDP
-1.0,120000000.0,607548.0,80.0,845.1411654,1135640.0,607548.0,119971169.0,1183.242617,4542560.0,4542560.0,32.0,32.0,32.0,845.1411654,1183.242617,32.0,32.0,0.0,0.0,32.00022542,0.0,0.0,0.0,0.0,0.0,0.0,0.0,8.0,0.0,DDOS attack-LOIC-UDP
-1.0,120000000.0,635576.0,80.0,1028.347589,932904.0,635576.0,119917669.0,972.4421845,3731616.0,3731616.0,32.0,32.0,32.0,1028.347589,972.4421845,32.0,32.0,0.0,0.0,32.00027441,0.0,0.0,0.0,0.0,0.0,0.0,0.0,8.0,0.0,DDOS attack-LOIC-UDP
-1.0,120605702.0,682765.817779566,80.0,906.0384705506046,911304.0,531375.7095276843,120210648.0,863.1355327611043,3363587.0,2287843.0,31.99968384101603,32.000658781633256,32.0,987.1412765040113,778.9318662907308,32.0,32.00081639966885,0.0,0.0013219351185742674,32.034403891337995,0.0001074918267365157,0.0,0.0,0.0,0.0006615297856354558,0.0,0.0,8.0,0.0,DDOS attack-LOIC-UDP
-1.0,120954519.0,615106.0761420658,80.0,945.9716687926867,0.0,620927.1611099165,119557077.0,1171.2664477485205,3591642.0,3192175.0,32.00285018776372,31.99969105397015,32.0,960.9176882764206,1171.073301102181,32.0,32.00109769439278,0.0,0.0013491759265638174,31.972535325268296,0.0,0.0,0.0,0.0,0.0015660437175513298,0.0,0.0,8.0,6.773205346758865e-05,DDOS attack-LOIC-UDP
-1.0,120000000.0,726471.0,80.0,1025.790621,934008.0,726471.0,119761055.0,974.8661616,3736032.0,3736032.0,32.0,32.0,32.0,1025.790621,974.8661616,32.0,32.0,0.0,0.0,32.00027409,0.0,0.0,0.0,0.0,0.0,0.0,0.0,8.0,0.0,DDOS attack-LOIC-UDP
-1.0,120000000.0,911974.0,80.0,1448.536946,662496.0,911974.0,119954793.0,690.3600759,2649984.0,2649984.0,32.0,32.0,32.0,1448.536946,690.3600759,32.0,32.0,1.0,0.0,32.00038642,0.0,0.0,0.0,0.0,0.0,0.0,1.0,8.0,0.0,DDOS attack-LOIC-UDP
-1.0,120000000.0,598008.0,80.0,1043.927337,916344.0,598008.0,119573525.0,957.9294413,3665376.0,3665376.0,32.0,32.0,32.0,1043.927337,957.9294413,32.0,32.0,1.0,0.0,32.00027937,0.0,0.0,0.0,0.0,0.0,0.0,1.0,8.0,0.0,DDOS attack-LOIC-UDP
-1.0,120000000.0,699459.0,80.0,959.7483557,999832.0,699459.0,119947430.0,1041.948127,3999328.0,3999328.0,32.0,32.0,32.0,959.7483557,1041.948127,32.0,32.0,0.0,0.0,32.00025604,0.0,0.0,0.0,0.0,0.0,0.0,0.0,8.0,0.0,DDOS attack-LOIC-UDP
-1.0,119000000.0,922289.0,80.0,1400.44765,681880.0,922289.0,119365755.0,714.065772,2727520.0,2727520.0,32.0,32.0,32.0,1400.44765,714.065772,32.0,32.0,1.0,0.0,32.00037543,0.0,0.0,0.0,0.0,0.0,0.0,1.0,8.0,0.0,DDOS attack-LOIC-UDP
-1.0,120000000.0,656383.0,80.0,1195.489818,802576.0,656383.0,119932734.0,836.4855586,3210304.0,3210304.0,32.0,32.0,32.0,1195.489818,836.4855586,32.0,32.0,0.0,0.0,32.00031897,0.0,0.0,0.0,0.0,0.0,0.0,0.0,8.0,0.0,DDOS attack-LOIC-UDP
-1.0,120000000.0,851634.0,80.0,1577.910829,607472.0,851634.0,119815503.0,633.75772,2429888.0,2429888.0,32.0,32.0,32.0,1577.910829,633.75772,32.0,32.0,1.0,0.0,32.00042142,0.0,0.0,0.0,0.0,0.0,0.0,1.0,8.0,0.0,DDOS attack-LOIC-UDP
-1.0,119739251.0,714300.8595787274,80.0,765.9673732566507,695800.0,556814.8379580249,120197219.0,957.375041907193,2595072.0,4761725.0,31.99990887048086,32.00036670996091,32.0,788.9370092452443,931.0812386453265,32.0,31.99835262615376,0.001818721668802725,0.0010137644141099008,31.989781219556413,0.0,0.0,0.0,0.0,0.0006460844697504295,0.0,0.0,8.0,0.0,DDOS attack-LOIC-UDP
-1.0,77300000.0,787451.0,80.0,1136.045803,544432.0,787451.0,77311325.0,880.2591341,2177728.0,2177728.0,32.0,32.0,32.0,1136.045803,880.2591341,32.0,32.0,1.0,0.0,32.00047021,0.0,0.0,0.0,0.0,0.0,0.0,1.0,8.0,0.0,DDOS attack-LOIC-UDP
-1.0,120000000.0,821122.0,80.0,1315.911833,728624.0,821122.0,119849302.0,759.9376757,2914496.0,2914496.0,32.0,32.0,32.0,1315.911833,759.9376757,32.0,32.0,0.0,0.0,32.00035135,0.0,0.0,0.0,0.0,0.0,0.0,0.0,8.0,0.0,DDOS attack-LOIC-UDP
-1.0,120963952.0,699534.213024503,80.0,894.3859157117377,1175397.0,540740.5067918283,118927041.0,898.8887173821662,2385738.0,4049183.0,31.999702925847817,32.00227520538377,32.0,1200.2278145943512,1032.228463869198,32.0,32.00136649221209,0.0,0.0018941369925098755,31.96766548829393,0.0,0.0,0.0,0.0,0.0,0.0005766626836028224,0.0,8.0,0.0005663912682006865,DDOS attack-LOIC-UDP
-1.0,119539126.0,751669.5177380235,80.0,842.8975599673524,753957.0,770746.3499106792,119561497.0,1123.1336328452603,3537280.0,4832317.0,32.002864306580534,31.99875567225659,32.0,1627.332762183377,1320.1472423896962,32.0,32.00245279550343,0.0,0.0,32.05650031784331,0.0,0.0,0.0,0.0,0.002943366711405034,0.0014570658281448795,0.0,8.0,0.0,DDOS attack-LOIC-UDP
-1.0,120000000.0,668171.0,80.0,961.6436353,996448.0,668171.0,119777523.0,1039.894605,3985792.0,3985792.0,32.0,32.0,32.0,961.6436353,1039.894605,32.0,32.0,1.0,0.0,32.00025691,0.0,0.0,0.0,0.0,0.0,0.0,1.0,8.0,0.0,DDOS attack-LOIC-UDP
-1.0,120000000.0,601453.0,80.0,894.685825,1071080.0,601453.0,119784117.0,1117.719138,4284320.0,4284320.0,32.0,32.0,32.0,894.685825,1117.719138,32.0,32.0,1.0,0.0,32.00023901,0.0,0.0,0.0,0.0,0.0,0.0,1.0,8.0,0.0,DDOS attack-LOIC-UDP
-1.0,121281411.0,617331.8794015694,80.0,898.248598763514,733032.0,580378.5215233619,121157705.0,907.7850426613854,3373477.0,3860102.0,31.99868018866226,32.00201888879872,32.0,1026.7725360056247,1314.522756072708,32.0,31.99916835867038,0.0,0.000555777011508995,32.06633342131704,0.0,0.0,0.0,0.0,0.0005350430380462429,0.0007385209521417419,0.0,8.0,0.0,DDOS attack-LOIC-UDP
-1.0,120000000.0,695077.0,80.0,1049.695564,914064.0,695077.0,119935066.0,952.6655032,3656256.0,3656256.0,32.0,32.0,32.0,1049.695564,952.6655032,32.0,32.0,0.0,0.0,32.00028007,0.0,0.0,0.0,0.0,0.0,0.0,0.0,8.0,0.0,DDOS attack-LOIC-UDP
-1.0,120000000.0,943428.0,80.0,1021.860603,939136.0,943428.0,119957238.0,978.6153963,3756544.0,3756544.0,32.0,32.0,32.0,1021.860603,978.6153963,32.0,32.0,1.0,0.0,32.00027259,0.0,0.0,0.0,0.0,0.0,0.0,1.0,8.0,0.0,DDOS attack-LOIC-UDP
-1.0,120000000.0,619016.0,80.0,883.9606377,1083888.0,619016.0,119763407.0,1131.280442,4335552.0,4335552.0,32.0,32.0,32.0,883.9606377,1131.280442,32.0,32.0,0.0,0.0,32.00023619,0.0,0.0,0.0,0.0,0.0,0.0,0.0,8.0,0.0,DDOS attack-LOIC-UDP
-1.0,121465619.0,659917.7007972394,80.0,928.8061585468612,764409.0,527677.3753260708,119813803.0,1193.5828361441058,3816560.0,1891168.0,32.000253249275666,32.00012987549302,32.0,1786.391167046182,1334.6017751440747,32.0,31.998733230273324,0.0,0.0018175664828517406,32.04708584995324,0.0,0.0,0.0,0.0,0.0,0.0,0.0,8.0,0.0,DDOS attack-LOIC-UDP
-1.0,120000000.0,846112.0,80.0,987.911408,969576.0,846112.0,119730911.0,1012.244866,3878304.0,3878304.0,32.0,32.0,32.0,987.911408,1012.244866,32.0,32.0,0.0,0.0,32.00026403,0.0,0.0,0.0,0.0,0.0,0.0,0.0,8.0,0.0,DDOS attack-LOIC-UDP
-1.0,120000000.0,873820.0,80.0,1121.639959,855088.0,873820.0,119886487.0,891.5600304,3420352.0,3420352.0,32.0,32.0,32.0,1121.639959,891.5600304,32.0,32.0,0.0,0.0,32.00029938,0.0,0.0,0.0,0.0,0.0,0.0,0.0,8.0,0.0,DDOS attack-LOIC-UDP
-1.0,121588850.0,746713.5511309602,80.0,967.3687435925674,665247.0,673313.2983272064,118542766.0,842.6578107982957,4354592.0,4643495.0,32.00120373447673,32.00078930436285,32.0,826.9619778965136,920.4249107778598,32.0,32.001194134205626,0.0,0.0006647255860189452,32.02297859577303,0.0,0.0,0.0,0.0,0.0,0.0012296718443214217,0.0,8.0,0.0012814165691301287,DDOS attack-LOIC-UDP
-1.0,120000000.0,655414.0,80.0,907.0478713,1055672.0,655414.0,119692223.0,1102.485999,4222688.0,4222688.0,32.0,32.0,32.0,907.0478713,1102.485999,32.0,32.0,0.0,0.0,32.0002425,0.0,0.0,0.0,0.0,0.0,0.0,0.0,8.0,0.0,DDOS attack-LOIC-UDP
-1.0,120000000.0,834372.0,80.0,1196.698752,801208.0,834372.0,119849380.0,835.6405348,3204832.0,3204832.0,32.0,32.0,32.0,1196.698752,835.6405348,32.0,32.0,1.0,0.0,32.00031952,0.0,0.0,0.0,0.0,0.0,0.0,1.0,8.0,0.0,DDOS attack-LOIC-UDP
-1.0,120000000.0,917590.0,80.0,1673.476747,571968.0,917590.0,119645220.0,597.566706,2287872.0,2287872.0,32.0,32.0,32.0,1673.476747,597.566706,32.0,32.0,1.0,0.0,32.00044758,0.0,0.0,0.0,0.0,0.0,0.0,1.0,8.0,0.0,DDOS attack-LOIC-UDP
-1.0,120000000.0,617124.0,80.0,909.3606136,1055032.0,617124.0,119924659.0,1099.682093,4220128.0,4220128.0,32.0,32.0,32.0,909.3606136,1099.682093,32.0,32.0,0.0,0.0,32.00024265,0.0,0.0,0.0,0.0,0.0,0.0,0.0,8.0,0.0,DDOS attack-LOIC-UDP
-1.0,120000000.0,994012.0,80.0,1186.047166,808888.0,994012.0,119921229.0,843.1451282,3235552.0,3235552.0,32.0,32.0,32.0,1186.047166,843.1451282,32.0,32.0,0.0,0.0,32.00031648,0.0,0.0,0.0,0.0,0.0,0.0,0.0,8.0,0.0,DDOS attack-LOIC-UDP
-1.0,120000000.0,719527.0,80.0,1125.73829,851760.0,719527.0,119856230.0,888.3142745,3407040.0,3407040.0,32.0,32.0,32.0,1125.73829,888.3142745,32.0,32.0,0.0,0.0,32.00030055,0.0,0.0,0.0,0.0,0.0,0.0,0.0,8.0,0.0,DDOS attack-LOIC-UDP
-1.0,120000000.0,875532.0,80.0,1631.844015,586320.0,875532.0,119596216.0,612.8120308,2345280.0,2345280.0,32.0,32.0,32.0,1631.844015,612.8120308,32.0,32.0,1.0,0.0,32.00043662,0.0,0.0,0.0,0.0,0.0,0.0,1.0,8.0,0.0,DDOS attack-LOIC-UDP
-1.0,71900000.0,675832.0,80.0,910.4596476,632040.0,675832.0,71929954.0,1098.360219,2528160.0,2528160.0,32.0,32.0,32.0,910.4596476,1098.360219,32.0,32.0,0.0,0.0,32.00040504,0.0,0.0,0.0,0.0,0.0,0.0,0.0,8.0,0.0,DDOS attack-LOIC-UDP
-1.0,120000000.0,675736.0,80.0,936.9787861,1021600.0,675736.0,119651254.0,1067.26838,4086400.0,4086400.0,32.0,32.0,32.0,936.9787861,1067.26838,32.0,32.0,0.0,0.0,32.00025059,0.0,0.0,0.0,0.0,0.0,0.0,0.0,8.0,0.0,DDOS attack-LOIC-UDP
-1.0,120000000.0,863344.0,80.0,940.543054,1020680.0,863344.0,119998245.0,1063.223883,4082720.0,4082720.0,32.0,32.0,32.0,940.543054,1063.223883,32.0,32.0,0.0,0.0,32.00025081,0.0,0.0,0.0,0.0,0.0,0.0,0.0,8.0,0.0,DDOS attack-LOIC-UDP
-1.0,120000000.0,810132.0,80.0,1214.103425,788056.0,810132.0,119596472.0,823.6614204,3152224.0,3152224.0,32.0,32.0,32.0,1214.103425,823.6614204,32.0,32.0,1.0,0.0,32.00032485,0.0,0.0,0.0,0.0,0.0,0.0,1.0,8.0,0.0,DDOS attack-LOIC-UDP
-1.0,120000000.0,624159.0,80.0,838.9449605,1140280.0,624159.0,119578181.0,1191.981671,4561120.0,4561120.0,32.0,32.0,32.0,838.9449605,1191.981671,32.0,32.0,0.0,0.0,32.00022451,0.0,0.0,0.0,0.0,0.0,0.0,0.0,8.0,0.0,DDOS attack-LOIC-UDP
-1.0,120000000.0,907875.0,80.0,1677.024375,571080.0,907875.0,119712708.0,596.3026081,2284320.0,2284320.0,32.0,32.0,32.0,1677.024375,596.3026081,32.0,32.0,1.0,0.0,32.00044827,0.0,0.0,0.0,0.0,0.0,0.0,1.0,8.0,0.0,DDOS attack-LOIC-UDP
-1.0,120000000.0,638200.0,80.0,863.090968,1111608.0,638200.0,119926490.0,1158.63476,4446432.0,4446432.0,32.0,32.0,32.0,863.090968,1158.63476,32.0,32.0,0.0,0.0,32.0002303,0.0,0.0,0.0,0.0,0.0,0.0,0.0,8.0,0.0,DDOS attack-LOIC-UDP
-1.0,120000000.0,706630.0,80.0,907.2693608,1058128.0,706630.0,119999982.0,1102.216832,4232512.0,4232512.0,32.0,32.0,32.0,907.2693608,1102.216832,32.0,32.0,0.0,0.0,32.00024194,0.0,0.0,0.0,0.0,0.0,0.0,0.0,8.0,0.0,DDOS attack-LOIC-UDP
-1.0,120000000.0,643695.0,80.0,983.1588853,974296.0,643695.0,119734988.0,1017.137948,3897184.0,3897184.0,32.0,32.0,32.0,983.1588853,1017.137948,32.0,32.0,0.0,0.0,32.00026275,0.0,0.0,0.0,0.0,0.0,0.0,0.0,8.0,0.0,DDOS attack-LOIC-UDP
-1.0,120000000.0,952821.0,80.0,1446.108544,661272.0,952821.0,119532440.0,691.5193901,2645088.0,2645088.0,32.0,32.0,32.0,1446.108544,691.5193901,32.0,32.0,1.0,0.0,32.00038713,0.0,0.0,0.0,0.0,0.0,0.0,1.0,8.0,0.0,DDOS attack-LOIC-UDP
-1.0,120000000.0,852216.0,80.0,1586.428384,603168.0,852216.0,119608768.0,630.3551258,2412672.0,2412672.0,32.0,32.0,32.0,1586.428384,630.3551258,32.0,32.0,0.0,0.0,32.00042443,0.0,0.0,0.0,0.0,0.0,0.0,0.0,8.0,0.0,DDOS attack-LOIC-UDP
-1.0,120000000.0,934498.0,80.0,1446.029005,661688.0,934498.0,119601059.0,691.5574217,2646752.0,2646752.0,32.0,32.0,32.0,1446.029005,691.5574217,32.0,32.0,0.0,0.0,32.00038689,0.0,0.0,0.0,0.0,0.0,0.0,0.0,8.0,0.0,DDOS attack-LOIC-UDP
-1.0,120000000.0,868268.0,80.0,1680.6211,569784.0,868268.0,119697196.0,595.02647,2279136.0,2279136.0,32.0,32.0,32.0,1680.6211,595.02647,32.0,32.0,1.0,0.0,32.00044929,0.0,0.0,0.0,0.0,0.0,0.0,1.0,8.0,0.0,DDOS attack-LOIC-UDP
-1.0,120000000.0,614465.0,80.0,918.3027721,1043248.0,614465.0,119751273.0,1088.97381,4172992.0,4172992.0,32.0,32.0,32.0,918.3027721,1088.97381,32.0,32.0,0.0,0.0,32.00024539,0.0,0.0,0.0,0.0,0.0,0.0,0.0,8.0,0.0,DDOS attack-LOIC-UDP
-1.0,120000000.0,654982.0,80.0,1000.301544,959336.0,654982.0,119952160.0,999.7068831,3837344.0,3837344.0,32.0,32.0,32.0,1000.301544,999.7068831,32.0,32.0,1.0,0.0,32.00026685,0.0,0.0,0.0,0.0,0.0,0.0,1.0,8.0,0.0,DDOS attack-LOIC-UDP
-1.0,120000000.0,667352.0,80.0,1087.788372,881064.0,667352.0,119800309.0,919.3048075,3524256.0,3524256.0,32.0,32.0,32.0,1087.788372,919.3048075,32.0,32.0,0.0,0.0,32.00029056,0.0,0.0,0.0,0.0,0.0,0.0,0.0,8.0,0.0,DDOS attack-LOIC-UDP
-1.0,120000000.0,689469.0,80.0,937.3169801,1020968.0,689469.0,119620393.0,1066.883303,4083872.0,4083872.0,32.0,32.0,32.0,937.3169801,1066.883303,32.0,32.0,0.0,0.0,32.00025074,0.0,0.0,0.0,0.0,0.0,0.0,0.0,8.0,0.0,DDOS attack-LOIC-UDP
-1.0,120000000.0,639897.0,80.0,1039.750595,920920.0,639897.0,119689850.0,961.7774607,3683680.0,3683680.0,32.0,32.0,32.0,1039.750595,961.7774607,32.0,32.0,0.0,0.0,32.00027798,0.0,0.0,0.0,0.0,0.0,0.0,0.0,8.0,0.0,DDOS attack-LOIC-UDP
-1.0,120000000.0,679044.0,80.0,1122.818026,853184.0,679044.0,119745174.0,890.6246192,3412736.0,3412736.0,32.0,32.0,32.0,1122.818026,890.6246192,32.0,32.0,0.0,0.0,32.00030005,0.0,0.0,0.0,0.0,0.0,0.0,0.0,8.0,0.0,DDOS attack-LOIC-UDP
-1.0,120000000.0,633525.0,80.0,1055.299893,908360.0,633525.0,119822971.0,947.6062816,3633440.0,3633440.0,32.0,32.0,32.0,1055.299893,947.6062816,32.0,32.0,0.0,0.0,32.00028183,0.0,0.0,0.0,0.0,0.0,0.0,0.0,8.0,0.0,DDOS attack-LOIC-UDP
-1.0,120000000.0,587956.0,80.0,918.3819205,1043576.0,587956.0,119799248.0,1088.879957,4174304.0,4174304.0,32.0,32.0,32.0,918.3819205,1088.879957,32.0,32.0,0.0,0.0,32.00024531,0.0,0.0,0.0,0.0,0.0,0.0,0.0,8.0,0.0,DDOS attack-LOIC-UDP
-1.0,120000000.0,938798.0,80.0,1262.402936,757608.0,938798.0,119549558.0,792.1484745,3030432.0,3030432.0,32.0,32.0,32.0,1262.402936,792.1484745,32.0,32.0,0.0,0.0,32.00033791,0.0,0.0,0.0,0.0,0.0,0.0,0.0,8.0,0.0,DDOS attack-LOIC-UDP
-1.0,120000000.0,807883.0,80.0,1527.534215,626408.0,807883.0,119605929.0,654.6581817,2505632.0,2505632.0,32.0,32.0,32.0,1527.534215,654.6581817,32.0,32.0,0.0,0.0,32.00040868,0.0,0.0,0.0,0.0,0.0,0.0,0.0,8.0,0.0,DDOS attack-LOIC-UDP
-1.0,120975815.0,804022.8564657957,80.0,1155.6073164729028,965209.0,741228.7446129964,118793580.0,1221.5283866422458,2778091.0,2797054.0,32.00191150225537,31.998607922199074,32.0,1026.1667883316243,1352.018549101335,32.0,31.99995746653181,0.0,0.0,32.07374754426886,0.0,0.0,0.0,0.0,0.0,0.0013610657387519989,0.006485070671261961,8.0,0.0,DDOS attack-LOIC-UDP
-1.0,120000000.0,633973.0,80.0,461.5495619,2075552.0,633973.0,119745803.0,2166.622909,8302208.0,8302208.0,32.0,32.0,32.0,461.5495619,2166.622909,32.0,32.0,0.0,0.0,32.00012334,0.0,0.0,0.0,0.0,0.0,0.0,0.0,8.0,0.0,DDOS attack-LOIC-UDP
-1.0,77600000.0,761400.0,80.0,1039.493769,597016.0,761400.0,77573262.0,962.0196196,2388064.0,2388064.0,32.0,32.0,32.0,1039.493769,962.0196196,32.0,32.0,0.0,0.0,32.0004288,0.0,0.0,0.0,0.0,0.0,0.0,0.0,8.0,0.0,DDOS attack-LOIC-UDP
-1.0,91600000.0,733223.0,80.0,375.9991584,1948680.0,733223.0,91587379.0,2659.59134,7794720.0,7794720.0,32.0,32.0,32.0,375.9991584,2659.59134,32.0,32.0,0.0,0.0,32.00013137,0.0,0.0,0.0,0.0,0.0,0.0,0.0,8.0,0.0,DDOS attack-LOIC-UDP
-1.0,120000000.0,615099.0,80.0,951.8740328,1007064.0,615099.0,119823807.0,1050.567522,4028256.0,4028256.0,32.0,32.0,32.0,951.8740328,1050.567522,32.0,32.0,0.0,0.0,32.0002542,0.0,0.0,0.0,0.0,0.0,0.0,0.0,8.0,0.0,DDOS attack-LOIC-UDP
-1.0,120000000.0,907488.0,80.0,1515.747691,633232.0,907488.0,119975977.0,659.7487429,2532928.0,2532928.0,32.0,32.0,32.0,1515.747691,659.7487429,32.0,32.0,1.0,0.0,32.00040428,0.0,0.0,0.0,0.0,0.0,0.0,1.0,8.0,0.0,DDOS attack-LOIC-UDP
-1.0,93300000.0,604951.0,80.0,868.0954897,860080.0,604951.0,93328078.0,1151.957721,3440320.0,3440320.0,32.0,32.0,32.0,868.0954897,1151.957721,32.0,32.0,0.0,0.0,32.00029765,0.0,0.0,0.0,0.0,0.0,0.0,0.0,8.0,0.0,DDOS attack-LOIC-UDP
-1.0,120000000.0,579434.0,80.0,646.2182621,1482336.0,579434.0,119738428.0,1547.47313,5929344.0,5929344.0,32.0,32.0,32.0,646.2182621,1547.47313,32.0,32.0,0.0,0.0,32.0001727,0.0,0.0,0.0,0.0,0.0,0.0,0.0,8.0,0.0,DDOS attack-LOIC-UDP
-1.0,73200000.0,844136.0,80.0,1010.675833,579808.0,844136.0,73248731.0,989.4505886,2319232.0,2319232.0,32.0,32.0,32.0,1010.675833,989.4505886,32.0,32.0,0.0,0.0,32.00044153,0.0,0.0,0.0,0.0,0.0,0.0,0.0,8.0,0.0,DDOS attack-LOIC-UDP
-1.0,120000000.0,582443.0,80.0,911.8631763,1052048.0,582443.0,119914567.0,1096.664094,4208192.0,4208192.0,32.0,32.0,32.0,911.8631763,1096.664094,32.0,32.0,0.0,0.0,32.00024333,0.0,0.0,0.0,0.0,0.0,0.0,0.0,8.0,0.0,DDOS attack-LOIC-UDP
-1.0,121764297.0,636690.0831379024,80.0,980.4295289369112,645881.0,930185.6549579214,119200448.0,983.0499735489446,4771108.0,3432998.0,32.001955566000625,32.00117788112134,32.0,1040.7389476915632,1273.1781993351472,32.0,32.00123716871202,0.0,0.0008216829043612889,32.02982750252632,0.0,0.0,0.0,0.0,0.0,0.0031365080261618705,0.874271338247796,8.0,0.0,DDOS attack-LOIC-UDP
-1.0,120000000.0,598333.0,80.0,1037.160394,924584.0,598333.0,119866701.0,964.1793679,3698336.0,3698336.0,32.0,32.0,32.0,1037.160394,964.1793679,32.0,32.0,0.0,0.0,32.00027688,0.0,0.0,0.0,0.0,0.0,0.0,0.0,8.0,0.0,DDOS attack-LOIC-UDP
-1.0,120000000.0,632230.0,80.0,961.9896636,994552.0,632230.0,119592631.0,1039.52057,3978208.0,3978208.0,32.0,32.0,32.0,961.9896636,1039.52057,32.0,32.0,0.0,0.0,32.0002574,0.0,0.0,0.0,0.0,0.0,0.0,0.0,8.0,0.0,DDOS attack-LOIC-UDP
-1.0,119000000.0,811435.0,80.0,1223.564412,781224.0,811435.0,119483512.0,817.2926822,3124896.0,3124896.0,32.0,32.0,32.0,1223.564412,817.2926822,32.0,32.0,1.0,0.0,32.00032769,0.0,0.0,0.0,0.0,0.0,0.0,1.0,8.0,0.0,DDOS attack-LOIC-UDP
-1.0,120000000.0,645022.0,80.0,1022.093391,935776.0,645022.0,119555286.0,978.3925405,3743104.0,3743104.0,32.0,32.0,32.0,1022.093391,978.3925405,32.0,32.0,0.0,0.0,32.00027357,0.0,0.0,0.0,0.0,0.0,0.0,0.0,8.0,0.0,DDOS attack-LOIC-UDP
-1.0,120000000.0,727857.0,80.0,958.693481,999672.0,727857.0,119796420.0,1043.09461,3998688.0,3998688.0,32.0,32.0,32.0,958.693481,1043.09461,32.0,32.0,0.0,0.0,32.00025608,0.0,0.0,0.0,0.0,0.0,0.0,0.0,8.0,0.0,DDOS attack-LOIC-UDP
-1.0,120000000.0,623390.0,80.0,873.5404998,1098976.0,623390.0,119999132.0,1144.774947,4395904.0,4395904.0,32.0,32.0,32.0,873.5404998,1144.774947,32.0,32.0,0.0,0.0,32.00023294,0.0,0.0,0.0,0.0,0.0,0.0,0.0,8.0,0.0,DDOS attack-LOIC-UDP
-1.0,120870394.0,779165.5980051215,80.0,1023.8347091196906,643712.0,789778.5440965127,118871035.0,858.5189249167487,4051803.0,4625572.0,32.00196710296156,32.00117769760532,32.0,808.9294179747685,988.476718233355,32.0,32.00182030194403,0.0,0.0,31.95591619285109,0.0,0.0,0.0,0.0,0.0,0.0024112272185241243,0.00840755225544261,8.0,0.0,DDOS attack-LOIC-UDP
-1.0,120000000.0,812914.0,80.0,1156.926851,828784.0,812914.0,119854151.0,864.3672258,3315136.0,3315136.0,32.0,32.0,32.0,1156.926851,864.3672258,32.0,32.0,0.0,0.0,32.00030889,0.0,0.0,0.0,0.0,0.0,0.0,0.0,8.0,0.0,DDOS attack-LOIC-UDP
-1.0,120000000.0,908413.0,80.0,1316.816426,726384.0,908413.0,119562981.0,759.4156589,2905536.0,2905536.0,32.0,32.0,32.0,1316.816426,759.4156589,32.0,32.0,1.0,0.0,32.00035243,0.0,0.0,0.0,0.0,0.0,0.0,1.0,8.0,0.0,DDOS attack-LOIC-UDP
-1.0,120000000.0,629831.0,80.0,843.8687015,1136472.0,629831.0,119878300.0,1185.026815,4545888.0,4545888.0,32.0,32.0,32.0,843.8687015,1185.026815,32.0,32.0,0.0,0.0,32.00022526,0.0,0.0,0.0,0.0,0.0,0.0,0.0,8.0,0.0,DDOS attack-LOIC-UDP
-1.0,120000000.0,917137.0,80.0,1436.985786,668072.0,917137.0,119999809.0,695.909441,2672288.0,2672288.0,32.0,32.0,32.0,1436.985786,695.909441,32.0,32.0,1.0,0.0,32.00038319,0.0,0.0,0.0,0.0,0.0,0.0,1.0,8.0,0.0,DDOS attack-LOIC-UDP
-1.0,119708720.0,792630.94035029,80.0,997.366184379014,1584867.0,566012.3628116699,119058711.0,1040.423252766183,4733778.0,3897799.0,32.001863769143064,32.00230725419228,32.0,737.2198508239283,896.148962091236,32.0,31.999792266227285,0.0,0.0014081300900853561,32.091586891785624,0.0012628136456434354,0.0,0.0,0.0,0.0003246847628260622,0.0018606797581348714,0.0008672766628667274,8.0,0.002431140136552383,DDOS attack-LOIC-UDP
-1.0,121168239.0,666219.8035307712,80.0,992.3023376042258,694243.0,576065.5126195331,120308805.0,1039.2711940539712,1747185.0,1892930.0,32.000807198128,32.000745467688866,32.0,1523.8079300020122,1004.613171259102,32.0,32.0014033763102,0.00044418103752568317,0.0007543940748496753,32.01591936183923,0.0,0.0,0.0,0.0,0.0019362181689369618,0.0008552612116421632,0.0052036640383372815,8.0,0.0,DDOS attack-LOIC-UDP
-1.0,120000000.0,704087.0,80.0,944.3107214,1015400.0,704087.0,119855694.0,1058.981812,4061600.0,4061600.0,32.0,32.0,32.0,944.3107214,1058.981812,32.0,32.0,1.0,0.0,32.00025212,0.0,0.0,0.0,0.0,0.0,0.0,1.0,8.0,0.0,DDOS attack-LOIC-UDP
-1.0,120000000.0,827383.0,80.0,1337.374755,717832.0,827383.0,119999962.0,747.7419035,2871328.0,2871328.0,32.0,32.0,32.0,1337.374755,747.7419035,32.0,32.0,1.0,0.0,32.00035663,0.0,0.0,0.0,0.0,0.0,0.0,1.0,8.0,0.0,DDOS attack-LOIC-UDP
-1.0,121594530.0,750701.2947378841,80.0,665.7941076440444,780466.0,781515.3318657572,118642051.0,1068.1287068218878,4498150.0,1979857.0,32.00074745806309,32.00165125080088,32.0,898.1900898720578,1238.4746540122844,32.0,31.999621398320244,0.0,0.0,32.00133976831186,0.0,0.0,0.0,0.0,0.0,0.0027378163771264764,0.0,8.0,0.0,DDOS attack-LOIC-UDP
-1.0,120000000.0,679781.0,80.0,727.2953637,1315024.0,679781.0,119550630.0,1374.965569,5260096.0,5260096.0,32.0,32.0,32.0,727.2953637,1374.965569,32.0,32.0,0.0,0.0,32.00019467,0.0,0.0,0.0,0.0,0.0,0.0,0.0,8.0,0.0,DDOS attack-LOIC-UDP
-1.0,120000000.0,779483.0,80.0,846.4791885,1129768.0,779483.0,119539791.0,1181.372318,4519072.0,4519072.0,32.0,32.0,32.0,846.4791885,1181.372318,32.0,32.0,0.0,0.0,32.0002266,0.0,0.0,0.0,0.0,0.0,0.0,0.0,8.0,0.0,DDOS attack-LOIC-UDP
-1.0,120000000.0,996329.0,80.0,1580.824239,605784.0,996329.0,119703173.0,632.5897476,2423136.0,2423136.0,32.0,32.0,32.0,1580.824239,632.5897476,32.0,32.0,0.0,0.0,32.00042259,0.0,0.0,0.0,0.0,0.0,0.0,0.0,8.0,0.0,DDOS attack-LOIC-UDP
-1.0,120000000.0,665836.0,80.0,848.2638761,1129144.0,665836.0,119725660.0,1178.886798,4516576.0,4516576.0,32.0,32.0,32.0,848.2638761,1178.886798,32.0,32.0,0.0,0.0,32.00022672,0.0,0.0,0.0,0.0,0.0,0.0,0.0,8.0,0.0,DDOS attack-LOIC-UDP
-1.0,120000000.0,663482.0,80.0,1053.520075,909816.0,663482.0,119812624.0,949.2071553,3639264.0,3639264.0,32.0,32.0,32.0,1053.520075,949.2071553,32.0,32.0,0.0,0.0,32.00028138,0.0,0.0,0.0,0.0,0.0,0.0,0.0,8.0,0.0,DDOS attack-LOIC-UDP
-1.0,121793856.0,560350.0101352689,80.0,1157.0198020197056,646710.0,727478.9960199245,119583200.0,1022.0012694367985,4070852.0,3265176.0,32.00105534294731,31.99889206064672,32.0,1117.506218549114,582.0847755027546,32.0,31.99881217016545,0.002527308667660249,0.0004549890904784926,31.986260612199324,0.0,0.0,0.0,0.0,0.0,0.0007621545978668344,0.0,8.0,0.0,DDOS attack-LOIC-UDP
-1.0,121201718.0,673292.1843358298,80.0,1006.1506042143744,1076858.0,892515.932140713,118579020.0,1106.2627273261983,2275844.0,3603897.0,32.00112214766395,32.00078092632034,32.0,984.1912487118021,1214.188942998121,32.0,31.998220121034088,0.8591066894463606,0.0004927551081824591,32.02330616687317,0.0,0.0,0.0,0.0,0.0,0.0018320093126928372,0.007789244720657264,8.0,0.0,DDOS attack-LOIC-UDP
-1.0,120000000.0,756342.0,80.0,892.8428733,1073944.0,756342.0,119857013.0,1120.026243,4295776.0,4295776.0,32.0,32.0,32.0,892.8428733,1120.026243,32.0,32.0,0.0,0.0,32.00023837,0.0,0.0,0.0,0.0,0.0,0.0,0.0,8.0,0.0,DDOS attack-LOIC-UDP
-1.0,73800000.0,682211.0,80.0,934.2405806,631680.0,682211.0,73766702.0,1070.401656,2526720.0,2526720.0,32.0,32.0,32.0,934.2405806,1070.401656,32.0,32.0,0.0,0.0,32.00040527,0.0,0.0,0.0,0.0,0.0,0.0,0.0,8.0,0.0,DDOS attack-LOIC-UDP
-1.0,120878342.0,660414.557107351,80.0,905.5683832114183,926898.0,549806.5584691665,0.0,972.7430000888922,3652841.0,2965881.0,32.00106170666318,32.00157211881277,32.0,944.0435524213991,1394.389763551436,32.0,31.999076155694247,0.0,0.0009553808185738996,31.97401935710986,0.001860412468245239,0.0,0.0,0.0,0.0,0.0031662228445832807,0.0,8.0,0.0011253885091735876,DDOS attack-LOIC-UDP
-1.0,120000000.0,718871.0,80.0,1010.539642,947688.0,718871.0,119708526.0,989.578637,3790752.0,3790752.0,32.0,32.0,32.0,1010.539642,989.578637,32.0,32.0,0.0,0.0,32.00027013,0.0,0.0,0.0,0.0,0.0,0.0,0.0,8.0,0.0,DDOS attack-LOIC-UDP
-1.0,120000000.0,625554.0,80.0,844.7464726,1134560.0,625554.0,119801100.0,1183.795474,4538240.0,4538240.0,32.0,32.0,32.0,844.7464726,1183.795474,32.0,32.0,0.0,0.0,32.00022564,0.0,0.0,0.0,0.0,0.0,0.0,0.0,8.0,0.0,DDOS attack-LOIC-UDP
-1.0,120000000.0,694497.0,80.0,1137.260103,842688.0,694497.0,119793293.0,879.3146708,3370752.0,3370752.0,32.0,32.0,32.0,1137.260103,879.3146708,32.0,32.0,0.0,0.0,32.00030379,0.0,0.0,0.0,0.0,0.0,0.0,0.0,8.0,0.0,DDOS attack-LOIC-UDP
-1.0,120859209.0,832824.7628740077,80.0,758.5916714436869,133832.0,574489.5569853421,119022842.0,904.8096546423476,3509452.0,3932026.0,32.00196799944923,32.00235303428898,32.0,968.2829617871645,978.7863035161615,32.0,31.999169032138422,0.0,0.0,32.0591258850209,0.0,0.0,0.0,0.0,0.0,0.0007431584257685549,0.0,8.0,0.00251950047791836,DDOS attack-LOIC-UDP
-1.0,119000000.0,876262.0,80.0,1113.541334,858096.0,876262.0,119439557.0,898.0441882,3432384.0,3432384.0,32.0,32.0,32.0,1113.541334,898.0441882,32.0,32.0,0.0,0.0,32.00029833,0.0,0.0,0.0,0.0,0.0,0.0,0.0,8.0,0.0,DDOS attack-LOIC-UDP
-1.0,120000000.0,1027063.0,80.0,979.8432659,977000.0,1027063.0,119662379.0,1020.579743,3908000.0,3908000.0,32.0,32.0,32.0,979.8432659,1020.579743,32.0,32.0,0.0,0.0,32.00026203,0.0,0.0,0.0,0.0,0.0,0.0,0.0,8.0,0.0,DDOS attack-LOIC-UDP
-1.0,119000000.0,940971.0,80.0,1321.20736,722576.0,940971.0,119332770.0,756.8918412,2890304.0,2890304.0,32.0,32.0,32.0,1321.20736,756.8918412,32.0,32.0,0.0,0.0,32.00035429,0.0,0.0,0.0,0.0,0.0,0.0,0.0,8.0,0.0,DDOS attack-LOIC-UDP
-1.0,120000000.0,670854.0,80.0,901.1156454,1061944.0,670854.0,119615893.0,1109.743836,4247776.0,4247776.0,32.0,32.0,32.0,901.1156454,1109.743836,32.0,32.0,0.0,0.0,32.00024107,0.0,0.0,0.0,0.0,0.0,0.0,0.0,8.0,0.0,DDOS attack-LOIC-UDP
-1.0,120000000.0,906813.0,80.0,1463.007158,656016.0,906813.0,119968050.0,683.5319904,2624064.0,2624064.0,32.0,32.0,32.0,1463.007158,683.5319904,32.0,32.0,1.0,0.0,32.00039023,0.0,0.0,0.0,0.0,0.0,0.0,1.0,8.0,0.0,DDOS attack-LOIC-UDP
-1.0,120000000.0,569225.0,80.0,865.0940183,1107112.0,569225.0,119718631.0,1155.952076,4428448.0,4428448.0,32.0,32.0,32.0,865.0940183,1155.952076,32.0,32.0,0.0,0.0,32.00023123,0.0,0.0,0.0,0.0,0.0,0.0,0.0,8.0,0.0,DDOS attack-LOIC-UDP
-1.0,120264391.0,995116.4652135356,80.0,804.2692419134376,863144.0,765173.7200470988,119999153.0,874.362585827614,3931800.0,5365718.0,32.0019662611712,31.99919471377525,32.0,490.1801817999955,1343.0025376891708,32.0,32.00299979574218,0.00907585573753741,0.0,31.957480402417275,0.0,0.0,0.0,0.0,0.0,0.00240969879225376,0.006720680681321267,8.0,0.0,DDOS attack-LOIC-UDP
-1.0,104791254.0,811350.4841358747,80.0,1036.6401662354967,791568.0,912392.4296368732,120555824.0,866.0742881071258,3587766.0,3828988.0,32.001588805066355,32.00218926793051,32.0,832.583367837697,1068.2973439819525,32.0,32.00100799092866,0.0,0.000857351387595866,32.10197317763381,0.0,0.0,0.0,0.0,0.0,0.0023282605797816654,0.0,8.0,0.0014471332023799372,DDOS attack-LOIC-UDP
-1.0,120000000.0,648349.0,80.0,969.5783427,988128.0,648349.0,119757469.0,1031.384523,3952512.0,3952512.0,32.0,32.0,32.0,969.5783427,1031.384523,32.0,32.0,0.0,0.0,32.00025908,0.0,0.0,0.0,0.0,0.0,0.0,0.0,8.0,0.0,DDOS attack-LOIC-UDP
-1.0,120749402.0,772465.775923553,80.0,737.6075820499118,1083670.0,818152.1198353353,120227185.0,824.547942209679,1921477.0,4031936.0,32.00097154577942,32.00032845256119,32.0,921.2205055263304,661.2413571098059,32.0,32.00020769622045,0.0014950752549562575,0.001183780803845542,32.06604829326975,0.0,0.0,0.0,0.0,0.0,0.0025045050741948622,0.0,8.0,0.0,DDOS attack-LOIC-UDP
-1.0,119000000.0,812927.0,80.0,1144.912983,834416.0,812927.0,119415569.0,873.4371981,3337664.0,3337664.0,32.0,32.0,32.0,1144.912983,873.4371981,32.0,32.0,0.0,0.0,32.0003068,0.0,0.0,0.0,0.0,0.0,0.0,0.0,8.0,0.0,DDOS attack-LOIC-UDP
-1.0,121232213.0,601491.1348906722,80.0,1048.348342386105,1076989.0,701914.7131707681,118073479.0,1053.1570192015379,4054927.0,3599051.0,32.002057799676344,31.99996556456715,32.0,1054.5491793552276,1172.0925663130852,32.0,31.9990236291197,0.0,0.000941189787010464,32.06737994587998,0.0,0.0,0.0,0.0,0.0,0.0005874370401459278,0.0,8.0,0.001355850427998646,DDOS attack-LOIC-UDP
-1.0,120000000.0,921609.0,80.0,1766.126821,543264.0,921609.0,119932374.0,566.2190928,2173056.0,2173056.0,32.0,32.0,32.0,1766.126821,566.2190928,32.0,32.0,1.0,0.0,32.00047123,0.0,0.0,0.0,0.0,0.0,0.0,1.0,8.0,0.0,DDOS attack-LOIC-UDP
-1.0,119673215.0,766482.8190093865,80.0,988.8057678235883,886143.0,668103.315020628,119951976.0,1229.216020401909,3901836.0,3750117.0,32.00144236488421,31.998759693998224,32.0,972.7752768094348,1204.5359593063533,32.0,31.998808897502837,1.0367473349016274,0.0,32.05217810670229,0.0,0.0,0.0,0.0,0.0,0.0,0.013938878368404874,8.0,0.0,DDOS attack-LOIC-UDP
-1.0,120000000.0,825175.0,80.0,1257.9345,760680.0,825175.0,119609444.0,794.9623108,3042720.0,3042720.0,32.0,32.0,32.0,1257.9345,794.9623108,32.0,32.0,0.0,0.0,32.00033654,0.0,0.0,0.0,0.0,0.0,0.0,0.0,8.0,0.0,DDOS attack-LOIC-UDP
-1.0,120000000.0,657971.0,80.0,1028.122872,931776.0,657971.0,119746499.0,972.6547412,3727104.0,3727104.0,32.0,32.0,32.0,1028.122872,972.6547412,32.0,32.0,0.0,0.0,32.00027474,0.0,0.0,0.0,0.0,0.0,0.0,0.0,8.0,0.0,DDOS attack-LOIC-UDP
-1.0,120000000.0,842677.0,80.0,1199.912236,800064.0,842677.0,119999623.0,833.4026183,3200256.0,3200256.0,32.0,32.0,32.0,1199.912236,833.4026183,32.0,32.0,0.0,0.0,32.00031997,0.0,0.0,0.0,0.0,0.0,0.0,0.0,8.0,0.0,DDOS attack-LOIC-UDP
-1.0,16200000.0,582096.0,80.0,269.7413744,479744.0,582096.0,16175581.0,3707.316603,1918976.0,1918976.0,32.0,32.0,32.0,269.7413744,3707.316603,32.0,32.0,0.0,0.0,32.00053362,0.0,0.0,0.0,0.0,0.0,0.0,0.0,8.0,0.0,DDOS attack-LOIC-UDP
-1.0,121000107.0,641218.5954337694,80.0,967.2849834498802,1204711.0,1047973.1387543292,118883244.0,980.2786234662977,2313332.0,4109973.0,31.998651475555302,32.00012878108512,32.0,962.0382383750499,1037.1630302404903,32.0,32.000345514933244,0.0,4.1719369084701276e-05,32.007978328217284,0.0,0.0,0.0,0.0,0.0,0.00042308331125087993,0.0,8.0,0.0,DDOS attack-LOIC-UDP
-1.0,120465645.0,589764.9772568782,80.0,729.7272089738437,1020085.0,856381.4623402776,119147616.0,1253.500975083928,3383921.0,4034140.0,32.000930585897784,31.99778638116213,32.0,901.003905221968,1071.459201930385,32.0,32.001223574703346,0.0,0.0,32.027348462678944,0.0,0.0,0.0,0.0,0.0011821378588128338,0.0,0.0,8.0,0.000974196811308325,DDOS attack-LOIC-UDP
-1.0,120000000.0,600126.0,80.0,870.9100357,1101512.0,600126.0,119913861.0,1148.232563,4406048.0,4406048.0,32.0,32.0,32.0,870.9100357,1148.232563,32.0,32.0,1.0,0.0,32.00023241,0.0,0.0,0.0,0.0,0.0,0.0,1.0,8.0,0.0,DDOS attack-LOIC-UDP
-1.0,120000000.0,573401.0,80.0,888.49184,1079416.0,573401.0,119880650.0,1125.511081,4317664.0,4317664.0,32.0,32.0,32.0,888.49184,1125.511081,32.0,32.0,0.0,0.0,32.00023717,0.0,0.0,0.0,0.0,0.0,0.0,0.0,8.0,0.0,DDOS attack-LOIC-UDP
-1.0,120000000.0,739175.0,80.0,895.1498895,1071304.0,739175.0,119871312.0,1117.139687,4285216.0,4285216.0,32.0,32.0,32.0,895.1498895,1117.139687,32.0,32.0,1.0,0.0,32.00023896,0.0,0.0,0.0,0.0,0.0,0.0,1.0,8.0,0.0,DDOS attack-LOIC-UDP
-1.0,120000000.0,622170.0,80.0,1230.431255,777552.0,622170.0,119589305.0,812.7315398,3110208.0,3110208.0,32.0,32.0,32.0,1230.431255,812.7315398,32.0,32.0,0.0,0.0,32.00032924,0.0,0.0,0.0,0.0,0.0,0.0,0.0,8.0,0.0,DDOS attack-LOIC-UDP
-1.0,120000000.0,758773.0,80.0,1078.3678,889296.0,758773.0,119872443.0,927.3357347,3557184.0,3557184.0,32.0,32.0,32.0,1078.3678,927.3357347,32.0,32.0,0.0,0.0,32.00028787,0.0,0.0,0.0,0.0,0.0,0.0,0.0,8.0,0.0,DDOS attack-LOIC-UDP
-1.0,120000000.0,599360.0,80.0,773.3718668,1239312.0,599360.0,119805356.0,1293.047366,4957248.0,4957248.0,32.0,32.0,32.0,773.3718668,1293.047366,32.0,32.0,1.0,0.0,32.00020657,0.0,0.0,0.0,0.0,0.0,0.0,1.0,8.0,0.0,DDOS attack-LOIC-UDP
-1.0,120000000.0,908165.0,80.0,1438.742416,667224.0,908165.0,119993995.0,695.0597819,2668896.0,2668896.0,32.0,32.0,32.0,1438.742416,695.0597819,32.0,32.0,1.0,0.0,32.00038368,0.0,0.0,0.0,0.0,0.0,0.0,1.0,8.0,0.0,DDOS attack-LOIC-UDP
-1.0,13180722.0,840435.0402752421,80.0,438.4006952462903,930075.0,644315.9304644521,119231428.0,781.0717618464369,3428804.0,2075234.0,32.00177624928123,32.000411489984685,32.0,1033.6164376172037,1169.4843020538335,32.0,32.00057129728296,0.0,0.0009309462565098768,32.078580464978636,0.0,0.0,0.0,0.0,0.0,0.0,0.01122497228088538,8.0,0.0007195799540153304,DDOS attack-LOIC-UDP
-1.0,83300000.0,840454.0,80.0,989.0470352,674056.0,840454.0,83333147.0,1011.086261,2696224.0,2696224.0,32.0,32.0,32.0,989.0470352,1011.086261,32.0,32.0,0.0,0.0,32.00037979,0.0,0.0,0.0,0.0,0.0,0.0,0.0,8.0,0.0,DDOS attack-LOIC-UDP
-1.0,120000000.0,841492.0,80.0,1123.479642,853528.0,841492.0,119864043.0,890.1001279,3414112.0,3414112.0,32.0,32.0,32.0,1123.479642,890.1001279,32.0,32.0,0.0,0.0,32.00029993,0.0,0.0,0.0,0.0,0.0,0.0,0.0,8.0,0.0,DDOS attack-LOIC-UDP
-1.0,120000000.0,899510.0,80.0,1109.445778,863648.0,899510.0,119770219.0,901.3592937,3454592.0,3454592.0,32.0,32.0,32.0,1109.445778,901.3592937,32.0,32.0,0.0,0.0,32.00029642,0.0,0.0,0.0,0.0,0.0,0.0,0.0,8.0,0.0,DDOS attack-LOIC-UDP
-1.0,120000000.0,689474.0,80.0,883.1893452,1086616.0,689474.0,119960076.0,1132.268372,4346464.0,4346464.0,32.0,32.0,32.0,883.1893452,1132.268372,32.0,32.0,0.0,0.0,32.00023559,0.0,0.0,0.0,0.0,0.0,0.0,0.0,8.0,0.0,DDOS attack-LOIC-UDP
-1.0,120000000.0,647894.0,80.0,976.2827832,980632.0,647894.0,119670791.0,1024.301745,3922528.0,3922528.0,32.0,32.0,32.0,976.2827832,1024.301745,32.0,32.0,0.0,0.0,32.00026106,0.0,0.0,0.0,0.0,0.0,0.0,0.0,8.0,0.0,DDOS attack-LOIC-UDP
-1.0,120000000.0,709171.0,80.0,1091.95631,878552.0,709171.0,119916458.0,915.7958952,3514208.0,3514208.0,32.0,32.0,32.0,1091.95631,915.7958952,32.0,32.0,0.0,0.0,32.00029139,0.0,0.0,0.0,0.0,0.0,0.0,0.0,8.0,0.0,DDOS attack-LOIC-UDP
-1.0,120000000.0,591720.0,80.0,1046.479457,915760.0,591720.0,119789457.0,955.593279,3663040.0,3663040.0,32.0,32.0,32.0,1046.479457,955.593279,32.0,32.0,0.0,0.0,32.00027955,0.0,0.0,0.0,0.0,0.0,0.0,0.0,8.0,0.0,DDOS attack-LOIC-UDP
-1.0,121134439.0,690249.0748545931,80.0,892.7482673557124,811281.0,526775.6965408431,119274325.0,1162.4145930105938,4823612.0,3204520.0,32.00272604871034,31.998203323836726,32.0,1216.0840679492294,883.7652818042664,32.0,32.00061240218992,0.0,0.0008678970045298988,32.06385047077738,0.0,0.0,0.0,0.0,0.0,0.0006295577201835417,0.006806849771649819,8.0,0.0,DDOS attack-LOIC-UDP
-1.0,120000000.0,713023.0,80.0,1037.078732,925680.0,713023.0,119999343.0,964.2552793,3702720.0,3702720.0,32.0,32.0,32.0,1037.078732,964.2552793,32.0,32.0,0.0,0.0,32.00027655,0.0,0.0,0.0,0.0,0.0,0.0,0.0,8.0,0.0,DDOS attack-LOIC-UDP
-1.0,120000000.0,641901.0,80.0,879.1555621,1089888.0,641901.0,119771758.0,1137.463474,4359552.0,4359552.0,32.0,32.0,32.0,879.1555621,1137.463474,32.0,32.0,0.0,0.0,32.00023489,0.0,0.0,0.0,0.0,0.0,0.0,0.0,8.0,0.0,DDOS attack-LOIC-UDP
-1.0,120000000.0,680999.0,80.0,929.2072012,1032280.0,680999.0,119899322.0,1076.194576,4129120.0,4129120.0,32.0,32.0,32.0,929.2072012,1076.194576,32.0,32.0,0.0,0.0,32.00024799,0.0,0.0,0.0,0.0,0.0,0.0,0.0,8.0,0.0,DDOS attack-LOIC-UDP
-1.0,120000000.0,671922.0,80.0,1261.608676,759216.0,671922.0,119727925.0,792.6471623,3036864.0,3036864.0,32.0,32.0,32.0,1261.608676,792.6471623,32.0,32.0,1.0,0.0,32.00033719,0.0,0.0,0.0,0.0,0.0,0.0,1.0,8.0,0.0,DDOS attack-LOIC-UDP
-1.0,120000000.0,561947.0,80.0,765.3650059,1253248.0,561947.0,119898255.0,1306.574479,5012992.0,5012992.0,32.0,32.0,32.0,765.3650059,1306.574479,32.0,32.0,0.0,0.0,32.00020427,0.0,0.0,0.0,0.0,0.0,0.0,0.0,8.0,0.0,DDOS attack-LOIC-UDP
-1.0,120000000.0,585550.0,80.0,947.4620806,1012576.0,585550.0,119921223.0,1055.459549,4050304.0,4050304.0,32.0,32.0,32.0,947.4620806,1055.459549,32.0,32.0,0.0,0.0,32.00025282,0.0,0.0,0.0,0.0,0.0,0.0,0.0,8.0,0.0,DDOS attack-LOIC-UDP
-1.0,120000000.0,1001969.0,80.0,1568.464469,610184.0,1001969.0,119629922.0,637.5746028,2440736.0,2440736.0,32.0,32.0,32.0,1568.464469,637.5746028,32.0,32.0,0.0,0.0,32.00041955,0.0,0.0,0.0,0.0,0.0,0.0,0.0,8.0,0.0,DDOS attack-LOIC-UDP
-1.0,120000000.0,657761.0,80.0,848.4130046,1131056.0,657761.0,119949479.0,1178.679567,4524224.0,4524224.0,32.0,32.0,32.0,848.4130046,1178.679567,32.0,32.0,0.0,0.0,32.00022634,0.0,0.0,0.0,0.0,0.0,0.0,0.0,8.0,0.0,DDOS attack-LOIC-UDP
-1.0,120000000.0,735801.0,80.0,842.1157836,1137440.0,735801.0,119731180.0,1187.493517,4549760.0,4549760.0,32.0,32.0,32.0,842.1157836,1187.493517,32.0,32.0,0.0,0.0,32.00022507,0.0,0.0,0.0,0.0,0.0,0.0,0.0,8.0,0.0,DDOS attack-LOIC-UDP
-1.0,120568145.0,627681.6671107769,80.0,820.6975808061882,736977.0,555884.1134435519,120763680.0,640.668100682568,3801746.0,3674108.0,32.00144043880018,31.99939849306078,32.0,945.7207636857831,1321.9541080155761,32.0,32.0006582024853,0.016292948881352947,0.0006256755818065887,32.088901538643455,0.0,0.0,0.0,0.0,0.0,0.0033068404447817315,0.0,8.0,0.001467232973081822,DDOS attack-LOIC-UDP
-1.0,120000000.0,1164176.0,80.0,1000.453249,957328.0,1164176.0,119719238.0,999.5553096,3829312.0,3829312.0,32.0,32.0,32.0,1000.453249,999.5553096,32.0,32.0,0.0,0.0,32.00026741,0.0,0.0,0.0,0.0,0.0,0.0,0.0,8.0,0.0,DDOS attack-LOIC-UDP
-1.0,119792521.0,564699.3965376614,80.0,1402.817862154428,562673.0,758554.3245450457,119439856.0,889.2781714274514,3765750.0,3070718.0,31.999359559541574,32.0000530338727,32.0,798.2090092654976,1146.7300682570267,32.0,32.00006776068316,0.0,0.001459689511381634,32.0680454740378,0.0,0.0,0.0,0.0,0.001566513828391544,0.0020963175436858783,0.0123303117309677,8.0,0.0,DDOS attack-LOIC-UDP
-1.0,120000000.0,1527529.0,80.0,1101.01867,871152.0,1527529.0,119893226.0,908.258153,3484608.0,3484608.0,32.0,32.0,32.0,1101.01867,908.258153,32.0,32.0,0.0,0.0,32.00029386,0.0,0.0,0.0,0.0,0.0,0.0,0.0,8.0,0.0,DDOS attack-LOIC-UDP
-1.0,734701.0,551277.0,80.0,179.3265804,32784.0,551277.0,734701.0,5577.77926,131136.0,131136.0,32.0,32.0,32.0,179.3265804,5577.77926,32.0,32.0,1.0,0.0,32.00780869,0.0,0.0,0.0,0.0,0.0,0.0,1.0,8.0,0.0,DDOS attack-LOIC-UDP
-1.0,120000000.0,664324.0,80.0,936.4167194,1024640.0,664324.0,119935317.0,1067.908963,4098560.0,4098560.0,32.0,32.0,32.0,936.4167194,1067.908963,32.0,32.0,0.0,0.0,32.00024984,0.0,0.0,0.0,0.0,0.0,0.0,0.0,8.0,0.0,DDOS attack-LOIC-UDP
-1.0,120000000.0,674075.0,80.0,1214.013446,787768.0,674075.0,119543904.0,823.722471,3151072.0,3151072.0,32.0,32.0,32.0,1214.013446,823.722471,32.0,32.0,0.0,0.0,32.00032497,0.0,0.0,0.0,0.0,0.0,0.0,0.0,8.0,0.0,DDOS attack-LOIC-UDP
-1.0,78300000.0,846382.0,80.0,1048.603806,597736.0,846382.0,78347482.0,953.6617909,2390944.0,2390944.0,32.0,32.0,32.0,1048.603806,953.6617909,32.0,32.0,0.0,0.0,32.00042828,0.0,0.0,0.0,0.0,0.0,0.0,0.0,8.0,0.0,DDOS attack-LOIC-UDP
-1.0,120000000.0,601558.0,80.0,981.5777546,975024.0,601558.0,119631752.0,1018.776353,3900096.0,3900096.0,32.0,32.0,32.0,981.5777546,1018.776353,32.0,32.0,0.0,0.0,32.00026256,0.0,0.0,0.0,0.0,0.0,0.0,0.0,8.0,0.0,DDOS attack-LOIC-UDP
-1.0,72579543.0,1094382.73049691,80.0,830.7967073432419,882275.0,595112.9570006421,118614235.0,1109.9309701951145,3270814.0,3541426.0,32.001550630993634,32.002078498853265,32.0,920.6759169862944,873.0321151311291,32.0,31.999751489489274,0.8082795356830998,0.00100803835682647,32.00612021603535,0.0,0.0,0.0,0.0,0.0,0.00155109204784009,1.0617548898161604,8.0,0.0,DDOS attack-LOIC-UDP
-1.0,120000000.0,686643.0,80.0,1117.257226,858024.0,686643.0,119828072.0,895.0573785,3432096.0,3432096.0,32.0,32.0,32.0,1117.257226,895.0573785,32.0,32.0,0.0,0.0,32.00029836,0.0,0.0,0.0,0.0,0.0,0.0,0.0,8.0,0.0,DDOS attack-LOIC-UDP
-1.0,120000000.0,670172.0,80.0,1039.007261,922144.0,670172.0,119763250.0,962.465531,3688576.0,3688576.0,32.0,32.0,32.0,1039.007261,962.465531,32.0,32.0,0.0,0.0,32.00027761,0.0,0.0,0.0,0.0,0.0,0.0,0.0,8.0,0.0,DDOS attack-LOIC-UDP
-1.0,120000000.0,653606.0,80.0,1073.102162,894432.0,653606.0,119976041.0,931.8860588,3577728.0,3577728.0,32.0,32.0,32.0,1073.102162,931.8860588,32.0,32.0,1.0,0.0,32.00028622,0.0,0.0,0.0,0.0,0.0,0.0,1.0,8.0,0.0,DDOS attack-LOIC-UDP
-1.0,120000000.0,722513.0,80.0,1214.644914,789992.0,722513.0,119943756.0,823.2942113,3159968.0,3159968.0,32.0,32.0,32.0,1214.644914,823.2942113,32.0,32.0,0.0,0.0,32.00032405,0.0,0.0,0.0,0.0,0.0,0.0,0.0,8.0,0.0,DDOS attack-LOIC-UDP
-1.0,121215949.0,592563.5771552753,80.0,1137.4884419828002,557658.0,557399.7247427624,119304105.0,806.0717634853428,4525572.0,3104559.0,32.00204437297708,32.00119037665556,32.0,1031.445586770094,1168.857183493077,32.0,32.00239349313614,0.0,0.002689026379385732,31.944012648667595,6.343724982885255e-05,0.0,0.0,0.0,0.0,0.0009308499106000383,0.0,8.0,0.0,DDOS attack-LOIC-UDP
-1.0,120000000.0,838624.0,80.0,1500.463226,639696.0,838624.0,119978540.0,666.4691869,2558784.0,2558784.0,32.0,32.0,32.0,1500.463226,666.4691869,32.0,32.0,0.0,0.0,32.00040019,0.0,0.0,0.0,0.0,0.0,0.0,0.0,8.0,0.0,DDOS attack-LOIC-UDP
-1.0,120000000.0,742354.0,80.0,954.5559804,1004288.0,742354.0,119830185.0,1047.615841,4017152.0,4017152.0,32.0,32.0,32.0,954.5559804,1047.615841,32.0,32.0,0.0,0.0,32.00025491,0.0,0.0,0.0,0.0,0.0,0.0,0.0,8.0,0.0,DDOS attack-LOIC-UDP
-1.0,121676394.0,609608.1631108614,80.0,1582.7764970284718,958644.0,565615.5677131399,119614687.0,1057.7319148562192,3338705.0,3611981.0,31.99964555415246,31.997868988633805,32.0,768.1219159345137,1190.2503741202754,32.0,32.00005449237073,0.0,0.0017215703259449758,32.00513512365847,0.0,0.0,0.0,0.0,0.0010237199197940627,0.0023855523741724083,0.0,8.0,0.0,DDOS attack-LOIC-UDP
-1.0,105000000.0,569082.0,80.0,770.4490406,1093664.0,569082.0,105325777.0,1297.953871,4374656.0,4374656.0,32.0,32.0,32.0,770.4490406,1297.953871,32.0,32.0,0.0,0.0,32.00023408,0.0,0.0,0.0,0.0,0.0,0.0,0.0,8.0,0.0,DDOS attack-LOIC-UDP
-1.0,120000000.0,674276.0,80.0,927.0045678,1033328.0,674276.0,119736545.0,1078.751688,4133312.0,4133312.0,32.0,32.0,32.0,927.0045678,1078.751688,32.0,32.0,0.0,0.0,32.00024774,0.0,0.0,0.0,0.0,0.0,0.0,0.0,8.0,0.0,DDOS attack-LOIC-UDP
-1.0,120000000.0,600544.0,80.0,953.9780341,1004840.0,600544.0,119823457.0,1048.250511,4019360.0,4019360.0,32.0,32.0,32.0,953.9780341,1048.250511,32.0,32.0,1.0,0.0,32.00025477,0.0,0.0,0.0,0.0,0.0,0.0,1.0,8.0,0.0,DDOS attack-LOIC-UDP
-1.0,120000000.0,701393.0,80.0,1142.189871,840496.0,701393.0,119999610.0,875.5195121,3361984.0,3361984.0,32.0,32.0,32.0,1142.189871,875.5195121,32.0,32.0,0.0,0.0,32.00030458,0.0,0.0,0.0,0.0,0.0,0.0,0.0,8.0,0.0,DDOS attack-LOIC-UDP
-1.0,120698788.0,699042.5377952163,80.0,832.0678274999832,1178551.0,655372.0558475205,119189400.0,971.6781994970365,3303229.0,2944297.0,32.0018081866693,32.00061934159792,32.0,1104.147034733972,1394.6777241824389,32.0,31.997761735914143,0.0,0.0,31.97194850205765,0.0,0.0,0.0,0.0,0.0,0.0026698225005207877,0.0,8.0,0.0,DDOS attack-LOIC-UDP
-1.0,120000000.0,675064.0,80.0,981.6317123,975832.0,675064.0,119737473.0,1018.720347,3903328.0,3903328.0,32.0,32.0,32.0,981.6317123,1018.720347,32.0,32.0,0.0,0.0,32.00026234,0.0,0.0,0.0,0.0,0.0,0.0,0.0,8.0,0.0,DDOS attack-LOIC-UDP
-1.0,120995861.0,689722.0509570414,80.0,872.6564469215598,759534.0,512037.18901761464,120538893.0,1157.7442328572145,4854290.0,2640054.0,31.998702158866358,31.999749394785002,32.0,773.215634167535,8169.694485821998,32.0,32.00186019248736,0.0,0.001914934481581711,32.02363449425515,0.0,0.0,0.0,0.0,0.0003584204887178168,0.0,0.0,8.0,0.0,DDOS attack-LOIC-UDP
-1.0,120000000.0,682990.0,80.0,973.2560062,984328.0,682990.0,119749419.0,1027.48724,3937312.0,3937312.0,32.0,32.0,32.0,973.2560062,1027.48724,32.0,32.0,0.0,0.0,32.00026008,0.0,0.0,0.0,0.0,0.0,0.0,0.0,8.0,0.0,DDOS attack-LOIC-UDP
-1.0,39243919.0,653429.1843652731,80.0,714.5480509782731,1152560.0,619292.156131143,119455623.0,869.7771271678981,2723056.0,5399412.0,31.999396235039168,31.999669962587323,32.0,730.8394506388456,1134.0300127674739,32.0,32.000557122636756,0.01376462207672419,0.0018741479272504644,32.01070823240025,5.878719950816186e-06,0.0,0.0,0.0,0.0,0.001713793298402755,0.0,8.0,0.00043049351529655103,DDOS attack-LOIC-UDP
-1.0,120000000.0,584435.0,80.0,887.0887208,1080160.0,584435.0,119773832.0,1127.29131,4320640.0,4320640.0,32.0,32.0,32.0,887.0887208,1127.29131,32.0,32.0,0.0,0.0,32.000237,0.0,0.0,0.0,0.0,0.0,0.0,0.0,8.0,0.0,DDOS attack-LOIC-UDP
-1.0,120000000.0,592496.0,80.0,849.7165405,1129312.0,592496.0,119948536.0,1176.871388,4517248.0,4517248.0,32.0,32.0,32.0,849.7165405,1176.871388,32.0,32.0,0.0,0.0,32.00022669,0.0,0.0,0.0,0.0,0.0,0.0,0.0,8.0,0.0,DDOS attack-LOIC-UDP
-1.0,120000000.0,652877.0,80.0,1132.808771,844984.0,652877.0,119649528.0,882.7698844,3379936.0,3379936.0,32.0,32.0,32.0,1132.808771,882.7698844,32.0,32.0,0.0,0.0,32.00030296,0.0,0.0,0.0,0.0,0.0,0.0,0.0,8.0,0.0,DDOS attack-LOIC-UDP
-1.0,120000000.0,623215.0,80.0,1195.468679,801768.0,623215.0,119809871.0,836.5003581,3207072.0,3207072.0,32.0,32.0,32.0,1195.468679,836.5003581,32.0,32.0,0.0,0.0,32.00031929,0.0,0.0,0.0,0.0,0.0,0.0,0.0,8.0,0.0,DDOS attack-LOIC-UDP
-1.0,120000000.0,650122.0,80.0,1023.247157,937160.0,650122.0,119867265.0,977.2893375,3748640.0,3748640.0,32.0,32.0,32.0,1023.247157,977.2893375,32.0,32.0,0.0,0.0,32.00027317,0.0,0.0,0.0,0.0,0.0,0.0,0.0,8.0,0.0,DDOS attack-LOIC-UDP
-1.0,120000000.0,637334.0,80.0,857.9857153,1118408.0,637334.0,119946403.0,1165.528907,4473632.0,4473632.0,32.0,32.0,32.0,857.9857153,1165.528907,32.0,32.0,0.0,0.0,32.0002289,0.0,0.0,0.0,0.0,0.0,0.0,0.0,8.0,0.0,DDOS attack-LOIC-UDP
-1.0,120000000.0,656960.0,80.0,830.4260542,1154584.0,656960.0,119848749.0,1204.209482,4618336.0,4618336.0,32.0,32.0,32.0,830.4260542,1204.209482,32.0,32.0,0.0,0.0,32.00022172,0.0,0.0,0.0,0.0,0.0,0.0,0.0,8.0,0.0,DDOS attack-LOIC-UDP
-1.0,121268231.0,714178.5812993835,80.0,1035.3929214748382,1055297.0,606728.6288369808,119267232.0,1072.763745555376,6398201.0,3689648.0,32.001674496083815,32.000594726081914,32.0,895.6396616265748,1131.321735705869,32.0,31.997959971824244,0.0,0.0,31.970401543160897,0.0,0.0,0.0,0.0,0.0009093593506418439,0.001423811772219195,0.0,8.0,0.0016916611473764454,DDOS attack-LOIC-UDP
-1.0,120000000.0,698683.0,80.0,1007.521995,952032.0,698683.0,119898140.0,992.5425032,3808128.0,3808128.0,32.0,32.0,32.0,1007.521995,992.5425032,32.0,32.0,0.0,0.0,32.0002689,0.0,0.0,0.0,0.0,0.0,0.0,0.0,8.0,0.0,DDOS attack-LOIC-UDP
-1.0,90400000.0,573550.0,80.0,793.7799881,910904.0,573550.0,90381377.0,1259.805989,3643616.0,3643616.0,32.0,32.0,32.0,793.7799881,1259.805989,32.0,32.0,0.0,0.0,32.00028104,0.0,0.0,0.0,0.0,0.0,0.0,0.0,8.0,0.0,DDOS attack-LOIC-UDP
-1.0,120000000.0,920731.0,80.0,1012.480721,948168.0,920731.0,119999215.0,987.6814611,3792672.0,3792672.0,32.0,32.0,32.0,1012.480721,987.6814611,32.0,32.0,1.0,0.0,32.00026999,0.0,0.0,0.0,0.0,0.0,0.0,1.0,8.0,0.0,DDOS attack-LOIC-UDP
-1.0,120000000.0,658717.0,80.0,1091.355953,878776.0,658717.0,119881086.0,916.2996738,3515104.0,3515104.0,32.0,32.0,32.0,1091.355953,916.2996738,32.0,32.0,0.0,0.0,32.00029131,0.0,0.0,0.0,0.0,0.0,0.0,0.0,8.0,0.0,DDOS attack-LOIC-UDP
-1.0,121533206.0,676583.4630774889,80.0,757.2601228312417,512934.0,685782.7972915599,120509391.0,1095.9219324718306,4509731.0,3908209.0,31.99949243157412,31.99989958454052,32.0,924.1763901681959,1206.6255450865924,32.0,32.00088012286553,0.0,0.0008218858444781165,32.04611650756686,5.3194415706015075e-05,0.0,0.0,0.0,0.0,0.002804916506887652,0.0,8.0,0.0,DDOS attack-LOIC-UDP
-1.0,120000000.0,571126.0,80.0,882.608907,1087688.0,571126.0,119999507.0,1133.012988,4350752.0,4350752.0,32.0,32.0,32.0,882.608907,1133.012988,32.0,32.0,0.0,0.0,32.00023536,0.0,0.0,0.0,0.0,0.0,0.0,0.0,8.0,0.0,DDOS attack-LOIC-UDP
-1.0,120594883.0,769723.6645980679,80.0,670.3352911793487,1211557.0,705496.6651109824,120215162.0,947.5733911384436,4914574.0,3366737.0,32.00009090545681,31.99754083148574,32.0,905.6285377221363,1368.5253234541105,32.0,32.00247688782004,0.9331144651776695,0.0,31.973235545698792,0.0,0.0,0.0,0.0,0.0011324988015698012,0.0034040929714193907,0.0,8.0,0.0,DDOS attack-LOIC-UDP
-1.0,119000000.0,582022.0,80.0,893.2496261,1069672.0,582022.0,119434621.0,1119.516258,4278688.0,4278688.0,32.0,32.0,32.0,893.2496261,1119.516258,32.0,32.0,0.0,0.0,32.00023933,0.0,0.0,0.0,0.0,0.0,0.0,0.0,8.0,0.0,DDOS attack-LOIC-UDP
-1.0,120000000.0,580427.0,80.0,948.727964,1011080.0,580427.0,119904035.0,1054.051267,4044320.0,4044320.0,32.0,32.0,32.0,948.727964,1054.051267,32.0,32.0,0.0,0.0,32.00025319,0.0,0.0,0.0,0.0,0.0,0.0,0.0,8.0,0.0,DDOS attack-LOIC-UDP
-1.0,120000000.0,817565.0,80.0,1214.944962,787832.0,817565.0,119645350.0,823.0909099,3151328.0,3151328.0,32.0,32.0,32.0,1214.944962,823.0909099,32.0,32.0,1.0,0.0,32.00032494,0.0,0.0,0.0,0.0,0.0,0.0,1.0,8.0,0.0,DDOS attack-LOIC-UDP
-1.0,120000000.0,927829.0,80.0,1283.800688,746736.0,927829.0,119831240.0,778.945457,2986944.0,2986944.0,32.0,32.0,32.0,1283.800688,778.945457,32.0,32.0,1.0,0.0,32.00034283,0.0,0.0,0.0,0.0,0.0,0.0,1.0,8.0,0.0,DDOS attack-LOIC-UDP
-1.0,120000000.0,569428.0,80.0,798.8572248,1200048.0,569428.0,119832578.0,1251.796486,4800192.0,4800192.0,32.0,32.0,32.0,798.8572248,1251.796486,32.0,32.0,0.0,0.0,32.00021332,0.0,0.0,0.0,0.0,0.0,0.0,0.0,8.0,0.0,DDOS attack-LOIC-UDP
-1.0,120000000.0,576805.0,80.0,1014.15143,945448.0,576805.0,119852416.0,986.0543821,3781792.0,3781792.0,32.0,32.0,32.0,1014.15143,986.0543821,32.0,32.0,0.0,0.0,32.00027077,0.0,0.0,0.0,0.0,0.0,0.0,0.0,8.0,0.0,DDOS attack-LOIC-UDP
-1.0,120798707.0,898301.7586858995,80.0,962.5121585817768,778721.0,525119.021514544,118921047.0,1053.2643808233236,3668485.0,3592481.0,32.00234751593847,32.00101638118571,32.0,742.9214756247986,1077.121757182188,32.0,32.00054233768063,1.0012087146471758,0.0013316936424538984,32.029489827853624,0.0,0.0,0.0,0.0,0.0,0.0,0.0,8.0,0.0,DDOS attack-LOIC-UDP
-1.0,120000000.0,829177.0,80.0,1249.23932,765744.0,829177.0,119573440.0,800.4954947,3062976.0,3062976.0,32.0,32.0,32.0,1249.23932,800.4954947,32.0,32.0,0.0,0.0,32.00033432,0.0,0.0,0.0,0.0,0.0,0.0,0.0,8.0,0.0,DDOS attack-LOIC-UDP
-1.0,121274837.0,721000.7804132686,80.0,760.7795935192871,1036118.0,600172.8427616976,119503694.0,895.865624221537,4133466.0,2694445.0,32.00250473220506,31.99818228336768,32.0,1162.4800062693598,1192.3111570167662,32.0,31.9986455278488,1.0695754788425633,0.0011819432603332217,31.96890045979587,0.0,0.0,0.0,0.0,0.0,0.0011621852584246788,0.0,8.0,0.0,DDOS attack-LOIC-UDP
-1.0,120000000.0,856823.0,80.0,1008.120426,949640.0,856823.0,119667927.0,991.953341,3798560.0,3798560.0,32.0,32.0,32.0,1008.120426,991.953341,32.0,32.0,0.0,0.0,32.00026958,0.0,0.0,0.0,0.0,0.0,0.0,0.0,8.0,0.0,DDOS attack-LOIC-UDP
-1.0,120000000.0,680485.0,80.0,1049.203774,914984.0,680485.0,119999534.0,953.1120346,3659936.0,3659936.0,32.0,32.0,32.0,1049.203774,953.1120346,32.0,32.0,0.0,0.0,32.00027979,0.0,0.0,0.0,0.0,0.0,0.0,0.0,8.0,0.0,DDOS attack-LOIC-UDP
-1.0,120000000.0,646394.0,80.0,1043.222654,917448.0,646394.0,119636774.0,958.5764992,3669792.0,3669792.0,32.0,32.0,32.0,1043.222654,958.5764992,32.0,32.0,0.0,0.0,32.00027903,0.0,0.0,0.0,0.0,0.0,0.0,0.0,8.0,0.0,DDOS attack-LOIC-UDP
-1.0,89800000.0,724172.0,80.0,369.7568471,1942424.0,724172.0,89777702.0,2704.491144,7769696.0,7769696.0,32.0,32.0,32.0,369.7568471,2704.491144,32.0,32.0,0.0,0.0,32.00013179,0.0,0.0,0.0,0.0,0.0,0.0,0.0,8.0,0.0,DDOS attack-LOIC-UDP
-1.0,120000000.0,590168.0,80.0,1006.491499,951400.0,590168.0,119695995.0,993.5587235,3805600.0,3805600.0,32.0,32.0,32.0,1006.491499,993.5587235,32.0,32.0,0.0,0.0,32.00026908,0.0,0.0,0.0,0.0,0.0,0.0,0.0,8.0,0.0,DDOS attack-LOIC-UDP
-1.0,85700000.0,602053.0,80.0,1003.86961,682880.0,602053.0,85689306.0,996.1569767,2731520.0,2731520.0,32.0,32.0,32.0,1003.86961,996.1569767,32.0,32.0,0.0,0.0,32.00037488,0.0,0.0,0.0,0.0,0.0,0.0,0.0,8.0,0.0,DDOS attack-LOIC-UDP
-1.0,120380434.0,684911.7946537179,80.0,863.9186745029109,699357.0,750811.0062490581,120173783.0,1045.0544667815143,3323894.0,3617939.0,32.00201201123801,32.00129092651222,32.0,1672.1608976420257,850.7637857221056,32.0,31.999722611783938,0.0,0.0,31.948837099649303,0.0,0.0,0.0,0.0,0.0,0.0,0.0,8.0,0.0012186246566582477,DDOS attack-LOIC-UDP
-1.0,120428849.0,686386.1135705598,80.0,907.923191812381,909956.0,600362.7460763466,119865152.0,1257.5721715649383,4252184.0,3275999.0,32.00018315819229,32.0008006749677,32.0,734.9131850088353,1274.7656097504962,32.0,31.999272878431363,0.0,0.0006235750383894895,32.01701637661009,0.0,0.0,0.0,0.0,9.81083339286234e-05,0.0027370336932231744,0.008155934323088134,8.0,0.0,DDOS attack-LOIC-UDP
-1.0,101314563.0,827141.9425856181,80.0,704.5895587423222,965926.0,930127.6054049918,119148436.0,1162.425028964941,4308561.0,3552905.0,32.00204026674658,31.998848328660287,32.0,1037.098037556475,1127.4941931499766,32.0,32.0006106850639,0.0,0.0019021947757275198,32.048204660578506,0.0,0.0,0.0,0.0,0.000433116602702076,0.0015728645551361668,0.0,8.0,0.0,DDOS attack-LOIC-UDP
-1.0,120000000.0,722189.0,80.0,893.2832043,1073664.0,722189.0,119884859.0,1119.474145,4294656.0,4294656.0,32.0,32.0,32.0,893.2832043,1119.474145,32.0,32.0,0.0,0.0,32.00023844,0.0,0.0,0.0,0.0,0.0,0.0,0.0,8.0,0.0,DDOS attack-LOIC-UDP
-1.0,120000000.0,681246.0,80.0,1281.794802,748320.0,681246.0,119897804.0,780.164414,2993280.0,2993280.0,32.0,32.0,32.0,1281.794802,780.164414,32.0,32.0,0.0,0.0,32.0003421,0.0,0.0,0.0,0.0,0.0,0.0,0.0,8.0,0.0,DDOS attack-LOIC-UDP
-1.0,120000000.0,642941.0,80.0,948.463458,1011776.0,642941.0,119953122.0,1054.345213,4047104.0,4047104.0,32.0,32.0,32.0,948.463458,1054.345213,32.0,32.0,0.0,0.0,32.00025302,0.0,0.0,0.0,0.0,0.0,0.0,0.0,8.0,0.0,DDOS attack-LOIC-UDP
-1.0,120000000.0,665780.0,80.0,874.444225,1097560.0,665780.0,119968501.0,1143.59185,4390240.0,4390240.0,32.0,32.0,32.0,874.444225,1143.59185,32.0,32.0,0.0,0.0,32.00023324,0.0,0.0,0.0,0.0,0.0,0.0,0.0,8.0,0.0,DDOS attack-LOIC-UDP
-1.0,121063834.0,704358.4896827524,80.0,805.6132488324007,812221.0,575064.1824463895,119596135.0,1115.7643202922802,2873316.0,3718245.0,32.0019140786296,31.999951914926463,32.0,1106.0635203347915,1296.5576980030296,32.0,32.00079490577223,0.0,0.0,32.06229454957418,0.0,0.0,0.0,0.0,0.0,0.0007461244736298813,0.0,8.0,0.002854375742265568,DDOS attack-LOIC-UDP
-1.0,120000000.0,717187.0,80.0,1223.572565,783584.0,717187.0,119845262.0,817.2872116,3134336.0,3134336.0,32.0,32.0,32.0,1223.572565,817.2872116,32.0,32.0,0.0,0.0,32.0003267,0.0,0.0,0.0,0.0,0.0,0.0,0.0,8.0,0.0,DDOS attack-LOIC-UDP
-1.0,120000000.0,613822.0,80.0,1022.550395,936296.0,613822.0,119675208.0,977.9552671,3745184.0,3745184.0,32.0,32.0,32.0,1022.550395,977.9552671,32.0,32.0,0.0,0.0,32.00027342,0.0,0.0,0.0,0.0,0.0,0.0,0.0,8.0,0.0,DDOS attack-LOIC-UDP
-1.0,120522466.0,648322.2095786402,80.0,722.5773949677139,483846.0,642828.1911434685,119957357.0,808.2860464914991,3152205.0,4669264.0,32.002365863250354,31.99870224550022,32.0,1011.9872974110627,1236.6800910640238,32.0,32.001454626375924,0.0,0.0,31.995565253656075,0.0,0.0,0.0,0.0,0.0,0.0,0.0,8.0,0.0,DDOS attack-LOIC-UDP
-1.0,120000000.0,1200064.0,80.0,965.5345003,993160.0,1200064.0,119865315.0,1035.704115,3972640.0,3972640.0,32.0,32.0,32.0,965.5345003,1035.704115,32.0,32.0,0.0,0.0,32.00025776,0.0,0.0,0.0,0.0,0.0,0.0,0.0,8.0,0.0,DDOS attack-LOIC-UDP
-1.0,120000000.0,580238.0,80.0,957.5403115,1001608.0,580238.0,119884047.0,1044.350797,4006432.0,4006432.0,32.0,32.0,32.0,957.5403115,1044.350797,32.0,32.0,0.0,0.0,32.00025559,0.0,0.0,0.0,0.0,0.0,0.0,0.0,8.0,0.0,DDOS attack-LOIC-UDP
-1.0,120486757.0,644724.1639480554,80.0,720.2582690937061,1017263.0,702438.0208318845,118635075.0,1341.7707255533912,3098640.0,2775758.0,32.00163227870037,32.00164788137528,32.0,725.5642431669661,860.9799046339089,32.0,32.0004379790622,0.0,0.0021673565945401945,31.994381415452175,0.0,0.0,0.0,0.0,0.0,0.0,0.0,8.0,0.000425925813506733,DDOS attack-LOIC-UDP
-1.0,120000000.0,634611.0,80.0,948.2790391,1012368.0,634611.0,119999971.0,1054.550255,4049472.0,4049472.0,32.0,32.0,32.0,948.2790391,1054.550255,32.0,32.0,0.0,0.0,32.00025287,0.0,0.0,0.0,0.0,0.0,0.0,0.0,8.0,0.0,DDOS attack-LOIC-UDP
-1.0,120000000.0,594386.0,80.0,1011.13735,946904.0,594386.0,119680239.0,988.9936801,3787616.0,3787616.0,32.0,32.0,32.0,1011.13735,988.9936801,32.0,32.0,0.0,0.0,32.00027035,0.0,0.0,0.0,0.0,0.0,0.0,0.0,8.0,0.0,DDOS attack-LOIC-UDP
-1.0,120000000.0,605643.0,80.0,1073.022966,891080.0,605643.0,119517590.0,931.9548696,3564320.0,3564320.0,32.0,32.0,32.0,1073.022966,931.9548696,32.0,32.0,0.0,0.0,32.00028729,0.0,0.0,0.0,0.0,0.0,0.0,0.0,8.0,0.0,DDOS attack-LOIC-UDP
-1.0,120000000.0,665531.0,80.0,899.463877,1065256.0,665531.0,119769012.0,1111.781735,4261024.0,4261024.0,32.0,32.0,32.0,899.463877,1111.781735,32.0,32.0,0.0,0.0,32.00024032,0.0,0.0,0.0,0.0,0.0,0.0,0.0,8.0,0.0,DDOS attack-LOIC-UDP
-1.0,120000000.0,578715.0,80.0,952.3003495,1007208.0,578715.0,119894614.0,1050.097213,4028832.0,4028832.0,32.0,32.0,32.0,952.3003495,1050.097213,32.0,32.0,0.0,0.0,32.00025417,0.0,0.0,0.0,0.0,0.0,0.0,0.0,8.0,0.0,DDOS attack-LOIC-UDP
-1.0,120000000.0,656843.0,80.0,785.6424374,1221120.0,656843.0,119919676.0,1272.852005,4884480.0,4884480.0,32.0,32.0,32.0,785.6424374,1272.852005,32.0,32.0,0.0,0.0,32.00020964,0.0,0.0,0.0,0.0,0.0,0.0,0.0,8.0,0.0,DDOS attack-LOIC-UDP
-1.0,120000000.0,872342.0,80.0,1006.737194,952864.0,872342.0,119909447.0,993.3162314,3811456.0,3811456.0,32.0,32.0,32.0,1006.737194,993.3162314,32.0,32.0,1.0,0.0,32.00026866,0.0,0.0,0.0,0.0,0.0,0.0,1.0,8.0,0.0,DDOS attack-LOIC-UDP
-1.0,120000000.0,600240.0,80.0,851.5815981,1124936.0,600240.0,119745998.0,1174.293942,4499744.0,4499744.0,32.0,32.0,32.0,851.5815981,1174.293942,32.0,32.0,0.0,0.0,32.00022757,0.0,0.0,0.0,0.0,0.0,0.0,0.0,8.0,0.0,DDOS attack-LOIC-UDP
-1.0,121735150.0,837358.1231922858,80.0,878.2294771769929,936530.0,833073.4354224706,120669211.0,1129.697342911447,3778986.0,3389092.0,32.00219455509851,31.998337820581867,32.0,1322.466527548822,1385.3015065630811,32.0,31.999320963679924,0.009383529989248417,0.0,31.977453698441778,0.001070028876294437,0.0,0.0,0.0,0.0005074626658389007,0.0017539610224188602,1.0589704925341668,8.0,0.0,DDOS attack-LOIC-UDP
-1.0,120771764.0,649462.6033756665,80.0,911.6356129806292,863092.0,744404.6021170323,118638196.0,800.1726870354703,2146418.0,2688351.0,32.00149854998168,31.99958535148418,32.0,805.0568689820003,1156.034104910656,32.0,32.00049160789473,0.009333171365501453,0.001542825723692059,31.970589053851228,0.0,0.0,0.0,0.0,0.0,0.00029510492996973514,0.0,8.0,0.0,DDOS attack-LOIC-UDP
-1.0,121223335.0,805376.052797622,80.0,801.0505453966392,731773.0,541607.4479827222,119075905.0,1041.7507723993047,5167247.0,3175048.0,32.00097351065207,31.99972889872695,32.0,948.1902784281125,1255.8490239549235,32.0,31.99952496461467,0.0,0.0016730934970985488,32.08516028314268,0.00046189513192917346,0.0,0.0,0.0,0.0,0.001387613595021436,0.008069263971345794,8.0,0.00038486520660139693,DDOS attack-LOIC-UDP
-1.0,118999024.0,926604.208997357,80.0,702.9948675635505,568402.0,734642.1307192758,120265485.0,1020.6953300944322,5198199.0,2352058.0,32.00096796393998,32.00106009339054,32.0,1042.5786704677619,958.6676971254254,32.0,32.000948524171534,0.019763907595543508,0.001322801576348462,32.06824195685244,0.0,0.0,0.0,0.0,0.0001728696914325321,0.0022334199779617337,0.0,8.0,0.0008221123199285162,DDOS attack-LOIC-UDP
-1.0,120000000.0,620920.0,80.0,853.2216671,1122448.0,620920.0,119711266.0,1172.036724,4489792.0,4489792.0,32.0,32.0,32.0,853.2216671,1172.036724,32.0,32.0,0.0,0.0,32.00022807,0.0,0.0,0.0,0.0,0.0,0.0,0.0,8.0,0.0,DDOS attack-LOIC-UDP
-1.0,120000000.0,682587.0,80.0,1039.760543,923296.0,682587.0,119999804.0,961.7682376,3693184.0,3693184.0,32.0,32.0,32.0,1039.760543,961.7682376,32.0,32.0,1.0,0.0,32.00027727,0.0,0.0,0.0,0.0,0.0,0.0,1.0,8.0,0.0,DDOS attack-LOIC-UDP
-1.0,61002.0,456.0,80.0,29.78613281,16392.0,456.0,61002.0,33589.06265,65568.0,65568.0,32.0,32.0,32.0,29.78613281,33589.06265,32.0,32.0,1.0,0.0,32.01561737,0.0,0.0,0.0,0.0,0.0,0.0,1.0,8.0,0.0,DDOS attack-LOIC-UDP
-1.0,120000000.0,605387.0,80.0,922.2608886,1039808.0,605387.0,119870859.0,1084.30023,4159232.0,4159232.0,32.0,32.0,32.0,922.2608886,1084.30023,32.0,32.0,0.0,0.0,32.0002462,0.0,0.0,0.0,0.0,0.0,0.0,0.0,8.0,0.0,DDOS attack-LOIC-UDP
-1.0,120000000.0,634927.0,80.0,955.986528,1002976.0,634927.0,119852987.0,1046.048189,4011904.0,4011904.0,32.0,32.0,32.0,955.986528,1046.048189,32.0,32.0,0.0,0.0,32.00025524,0.0,0.0,0.0,0.0,0.0,0.0,0.0,8.0,0.0,DDOS attack-LOIC-UDP
-1.0,120000000.0,733181.0,80.0,945.7026473,1014480.0,733181.0,119923607.0,1057.423164,4057920.0,4057920.0,32.0,32.0,32.0,945.7026473,1057.423164,32.0,32.0,1.0,0.0,32.00025235,0.0,0.0,0.0,0.0,0.0,0.0,1.0,8.0,0.0,DDOS attack-LOIC-UDP
-1.0,120000000.0,719009.0,80.0,1058.409261,906480.0,719009.0,119927295.0,944.8224443,3625920.0,3625920.0,32.0,32.0,32.0,1058.409261,944.8224443,32.0,32.0,0.0,0.0,32.00028241,0.0,0.0,0.0,0.0,0.0,0.0,0.0,8.0,0.0,DDOS attack-LOIC-UDP
-1.0,120000000.0,588404.0,80.0,934.4693531,1026016.0,588404.0,119846629.0,1070.134397,4104064.0,4104064.0,32.0,32.0,32.0,934.4693531,1070.134397,32.0,32.0,0.0,0.0,32.00024951,0.0,0.0,0.0,0.0,0.0,0.0,0.0,8.0,0.0,DDOS attack-LOIC-UDP
-1.0,120000000.0,593165.0,80.0,872.9557482,1099352.0,593165.0,119959833.0,1145.541775,4397408.0,4397408.0,32.0,32.0,32.0,872.9557482,1145.541775,32.0,32.0,0.0,0.0,32.00023286,0.0,0.0,0.0,0.0,0.0,0.0,0.0,8.0,0.0,DDOS attack-LOIC-UDP
-1.0,120000000.0,687369.0,80.0,1016.052379,944208.0,687369.0,119919582.0,984.209568,3776832.0,3776832.0,32.0,32.0,32.0,1016.052379,984.209568,32.0,32.0,0.0,0.0,32.00027113,0.0,0.0,0.0,0.0,0.0,0.0,0.0,8.0,0.0,DDOS attack-LOIC-UDP
-1.0,120000000.0,783502.0,80.0,965.4349601,993736.0,783502.0,119922469.0,1035.810895,3974944.0,3974944.0,32.0,32.0,32.0,965.4349601,1035.810895,32.0,32.0,0.0,0.0,32.00025761,0.0,0.0,0.0,0.0,0.0,0.0,0.0,8.0,0.0,DDOS attack-LOIC-UDP
-1.0,120636851.0,728796.1865115952,80.0,824.8336776673858,947980.0,636335.8309883724,119161907.0,946.288870154342,4535376.0,4467258.0,32.00113769921654,31.99999599615332,32.0,1039.1084924169836,1245.977717689883,32.0,32.000971749851615,0.010462207752894385,0.002677977761727607,31.97758522076002,0.0,0.0,0.0,0.0,0.0,0.0027771765114938795,0.0,8.0,0.0,DDOS attack-LOIC-UDP
-1.0,120000000.0,624574.0,80.0,1014.113775,944048.0,624574.0,119670496.0,986.0910078,3776192.0,3776192.0,32.0,32.0,32.0,1014.113775,986.0910078,32.0,32.0,0.0,0.0,32.00027117,0.0,0.0,0.0,0.0,0.0,0.0,0.0,8.0,0.0,DDOS attack-LOIC-UDP
-1.0,120000000.0,588897.0,80.0,1025.056969,936512.0,588897.0,119996244.0,975.5638685,3746048.0,3746048.0,32.0,32.0,32.0,1025.056969,975.5638685,32.0,32.0,0.0,0.0,32.00027335,0.0,0.0,0.0,0.0,0.0,0.0,0.0,8.0,0.0,DDOS attack-LOIC-UDP
-1.0,120000000.0,1106515.0,80.0,1014.694965,945656.0,1106515.0,119943033.0,985.5261873,3782624.0,3782624.0,32.0,32.0,32.0,1014.694965,985.5261873,32.0,32.0,0.0,0.0,32.00027071,0.0,0.0,0.0,0.0,0.0,0.0,0.0,8.0,0.0,DDOS attack-LOIC-UDP
-1.0,120000000.0,683586.0,80.0,939.6060703,1021368.0,683586.0,119959507.0,1064.284134,4085472.0,4085472.0,32.0,32.0,32.0,939.6060703,1064.284134,32.0,32.0,0.0,0.0,32.00025064,0.0,0.0,0.0,0.0,0.0,0.0,0.0,8.0,0.0,DDOS attack-LOIC-UDP
-1.0,120000000.0,842023.0,80.0,1172.531545,815848.0,842023.0,119574767.0,852.8638822,3263392.0,3263392.0,32.0,32.0,32.0,1172.531545,852.8638822,32.0,32.0,0.0,0.0,32.00031378,0.0,0.0,0.0,0.0,0.0,0.0,0.0,8.0,0.0,DDOS attack-LOIC-UDP
-1.0,119000000.0,902085.0,80.0,1451.379056,658360.0,902085.0,119439788.0,689.0082558,2633440.0,2633440.0,32.0,32.0,32.0,1451.379056,689.0082558,32.0,32.0,0.0,0.0,32.00038885,0.0,0.0,0.0,0.0,0.0,0.0,0.0,8.0,0.0,DDOS attack-LOIC-UDP
-1.0,120000000.0,702841.0,80.0,942.1445135,1018432.0,702841.0,119937823.0,1061.416631,4073728.0,4073728.0,32.0,32.0,32.0,942.1445135,1061.416631,32.0,32.0,0.0,0.0,32.00025137,0.0,0.0,0.0,0.0,0.0,0.0,0.0,8.0,0.0,DDOS attack-LOIC-UDP
-1.0,120000000.0,611686.0,80.0,933.4459666,1027224.0,611686.0,119856329.0,1071.307632,4108896.0,4108896.0,32.0,32.0,32.0,933.4459666,1071.307632,32.0,32.0,0.0,0.0,32.00024922,0.0,0.0,0.0,0.0,0.0,0.0,0.0,8.0,0.0,DDOS attack-LOIC-UDP
-1.0,121020517.0,620846.9270035872,80.0,706.2512751885411,1083349.0,792626.3261972722,118891416.0,1053.3218281705308,2633693.0,2349837.0,31.9990008811771,32.001295011769464,32.0,1397.5308575863135,921.0160089798236,32.0,32.00112529794283,0.0,0.0,32.02414859997136,0.0,0.0,0.0,0.0,0.0004977946785146189,0.0009890766833563888,0.002468406650315694,8.0,0.0,DDOS attack-LOIC-UDP
-1.0,120000000.0,614880.0,80.0,1136.413651,844120.0,614880.0,119907550.0,879.9696099,3376480.0,3376480.0,32.0,32.0,32.0,1136.413651,879.9696099,32.0,32.0,1.0,0.0,32.00030327,0.0,0.0,0.0,0.0,0.0,0.0,1.0,8.0,0.0,DDOS attack-LOIC-UDP
-1.0,120000000.0,642421.0,80.0,995.0794247,963336.0,642421.0,119823484.0,1004.953253,3853344.0,3853344.0,32.0,32.0,32.0,995.0794247,1004.953253,32.0,32.0,0.0,0.0,32.00026574,0.0,0.0,0.0,0.0,0.0,0.0,0.0,8.0,0.0,DDOS attack-LOIC-UDP
-1.0,119000000.0,883523.0,80.0,1532.252513,623056.0,883523.0,119333358.0,652.6423232,2492224.0,2492224.0,32.0,32.0,32.0,1532.252513,652.6423232,32.0,32.0,1.0,0.0,32.00041088,0.0,0.0,0.0,0.0,0.0,0.0,1.0,8.0,0.0,DDOS attack-LOIC-UDP
-1.0,119000000.0,814152.0,80.0,1351.227098,707192.0,814152.0,119445773.0,740.0764194,2828768.0,2828768.0,32.0,32.0,32.0,1351.227098,740.0764194,32.0,32.0,1.0,0.0,32.000362,0.0,0.0,0.0,0.0,0.0,0.0,1.0,8.0,0.0,DDOS attack-LOIC-UDP
-1.0,120000000.0,644506.0,80.0,1092.731518,876880.0,644506.0,119773209.0,915.1462244,3507520.0,3507520.0,32.0,32.0,32.0,1092.731518,915.1462244,32.0,32.0,1.0,0.0,32.00029194,0.0,0.0,0.0,0.0,0.0,0.0,1.0,8.0,0.0,DDOS attack-LOIC-UDP
-1.0,120000000.0,1168452.0,80.0,963.0033888,993864.0,1168452.0,119635837.0,1038.426304,3975456.0,3975456.0,32.0,32.0,32.0,963.0033888,1038.426304,32.0,32.0,0.0,0.0,32.00025758,0.0,0.0,0.0,0.0,0.0,0.0,0.0,8.0,0.0,DDOS attack-LOIC-UDP
-1.0,120000000.0,716413.0,80.0,1000.570347,959424.0,716413.0,119995400.0,999.4383118,3837696.0,3837696.0,32.0,32.0,32.0,1000.570347,999.4383118,32.0,32.0,0.0,0.0,32.00026683,0.0,0.0,0.0,0.0,0.0,0.0,0.0,8.0,0.0,DDOS attack-LOIC-UDP
-1.0,120978314.0,692731.5213635518,80.0,1253.1813877046748,724012.0,605400.9678522378,119486018.0,894.8689060289333,2047634.0,4103579.0,32.00049932599457,31.9999370461406,32.0,843.1284857015014,1006.1111654261935,32.0,31.999995293955973,0.0,0.0008241135382796286,32.025877725884534,0.0,0.0,0.0,0.0,0.0,0.0005766601215285348,0.0,8.0,0.001252403401564785,DDOS attack-LOIC-UDP
-1.0,120000000.0,762894.0,80.0,902.5990687,1061776.0,762894.0,119793851.0,1107.919972,4247104.0,4247104.0,32.0,32.0,32.0,902.5990687,1107.919972,32.0,32.0,0.0,0.0,32.00024111,0.0,0.0,0.0,0.0,0.0,0.0,0.0,8.0,0.0,DDOS attack-LOIC-UDP
-1.0,120000000.0,831017.0,80.0,1557.285822,614432.0,831017.0,119604223.0,642.1512391,2457728.0,2457728.0,32.0,32.0,32.0,1557.285822,642.1512391,32.0,32.0,0.0,0.0,32.00041664,0.0,0.0,0.0,0.0,0.0,0.0,0.0,8.0,0.0,DDOS attack-LOIC-UDP
-1.0,120000000.0,651547.0,80.0,975.3545276,982160.0,651547.0,119743300.0,1025.276571,3928640.0,3928640.0,32.0,32.0,32.0,975.3545276,1025.276571,32.0,32.0,0.0,0.0,32.00026065,0.0,0.0,0.0,0.0,0.0,0.0,0.0,8.0,0.0,DDOS attack-LOIC-UDP
-1.0,119000000.0,815049.0,80.0,1462.668076,652712.0,815049.0,119336163.0,683.690492,2610848.0,2610848.0,32.0,32.0,32.0,1462.668076,683.690492,32.0,32.0,0.0,0.0,32.00039221,0.0,0.0,0.0,0.0,0.0,0.0,0.0,8.0,0.0,DDOS attack-LOIC-UDP
-1.0,120000000.0,650231.0,80.0,823.9606881,1162200.0,650231.0,119700065.0,1213.658489,4648800.0,4648800.0,32.0,32.0,32.0,823.9606881,1213.658489,32.0,32.0,0.0,0.0,32.00022027,0.0,0.0,0.0,0.0,0.0,0.0,0.0,8.0,0.0,DDOS attack-LOIC-UDP
-1.0,120000000.0,611495.0,80.0,955.8192864,1003408.0,611495.0,119883634.0,1046.231215,4013632.0,4013632.0,32.0,32.0,32.0,955.8192864,1046.231215,32.0,32.0,1.0,0.0,32.00025513,0.0,0.0,0.0,0.0,0.0,0.0,1.0,8.0,0.0,DDOS attack-LOIC-UDP
-1.0,120050838.0,633710.9238344185,80.0,1160.434148413747,579865.0,596308.1262546567,117964711.0,934.0431354990327,4648221.0,1627374.0,32.000129094015676,31.999588554940992,32.0,1044.814939734816,1839.0463836671665,32.0,31.997821964203165,0.0,0.0016013214546654853,32.018636496636894,0.0005572147522662028,0.0,0.0,0.0,0.0,0.002011270500621883,0.9686361432133945,8.0,0.0005443683926218997,DDOS attack-LOIC-UDP
-1.0,120000000.0,646950.0,80.0,979.0435519,978152.0,646950.0,119705697.0,1021.413375,3912608.0,3912608.0,32.0,32.0,32.0,979.0435519,1021.413375,32.0,32.0,0.0,0.0,32.00026172,0.0,0.0,0.0,0.0,0.0,0.0,0.0,8.0,0.0,DDOS attack-LOIC-UDP
-1.0,120000000.0,632001.0,80.0,895.1661991,1072120.0,632001.0,119964803.0,1117.119327,4288480.0,4288480.0,32.0,32.0,32.0,895.1661991,1117.119327,32.0,32.0,0.0,0.0,32.00023878,0.0,0.0,0.0,0.0,0.0,0.0,0.0,8.0,0.0,DDOS attack-LOIC-UDP
-1.0,120000000.0,577921.0,80.0,937.2487025,1020440.0,577921.0,119549821.0,1066.961029,4081760.0,4081760.0,32.0,32.0,32.0,937.2487025,1066.961029,32.0,32.0,0.0,0.0,32.00025087,0.0,0.0,0.0,0.0,0.0,0.0,0.0,8.0,0.0,DDOS attack-LOIC-UDP
-1.0,120000000.0,698060.0,80.0,798.8354558,1201728.0,698060.0,119997068.0,1251.830586,4806912.0,4806912.0,32.0,32.0,32.0,798.8354558,1251.830586,32.0,32.0,0.0,0.0,32.00021303,0.0,0.0,0.0,0.0,0.0,0.0,0.0,8.0,0.0,DDOS attack-LOIC-UDP
-1.0,120000000.0,677210.0,80.0,925.5192045,1035392.0,677210.0,119783472.0,1080.482957,4141568.0,4141568.0,32.0,32.0,32.0,925.5192045,1080.482957,32.0,32.0,0.0,0.0,32.00024725,0.0,0.0,0.0,0.0,0.0,0.0,0.0,8.0,0.0,DDOS attack-LOIC-UDP
-1.0,97540361.0,557739.4436841814,80.0,796.7262104240975,1041677.0,877437.6218341824,119514133.0,689.0681866189248,5195510.0,2905619.0,32.00023974860395,31.998070033053992,32.0,956.600920560957,829.435488322658,32.0,31.99875180269025,0.0001410414928271565,0.0,32.07084075158924,0.0007640350412276913,0.0,0.0,0.0,0.002525821770600237,0.0018381740209275554,0.0,8.0,0.0,DDOS attack-LOIC-UDP
-1.0,120000000.0,706599.0,80.0,847.1298347,1130368.0,706599.0,119695210.0,1180.464949,4521472.0,4521472.0,32.0,32.0,32.0,847.1298347,1180.464949,32.0,32.0,0.0,0.0,32.00022647,0.0,0.0,0.0,0.0,0.0,0.0,0.0,8.0,0.0,DDOS attack-LOIC-UDP
-1.0,120000000.0,718530.0,80.0,1301.828106,735160.0,718530.0,119630192.0,768.1589276,2940640.0,2940640.0,32.0,32.0,32.0,1301.828106,768.1589276,32.0,32.0,0.0,0.0,32.00034822,0.0,0.0,0.0,0.0,0.0,0.0,0.0,8.0,0.0,DDOS attack-LOIC-UDP
-1.0,120000000.0,684986.0,80.0,1181.577571,812016.0,684986.0,119931305.0,846.3344912,3248064.0,3248064.0,32.0,32.0,32.0,1181.577571,846.3344912,32.0,32.0,0.0,0.0,32.00031526,0.0,0.0,0.0,0.0,0.0,0.0,0.0,8.0,0.0,DDOS attack-LOIC-UDP
-1.0,121425741.0,523805.2230047113,80.0,996.7127371683989,907360.0,774203.8536995827,119323835.0,1300.387911607375,4326385.0,3778629.0,32.00321184731017,32.00071630389517,32.0,862.5887394375411,1190.1829324158807,32.0,32.00040010829737,0.0038526169341810707,0.003263761846876168,32.028094124444344,0.0,0.0,0.0,0.0,0.0,0.000455648258567883,0.0,8.0,0.0,DDOS attack-LOIC-UDP
-1.0,120706671.0,643612.9857390238,80.0,828.2383939489328,874368.0,563905.5066810207,120341569.0,864.5487290634101,3210521.0,4086353.0,32.00101807048641,31.999836544412204,32.0,1078.0652128340384,1324.4575225936946,32.0,32.00160759079086,0.0,0.0,31.980590563004185,0.0,0.0,0.0,0.0,0.0,0.0,0.0,8.0,0.0,DDOS attack-LOIC-UDP
-1.0,120000000.0,1110331.0,80.0,866.1276313,1105944.0,1110331.0,119735216.0,1154.572603,4423776.0,4423776.0,32.0,32.0,32.0,866.1276313,1154.572603,32.0,32.0,0.0,0.0,32.00023148,0.0,0.0,0.0,0.0,0.0,0.0,0.0,8.0,0.0,DDOS attack-LOIC-UDP
-1.0,120000000.0,749824.0,80.0,1169.237328,821048.0,749824.0,119998827.0,855.2666936,3284192.0,3284192.0,32.0,32.0,32.0,1169.237328,855.2666936,32.0,32.0,0.0,0.0,32.0003118,0.0,0.0,0.0,0.0,0.0,0.0,0.0,8.0,0.0,DDOS attack-LOIC-UDP
-1.0,120000000.0,598542.0,80.0,878.895221,1092288.0,598542.0,119999959.0,1137.800389,4369152.0,4369152.0,32.0,32.0,32.0,878.895221,1137.800389,32.0,32.0,0.0,0.0,32.00023437,0.0,0.0,0.0,0.0,0.0,0.0,0.0,8.0,0.0,DDOS attack-LOIC-UDP
-1.0,121311303.0,723327.8902989968,80.0,1065.4943857249427,847429.0,418193.1803117777,97162442.0,1250.2456923448499,4791381.0,3788055.0,31.99804364785965,31.999763739287793,32.0,938.1443008967408,1146.2916171601844,32.0,32.00072191489744,0.0,0.0010854381443900678,32.05512866281585,0.0,0.0,0.0,0.0,0.002266840389966744,0.0014737597083716914,0.006365804415901389,8.0,0.0,DDOS attack-LOIC-UDP
-1.0,120000000.0,701376.0,80.0,1032.415398,926368.0,701376.0,119548541.0,968.6107336,3705472.0,3705472.0,32.0,32.0,32.0,1032.415398,968.6107336,32.0,32.0,0.0,0.0,32.00027635,0.0,0.0,0.0,0.0,0.0,0.0,0.0,8.0,0.0,DDOS attack-LOIC-UDP
-1.0,120000000.0,690023.0,80.0,1190.837698,806160.0,690023.0,119999524.0,839.753331,3224640.0,3224640.0,32.0,32.0,32.0,1190.837698,839.753331,32.0,32.0,0.0,0.0,32.00031755,0.0,0.0,0.0,0.0,0.0,0.0,0.0,8.0,0.0,DDOS attack-LOIC-UDP
-1.0,121106968.0,615450.5237732949,80.0,948.3721802574169,816708.0,572044.6057036339,119534526.0,828.6396526660997,3285892.0,2631021.0,32.000013008517904,32.00001591649364,32.0,1400.1561316439422,1251.006192380442,32.0,31.998882203334023,1.020199397395583,0.0017408299746130178,31.920301733980487,0.0,0.0,0.0,0.0,0.0,0.00045079238300383225,1.0117165814100422,8.0,0.0001724053154679035,DDOS attack-LOIC-UDP
-1.0,120000000.0,713044.0,80.0,929.8893191,1031008.0,713044.0,119839486.0,1075.405147,4124032.0,4124032.0,32.0,32.0,32.0,929.8893191,1075.405147,32.0,32.0,0.0,0.0,32.0002483,0.0,0.0,0.0,0.0,0.0,0.0,0.0,8.0,0.0,DDOS attack-LOIC-UDP
-1.0,120000000.0,671942.0,80.0,868.0443282,1105400.0,671942.0,119941157.0,1152.023238,4421600.0,4421600.0,32.0,32.0,32.0,868.0443282,1152.023238,32.0,32.0,0.0,0.0,32.00023159,0.0,0.0,0.0,0.0,0.0,0.0,0.0,8.0,0.0,DDOS attack-LOIC-UDP
-1.0,120584688.0,633355.7689817976,80.0,889.9889709571371,1018764.0,761685.9617975521,118937195.0,785.3940019958061,3027479.0,4324526.0,31.999720790029954,32.000084143986356,32.0,1130.585279092994,1227.183083522595,32.0,32.00249462333242,0.0,0.0009702396577795559,32.074533268472635,0.0,0.0,0.0,0.0,0.0,0.0027525760700155147,0.0,8.0,0.0,DDOS attack-LOIC-UDP
-1.0,120000000.0,639227.0,80.0,981.1576349,977152.0,639227.0,119841537.0,1019.212562,3908608.0,3908608.0,32.0,32.0,32.0,981.1576349,1019.212562,32.0,32.0,0.0,0.0,32.00026199,0.0,0.0,0.0,0.0,0.0,0.0,0.0,8.0,0.0,DDOS attack-LOIC-UDP
-1.0,120000000.0,631282.0,80.0,877.1152381,1094368.0,631282.0,119984979.0,1140.10938,4377472.0,4377472.0,32.0,32.0,32.0,877.1152381,1140.10938,32.0,32.0,0.0,0.0,32.00023392,0.0,0.0,0.0,0.0,0.0,0.0,0.0,8.0,0.0,DDOS attack-LOIC-UDP
-1.0,120000000.0,582235.0,80.0,817.771873,1171040.0,582235.0,119704629.0,1222.84327,4684160.0,4684160.0,32.0,32.0,32.0,817.771873,1222.84327,32.0,32.0,1.0,0.0,32.00021861,0.0,0.0,0.0,0.0,0.0,0.0,1.0,8.0,0.0,DDOS attack-LOIC-UDP
-1.0,120000000.0,561742.0,80.0,1037.824954,923832.0,561742.0,119845950.0,963.5619727,3695328.0,3695328.0,32.0,32.0,32.0,1037.824954,963.5619727,32.0,32.0,0.0,0.0,32.00027711,0.0,0.0,0.0,0.0,0.0,0.0,0.0,8.0,0.0,DDOS attack-LOIC-UDP
-1.0,120000000.0,685133.0,80.0,871.1612053,1098632.0,685133.0,119634826.0,1147.901532,4394528.0,4394528.0,32.0,32.0,32.0,871.1612053,1147.901532,32.0,32.0,0.0,0.0,32.00023302,0.0,0.0,0.0,0.0,0.0,0.0,0.0,8.0,0.0,DDOS attack-LOIC-UDP
-1.0,672151.0,550051.0,80.0,164.0593117,32784.0,550051.0,672151.0,6096.84431,131136.0,131136.0,32.0,32.0,32.0,164.0593117,6096.84431,32.0,32.0,1.0,0.0,32.00780869,0.0,0.0,0.0,0.0,0.0,0.0,1.0,8.0,0.0,DDOS attack-LOIC-UDP
-1.0,120000000.0,1050025.0,80.0,918.6734223,1044072.0,1050025.0,119894231.0,1088.534443,4176288.0,4176288.0,32.0,32.0,32.0,918.6734223,1088.534443,32.0,32.0,0.0,0.0,32.00024519,0.0,0.0,0.0,0.0,0.0,0.0,0.0,8.0,0.0,DDOS attack-LOIC-UDP
-1.0,92900000.0,619515.0,80.0,801.0146289,927488.0,619515.0,92865631.0,1248.427419,3709952.0,3709952.0,32.0,32.0,32.0,801.0146289,1248.427419,32.0,32.0,0.0,0.0,32.00027601,0.0,0.0,0.0,0.0,0.0,0.0,0.0,8.0,0.0,DDOS attack-LOIC-UDP
-1.0,120000000.0,657942.0,80.0,987.5205843,970456.0,657942.0,119792172.0,1012.645467,3881824.0,3881824.0,32.0,32.0,32.0,987.5205843,1012.645467,32.0,32.0,0.0,0.0,32.00026379,0.0,0.0,0.0,0.0,0.0,0.0,0.0,8.0,0.0,DDOS attack-LOIC-UDP
-1.0,120000000.0,922393.0,80.0,1352.949759,709552.0,922393.0,119997173.0,739.1340794,2838208.0,2838208.0,32.0,32.0,32.0,1352.949759,739.1340794,32.0,32.0,1.0,0.0,32.00036079,0.0,0.0,0.0,0.0,0.0,0.0,1.0,8.0,0.0,DDOS attack-LOIC-UDP
-1.0,120000000.0,1167078.0,80.0,965.9585529,989800.0,1167078.0,119512256.0,1035.249473,3959200.0,3959200.0,32.0,32.0,32.0,965.9585529,1035.249473,32.0,32.0,0.0,0.0,32.00025864,0.0,0.0,0.0,0.0,0.0,0.0,0.0,8.0,0.0,DDOS attack-LOIC-UDP
-1.0,120000000.0,660000.0,80.0,910.4306123,1052760.0,660000.0,119807206.0,1098.389691,4211040.0,4211040.0,32.0,32.0,32.0,910.4306123,1098.389691,32.0,32.0,0.0,0.0,32.00024317,0.0,0.0,0.0,0.0,0.0,0.0,0.0,8.0,0.0,DDOS attack-LOIC-UDP
-1.0,120000000.0,712367.0,80.0,915.1075675,1045008.0,712367.0,119535926.0,1092.776075,4180032.0,4180032.0,32.0,32.0,32.0,915.1075675,1092.776075,32.0,32.0,0.0,0.0,32.00024497,0.0,0.0,0.0,0.0,0.0,0.0,0.0,8.0,0.0,DDOS attack-LOIC-UDP
-1.0,120000000.0,942511.0,80.0,888.7358472,1078384.0,942511.0,119798926.0,1125.202074,4313536.0,4313536.0,32.0,32.0,32.0,888.7358472,1125.202074,32.0,32.0,1.0,0.0,32.00023739,0.0,0.0,0.0,0.0,0.0,0.0,1.0,8.0,0.0,DDOS attack-LOIC-UDP
-1.0,120000000.0,670746.0,80.0,858.4574987,1118280.0,670746.0,119998623.0,1164.888367,4473120.0,4473120.0,32.0,32.0,32.0,858.4574987,1164.888367,32.0,32.0,0.0,0.0,32.00022892,0.0,0.0,0.0,0.0,0.0,0.0,0.0,8.0,0.0,DDOS attack-LOIC-UDP
-1.0,120000000.0,896349.0,80.0,1684.079825,568552.0,896349.0,119684185.0,593.8044362,2274208.0,2274208.0,32.0,32.0,32.0,1684.079825,593.8044362,32.0,32.0,0.0,0.0,32.00045027,0.0,0.0,0.0,0.0,0.0,0.0,0.0,8.0,0.0,DDOS attack-LOIC-UDP
-1.0,120000000.0,635722.0,80.0,847.1767186,1130800.0,635722.0,119747582.0,1180.399618,4523200.0,4523200.0,32.0,32.0,32.0,847.1767186,1180.399618,32.0,32.0,0.0,0.0,32.00022639,0.0,0.0,0.0,0.0,0.0,0.0,0.0,8.0,0.0,DDOS attack-LOIC-UDP
-1.0,120000000.0,571156.0,80.0,880.6005446,1087048.0,571156.0,119656002.0,1135.597026,4348192.0,4348192.0,32.0,32.0,32.0,880.6005446,1135.597026,32.0,32.0,0.0,0.0,32.0002355,0.0,0.0,0.0,0.0,0.0,0.0,0.0,8.0,0.0,DDOS attack-LOIC-UDP
-1.0,121206213.0,658996.5839171248,80.0,906.8371427046696,921571.0,588518.6812359031,118618247.0,1122.331660294141,4957217.0,3210814.0,32.0004795830374,32.0016846764562,32.0,791.6177935911037,1072.7954426514775,32.0,31.99929654073657,0.0,0.001966461251326603,31.995966074579286,0.0,0.0,0.0,0.0,0.0,0.001593925639944011,0.01261823747268827,8.0,0.0020355401366015315,DDOS attack-LOIC-UDP
-1.0,120000000.0,925842.0,80.0,1422.122546,672800.0,925842.0,119599084.0,703.1826431,2691200.0,2691200.0,32.0,32.0,32.0,1422.122546,703.1826431,32.0,32.0,1.0,0.0,32.0003805,0.0,0.0,0.0,0.0,0.0,0.0,1.0,8.0,0.0,DDOS attack-LOIC-UDP
-1.0,120000000.0,904608.0,80.0,1512.658433,634144.0,904608.0,119903896.0,661.0961165,2536576.0,2536576.0,32.0,32.0,32.0,1512.658433,661.0961165,32.0,32.0,1.0,0.0,32.00040369,0.0,0.0,0.0,0.0,0.0,0.0,1.0,8.0,0.0,DDOS attack-LOIC-UDP
-1.0,120000000.0,633030.0,80.0,1118.480151,856856.0,633030.0,119795935.0,894.0787515,3427424.0,3427424.0,32.0,32.0,32.0,1118.480151,894.0787515,32.0,32.0,0.0,0.0,32.00029877,0.0,0.0,0.0,0.0,0.0,0.0,0.0,8.0,0.0,DDOS attack-LOIC-UDP
-1.0,120000000.0,650563.0,80.0,900.9934154,1063096.0,650563.0,119729411.0,1109.894377,4252384.0,4252384.0,32.0,32.0,32.0,900.9934154,1109.894377,32.0,32.0,1.0,0.0,32.00024081,0.0,0.0,0.0,0.0,0.0,0.0,1.0,8.0,0.0,DDOS attack-LOIC-UDP
-1.0,119763797.0,850006.1562977928,80.0,1202.9373281644985,841948.0,694622.4796305001,120112133.0,990.3337861416802,2999418.0,4648675.0,32.00066329279066,32.0008516751418,32.0,1112.244134566907,1345.9400015039184,32.0,31.997787965596533,0.0,0.0,32.061553765153235,0.0,0.0,0.0,0.0,0.0,0.0023257039871413723,0.0,8.0,0.0001740320538911645,DDOS attack-LOIC-UDP
-1.0,120000000.0,922064.0,80.0,1452.010854,661160.0,922064.0,119999985.0,688.7084194,2644640.0,2644640.0,32.0,32.0,32.0,1452.010854,688.7084194,32.0,32.0,1.0,0.0,32.0003872,0.0,0.0,0.0,0.0,0.0,0.0,1.0,8.0,0.0,DDOS attack-LOIC-UDP
-1.0,120000000.0,680605.0,80.0,875.1780583,1096368.0,680605.0,119938777.0,1142.632962,4385472.0,4385472.0,32.0,32.0,32.0,875.1780583,1142.632962,32.0,32.0,0.0,0.0,32.0002335,0.0,0.0,0.0,0.0,0.0,0.0,0.0,8.0,0.0,DDOS attack-LOIC-UDP
-1.0,119969345.0,732087.5525594858,80.0,941.8055186477492,965959.0,879188.0532309423,118556989.0,1377.9701578177703,3956019.0,2710085.0,32.00214810481084,32.000163269167096,32.0,895.3937966087482,1202.8944153245172,32.0,32.000209069388,0.0,0.0023437822216472127,32.0724978674669,0.0,0.0,0.0,0.0,0.0,0.0,0.8922711660915668,8.0,0.0,DDOS attack-LOIC-UDP
-1.0,120000000.0,681855.0,80.0,898.0793505,1068080.0,681855.0,119901676.0,1113.495695,4272320.0,4272320.0,32.0,32.0,32.0,898.0793505,1113.495695,32.0,32.0,0.0,0.0,32.00023968,0.0,0.0,0.0,0.0,0.0,0.0,0.0,8.0,0.0,DDOS attack-LOIC-UDP
-1.0,120000000.0,874071.0,80.0,1236.810347,774096.0,874071.0,119675006.0,808.5397547,3096384.0,3096384.0,32.0,32.0,32.0,1236.810347,808.5397547,32.0,32.0,0.0,0.0,32.00033071,0.0,0.0,0.0,0.0,0.0,0.0,0.0,8.0,0.0,DDOS attack-LOIC-UDP
-1.0,120000000.0,930366.0,80.0,1066.537314,899520.0,930366.0,119920389.0,937.6220419,3598080.0,3598080.0,32.0,32.0,32.0,1066.537314,937.6220419,32.0,32.0,0.0,0.0,32.0002846,0.0,0.0,0.0,0.0,0.0,0.0,0.0,8.0,0.0,DDOS attack-LOIC-UDP
-1.0,120000000.0,582144.0,80.0,755.0742702,1269104.0,582144.0,119782717.0,1324.38138,5076416.0,5076416.0,32.0,32.0,32.0,755.0742702,1324.38138,32.0,32.0,0.0,0.0,32.00020172,0.0,0.0,0.0,0.0,0.0,0.0,0.0,8.0,0.0,DDOS attack-LOIC-UDP
-1.0,120000000.0,659284.0,80.0,1045.895141,916512.0,659284.0,119820885.0,956.1271393,3666048.0,3666048.0,32.0,32.0,32.0,1045.895141,956.1271393,32.0,32.0,0.0,0.0,32.00027932,0.0,0.0,0.0,0.0,0.0,0.0,0.0,8.0,0.0,DDOS attack-LOIC-UDP
-1.0,92269385.0,719233.3920414018,80.0,1805.0632326502077,638624.0,636012.8300673454,119499156.0,853.0451700628496,3869000.0,4516895.0,32.0008563533107,32.002679967838034,32.0,396.5640031014584,1055.3702694675205,32.0,31.998973307954866,0.0,0.00043969574134859523,31.987197547667073,0.0014333755784529678,0.0,0.0,0.0,0.0,0.0005819152933911529,0.007843550258066611,8.0,0.0,DDOS attack-LOIC-UDP
-1.0,120000000.0,912949.0,80.0,1687.96787,567200.0,912949.0,119675234.0,592.4366941,2268800.0,2268800.0,32.0,32.0,32.0,1687.96787,592.4366941,32.0,32.0,0.0,0.0,32.00045134,0.0,0.0,0.0,0.0,0.0,0.0,0.0,8.0,0.0,DDOS attack-LOIC-UDP
-1.0,120995004.0,623501.5875103024,80.0,848.7975493085364,1295939.0,591988.0842901221,118836555.0,543.8794231816825,3996933.0,3392662.0,32.00146740278498,32.000767776623015,32.0,933.5328508784863,927.404715002848,32.0,31.999881853310672,0.0,0.0006686788070615985,31.956055600766184,0.0,0.0,0.0,0.0,0.0,0.0,0.00021813332264684915,8.0,0.0,DDOS attack-LOIC-UDP
-1.0,120000000.0,682892.0,80.0,1234.692293,775888.0,682892.0,119746632.0,809.926746,3103552.0,3103552.0,32.0,32.0,32.0,1234.692293,809.926746,32.0,32.0,0.0,0.0,32.00032994,0.0,0.0,0.0,0.0,0.0,0.0,0.0,8.0,0.0,DDOS attack-LOIC-UDP
-1.0,120000000.0,695199.0,80.0,962.1269082,996760.0,695199.0,119875240.0,1039.372267,3987040.0,3987040.0,32.0,32.0,32.0,962.1269082,1039.372267,32.0,32.0,0.0,0.0,32.00025683,0.0,0.0,0.0,0.0,0.0,0.0,0.0,8.0,0.0,DDOS attack-LOIC-UDP
-1.0,120326595.0,931658.3068745375,80.0,892.0170558546527,844113.0,636814.651141302,118891643.0,1166.624808399745,5178940.0,2101752.0,32.00243559337916,31.998036378837813,32.0,1247.9741685835902,1042.5779386012316,32.0,32.00177211182917,0.007770717252521375,0.002433472696650318,32.03054699209972,0.0,0.0,0.0,0.0,0.0,0.0,1.0468457187768747,8.0,0.0011707713056105537,DDOS attack-LOIC-UDP
-1.0,120395965.0,855034.7745385884,80.0,794.5234233530863,879491.0,890260.4547102241,119598248.0,1109.8287336252113,3463774.0,2103334.0,31.99839939926279,32.00250355460422,32.0,901.5850141305459,966.3090219169553,32.0,32.00010267925321,0.0,0.0033156144171374463,32.067372679464924,0.0,0.0,0.0,0.0,0.0,0.0,0.002963153118784587,8.0,0.0,DDOS attack-LOIC-UDP
-1.0,120000000.0,668045.0,80.0,1026.001328,933440.0,668045.0,119712809.0,974.6659608,3733760.0,3733760.0,32.0,32.0,32.0,1026.001328,974.6659608,32.0,32.0,0.0,0.0,32.00027425,0.0,0.0,0.0,0.0,0.0,0.0,0.0,8.0,0.0,DDOS attack-LOIC-UDP
-1.0,120000000.0,832895.0,80.0,1145.783588,837264.0,832895.0,119914273.0,872.7735021,3349056.0,3349056.0,32.0,32.0,32.0,1145.783588,872.7735021,32.0,32.0,1.0,0.0,32.00030576,0.0,0.0,0.0,0.0,0.0,0.0,1.0,8.0,0.0,DDOS attack-LOIC-UDP
-1.0,120000000.0,682085.0,80.0,1018.865425,942232.0,682085.0,119999932.0,981.4922228,3768928.0,3768928.0,32.0,32.0,32.0,1018.865425,981.4922228,32.0,32.0,0.0,0.0,32.0002717,0.0,0.0,0.0,0.0,0.0,0.0,0.0,8.0,0.0,DDOS attack-LOIC-UDP
-1.0,79600000.0,763865.0,80.0,945.9844145,673456.0,763865.0,79633914.0,1057.112426,2693824.0,2693824.0,32.0,32.0,32.0,945.9844145,1057.112426,32.0,32.0,0.0,0.0,32.00038013,0.0,0.0,0.0,0.0,0.0,0.0,0.0,8.0,0.0,DDOS attack-LOIC-UDP
-1.0,120000000.0,650705.0,80.0,1041.826584,919184.0,650705.0,119702749.0,959.860997,3676736.0,3676736.0,32.0,32.0,32.0,1041.826584,959.860997,32.0,32.0,0.0,0.0,32.00027851,0.0,0.0,0.0,0.0,0.0,0.0,0.0,8.0,0.0,DDOS attack-LOIC-UDP
-1.0,120000000.0,733053.0,80.0,984.6169906,971744.0,733053.0,119598472.0,1015.631705,3886976.0,3886976.0,32.0,32.0,32.0,984.6169906,1015.631705,32.0,32.0,0.0,0.0,32.00026344,0.0,0.0,0.0,0.0,0.0,0.0,0.0,8.0,0.0,DDOS attack-LOIC-UDP
-1.0,120000000.0,609448.0,80.0,1050.469688,912256.0,609448.0,119786109.0,951.9634702,3649024.0,3649024.0,32.0,32.0,32.0,1050.469688,951.9634702,32.0,32.0,1.0,0.0,32.00028062,0.0,0.0,0.0,0.0,0.0,0.0,1.0,8.0,0.0,DDOS attack-LOIC-UDP
-1.0,120000000.0,734689.0,80.0,1160.931245,826360.0,734689.0,119917232.0,861.3857932,3305440.0,3305440.0,32.0,32.0,32.0,1160.931245,861.3857932,32.0,32.0,0.0,0.0,32.00030979,0.0,0.0,0.0,0.0,0.0,0.0,0.0,8.0,0.0,DDOS attack-LOIC-UDP
-1.0,119839986.0,881450.8747564955,80.0,679.7396709538941,957780.0,565109.3385004075,119214729.0,817.9708810167765,4654275.0,3493840.0,31.999449370970314,31.99977298976128,32.0,1229.747487222528,778.2587449155932,32.0,31.999208466751693,0.0,0.0005489427677214901,32.06512124302978,0.0,0.0,0.0,0.0,0.0,0.000736759853776189,0.0,8.0,0.0,DDOS attack-LOIC-UDP
-1.0,120000000.0,921489.0,80.0,971.1640593,985408.0,921489.0,119623133.0,1029.700501,3941632.0,3941632.0,32.0,32.0,32.0,971.1640593,1029.700501,32.0,32.0,0.0,0.0,32.00025979,0.0,0.0,0.0,0.0,0.0,0.0,0.0,8.0,0.0,DDOS attack-LOIC-UDP
-1.0,121106090.0,668037.3142563186,80.0,1125.0759123631483,874453.0,685757.9176096332,118835347.0,1036.8269890829524,2739736.0,4698042.0,32.000558375133586,32.0011780733365,32.0,982.3339639399866,678.4667431237613,32.0,31.999886537378302,0.9190962193129644,0.0,31.985026284152596,0.0,0.0,0.0,0.0,0.0,0.0013662902253062886,0.007397785672764231,8.0,0.0008533410859214097,DDOS attack-LOIC-UDP
-1.0,14200000.0,581664.0,80.0,266.4601915,425344.0,581664.0,14166889.0,3752.976394,1701376.0,1701376.0,32.0,32.0,32.0,266.4601915,3752.976394,32.0,32.0,1.0,0.0,32.00060187,0.0,0.0,0.0,0.0,0.0,0.0,1.0,8.0,0.0,DDOS attack-LOIC-UDP
-1.0,120000000.0,731172.0,80.0,1138.963865,841520.0,731172.0,119806470.0,877.9993267,3366080.0,3366080.0,32.0,32.0,32.0,1138.963865,877.9993267,32.0,32.0,0.0,0.0,32.00030421,0.0,0.0,0.0,0.0,0.0,0.0,0.0,8.0,0.0,DDOS attack-LOIC-UDP
-1.0,120000000.0,927235.0,80.0,1221.686093,783424.0,927235.0,119636054.0,818.549231,3133696.0,3133696.0,32.0,32.0,32.0,1221.686093,818.549231,32.0,32.0,1.0,0.0,32.00032677,0.0,0.0,0.0,0.0,0.0,0.0,1.0,8.0,0.0,DDOS attack-LOIC-UDP
-1.0,120000000.0,646850.0,80.0,987.6501649,970568.0,646850.0,119821718.0,1012.512606,3882272.0,3882272.0,32.0,32.0,32.0,987.6501649,1012.512606,32.0,32.0,0.0,0.0,32.00026376,0.0,0.0,0.0,0.0,0.0,0.0,0.0,8.0,0.0,DDOS attack-LOIC-UDP
-1.0,120000000.0,702988.0,80.0,1090.151548,877352.0,702988.0,119554740.0,917.3120196,3509408.0,3509408.0,32.0,32.0,32.0,1090.151548,917.3120196,32.0,32.0,0.0,0.0,32.00029179,0.0,0.0,0.0,0.0,0.0,0.0,0.0,8.0,0.0,DDOS attack-LOIC-UDP
-1.0,120633074.0,773286.4388865387,80.0,1167.64412441509,0.0,518021.52627953194,120363725.0,925.0025423102404,2833942.0,2388264.0,32.00160551503403,31.999397179193334,32.0,2008.3011232855147,1054.0877282254394,32.0,32.00094101318263,0.006537789728904676,0.0007133140140546903,32.1061008174348,0.0,0.0,0.0,0.0,0.0,0.0009069424804249097,0.0,8.0,0.0006592773052547892,DDOS attack-LOIC-UDP
-1.0,120000000.0,744678.0,80.0,828.743402,1154592.0,744678.0,119606734.0,1206.654468,4618368.0,4618368.0,32.0,32.0,32.0,828.743402,1206.654468,32.0,32.0,0.0,0.0,32.00022172,0.0,0.0,0.0,0.0,0.0,0.0,0.0,8.0,0.0,DDOS attack-LOIC-UDP
-1.0,120000000.0,649950.0,80.0,1003.514778,953616.0,649950.0,119619965.0,996.5058926,3814464.0,3814464.0,32.0,32.0,32.0,1003.514778,996.5058926,32.0,32.0,1.0,0.0,32.00026845,0.0,0.0,0.0,0.0,0.0,0.0,1.0,8.0,0.0,DDOS attack-LOIC-UDP
-1.0,120000000.0,815666.0,80.0,1139.995473,839488.0,815666.0,119625425.0,877.204825,3357952.0,3357952.0,32.0,32.0,32.0,1139.995473,877.204825,32.0,32.0,0.0,0.0,32.00030495,0.0,0.0,0.0,0.0,0.0,0.0,0.0,8.0,0.0,DDOS attack-LOIC-UDP
-1.0,120000000.0,815107.0,80.0,1429.153425,669728.0,815107.0,119641579.0,699.723296,2678912.0,2678912.0,32.0,32.0,32.0,1429.153425,699.723296,32.0,32.0,0.0,0.0,32.00038224,0.0,0.0,0.0,0.0,0.0,0.0,0.0,8.0,0.0,DDOS attack-LOIC-UDP
-1.0,120000000.0,665881.0,80.0,954.0928327,1003448.0,665881.0,119671864.0,1048.124395,4013792.0,4013792.0,32.0,32.0,32.0,954.0928327,1048.124395,32.0,32.0,0.0,0.0,32.00025512,0.0,0.0,0.0,0.0,0.0,0.0,0.0,8.0,0.0,DDOS attack-LOIC-UDP
-1.0,120610670.0,730301.6624092499,80.0,944.3436693188112,877644.0,747307.6496560076,120422796.0,1106.095919264192,2905351.0,3608614.0,31.99947635926503,32.00220974307489,32.0,731.5397847322649,1099.5460827627574,32.0,31.998238232396808,0.0,0.00047981314741735447,31.995805849584038,0.0,0.0,0.0,0.0,0.0,0.0021599449307080107,0.0,8.0,0.0,DDOS attack-LOIC-UDP
-1.0,120000000.0,990606.0,80.0,1375.442784,697016.0,990606.0,119836828.0,727.0469475,2788064.0,2788064.0,32.0,32.0,32.0,1375.442784,727.0469475,32.0,32.0,0.0,0.0,32.00036728,0.0,0.0,0.0,0.0,0.0,0.0,0.0,8.0,0.0,DDOS attack-LOIC-UDP
-1.0,121577636.0,810149.8758479146,80.0,1182.8881314586254,959586.0,791667.1149982894,119853366.0,1195.1454529921223,3757900.0,3931470.0,32.000334940239746,32.00029359813237,32.0,737.9027283955401,1234.5136057607856,32.0,32.00119650203893,0.8776815400776479,0.0009828198596135629,32.0352731301691,0.0,0.0,0.0,0.0,0.0006056876486265139,0.0015895191105018203,0.0,8.0,0.0,DDOS attack-LOIC-UDP
-1.0,120474100.0,692178.1443172003,80.0,1251.5809848854074,490747.0,708656.0927876086,119231261.0,1065.5985690551945,3752395.0,3018047.0,32.0005429252298,31.999622302166426,32.0,1223.9934106543403,1035.6857500302285,32.0,32.00033873610176,0.005071033272509352,0.0025490365469708672,32.03040573898471,0.0,0.0,0.0,0.0,0.0,0.0021680658720360005,0.0,8.0,0.0,DDOS attack-LOIC-UDP
-1.0,120000000.0,718184.0,80.0,1073.517282,892736.0,718184.0,119794867.0,931.5257222,3570944.0,3570944.0,32.0,32.0,32.0,1073.517282,931.5257222,32.0,32.0,0.0,0.0,32.00028676,0.0,0.0,0.0,0.0,0.0,0.0,0.0,8.0,0.0,DDOS attack-LOIC-UDP
-1.0,121485619.0,876384.1471557235,80.0,1074.1050448661438,983948.0,598639.8573368243,120232993.0,1188.9619042844083,4191425.0,3849384.0,32.00206629503802,31.999041231821302,32.0,1063.332691601779,1327.364518717613,32.0,32.00131727857835,0.9817670312989235,0.002615301559680529,31.9704787067757,0.0,0.0,0.0,0.0,0.0,0.0009601528904754964,0.0,8.0,7.525666455724788e-05,DDOS attack-LOIC-UDP
-1.0,120000000.0,875949.0,80.0,1069.326954,894936.0,875949.0,119621329.0,935.1760337,3579744.0,3579744.0,32.0,32.0,32.0,1069.326954,935.1760337,32.0,32.0,0.0,0.0,32.00028605,0.0,0.0,0.0,0.0,0.0,0.0,0.0,8.0,0.0,DDOS attack-LOIC-UDP
-1.0,120000000.0,651401.0,80.0,984.225371,974792.0,651401.0,119925893.0,1016.035795,3899168.0,3899168.0,32.0,32.0,32.0,984.225371,1016.035795,32.0,32.0,0.0,0.0,32.00026262,0.0,0.0,0.0,0.0,0.0,0.0,0.0,8.0,0.0,DDOS attack-LOIC-UDP
-1.0,120000000.0,938285.0,80.0,1214.945572,787832.0,938285.0,119645410.0,823.0904972,3151328.0,3151328.0,32.0,32.0,32.0,1214.945572,823.0904972,32.0,32.0,0.0,0.0,32.00032494,0.0,0.0,0.0,0.0,0.0,0.0,0.0,8.0,0.0,DDOS attack-LOIC-UDP
-1.0,120000000.0,642562.0,80.0,1001.434314,958632.0,642562.0,119999871.0,998.5760735,3834528.0,3834528.0,32.0,32.0,32.0,1001.434314,998.5760735,32.0,32.0,1.0,0.0,32.00026705,0.0,0.0,0.0,0.0,0.0,0.0,1.0,8.0,0.0,DDOS attack-LOIC-UDP
-1.0,120436110.0,571402.2167951933,80.0,823.7628382280961,900657.0,596868.1221592991,118962358.0,1318.3249302841866,4404139.0,3610932.0,31.99869008589565,32.000439578124265,32.0,672.3616165752795,840.4931204015984,32.0,31.9996945933864,0.004046251056189905,0.0013533318493908063,32.012892169810144,0.0,0.0,0.0,0.0,0.0,0.002079751290508463,0.0,8.0,0.0,DDOS attack-LOIC-UDP
-1.0,121079719.0,760215.1903628428,80.0,939.5303301601512,782643.0,809480.026390927,119345482.0,823.4305541060157,3274725.0,4505933.0,31.99982448569676,31.999032394690836,32.0,1144.4486114499318,1343.3112044258696,32.0,31.999286129837074,0.0,0.001606097637802567,31.93295225280636,0.0,0.0,0.0,0.0,0.0,0.0017640638175829978,0.0,8.0,0.0,DDOS attack-LOIC-UDP
-1.0,120000000.0,602942.0,80.0,932.6980671,1028104.0,602942.0,119862894.0,1072.166671,4112416.0,4112416.0,32.0,32.0,32.0,932.6980671,1072.166671,32.0,32.0,0.0,0.0,32.000249,0.0,0.0,0.0,0.0,0.0,0.0,0.0,8.0,0.0,DDOS attack-LOIC-UDP
-1.0,119000000.0,837595.0,80.0,1133.961329,842200.0,837595.0,119376645.0,881.8726645,3368800.0,3368800.0,32.0,32.0,32.0,1133.961329,881.8726645,32.0,32.0,0.0,0.0,32.00030397,0.0,0.0,0.0,0.0,0.0,0.0,0.0,8.0,0.0,DDOS attack-LOIC-UDP
-1.0,120099060.0,624366.7972296604,80.0,664.0052818379411,832161.0,766704.192285314,120857406.0,1051.461576010573,2695596.0,2864950.0,32.00218019461255,31.999175751446362,32.0,1322.706967334758,1070.1469905979332,32.0,31.999719137968704,0.0,0.0008350934565969721,31.98692754886421,0.0,0.0,0.0,0.0,0.0013297502793151875,0.0,0.0,8.0,0.00025105408445514786,DDOS attack-LOIC-UDP
-1.0,120000000.0,633010.0,80.0,849.2281379,1128168.0,633010.0,119758152.0,1177.548231,4512672.0,4512672.0,32.0,32.0,32.0,849.2281379,1177.548231,32.0,32.0,0.0,0.0,32.00022692,0.0,0.0,0.0,0.0,0.0,0.0,0.0,8.0,0.0,DDOS attack-LOIC-UDP
-1.0,120000000.0,601457.0,80.0,973.0803647,984520.0,601457.0,119751162.0,1027.6727,3938080.0,3938080.0,32.0,32.0,32.0,973.0803647,1027.6727,32.0,32.0,0.0,0.0,32.00026003,0.0,0.0,0.0,0.0,0.0,0.0,0.0,8.0,0.0,DDOS attack-LOIC-UDP
-1.0,120000000.0,613129.0,80.0,911.5736717,1053112.0,613129.0,119997735.0,1097.012373,4212448.0,4212448.0,32.0,32.0,32.0,911.5736717,1097.012373,32.0,32.0,0.0,0.0,32.00024309,0.0,0.0,0.0,0.0,0.0,0.0,0.0,8.0,0.0,DDOS attack-LOIC-UDP
-1.0,120000000.0,591365.0,80.0,868.8892291,1102608.0,591365.0,119754658.0,1150.90304,4410432.0,4410432.0,32.0,32.0,32.0,868.8892291,1150.90304,32.0,32.0,0.0,0.0,32.00023218,0.0,0.0,0.0,0.0,0.0,0.0,0.0,8.0,0.0,DDOS attack-LOIC-UDP
-1.0,9436417.0,552789.0,80.0,252.2701438,299256.0,552789.0,9436417.0,3964.110531,1197024.0,1197024.0,32.0,32.0,32.0,252.2701438,3964.110531,32.0,32.0,1.0,0.0,32.00085545,0.0,0.0,0.0,0.0,0.0,0.0,1.0,8.0,0.0,DDOS attack-LOIC-UDP
-1.0,120000000.0,655424.0,80.0,1069.494871,897616.0,655424.0,119998394.0,935.0291805,3590464.0,3590464.0,32.0,32.0,32.0,1069.494871,935.0291805,32.0,32.0,0.0,0.0,32.0002852,0.0,0.0,0.0,0.0,0.0,0.0,0.0,8.0,0.0,DDOS attack-LOIC-UDP
-1.0,120000000.0,862855.0,80.0,1044.10171,916416.0,862855.0,119602895.0,957.7694587,3665664.0,3665664.0,32.0,32.0,32.0,1044.10171,957.7694587,32.0,32.0,1.0,0.0,32.00027935,0.0,0.0,0.0,0.0,0.0,0.0,1.0,8.0,0.0,DDOS attack-LOIC-UDP
-1.0,120338007.0,646216.2583440156,80.0,771.996092943608,520448.0,541459.3465388202,120488496.0,883.5616319936361,3904595.0,2005678.0,31.999704674612474,32.00197725580655,32.0,836.658246018624,1121.5751218947034,32.0,32.00015164904302,0.0,0.0017176093590963368,31.96154132001606,0.0,0.0,0.0,0.0,0.0,0.001225578007108565,0.0,8.0,0.0006029520087017031,DDOS attack-LOIC-UDP
-1.0,120000000.0,590480.0,80.0,1009.918356,950576.0,590480.0,119999509.0,990.1873849,3802304.0,3802304.0,32.0,32.0,32.0,1009.918356,990.1873849,32.0,32.0,0.0,0.0,32.00026931,0.0,0.0,0.0,0.0,0.0,0.0,0.0,8.0,0.0,DDOS attack-LOIC-UDP
-1.0,120000000.0,762006.0,80.0,1140.155989,841760.0,762006.0,119966073.0,877.0813061,3367040.0,3367040.0,32.0,32.0,32.0,1140.155989,877.0813061,32.0,32.0,0.0,0.0,32.00030412,0.0,0.0,0.0,0.0,0.0,0.0,0.0,8.0,0.0,DDOS attack-LOIC-UDP
-1.0,120000000.0,798286.0,80.0,1412.577039,679616.0,798286.0,119999832.0,707.9343244,2718464.0,2718464.0,32.0,32.0,32.0,1412.577039,707.9343244,32.0,32.0,1.0,0.0,32.00037668,0.0,0.0,0.0,0.0,0.0,0.0,1.0,8.0,0.0,DDOS attack-LOIC-UDP
-1.0,120000000.0,606245.0,80.0,889.9039942,1078776.0,606245.0,119999994.0,1123.725056,4315104.0,4315104.0,32.0,32.0,32.0,889.9039942,1123.725056,32.0,32.0,0.0,0.0,32.00023731,0.0,0.0,0.0,0.0,0.0,0.0,0.0,8.0,0.0,DDOS attack-LOIC-UDP
-1.0,120000000.0,822274.0,80.0,1401.991824,682024.0,822274.0,119522607.0,713.2792878,2728096.0,2728096.0,32.0,32.0,32.0,1401.991824,713.2792878,32.0,32.0,1.0,0.0,32.00037535,0.0,0.0,0.0,0.0,0.0,0.0,1.0,8.0,0.0,DDOS attack-LOIC-UDP
-1.0,120000000.0,726245.0,80.0,1090.631633,878784.0,726245.0,119802613.0,916.9082147,3515136.0,3515136.0,32.0,32.0,32.0,1090.631633,916.9082147,32.0,32.0,0.0,0.0,32.00029131,0.0,0.0,0.0,0.0,0.0,0.0,0.0,8.0,0.0,DDOS attack-LOIC-UDP
-1.0,120299581.0,705252.1966801708,80.0,708.8724082363141,571665.0,570796.2758780172,121139817.0,1274.3446153173484,4134748.0,2995230.0,31.99969561181093,31.999525559343613,32.0,874.6487444225884,1266.8095698914906,32.0,32.000127232132456,0.0,0.0013893771362950304,32.07851708535385,0.0,0.0,0.0,0.0,0.0,0.0015454409461253522,0.0,8.0,0.0,DDOS attack-LOIC-UDP
-1.0,120000000.0,757359.0,80.0,984.8577262,973624.0,757359.0,119859155.0,1015.383431,3894496.0,3894496.0,32.0,32.0,32.0,984.8577262,1015.383431,32.0,32.0,1.0,0.0,32.00026294,0.0,0.0,0.0,0.0,0.0,0.0,1.0,8.0,0.0,DDOS attack-LOIC-UDP
-1.0,120000000.0,821448.0,80.0,1309.129113,731648.0,821448.0,119726403.0,763.8749491,2926592.0,2926592.0,32.0,32.0,32.0,1309.129113,763.8749491,32.0,32.0,0.0,0.0,32.0003499,0.0,0.0,0.0,0.0,0.0,0.0,0.0,8.0,0.0,DDOS attack-LOIC-UDP
-1.0,120000000.0,610604.0,80.0,947.0736806,1012704.0,610604.0,119887216.0,1055.892398,4050816.0,4050816.0,32.0,32.0,32.0,947.0736806,1055.892398,32.0,32.0,0.0,0.0,32.00025279,0.0,0.0,0.0,0.0,0.0,0.0,0.0,8.0,0.0,DDOS attack-LOIC-UDP
-1.0,120669017.0,675726.094621914,80.0,834.0249717754965,498999.0,602668.8619865612,120284152.0,1196.0577891736696,2582739.0,1718430.0,32.00165040114555,32.00206564844197,32.0,899.7462833325362,1274.380336536517,32.0,31.99985719961678,0.0,0.0003607295134821796,31.96853261716619,0.0,0.0,0.0,0.0,0.00022719749357969141,0.000156473905569927,0.0,8.0,0.0,DDOS attack-LOIC-UDP
-1.0,120000000.0,598007.0,80.0,903.5551826,1060632.0,598007.0,119791539.0,1106.747614,4242528.0,4242528.0,32.0,32.0,32.0,903.5551826,1106.747614,32.0,32.0,0.0,0.0,32.00024137,0.0,0.0,0.0,0.0,0.0,0.0,0.0,8.0,0.0,DDOS attack-LOIC-UDP
-1.0,121860812.0,739728.5773895208,80.0,836.5465684238185,634145.0,855623.0132197879,120613153.0,650.1018278514518,3789930.0,2463591.0,32.00041501915264,32.00036393758799,32.0,928.392094509067,1166.5258988964747,32.0,31.99834678998687,0.0,0.0,32.11068858288836,0.0,0.0,0.0,0.0,0.0,0.00021906235657265444,0.0,8.0,0.0,DDOS attack-LOIC-UDP
-1.0,120000000.0,628680.0,80.0,1042.245155,919656.0,628680.0,119812334.0,959.4755078,3678624.0,3678624.0,32.0,32.0,32.0,1042.245155,959.4755078,32.0,32.0,0.0,0.0,32.00027836,0.0,0.0,0.0,0.0,0.0,0.0,0.0,8.0,0.0,DDOS attack-LOIC-UDP
-1.0,121101328.0,789955.2572484193,80.0,1024.4906866473057,782257.0,623204.9588828823,118832075.0,907.2990411255206,2987843.0,4313770.0,31.999290589872164,32.00067166958192,32.0,750.7898708605926,806.5815992340102,32.0,31.99984636762846,0.0,0.0007018016013673855,31.993112101615743,0.0,0.0,0.0,0.0,0.0,0.002005985954279642,0.0,8.0,0.0,DDOS attack-LOIC-UDP
-1.0,120000000.0,603125.0,80.0,832.4428074,1150576.0,603125.0,119722757.0,1201.292082,4602304.0,4602304.0,32.0,32.0,32.0,832.4428074,1201.292082,32.0,32.0,0.0,0.0,32.0002225,0.0,0.0,0.0,0.0,0.0,0.0,0.0,8.0,0.0,DDOS attack-LOIC-UDP
-1.0,120606517.0,635680.4080266063,80.0,837.2293012167338,921840.0,567747.2183218169,119008638.0,1075.8272386214067,4333171.0,3164708.0,32.0003951242585,32.00053486124994,32.0,939.7288747719745,1501.7255718134265,32.0,32.001234565882875,0.0,0.0007258150299182734,31.990372868401572,0.0,0.0,0.0,0.0,0.0,0.0009697773523284504,0.9006944969203285,8.0,0.0008490169599382832,DDOS attack-LOIC-UDP
-1.0,120000000.0,670079.0,80.0,1003.546879,956592.0,670079.0,119997111.0,996.4739901,3826368.0,3826368.0,32.0,32.0,32.0,1003.546879,996.4739901,32.0,32.0,0.0,0.0,32.00026762,0.0,0.0,0.0,0.0,0.0,0.0,0.0,8.0,0.0,DDOS attack-LOIC-UDP
-1.0,120000000.0,915065.0,80.0,1489.775818,643664.0,915065.0,119862893.0,671.2502759,2574656.0,2574656.0,32.0,32.0,32.0,1489.775818,671.2502759,32.0,32.0,1.0,0.0,32.00039772,0.0,0.0,0.0,0.0,0.0,0.0,1.0,8.0,0.0,DDOS attack-LOIC-UDP
-1.0,120000000.0,695871.0,80.0,1047.086202,914048.0,695871.0,119634834.0,955.0395665,3656192.0,3656192.0,32.0,32.0,32.0,1047.086202,955.0395665,32.0,32.0,0.0,0.0,32.00028007,0.0,0.0,0.0,0.0,0.0,0.0,0.0,8.0,0.0,DDOS attack-LOIC-UDP
-1.0,120000000.0,641837.0,80.0,1067.723441,899056.0,641837.0,119991828.0,936.5804478,3596224.0,3596224.0,32.0,32.0,32.0,1067.723441,936.5804478,32.0,32.0,0.0,0.0,32.00028474,0.0,0.0,0.0,0.0,0.0,0.0,0.0,8.0,0.0,DDOS attack-LOIC-UDP
-1.0,120000000.0,672388.0,80.0,1146.409603,834768.0,672388.0,119622110.0,872.2969357,3339072.0,3339072.0,32.0,32.0,32.0,1146.409603,872.2969357,32.0,32.0,0.0,0.0,32.00030667,0.0,0.0,0.0,0.0,0.0,0.0,0.0,8.0,0.0,DDOS attack-LOIC-UDP
-1.0,120000000.0,734009.0,80.0,859.0642791,1116016.0,734009.0,119840326.0,1164.065592,4464064.0,4464064.0,32.0,32.0,32.0,859.0642791,1164.065592,32.0,32.0,0.0,0.0,32.00022939,0.0,0.0,0.0,0.0,0.0,0.0,0.0,8.0,0.0,DDOS attack-LOIC-UDP
-1.0,120000000.0,843673.0,80.0,1018.743776,940280.0,843673.0,119737031.0,981.6094404,3761120.0,3761120.0,32.0,32.0,32.0,1018.743776,981.6094404,32.0,32.0,0.0,0.0,32.00027226,0.0,0.0,0.0,0.0,0.0,0.0,0.0,8.0,0.0,DDOS attack-LOIC-UDP
-1.0,120000000.0,573973.0,80.0,770.0388624,1244400.0,573973.0,119778775.0,1298.644105,4977600.0,4977600.0,32.0,32.0,32.0,770.0388624,1298.644105,32.0,32.0,0.0,0.0,32.00020572,0.0,0.0,0.0,0.0,0.0,0.0,0.0,8.0,0.0,DDOS attack-LOIC-UDP
-1.0,120000000.0,697841.0,80.0,1048.929393,914928.0,697841.0,119960810.0,953.3613519,3659712.0,3659712.0,32.0,32.0,32.0,1048.929393,953.3613519,32.0,32.0,0.0,0.0,32.0002798,0.0,0.0,0.0,0.0,0.0,0.0,0.0,8.0,0.0,DDOS attack-LOIC-UDP
-1.0,110251521.0,680742.7090187826,80.0,871.0037330357466,819819.0,696305.4413787402,119217672.0,930.4641678241793,3353003.0,3502745.0,32.0011848987024,32.00079892524971,32.0,1078.590811200983,1234.3483042994972,32.0,32.00075837357205,0.0,0.0009702715347503435,32.006513936686595,0.0,0.0,0.0,0.0,0.000384207974963503,0.0017804500105628052,1.0114182595809011,8.0,0.0005054596004109763,DDOS attack-LOIC-UDP
-1.0,10700000.0,581343.0,80.0,258.6208095,331472.0,581343.0,10715436.0,3866.758198,1325888.0,1325888.0,32.0,32.0,32.0,258.6208095,3866.758198,32.0,32.0,1.0,0.0,32.00077231,0.0,0.0,0.0,0.0,0.0,0.0,1.0,8.0,0.0,DDOS attack-LOIC-UDP
-1.0,120000000.0,589857.0,80.0,844.7622716,1134176.0,589857.0,119762792.0,1183.773338,4536704.0,4536704.0,32.0,32.0,32.0,844.7622716,1183.773338,32.0,32.0,0.0,0.0,32.00022571,0.0,0.0,0.0,0.0,0.0,0.0,0.0,8.0,0.0,DDOS attack-LOIC-UDP
-1.0,120607739.0,703677.2294771035,80.0,666.1538529723159,582265.0,672867.1929998685,119896291.0,870.6597510905649,3559323.0,3289398.0,32.00098235314501,32.001529969949914,32.0,1045.5512027501982,881.2150365846669,32.0,31.99877633639863,0.0,0.0,31.954109977725437,0.0,0.0,0.0,0.0,0.0,0.0,0.0,8.0,0.0019828505426288043,DDOS attack-LOIC-UDP
-1.0,120000000.0,567585.0,80.0,882.6453546,1083840.0,567585.0,119579910.0,1132.966232,4335360.0,4335360.0,32.0,32.0,32.0,882.6453546,1132.966232,32.0,32.0,0.0,0.0,32.0002362,0.0,0.0,0.0,0.0,0.0,0.0,0.0,8.0,0.0,DDOS attack-LOIC-UDP
-1.0,121150182.0,596773.8921267564,80.0,930.4073903142477,1036891.0,588475.3112875153,0.0,1009.1528439872982,3953950.0,3733030.0,32.00067908148409,32.00188695222121,32.0,916.4807464299664,1136.199794148898,32.0,31.99710027053786,0.0,0.0,32.01035894639178,0.0005735031097580973,0.0,0.0,0.0,0.0,0.002536214497240735,0.01746369962901621,8.0,0.0,DDOS attack-LOIC-UDP
-1.0,120000000.0,584230.0,80.0,949.9935808,1008232.0,584230.0,119725791.0,1052.647044,4032928.0,4032928.0,32.0,32.0,32.0,949.9935808,1052.647044,32.0,32.0,1.0,0.0,32.00025391,0.0,0.0,0.0,0.0,0.0,0.0,1.0,8.0,0.0,DDOS attack-LOIC-UDP
-1.0,120000000.0,641208.0,80.0,900.3304344,1066144.0,641208.0,119984336.0,1110.711652,4264576.0,4264576.0,32.0,32.0,32.0,900.3304344,1110.711652,32.0,32.0,1.0,0.0,32.00024012,0.0,0.0,0.0,0.0,0.0,0.0,1.0,8.0,0.0,DDOS attack-LOIC-UDP
-1.0,120000000.0,897119.0,80.0,1457.662321,657864.0,897119.0,119866488.0,686.0382862,2631456.0,2631456.0,32.0,32.0,32.0,1457.662321,686.0382862,32.0,32.0,0.0,0.0,32.00038914,0.0,0.0,0.0,0.0,0.0,0.0,0.0,8.0,0.0,DDOS attack-LOIC-UDP
-1.0,120000000.0,618035.0,80.0,696.4778616,1375720.0,618035.0,119769119.0,1435.804166,5502880.0,5502880.0,32.0,32.0,32.0,696.4778616,1435.804166,32.0,32.0,0.0,0.0,32.00018608,0.0,0.0,0.0,0.0,0.0,0.0,0.0,8.0,0.0,DDOS attack-LOIC-UDP
-1.0,120000000.0,621098.0,80.0,956.4847846,1001096.0,621098.0,119690680.0,1045.503292,4004384.0,4004384.0,32.0,32.0,32.0,956.4847846,1045.503292,32.0,32.0,0.0,0.0,32.00025572,0.0,0.0,0.0,0.0,0.0,0.0,0.0,8.0,0.0,DDOS attack-LOIC-UDP
-1.0,120000000.0,628104.0,80.0,962.9649076,995096.0,628104.0,119779353.0,1038.46779,3980384.0,3980384.0,32.0,32.0,32.0,962.9649076,1038.46779,32.0,32.0,0.0,0.0,32.00025726,0.0,0.0,0.0,0.0,0.0,0.0,0.0,8.0,0.0,DDOS attack-LOIC-UDP
-1.0,90800000.0,620144.0,80.0,992.5592048,731976.0,620144.0,90815197.0,1007.507587,2927904.0,2927904.0,32.0,32.0,32.0,992.5592048,1007.507587,32.0,32.0,0.0,0.0,32.00034974,0.0,0.0,0.0,0.0,0.0,0.0,0.0,8.0,0.0,DDOS attack-LOIC-UDP
-1.0,120000000.0,669738.0,80.0,990.0794799,967800.0,669738.0,119773875.0,1010.028272,3871200.0,3871200.0,32.0,32.0,32.0,990.0794799,1010.028272,32.0,32.0,0.0,0.0,32.00026452,0.0,0.0,0.0,0.0,0.0,0.0,0.0,8.0,0.0,DDOS attack-LOIC-UDP
-1.0,120000000.0,888720.0,80.0,1243.846467,769408.0,888720.0,119626934.0,803.9661035,3077632.0,3077632.0,32.0,32.0,32.0,1243.846467,803.9661035,32.0,32.0,0.0,0.0,32.00033272,0.0,0.0,0.0,0.0,0.0,0.0,0.0,8.0,0.0,DDOS attack-LOIC-UDP
-1.0,120000000.0,670104.0,80.0,862.4327696,1112600.0,670104.0,119941975.0,1159.519009,4450400.0,4450400.0,32.0,32.0,32.0,862.4327696,1159.519009,32.0,32.0,0.0,0.0,32.00023009,0.0,0.0,0.0,0.0,0.0,0.0,0.0,8.0,0.0,DDOS attack-LOIC-UDP
-1.0,121240210.0,646642.4464672605,80.0,757.2665099699396,1063242.0,604664.2117752774,118793171.0,1273.9378270923312,3056504.0,3803494.0,32.00137436838595,32.00183652833507,32.0,836.7843565198657,534.3140929931126,32.0,32.00015675028189,0.0,0.0008951653995053828,32.0053188372435,0.0,0.0,0.0,0.0,0.0,0.0,0.0,8.0,0.0,DDOS attack-LOIC-UDP
-1.0,120000000.0,656140.0,80.0,880.5753322,1087936.0,656140.0,119750320.0,1135.629533,4351744.0,4351744.0,32.0,32.0,32.0,880.5753322,1135.629533,32.0,32.0,0.0,0.0,32.00023531,0.0,0.0,0.0,0.0,0.0,0.0,0.0,8.0,0.0,DDOS attack-LOIC-UDP
-1.0,120000000.0,591420.0,80.0,545.7850258,1756312.0,591420.0,119820553.0,1832.23157,7025248.0,7025248.0,32.0,32.0,32.0,545.7850258,1832.23157,32.0,32.0,0.0,0.0,32.00014576,0.0,0.0,0.0,0.0,0.0,0.0,0.0,8.0,0.0,DDOS attack-LOIC-UDP
-1.0,120000000.0,819823.0,80.0,1201.489939,797936.0,819823.0,119837808.0,832.3082812,3191744.0,3191744.0,32.0,32.0,32.0,1201.489939,832.3082812,32.0,32.0,0.0,0.0,32.00032083,0.0,0.0,0.0,0.0,0.0,0.0,0.0,8.0,0.0,DDOS attack-LOIC-UDP
-1.0,120000000.0,627941.0,80.0,837.468075,1146320.0,627941.0,119999963.0,1194.083702,4585280.0,4585280.0,32.0,32.0,32.0,837.468075,1194.083702,32.0,32.0,0.0,0.0,32.00022332,0.0,0.0,0.0,0.0,0.0,0.0,0.0,8.0,0.0,DDOS attack-LOIC-UDP
-1.0,120647524.0,804021.451998485,80.0,903.8868193421688,882309.0,620505.8751709684,119927866.0,830.3025866806521,3547048.0,3155694.0,32.00080317060681,31.998009141366477,32.0,1273.2235233729016,2244.4870528960196,32.0,31.999301803773402,0.006819190101624218,0.0,31.985109484347184,0.0,0.0,0.0,0.0,0.0001161557565119996,0.00040000763168081743,0.0,8.0,0.001117138153302512,DDOS attack-LOIC-UDP
-1.0,120000000.0,630683.0,80.0,837.0361785,1144112.0,630683.0,119707055.0,1194.699845,4576448.0,4576448.0,32.0,32.0,32.0,837.0361785,1194.699845,32.0,32.0,0.0,0.0,32.00022375,0.0,0.0,0.0,0.0,0.0,0.0,0.0,8.0,0.0,DDOS attack-LOIC-UDP
-1.0,120032909.0,805888.4637154589,80.0,1078.6622751328957,958413.0,617201.3122917078,119602367.0,800.6036699561428,3878554.0,1998540.0,32.00022543036242,31.999534788799153,32.0,853.6306205084916,1009.6258587560962,32.0,32.00004075756342,0.0017798110067804398,0.002212046320090802,32.017296453984244,0.0,0.0,0.0,0.0,0.0017441542362096254,0.0021430588353265052,0.0,8.0,0.0,DDOS attack-LOIC-UDP
-1.0,120000000.0,651756.0,80.0,978.4447722,979008.0,651756.0,119737179.0,1022.038443,3916032.0,3916032.0,32.0,32.0,32.0,978.4447722,1022.038443,32.0,32.0,0.0,0.0,32.00026149,0.0,0.0,0.0,0.0,0.0,0.0,0.0,8.0,0.0,DDOS attack-LOIC-UDP
-1.0,120000000.0,634035.0,80.0,878.5950945,1091344.0,634035.0,119855307.0,1138.189067,4365376.0,4365376.0,32.0,32.0,32.0,878.5950945,1138.189067,32.0,32.0,0.0,0.0,32.00023457,0.0,0.0,0.0,0.0,0.0,0.0,0.0,8.0,0.0,DDOS attack-LOIC-UDP
-1.0,120000000.0,602186.0,80.0,1001.022365,956488.0,602186.0,119682234.0,998.9870343,3825952.0,3825952.0,32.0,32.0,32.0,1001.022365,998.9870343,32.0,32.0,0.0,0.0,32.00026765,0.0,0.0,0.0,0.0,0.0,0.0,0.0,8.0,0.0,DDOS attack-LOIC-UDP
-1.0,120000000.0,691236.0,80.0,1063.418933,900256.0,691236.0,119667596.0,940.3715271,3601024.0,3601024.0,32.0,32.0,32.0,1063.418933,940.3715271,32.0,32.0,0.0,0.0,32.00028436,0.0,0.0,0.0,0.0,0.0,0.0,0.0,8.0,0.0,DDOS attack-LOIC-UDP
-1.0,120000000.0,636871.0,80.0,1040.691697,921440.0,636871.0,119865829.0,960.9077162,3685760.0,3685760.0,32.0,32.0,32.0,1040.691697,960.9077162,32.0,32.0,0.0,0.0,32.00027783,0.0,0.0,0.0,0.0,0.0,0.0,0.0,8.0,0.0,DDOS attack-LOIC-UDP
-1.0,120461812.0,872504.0855713687,80.0,921.7373406307366,772159.0,766811.8730800963,95914176.0,1129.4155479442547,2070157.0,3320478.0,32.00232242691538,32.00045271414726,32.0,1347.7248548897962,1253.8638418254927,32.0,32.001031549618816,0.0,0.0,32.01040979935705,0.0,0.0,0.0,0.0,0.0,0.00022873759814215754,0.0,8.0,0.0007980969847176934,DDOS attack-LOIC-UDP
-1.0,121664848.0,575459.2892343588,80.0,445.09328964474247,869802.0,655317.4755141279,118990917.0,960.6034769647058,4350328.0,3963163.0,32.0005080598079,31.998298710458286,32.0,1000.7261356208228,976.9083159341614,32.0,31.998814199089953,0.0,0.0,32.03807129769134,0.0001944129079756491,0.0,0.0,0.0,0.0,6.665535664400291e-05,0.0,8.0,0.0007780757445718797,DDOS attack-LOIC-UDP
-1.0,120000000.0,584389.0,80.0,829.4638549,1157232.0,584389.0,119984435.0,1205.606377,4628928.0,4628928.0,32.0,32.0,32.0,829.4638549,1205.606377,32.0,32.0,0.0,0.0,32.00022122,0.0,0.0,0.0,0.0,0.0,0.0,0.0,8.0,0.0,DDOS attack-LOIC-UDP
