Init Fwd Win Byts,Fwd IAT Tot,Fwd IAT Max,Dst Port,Fwd IAT Mean,Fwd Header Len,Flow IAT Max,Flow Duration,Fwd Pkts/s,TotLen Fwd Pkts,Subflow Fwd Byts,Fwd Pkt Len Mean,Fwd Seg Size Avg,Fwd Pkt Len Max,Flow IAT Mean,Flow Pkts/s,Pkt Len Max,Pkt Len Mean,Fwd IAT Min,Bwd Pkt Len Mean,Pkt Size Avg,Bwd Seg Size Avg,Bwd Pkt Len Max,TotLen Bwd Pkts,Subflow Bwd Byts,Pkt Len Var,Pkt Len Std,Flow IAT Min,Fwd Seg Size Min,Fwd Pkt Len Std,Label
8192,340,296,80,170.0,72,1804887,1805257,1.661813249,20,20,6.666666667,6.666666667,20,300876.1667,3.877564247,964,123.0,44,241.0,140.5714286,241.0,964,964,964,115523.4286,339.8873763,5,20,11.54700538,DDoS attacks-LOIC-HTTP
2049,14900000,14900000,80,14900000.0,40,14900000,14852970,0.134653204,0,0,0.0,0.0,0,14900000.0,0.134653204,0,0.0,14900000,0.0,0.0,0.0,0,0,0,0.0,0.0,14900000,20,0.0,DDoS attacks-LOIC-HTTP
2049,9764797,9764797,80,9764797.0,40,9764797,9764797,0.204817366,0,0,0.0,0.0,0,9764797.0,0.204817366,0,0.0,9764797,0.0,0.0,0.0,0,0,0,0.0,0.0,9764797,20,0.0,DDoS attacks-LOIC-HTTP
8192,358,356,80,179.0,72,1275778,1276166,2.350791355,20,20,6.666666667,6.666666667,20,212694.3333,5.485179828,964,123.0,2,241.0,140.5714286,241.0,964,964,964,115523.4286,339.8873763,2,20,11.54700538,DDoS attacks-LOIC-HTTP
2049,29900000,29900000,80,29900000.0,40,29900000,29882882,0.066927949,0,0,0.0,0.0,0,29900000.0,0.066927949,0,0.0,29900000,0.0,0.0,0.0,0,0,0,0.0,0.0,29900000,20,0.0,DDoS attacks-LOIC-HTTP
2049,28000000,28000000,80,28000000.0,40,28000000,28020539,0.071376214,0,0,0.0,0.0,0,28000000.0,0.071376214,0,0.0,28000000,0.0,0.0,0.0,0,0,0,0.0,0.0,28000000,20,0.0,DDoS attacks-LOIC-HTTP
8192,1674,1386,80,837.0,72,1143016,1144713,2.620744239,20,20,6.666666667,6.666666667,20,190785.5,6.115069891,964,123.0,288,241.0,140.5714286,241.0,964,964,964,115523.4286,339.8873763,3,20,11.54700538,DDoS attacks-LOIC-HTTP
252,13000000,13000000,80,13000000.0,40,13000000,12981961,0.15405993,0,0,0.0,0.0,0,13000000.0,0.15405993,0,0.0,13000000,0.0,0.0,0.0,0,0,0,0.0,0.0,13000000,20,0.0,DDoS attacks-LOIC-HTTP
2049,20900000,20900000,80,20900000.0,40,20900000,20945803,0.095484523,0,0,0.0,0.0,0,20900000.0,0.095484523,0,0.0,20900000,0.0,0.0,0.0,0,0,0,0.0,0.0,20900000,20,0.0,DDoS attacks-LOIC-HTTP
2049,29900000,29900000,80,29900000.0,40,29900000,29911289,0.066864387,0,0,0.0,0.0,0,29900000.0,0.066864387,0,0.0,29900000,0.0,0.0,0.0,0,0,0,0.0,0.0,29900000,20,0.0,DDoS attacks-LOIC-HTTP
8192,404,402,80,202.0,72,742728,743168,4.036772305,20,20,6.666666667,6.666666667,20,123861.3333,9.419135377,964,123.0,2,241.0,140.5714286,241.0,964,964,964,115523.4286,339.8873763,2,20,11.54700538,DDoS attacks-LOIC-HTTP
2049,23000000,23000000,80,23000000.0,40,23000000,22985897,0.087009874,0,0,0.0,0.0,0,23000000.0,0.087009874,0,0.0,23000000,0.0,0.0,0.0,0,0,0,0.0,0.0,23000000,20,0.0,DDoS attacks-LOIC-HTTP
8192,378,342,80,189.0,72,1589536,1589958,1.886842294,20,20,6.666666667,6.666666667,20,264993.0,4.402632019,964,123.0,36,241.0,140.5714286,241.0,964,964,964,115523.4286,339.8873763,4,20,11.54700538,DDoS attacks-LOIC-HTTP
2049,20500000,20500000,80,20500000.0,40,20500000,20545128,0.09734668,0,0,0.0,0.0,0,20500000.0,0.09734668,0,0.0,20500000,0.0,0.0,0.0,0,0,0,0.0,0.0,20500000,20,0.0,DDoS attacks-LOIC-HTTP
8192,394,340,80,197.0,72,1114403,1114827,2.691000487,20,20,6.666666667,6.666666667,20,185804.5,6.279001136,964,123.0,54,241.0,140.5714286,241.0,964,964,964,115523.4286,339.8873763,4,20,11.54700538,DDoS attacks-LOIC-HTTP
8192,312,309,80,156.0,72,1448931,1449275,2.070000518,20,20,6.666666667,6.666666667,20,241545.8333,4.830001208,964,123.0,3,241.0,140.5714286,241.0,964,964,964,115523.4286,339.8873763,3,20,11.54700538,DDoS attacks-LOIC-HTTP
2049,38700000,38700000,80,38700000.0,40,38700000,38701264,0.051677899,0,0,0.0,0.0,0,38700000.0,0.051677899,0,0.0,38700000,0.0,0.0,0.0,0,0,0,0.0,0.0,38700000,20,0.0,DDoS attacks-LOIC-HTTP
2049,15900000,15900000,80,15900000.0,40,15900000,15939519,0.125474301,0,0,0.0,0.0,0,15900000.0,0.125474301,0,0.0,15900000,0.0,0.0,0.0,0,0,0,0.0,0.0,15900000,20,0.0,DDoS attacks-LOIC-HTTP
8192,349,312,80,174.5,72,1529235,1529618,1.961273991,20,20,6.666666667,6.666666667,20,254936.3333,4.57630598,964,123.0,37,241.0,140.5714286,241.0,964,964,964,115523.4286,339.8873763,11,20,11.54700538,DDoS attacks-LOIC-HTTP
2049,36700000,36700000,80,36700000.0,40,36700000,36685150,0.054517973,0,0,0.0,0.0,0,36700000.0,0.054517973,0,0.0,36700000,0.0,0.0,0.0,0,0,0,0.0,0.0,36700000,20,0.0,DDoS attacks-LOIC-HTTP
8192,435,398,80,217.5,72,913081,913561,3.283852967,20,20,6.666666667,6.666666667,20,152260.1667,7.662323589,964,123.0,37,241.0,140.5714286,241.0,964,964,964,115523.4286,339.8873763,7,20,11.54700538,DDoS attacks-LOIC-HTTP
2049,20500000,20500000,80,20500000.0,40,20500000,20474030,0.097684725,0,0,0.0,0.0,0,20500000.0,0.097684725,0,0.0,20500000,0.0,0.0,0.0,0,0,0,0.0,0.0,20500000,20,0.0,DDoS attacks-LOIC-HTTP
2049,23700000,23700000,80,23700000.0,40,23700000,23722849,0.084306906,0,0,0.0,0.0,0,23700000.0,0.084306906,0,0.0,23700000,0.0,0.0,0.0,0,0,0,0.0,0.0,23700000,20,0.0,DDoS attacks-LOIC-HTTP
8192,349,341,80,174.5,72,1045413,1045787,2.868652986,20,20,6.666666667,6.666666667,20,174297.8333,6.693523633,964,123.0,8,241.0,140.5714286,241.0,964,964,964,115523.4286,339.8873763,5,20,11.54700538,DDoS attacks-LOIC-HTTP
8192,288,285,80,144.0,72,1398176,1398510,2.145140185,20,20,6.666666667,6.666666667,20,233085.0,5.005327098,964,123.0,3,241.0,140.5714286,241.0,964,964,964,115523.4286,339.8873763,3,20,11.54700538,DDoS attacks-LOIC-HTTP
8192,362,361,80,181.0,72,1747889,1748281,1.715971288,20,20,6.666666667,6.666666667,20,291380.1667,4.003933006,964,123.0,1,241.0,140.5714286,241.0,964,964,964,115523.4286,339.8873763,1,20,11.54700538,DDoS attacks-LOIC-HTTP
2049,13600000,13600000,80,13600000.0,40,13600000,13631685,0.146717005,0,0,0.0,0.0,0,13600000.0,0.146717005,0,0.0,13600000,0.0,0.0,0.0,0,0,0,0.0,0.0,13600000,20,0.0,DDoS attacks-LOIC-HTTP
8192,402,401,80,201.0,72,881996,882431,3.39969924,20,20,6.666666667,6.666666667,20,147071.8333,7.93263156,964,123.0,1,241.0,140.5714286,241.0,964,964,964,115523.4286,339.8873763,1,20,11.54700538,DDoS attacks-LOIC-HTTP
8192,339,323,80,169.5,72,1175480,1175851,2.551343665,20,20,6.666666667,6.666666667,20,195975.1667,5.953135219,964,123.0,16,241.0,140.5714286,241.0,964,964,964,115523.4286,339.8873763,4,20,11.54700538,DDoS attacks-LOIC-HTTP
8192,405,403,80,202.5,72,780094,780528,3.843552057,20,20,6.666666667,6.666666667,20,130088.0,8.968288133,964,123.0,2,241.0,140.5714286,241.0,964,964,964,115523.4286,339.8873763,2,20,11.54700538,DDoS attacks-LOIC-HTTP
8192,308,305,80,154.0,72,885928,886282,3.384927145,20,20,6.666666667,6.666666667,20,147713.6667,7.898163339,964,123.0,3,241.0,140.5714286,241.0,964,964,964,115523.4286,339.8873763,3,20,11.54700538,DDoS attacks-LOIC-HTTP
8192,425,400,80,212.5,72,781906,782365,3.834527363,20,20,6.666666667,6.666666667,20,130394.1667,8.947230513,964,123.0,25,241.0,140.5714286,241.0,964,964,964,115523.4286,339.8873763,11,20,11.54700538,DDoS attacks-LOIC-HTTP
2049,30100000,30100000,80,30100000.0,40,30100000,30128112,0.066383184,0,0,0.0,0.0,0,30100000.0,0.066383184,0,0.0,30100000,0.0,0.0,0.0,0,0,0,0.0,0.0,30100000,20,0.0,DDoS attacks-LOIC-HTTP
8192,289,252,80,144.5,72,1397336,1397650,2.14646013,20,20,6.666666667,6.666666667,20,232941.6667,5.008406969,964,123.0,37,241.0,140.5714286,241.0,964,964,964,115523.4286,339.8873763,3,20,11.54700538,DDoS attacks-LOIC-HTTP
8192,319,284,80,159.5,72,1770727,1771075,1.693886481,20,20,6.666666667,6.666666667,20,295179.1667,3.95240179,964,123.0,35,241.0,140.5714286,241.0,964,964,964,115523.4286,339.8873763,7,20,11.54700538,DDoS attacks-LOIC-HTTP
8192,2124,1825,80,1062.0,72,1529415,1531575,1.958767935,20,20,6.666666667,6.666666667,20,255262.5,4.570458515,964,123.0,299,241.0,140.5714286,241.0,964,964,964,115523.4286,339.8873763,5,20,11.54700538,DDoS attacks-LOIC-HTTP
8192,1349,978,80,674.5,72,1403246,1404635,2.135786165,20,20,6.666666667,6.666666667,20,234105.8333,4.983501052,964,123.0,371,241.0,140.5714286,241.0,964,964,964,115523.4286,339.8873763,18,20,11.54700538,DDoS attacks-LOIC-HTTP
2049,24700000,24700000,80,24700000.0,40,24700000,24731193,0.080869532,0,0,0.0,0.0,0,24700000.0,0.080869532,0,0.0,24700000,0.0,0.0,0.0,0,0,0,0.0,0.0,24700000,20,0.0,DDoS attacks-LOIC-HTTP
2049,14000000,14000000,80,14000000.0,40,14000000,13967646,0.14318805,0,0,0.0,0.0,0,14000000.0,0.14318805,0,0.0,14000000,0.0,0.0,0.0,0,0,0,0.0,0.0,14000000,20,0.0,DDoS attacks-LOIC-HTTP
2049,2254546,2254546,80,2254546.0,40,2254546,2254546,0.88709656,0,0,0.0,0.0,0,2254546.0,0.88709656,0,0.0,2254546,0.0,0.0,0.0,0,0,0,0.0,0.0,2254546,20,0.0,DDoS attacks-LOIC-HTTP
2049,35500000,35500000,80,35500000.0,40,35500000,35495800,0.056344694,0,0,0.0,0.0,0,35500000.0,0.056344694,0,0.0,35500000,0.0,0.0,0.0,0,0,0,0.0,0.0,35500000,20,0.0,DDoS attacks-LOIC-HTTP
8192,362,326,80,181.0,72,1774857,1775250,1.689902831,20,20,6.666666667,6.666666667,20,295875.0,3.943106605,964,123.0,36,241.0,140.5714286,241.0,964,964,964,115523.4286,339.8873763,4,20,11.54700538,DDoS attacks-LOIC-HTTP
2049,5145556,5145556,80,5145556.0,40,5145556,5145556,0.388684916,0,0,0.0,0.0,0,5145556.0,0.388684916,0,0.0,5145556,0.0,0.0,0.0,0,0,0,0.0,0.0,5145556,20,0.0,DDoS attacks-LOIC-HTTP
8192,296,294,80,148.0,72,992143,992476,3.022743119,20,20,6.666666667,6.666666667,20,165412.6667,7.053067278,964,123.0,2,241.0,140.5714286,241.0,964,964,964,115523.4286,339.8873763,2,20,11.54700538,DDoS attacks-LOIC-HTTP
2049,21700000,21700000,80,21700000.0,40,21700000,21713836,0.092107171,0,0,0.0,0.0,0,21700000.0,0.092107171,0,0.0,21700000,0.0,0.0,0.0,0,0,0,0.0,0.0,21700000,20,0.0,DDoS attacks-LOIC-HTTP
252,31600000,31600000,80,31600000.0,40,31600000,31551123,0.063389186,0,0,0.0,0.0,0,31600000.0,0.063389186,0,0.0,31600000,0.0,0.0,0.0,0,0,0,0.0,0.0,31600000,20,0.0,DDoS attacks-LOIC-HTTP
2049,22300000,22300000,80,22300000.0,40,22300000,22324449,0.089587877,0,0,0.0,0.0,0,22300000.0,0.089587877,0,0.0,22300000,0.0,0.0,0.0,0,0,0,0.0,0.0,22300000,20,0.0,DDoS attacks-LOIC-HTTP
8192,395,375,80,197.5,72,1704240,1704664,1.759877606,20,20,6.666666667,6.666666667,20,284110.6667,4.106381082,964,123.0,20,241.0,140.5714286,241.0,964,964,964,115523.4286,339.8873763,4,20,11.54700538,DDoS attacks-LOIC-HTTP
2049,20600000,20600000,80,20600000.0,40,20600000,20579324,0.097184922,0,0,0.0,0.0,0,20600000.0,0.097184922,0,0.0,20600000,0.0,0.0,0.0,0,0,0,0.0,0.0,20600000,20,0.0,DDoS attacks-LOIC-HTTP
2049,24300000,24300000,80,24300000.0,40,24300000,24325764,0.082217356,0,0,0.0,0.0,0,24300000.0,0.082217356,0,0.0,24300000,0.0,0.0,0.0,0,0,0,0.0,0.0,24300000,20,0.0,DDoS attacks-LOIC-HTTP
8192,2269,1962,80,1134.5,72,1338443,1340744,2.237563621,20,20,6.666666667,6.666666667,20,223457.3333,5.220981783,964,123.0,307,241.0,140.5714286,241.0,964,964,964,115523.4286,339.8873763,4,20,11.54700538,DDoS attacks-LOIC-HTTP
8192,413,411,80,206.5,72,1432867,1433309,2.093058789,20,20,6.666666667,6.666666667,20,238884.8333,4.883803841,964,123.0,2,241.0,140.5714286,241.0,964,964,964,115523.4286,339.8873763,2,20,11.54700538,DDoS attacks-LOIC-HTTP
8192,551,550,80,275.5,72,1500875,1501467,1.998045911,20,20,6.666666667,6.666666667,20,250244.5,4.662107126,964,123.0,1,241.0,140.5714286,241.0,964,964,964,115523.4286,339.8873763,1,20,11.54700538,DDoS attacks-LOIC-HTTP
2049,17100000,17100000,80,17100000.0,40,17100000,17138037,0.11669948,0,0,0.0,0.0,0,17100000.0,0.11669948,0,0.0,17100000,0.0,0.0,0.0,0,0,0,0.0,0.0,17100000,20,0.0,DDoS attacks-LOIC-HTTP
8192,351,306,80,175.5,72,1436160,1436555,2.088329371,20,20,6.666666667,6.666666667,20,239425.8333,4.872768533,964,123.0,45,241.0,140.5714286,241.0,964,964,964,115523.4286,339.8873763,6,20,11.54700538,DDoS attacks-LOIC-HTTP
2049,9401582,9401582,80,9401582.0,40,9401582,9401582,0.212730155,0,0,0.0,0.0,0,9401582.0,0.212730155,0,0.0,9401582,0.0,0.0,0.0,0,0,0,0.0,0.0,9401582,20,0.0,DDoS attacks-LOIC-HTTP
8192,376,375,80,188.0,72,1319459,1319864,2.272961457,20,20,6.666666667,6.666666667,20,219977.3333,5.303576732,964,123.0,1,241.0,140.5714286,241.0,964,964,964,115523.4286,339.8873763,1,20,11.54700538,DDoS attacks-LOIC-HTTP
2049,7847686,7847686,80,7847686.0,40,7847686,7847686,0.254852195,0,0,0.0,0.0,0,7847686.0,0.254852195,0,0.0,7847686,0.0,0.0,0.0,0,0,0,0.0,0.0,7847686,20,0.0,DDoS attacks-LOIC-HTTP
2049,22800000,22800000,80,22800000.0,40,22800000,22763427,0.087860233,0,0,0.0,0.0,0,22800000.0,0.087860233,0,0.0,22800000,0.0,0.0,0.0,0,0,0,0.0,0.0,22800000,20,0.0,DDoS attacks-LOIC-HTTP
2049,23500000,23500000,80,23500000.0,40,23500000,23467343,0.085224816,0,0,0.0,0.0,0,23500000.0,0.085224816,0,0.0,23500000,0.0,0.0,0.0,0,0,0,0.0,0.0,23500000,20,0.0,DDoS attacks-LOIC-HTTP
8192,316,313,80,158.0,72,1011888,1012234,2.963741585,20,20,6.666666667,6.666666667,20,168705.6667,6.915397033,964,123.0,3,241.0,140.5714286,241.0,964,964,964,115523.4286,339.8873763,3,20,11.54700538,DDoS attacks-LOIC-HTTP
8192,339,330,80,169.5,72,1432868,1433242,2.093156634,20,20,6.666666667,6.666666667,20,238873.6667,4.884032145,964,123.0,9,241.0,140.5714286,241.0,964,964,964,115523.4286,339.8873763,6,20,11.54700538,DDoS attacks-LOIC-HTTP
2049,8359221,8359221,80,8359221.0,40,8359221,8359221,0.239256744,0,0,0.0,0.0,0,8359221.0,0.239256744,0,0.0,8359221,0.0,0.0,0.0,0,0,0,0.0,0.0,8359221,20,0.0,DDoS attacks-LOIC-HTTP
2049,35700000,35700000,80,35700000.0,40,35700000,35737968,0.055962891,0,0,0.0,0.0,0,35700000.0,0.055962891,0,0.0,35700000,0.0,0.0,0.0,0,0,0,0.0,0.0,35700000,20,0.0,DDoS attacks-LOIC-HTTP
8192,365,363,80,182.5,72,812836,813227,3.689006882,20,20,6.666666667,6.666666667,20,135537.8333,8.607682726,964,123.0,2,241.0,140.5714286,241.0,964,964,964,115523.4286,339.8873763,2,20,11.54700538,DDoS attacks-LOIC-HTTP
2049,25300000,25300000,80,25300000.0,40,25300000,25291107,0.07907918,0,0,0.0,0.0,0,25300000.0,0.07907918,0,0.0,25300000,0.0,0.0,0.0,0,0,0,0.0,0.0,25300000,20,0.0,DDoS attacks-LOIC-HTTP
8192,380,370,80,190.0,72,986815,987224,3.038824016,20,20,6.666666667,6.666666667,20,164537.3333,7.09058937,964,123.0,10,241.0,140.5714286,241.0,964,964,964,115523.4286,339.8873763,10,20,11.54700538,DDoS attacks-LOIC-HTTP
2049,28600000,28600000,80,28600000.0,40,28600000,28632230,0.069851353,0,0,0.0,0.0,0,28600000.0,0.069851353,0,0.0,28600000,0.0,0.0,0.0,0,0,0,0.0,0.0,28600000,20,0.0,DDoS attacks-LOIC-HTTP
8192,1423,1155,80,711.5,72,1422581,1424036,2.106688314,20,20,6.666666667,6.666666667,20,237339.3333,4.915606066,964,123.0,268,241.0,140.5714286,241.0,964,964,964,115523.4286,339.8873763,10,20,11.54700538,DDoS attacks-LOIC-HTTP
2049,19600000,19600000,80,19600000.0,40,19600000,19590615,0.1020897,0,0,0.0,0.0,0,19600000.0,0.1020897,0,0.0,19600000,0.0,0.0,0.0,0,0,0,0.0,0.0,19600000,20,0.0,DDoS attacks-LOIC-HTTP
2049,14600000,14600000,80,14600000.0,40,14600000,14552110,0.137437114,0,0,0.0,0.0,0,14600000.0,0.137437114,0,0.0,14600000,0.0,0.0,0.0,0,0,0,0.0,0.0,14600000,20,0.0,DDoS attacks-LOIC-HTTP
8192,309,282,80,154.5,72,1107847,1108198,2.707097468,20,20,6.666666667,6.666666667,20,184699.6667,6.316560759,964,123.0,27,241.0,140.5714286,241.0,964,964,964,115523.4286,339.8873763,12,20,11.54700538,DDoS attacks-LOIC-HTTP
2049,9568149,9568149,80,9568149.0,40,9568149,9568149,0.209026845,0,0,0.0,0.0,0,9568149.0,0.209026845,0,0.0,9568149,0.0,0.0,0.0,0,0,0,0.0,0.0,9568149,20,0.0,DDoS attacks-LOIC-HTTP
8192,347,317,80,173.5,72,1278786,1279173,2.345265261,20,20,6.666666667,6.666666667,20,213195.5,5.47228561,964,123.0,30,241.0,140.5714286,241.0,964,964,964,115523.4286,339.8873763,7,20,11.54700538,DDoS attacks-LOIC-HTTP
2049,14700000,14700000,80,14700000.0,40,14700000,14705943,0.135999439,0,0,0.0,0.0,0,14700000.0,0.135999439,0,0.0,14700000,0.0,0.0,0.0,0,0,0,0.0,0.0,14700000,20,0.0,DDoS attacks-LOIC-HTTP
8192,311,301,80,155.5,72,1373985,1374335,2.182873899,20,20,6.666666667,6.666666667,20,229055.8333,5.093372431,964,123.0,10,241.0,140.5714286,241.0,964,964,964,115523.4286,339.8873763,4,20,11.54700538,DDoS attacks-LOIC-HTTP
8192,309,308,80,154.5,72,1428235,1428598,2.099960941,20,20,6.666666667,6.666666667,20,238099.6667,4.899908862,964,123.0,1,241.0,140.5714286,241.0,964,964,964,115523.4286,339.8873763,1,20,11.54700538,DDoS attacks-LOIC-HTTP
8192,301,300,80,150.5,72,1551625,1551956,1.933044494,20,20,6.666666667,6.666666667,20,258659.3333,4.510437152,964,123.0,1,241.0,140.5714286,241.0,964,964,964,115523.4286,339.8873763,1,20,11.54700538,DDoS attacks-LOIC-HTTP
8192,393,338,80,196.5,72,1635116,1635558,1.834236389,20,20,6.666666667,6.666666667,20,272593.0,4.279884908,964,123.0,55,241.0,140.5714286,241.0,964,964,964,115523.4286,339.8873763,4,20,11.54700538,DDoS attacks-LOIC-HTTP
2049,9538611,9538611,80,9538611.0,40,9538611,9538611,0.209674134,0,0,0.0,0.0,0,9538611.0,0.209674134,0,0.0,9538611,0.0,0.0,0.0,0,0,0,0.0,0.0,9538611,20,0.0,DDoS attacks-LOIC-HTTP
2049,3980253,3980253,80,3980253.0,40,3980253,3980253,0.502480621,0,0,0.0,0.0,0,3980253.0,0.502480621,0,0.0,3980253,0.0,0.0,0.0,0,0,0,0.0,0.0,3980253,20,0.0,DDoS attacks-LOIC-HTTP
8192,1776,1342,80,888.0,72,1008431,1010257,2.969541414,20,20,6.666666667,6.666666667,20,168376.1667,6.928929965,964,123.0,434,241.0,140.5714286,241.0,964,964,964,115523.4286,339.8873763,2,20,11.54700538,DDoS attacks-LOIC-HTTP
8192,319,303,80,159.5,72,1149148,1149503,2.60982355,20,20,6.666666667,6.666666667,20,191583.8333,6.089588283,964,123.0,16,241.0,140.5714286,241.0,964,964,964,115523.4286,339.8873763,7,20,11.54700538,DDoS attacks-LOIC-HTTP
8192,497,449,80,248.5,72,988394,988948,3.033526535,20,20,6.666666667,6.666666667,20,164824.6667,7.078228582,964,123.0,48,241.0,140.5714286,241.0,964,964,964,115523.4286,339.8873763,10,20,11.54700538,DDoS attacks-LOIC-HTTP
8192,318,315,80,159.0,72,1458162,1458515,2.056886628,20,20,6.666666667,6.666666667,20,243085.8333,4.799402132,964,123.0,3,241.0,140.5714286,241.0,964,964,964,115523.4286,339.8873763,3,20,11.54700538,DDoS attacks-LOIC-HTTP
8192,452,396,80,226.0,72,945586,946066,3.171026123,20,20,6.666666667,6.666666667,20,157677.6667,7.399060953,964,123.0,56,241.0,140.5714286,241.0,964,964,964,115523.4286,339.8873763,6,20,11.54700538,DDoS attacks-LOIC-HTTP
8192,1651,1379,80,825.5,72,702806,704494,4.258375515,20,20,6.666666667,6.666666667,20,117415.6667,9.936209535,964,123.0,272,241.0,140.5714286,241.0,964,964,964,115523.4286,339.8873763,6,20,11.54700538,DDoS attacks-LOIC-HTTP
2049,34600000,34600000,80,34600000.0,40,34600000,34629313,0.057754539,0,0,0.0,0.0,0,34600000.0,0.057754539,0,0.0,34600000,0.0,0.0,0.0,0,0,0,0.0,0.0,34600000,20,0.0,DDoS attacks-LOIC-HTTP
8192,326,325,80,163.0,72,1272717,1273068,2.356511985,20,20,6.666666667,6.666666667,20,212178.0,5.498527966,964,123.0,1,241.0,140.5714286,241.0,964,964,964,115523.4286,339.8873763,1,20,11.54700538,DDoS attacks-LOIC-HTTP
8192,408,302,80,204.0,72,1064544,1064997,2.816909343,20,20,6.666666667,6.666666667,20,177499.5,6.572788468,964,123.0,106,241.0,140.5714286,241.0,964,964,964,115523.4286,339.8873763,5,20,11.54700538,DDoS attacks-LOIC-HTTP
252,8683268,8683268,80,8683268.0,40,8683268,8683268,0.230328029,0,0,0.0,0.0,0,8683268.0,0.230328029,0,0.0,8683268,0.0,0.0,0.0,0,0,0,0.0,0.0,8683268,20,0.0,DDoS attacks-LOIC-HTTP
8192,354,312,80,177.0,72,1654116,1654499,1.813237723,20,20,6.666666667,6.666666667,20,275749.8333,4.230888021,964,123.0,42,241.0,140.5714286,241.0,964,964,964,115523.4286,339.8873763,5,20,11.54700538,DDoS attacks-LOIC-HTTP
8192,275,274,80,137.5,72,1541846,1542148,1.94533858,20,20,6.666666667,6.666666667,20,257024.6667,4.539123353,964,123.0,1,241.0,140.5714286,241.0,964,964,964,115523.4286,339.8873763,1,20,11.54700538,DDoS attacks-LOIC-HTTP
8192,380,372,80,190.0,72,997780,998189,3.005442857,20,20,6.666666667,6.666666667,20,166364.8333,7.0127,964,123.0,8,241.0,140.5714286,241.0,964,964,964,115523.4286,339.8873763,5,20,11.54700538,DDoS attacks-LOIC-HTTP
2049,19300000,19300000,80,19300000.0,40,19300000,19331741,0.103456797,0,0,0.0,0.0,0,19300000.0,0.103456797,0,0.0,19300000,0.0,0.0,0.0,0,0,0,0.0,0.0,19300000,20,0.0,DDoS attacks-LOIC-HTTP
8192,375,334,80,187.5,72,683012,683416,4.389712854,20,20,6.666666667,6.666666667,20,113902.6667,10.24266333,964,123.0,41,241.0,140.5714286,241.0,964,964,964,115523.4286,339.8873763,5,20,11.54700538,DDoS attacks-LOIC-HTTP
2049,12500000,12500000,80,12500000.0,40,12500000,12499172,0.160010599,0,0,0.0,0.0,0,12500000.0,0.160010599,0,0.0,12500000,0.0,0.0,0.0,0,0,0,0.0,0.0,12500000,20,0.0,DDoS attacks-LOIC-HTTP
252,19600000,19600000,80,19600000.0,40,19600000,19615376,0.101960829,0,0,0.0,0.0,0,19600000.0,0.101960829,0,0.0,19600000,0.0,0.0,0.0,0,0,0,0.0,0.0,19600000,20,0.0,DDoS attacks-LOIC-HTTP
2049,41500000,41500000,80,41500000.0,40,41500000,41503123,0.048189145,0,0,0.0,0.0,0,41500000.0,0.048189145,0,0.0,41500000,0.0,0.0,0.0,0,0,0,0.0,0.0,41500000,20,0.0,DDoS attacks-LOIC-HTTP
2049,42400000,42400000,80,42400000.0,40,42400000,42441870,0.047123277,0,0,0.0,0.0,0,42400000.0,0.047123277,0,0.0,42400000,0.0,0.0,0.0,0,0,0,0.0,0.0,42400000,20,0.0,DDoS attacks-LOIC-HTTP
8192,320,319,80,160.0,72,1685838,1686186,1.779163153,20,20,6.666666667,6.666666667,20,281031.0,4.15138069,964,123.0,1,241.0,140.5714286,241.0,964,964,964,115523.4286,339.8873763,1,20,11.54700538,DDoS attacks-LOIC-HTTP
2049,14900000,14900000,80,14900000.0,40,14900000,14927952,0.133976851,0,0,0.0,0.0,0,14900000.0,0.133976851,0,0.0,14900000,0.0,0.0,0.0,0,0,0,0.0,0.0,14900000,20,0.0,DDoS attacks-LOIC-HTTP
2049,27800000,27800000,80,27800000.0,40,27800000,27778813,0.071997317,0,0,0.0,0.0,0,27800000.0,0.071997317,0,0.0,27800000,0.0,0.0,0.0,0,0,0,0.0,0.0,27800000,20,0.0,DDoS attacks-LOIC-HTTP
8192,1572,1198,80,786.0,72,1606277,1607899,1.865788834,20,20,6.666666667,6.666666667,20,267983.1667,4.353507279,964,123.0,374,241.0,140.5714286,241.0,964,964,964,115523.4286,339.8873763,3,20,11.54700538,DDoS attacks-LOIC-HTTP
2049,11000000,11000000,80,11000000.0,40,11000000,10963081,0.182430468,0,0,0.0,0.0,0,11000000.0,0.182430468,0,0.0,11000000,0.0,0.0,0.0,0,0,0,0.0,0.0,11000000,20,0.0,DDoS attacks-LOIC-HTTP
2049,6709069,6709069,80,6709069.0,40,6709069,6709069,0.298103955,0,0,0.0,0.0,0,6709069.0,0.298103955,0,0.0,6709069,0.0,0.0,0.0,0,0,0,0.0,0.0,6709069,20,0.0,DDoS attacks-LOIC-HTTP
8192,301,300,80,150.5,72,20252,20584,145.7442674,20,20,6.666666667,6.666666667,20,3430.666667,340.0699572,964,123.0,1,241.0,140.5714286,241.0,964,964,964,115523.4286,339.8873763,1,20,11.54700538,DDoS attacks-LOIC-HTTP
2049,2058397,2058397,80,2058397.0,40,2058397,2058397,0.971629865,0,0,0.0,0.0,0,2058397.0,0.971629865,0,0.0,2058397,0.0,0.0,0.0,0,0,0,0.0,0.0,2058397,20,0.0,DDoS attacks-LOIC-HTTP
2049,10900000,10900000,80,10900000.0,40,10900000,10919162,0.183164239,0,0,0.0,0.0,0,10900000.0,0.183164239,0,0.0,10900000,0.0,0.0,0.0,0,0,0,0.0,0.0,10900000,20,0.0,DDoS attacks-LOIC-HTTP
2049,20500000,20500000,80,20500000.0,40,20500000,20466473,0.097720794,0,0,0.0,0.0,0,20500000.0,0.097720794,0,0.0,20500000,0.0,0.0,0.0,0,0,0,0.0,0.0,20500000,20,0.0,DDoS attacks-LOIC-HTTP
8192,359,358,80,179.5,72,1351026,1351415,2.219895443,20,20,6.666666667,6.666666667,20,225235.8333,5.179756033,964,123.0,1,241.0,140.5714286,241.0,964,964,964,115523.4286,339.8873763,1,20,11.54700538,DDoS attacks-LOIC-HTTP
2049,59500000,59500000,80,59500000.0,40,59500000,59500895,0.03361294,0,0,0.0,0.0,0,59500000.0,0.03361294,0,0.0,59500000,0.0,0.0,0.0,0,0,0,0.0,0.0,59500000,20,0.0,DDoS attacks-LOIC-HTTP
2049,80800000,80800000,80,80800000.0,40,80800000,80817488,0.024747119,0,0,0.0,0.0,0,80800000.0,0.024747119,0,0.0,80800000,0.0,0.0,0.0,0,0,0,0.0,0.0,80800000,20,0.0,DDoS attacks-LOIC-HTTP
2049,33900000,33900000,80,33900000.0,40,33900000,33860259,0.059066294,0,0,0.0,0.0,0,33900000.0,0.059066294,0,0.0,33900000,0.0,0.0,0.0,0,0,0,0.0,0.0,33900000,20,0.0,DDoS attacks-LOIC-HTTP
8192,387,386,80,193.5,72,1525603,1526016,1.965903372,20,20,6.666666667,6.666666667,20,254336.0,4.587107868,964,123.0,1,241.0,140.5714286,241.0,964,964,964,115523.4286,339.8873763,1,20,11.54700538,DDoS attacks-LOIC-HTTP
252,9380125,9380125,80,9380125.0,40,9380125,9380125,0.213216775,0,0,0.0,0.0,0,9380125.0,0.213216775,0,0.0,9380125,0.0,0.0,0.0,0,0,0,0.0,0.0,9380125,20,0.0,DDoS attacks-LOIC-HTTP
2049,43200000,43200000,80,43200000.0,40,43200000,43186497,0.046310772,0,0,0.0,0.0,0,43200000.0,0.046310772,0,0.0,43200000,0.0,0.0,0.0,0,0,0,0.0,0.0,43200000,20,0.0,DDoS attacks-LOIC-HTTP
8192,335,332,80,167.5,72,1402244,1402614,2.138863579,20,20,6.666666667,6.666666667,20,233769.0,4.990681684,964,123.0,3,241.0,140.5714286,241.0,964,964,964,115523.4286,339.8873763,3,20,11.54700538,DDoS attacks-LOIC-HTTP
-1,120000000,453826,80,66963.51283,14344,453826,119998615,14.94183912,57376,57376,32.0,32.0,32,66963.51283,14.94183912,32,32.0,2849,0.0,32.01784718,0.0,0,0,0,0.0,0.0,2849,8,0.0,DDoS attacks-LOIC-HTTP
2049,39500000,39500000,80,39500000.0,40,39500000,39520864,0.050606181,0,0,0.0,0.0,0,39500000.0,0.050606181,0,0.0,39500000,0.0,0.0,0.0,0,0,0,0.0,0.0,39500000,20,0.0,DDoS attacks-LOIC-HTTP
8192,343,295,80,171.5,72,1195153,1195545,2.509315835,20,20,6.666666667,6.666666667,20,199257.5,5.855070282,964,123.0,48,241.0,140.5714286,241.0,964,964,964,115523.4286,339.8873763,4,20,11.54700538,DDoS attacks-LOIC-HTTP
8192,354,296,80,177.0,72,1237574,1237960,2.423341627,20,20,6.666666667,6.666666667,20,206326.6667,5.654463795,964,123.0,58,241.0,140.5714286,241.0,964,964,964,115523.4286,339.8873763,8,20,11.54700538,DDoS attacks-LOIC-HTTP
2049,39100000,39100000,80,39100000.0,40,39100000,39079981,0.051177098,0,0,0.0,0.0,0,39100000.0,0.051177098,0,0.0,39100000,0.0,0.0,0.0,0,0,0,0.0,0.0,39100000,20,0.0,DDoS attacks-LOIC-HTTP
8192,304,303,80,152.0,72,1689009,1689364,1.775816224,20,20,6.666666667,6.666666667,20,281560.6667,4.14357119,964,123.0,1,241.0,140.5714286,241.0,964,964,964,115523.4286,339.8873763,1,20,11.54700538,DDoS attacks-LOIC-HTTP
8192,336,334,80,168.0,72,1402727,1403092,2.138134919,20,20,6.666666667,6.666666667,20,233848.6667,4.988981478,964,123.0,2,241.0,140.5714286,241.0,964,964,964,115523.4286,339.8873763,2,20,11.54700538,DDoS attacks-LOIC-HTTP
8192,334,301,80,167.0,72,1166285,1166647,2.571471919,20,20,6.666666667,6.666666667,20,194441.1667,6.000101145,964,123.0,33,241.0,140.5714286,241.0,964,964,964,115523.4286,339.8873763,6,20,11.54700538,DDoS attacks-LOIC-HTTP
8192,325,324,80,162.5,72,1343482,1343854,2.232385363,20,20,6.666666667,6.666666667,20,223975.6667,5.208899181,964,123.0,1,241.0,140.5714286,241.0,964,964,964,115523.4286,339.8873763,1,20,11.54700538,DDoS attacks-LOIC-HTTP
2049,28400000,28400000,80,28400000.0,40,28400000,28363434,0.070513324,0,0,0.0,0.0,0,28400000.0,0.070513324,0,0.0,28400000,0.0,0.0,0.0,0,0,0,0.0,0.0,28400000,20,0.0,DDoS attacks-LOIC-HTTP
8192,332,290,80,166.0,72,1233496,1233873,2.431368544,20,20,6.666666667,6.666666667,20,205645.5,5.67319327,964,123.0,42,241.0,140.5714286,241.0,964,964,964,115523.4286,339.8873763,6,20,11.54700538,DDoS attacks-LOIC-HTTP
8192,444,373,80,222.0,72,1577717,1578192,1.900909395,20,20,6.666666667,6.666666667,20,263032.0,4.435455255,964,123.0,71,241.0,140.5714286,241.0,964,964,964,115523.4286,339.8873763,7,20,11.54700538,DDoS attacks-LOIC-HTTP
8192,303,301,80,151.5,72,1186270,1186605,2.52822127,20,20,6.666666667,6.666666667,20,197767.5,5.899182963,964,123.0,2,241.0,140.5714286,241.0,964,964,964,115523.4286,339.8873763,2,20,11.54700538,DDoS attacks-LOIC-HTTP
2049,28700000,28700000,80,28700000.0,40,28700000,28711459,0.069658599,0,0,0.0,0.0,0,28700000.0,0.069658599,0,0.0,28700000,0.0,0.0,0.0,0,0,0,0.0,0.0,28700000,20,0.0,DDoS attacks-LOIC-HTTP
2049,18900000,18900000,80,18900000.0,40,18900000,18889733,0.105877621,0,0,0.0,0.0,0,18900000.0,0.105877621,0,0.0,18900000,0.0,0.0,0.0,0,0,0,0.0,0.0,18900000,20,0.0,DDoS attacks-LOIC-HTTP
8192,354,353,80,177.0,72,1512979,1513356,1.982349163,20,20,6.666666667,6.666666667,20,252226.0,4.62548138,964,123.0,1,241.0,140.5714286,241.0,964,964,964,115523.4286,339.8873763,1,20,11.54700538,DDoS attacks-LOIC-HTTP
2049,1048972,1048972,80,1048972.0,40,1048972,1048972,1.906628585,0,0,0.0,0.0,0,1048972.0,1.906628585,0,0.0,1048972,0.0,0.0,0.0,0,0,0,0.0,0.0,1048972,20,0.0,DDoS attacks-LOIC-HTTP
8192,376,375,80,188.0,72,994569,994977,3.015145074,20,20,6.666666667,6.666666667,20,165829.5,7.035338505,964,123.0,1,241.0,140.5714286,241.0,964,964,964,115523.4286,339.8873763,1,20,11.54700538,DDoS attacks-LOIC-HTTP
2049,39900000,39900000,80,39900000.0,40,39900000,39917761,0.050103011,0,0,0.0,0.0,0,39900000.0,0.050103011,0,0.0,39900000,0.0,0.0,0.0,0,0,0,0.0,0.0,39900000,20,0.0,DDoS attacks-LOIC-HTTP
2049,40100000,40100000,80,40100000.0,40,40100000,40068328,0.049914736,0,0,0.0,0.0,0,40100000.0,0.049914736,0,0.0,40100000,0.0,0.0,0.0,0,0,0,0.0,0.0,40100000,20,0.0,DDoS attacks-LOIC-HTTP
8192,421,364,80,210.5,72,1296884,1297336,2.312431012,20,20,6.666666667,6.666666667,20,216222.6667,5.395672362,964,123.0,57,241.0,140.5714286,241.0,964,964,964,115523.4286,339.8873763,8,20,11.54700538,DDoS attacks-LOIC-HTTP
8192,1681,1356,80,840.5,72,1711069,1712775,1.751543548,20,20,6.666666667,6.666666667,20,285462.5,4.086934945,964,123.0,325,241.0,140.5714286,241.0,964,964,964,115523.4286,339.8873763,4,20,11.54700538,DDoS attacks-LOIC-HTTP
2049,28400000,28400000,80,28400000.0,40,28400000,28355603,0.070532797,0,0,0.0,0.0,0,28400000.0,0.070532797,0,0.0,28400000,0.0,0.0,0.0,0,0,0,0.0,0.0,28400000,20,0.0,DDoS attacks-LOIC-HTTP
2049,24200000,24200000,80,24200000.0,40,24200000,24218790,0.082580509,0,0,0.0,0.0,0,24200000.0,0.082580509,0,0.0,24200000,0.0,0.0,0.0,0,0,0,0.0,0.0,24200000,20,0.0,DDoS attacks-LOIC-HTTP
8192,1667,1377,80,833.5,72,941583,943293,3.180347994,20,20,6.666666667,6.666666667,20,157215.5,7.420811985,964,123.0,290,241.0,140.5714286,241.0,964,964,964,115523.4286,339.8873763,2,20,11.54700538,DDoS attacks-LOIC-HTTP
8192,445,423,80,222.5,72,1499413,1499898,2.000136009,20,20,6.666666667,6.666666667,20,249983.0,4.666984022,964,123.0,22,241.0,140.5714286,241.0,964,964,964,115523.4286,339.8873763,3,20,11.54700538,DDoS attacks-LOIC-HTTP
2049,13800000,13800000,80,13800000.0,40,13800000,13791458,0.1450173,0,0,0.0,0.0,0,13800000.0,0.1450173,0,0.0,13800000,0.0,0.0,0.0,0,0,0,0.0,0.0,13800000,20,0.0,DDoS attacks-LOIC-HTTP
2049,23100000,23100000,80,23100000.0,40,23100000,23110217,0.08654181,0,0,0.0,0.0,0,23100000.0,0.08654181,0,0.0,23100000,0.0,0.0,0.0,0,0,0,0.0,0.0,23100000,20,0.0,DDoS attacks-LOIC-HTTP
2049,22900000,22900000,80,22900000.0,40,22900000,22862728,0.087478625,0,0,0.0,0.0,0,22900000.0,0.087478625,0,0.0,22900000,0.0,0.0,0.0,0,0,0,0.0,0.0,22900000,20,0.0,DDoS attacks-LOIC-HTTP
8192,413,411,80,206.5,72,1551923,1552364,1.932536441,20,20,6.666666667,6.666666667,20,258727.3333,4.509251696,964,123.0,2,241.0,140.5714286,241.0,964,964,964,115523.4286,339.8873763,2,20,11.54700538,DDoS attacks-LOIC-HTTP
8192,1422,1133,80,711.0,72,1850089,1851536,1.620276354,20,20,6.666666667,6.666666667,20,308589.3333,3.780644827,964,123.0,289,241.0,140.5714286,241.0,964,964,964,115523.4286,339.8873763,5,20,11.54700538,DDoS attacks-LOIC-HTTP
2049,19300000,19300000,80,19300000.0,40,19300000,19326913,0.103482641,0,0,0.0,0.0,0,19300000.0,0.103482641,0,0.0,19300000,0.0,0.0,0.0,0,0,0,0.0,0.0,19300000,20,0.0,DDoS attacks-LOIC-HTTP
2049,34000000,34000000,80,34000000.0,40,34000000,34038357,0.058757243,0,0,0.0,0.0,0,34000000.0,0.058757243,0,0.0,34000000,0.0,0.0,0.0,0,0,0,0.0,0.0,34000000,20,0.0,DDoS attacks-LOIC-HTTP
8192,363,351,80,181.5,72,1373532,1373928,2.183520534,20,20,6.666666667,6.666666667,20,228988.0,5.094881246,964,123.0,12,241.0,140.5714286,241.0,964,964,964,115523.4286,339.8873763,6,20,11.54700538,DDoS attacks-LOIC-HTTP
8192,356,352,80,178.0,72,1227141,1227530,2.443932124,20,20,6.666666667,6.666666667,20,204588.3333,5.702508289,964,123.0,4,241.0,140.5714286,241.0,964,964,964,115523.4286,339.8873763,4,20,11.54700538,DDoS attacks-LOIC-HTTP
8192,350,303,80,175.0,72,855290,855683,3.505971253,20,20,6.666666667,6.666666667,20,142613.8333,8.180599591,964,123.0,47,241.0,140.5714286,241.0,964,964,964,115523.4286,339.8873763,4,20,11.54700538,DDoS attacks-LOIC-HTTP
8192,468,465,80,234.0,72,1432766,1433268,2.093118663,20,20,6.666666667,6.666666667,20,238878.0,4.883943547,964,123.0,3,241.0,140.5714286,241.0,964,964,964,115523.4286,339.8873763,3,20,11.54700538,DDoS attacks-LOIC-HTTP
8192,286,283,80,143.0,72,1293224,1293536,2.319224204,20,20,6.666666667,6.666666667,20,215589.3333,5.411523143,964,123.0,3,241.0,140.5714286,241.0,964,964,964,115523.4286,339.8873763,3,20,11.54700538,DDoS attacks-LOIC-HTTP
8192,375,374,80,187.5,72,1343485,1343922,2.232272409,20,20,6.666666667,6.666666667,20,223987.0,5.20863562,964,123.0,1,241.0,140.5714286,241.0,964,964,964,115523.4286,339.8873763,1,20,11.54700538,DDoS attacks-LOIC-HTTP
2049,12000000,12000000,80,12000000.0,40,12000000,12042244,0.166082003,0,0,0.0,0.0,0,12000000.0,0.166082003,0,0.0,12000000,0.0,0.0,0.0,0,0,0,0.0,0.0,12000000,20,0.0,DDoS attacks-LOIC-HTTP
8192,375,364,80,187.5,72,1455211,1455611,2.060990196,20,20,6.666666667,6.666666667,20,242601.8333,4.808977124,964,123.0,11,241.0,140.5714286,241.0,964,964,964,115523.4286,339.8873763,8,20,11.54700538,DDoS attacks-LOIC-HTTP
8192,361,358,80,180.5,72,1646356,1646764,1.821754666,20,20,6.666666667,6.666666667,20,274460.6667,4.250760886,964,123.0,3,241.0,140.5714286,241.0,964,964,964,115523.4286,339.8873763,3,20,11.54700538,DDoS attacks-LOIC-HTTP
8192,419,417,80,209.5,72,1521524,1521997,1.971094555,20,20,6.666666667,6.666666667,20,253666.1667,4.599220629,964,123.0,2,241.0,140.5714286,241.0,964,964,964,115523.4286,339.8873763,2,20,11.54700538,DDoS attacks-LOIC-HTTP
2049,10700000,10700000,80,10700000.0,40,10700000,10689046,0.187107437,0,0,0.0,0.0,0,10700000.0,0.187107437,0,0.0,10700000,0.0,0.0,0.0,0,0,0,0.0,0.0,10700000,20,0.0,DDoS attacks-LOIC-HTTP
8192,410,407,80,205.0,72,1163437,1163881,2.577583103,20,20,6.666666667,6.666666667,20,193980.1667,6.014360575,964,123.0,3,241.0,140.5714286,241.0,964,964,964,115523.4286,339.8873763,3,20,11.54700538,DDoS attacks-LOIC-HTTP
8192,1883,1604,80,941.5,72,918647,920555,3.258903596,20,20,6.666666667,6.666666667,20,153425.8333,7.604108391,964,123.0,279,241.0,140.5714286,241.0,964,964,964,115523.4286,339.8873763,4,20,11.54700538,DDoS attacks-LOIC-HTTP
2049,32900000,32900000,80,32900000.0,40,32900000,32886004,0.060816145,0,0,0.0,0.0,0,32900000.0,0.060816145,0,0.0,32900000,0.0,0.0,0.0,0,0,0,0.0,0.0,32900000,20,0.0,DDoS attacks-LOIC-HTTP
8192,1889,1543,80,944.5,72,1660428,1662344,1.80468062,20,20,6.666666667,6.666666667,20,277057.3333,4.210921446,964,123.0,346,241.0,140.5714286,241.0,964,964,964,115523.4286,339.8873763,2,20,11.54700538,DDoS attacks-LOIC-HTTP
2049,35500000,35500000,80,35500000.0,40,35500000,35472774,0.056381269,0,0,0.0,0.0,0,35500000.0,0.056381269,0,0.0,35500000,0.0,0.0,0.0,0,0,0,0.0,0.0,35500000,20,0.0,DDoS attacks-LOIC-HTTP
2049,12700000,12700000,80,12700000.0,40,12700000,12676746,0.157769194,0,0,0.0,0.0,0,12700000.0,0.157769194,0,0.0,12700000,0.0,0.0,0.0,0,0,0,0.0,0.0,12700000,20,0.0,DDoS attacks-LOIC-HTTP
8192,304,302,80,152.0,72,1605488,1605825,1.86819859,20,20,6.666666667,6.666666667,20,267637.5,4.359130042,964,123.0,2,241.0,140.5714286,241.0,964,964,964,115523.4286,339.8873763,2,20,11.54700538,DDoS attacks-LOIC-HTTP
8192,335,307,80,167.5,72,1280209,1280576,2.342695787,20,20,6.666666667,6.666666667,20,213429.3333,5.466290169,964,123.0,28,241.0,140.5714286,241.0,964,964,964,115523.4286,339.8873763,7,20,11.54700538,DDoS attacks-LOIC-HTTP
8192,297,295,80,148.5,72,1421636,1421958,2.109766955,20,20,6.666666667,6.666666667,20,236993.0,4.922789562,964,123.0,2,241.0,140.5714286,241.0,964,964,964,115523.4286,339.8873763,2,20,11.54700538,DDoS attacks-LOIC-HTTP
8192,307,263,80,153.5,72,1197482,1197819,2.504552023,20,20,6.666666667,6.666666667,20,199636.5,5.843954721,964,123.0,44,241.0,140.5714286,241.0,964,964,964,115523.4286,339.8873763,4,20,11.54700538,DDoS attacks-LOIC-HTTP
8192,443,404,80,221.5,72,972801,973270,3.082392347,20,20,6.666666667,6.666666667,20,162211.6667,7.192248811,964,123.0,39,241.0,140.5714286,241.0,964,964,964,115523.4286,339.8873763,4,20,11.54700538,DDoS attacks-LOIC-HTTP
8192,374,372,80,187.0,72,1583008,1583416,1.894637922,20,20,6.666666667,6.666666667,20,263902.6667,4.420821818,964,123.0,2,241.0,140.5714286,241.0,964,964,964,115523.4286,339.8873763,2,20,11.54700538,DDoS attacks-LOIC-HTTP
2049,39700000,39700000,80,39700000.0,40,39700000,39700960,0.050376616,0,0,0.0,0.0,0,39700000.0,0.050376616,0,0.0,39700000,0.0,0.0,0.0,0,0,0,0.0,0.0,39700000,20,0.0,DDoS attacks-LOIC-HTTP
8192,388,376,80,194.0,72,928334,928759,3.230116747,20,20,6.666666667,6.666666667,20,154793.1667,7.536939077,964,123.0,12,241.0,140.5714286,241.0,964,964,964,115523.4286,339.8873763,5,20,11.54700538,DDoS attacks-LOIC-HTTP
8192,423,421,80,211.5,72,1737808,1738252,1.725871738,20,20,6.666666667,6.666666667,20,289708.6667,4.027034055,964,123.0,2,241.0,140.5714286,241.0,964,964,964,115523.4286,339.8873763,2,20,11.54700538,DDoS attacks-LOIC-HTTP
8192,1317,989,80,658.5,72,1238714,1240069,2.419220221,20,20,6.666666667,6.666666667,20,206678.1667,5.644847182,964,123.0,328,241.0,140.5714286,241.0,964,964,964,115523.4286,339.8873763,5,20,11.54700538,DDoS attacks-LOIC-HTTP
2049,8704426,8704426,80,8704426.0,40,8704426,8704426,0.229768166,0,0,0.0,0.0,0,8704426.0,0.229768166,0,0.0,8704426,0.0,0.0,0.0,0,0,0,0.0,0.0,8704426,20,0.0,DDoS attacks-LOIC-HTTP
2049,6577191,6577191,80,6577191.0,40,6577191,6577191,0.30408118,0,0,0.0,0.0,0,6577191.0,0.30408118,0,0.0,6577191,0.0,0.0,0.0,0,0,0,0.0,0.0,6577191,20,0.0,DDoS attacks-LOIC-HTTP
2049,19000000,19000000,80,19000000.0,40,19000000,19027786,0.105109444,0,0,0.0,0.0,0,19000000.0,0.105109444,0,0.0,19000000,0.0,0.0,0.0,0,0,0,0.0,0.0,19000000,20,0.0,DDoS attacks-LOIC-HTTP
8192,447,382,80,223.5,72,1096434,1096910,2.734955466,20,20,6.666666667,6.666666667,20,182818.3333,6.381562754,964,123.0,65,241.0,140.5714286,241.0,964,964,964,115523.4286,339.8873763,9,20,11.54700538,DDoS attacks-LOIC-HTTP
2049,30400000,30400000,80,30400000.0,40,30400000,30432196,0.065719871,0,0,0.0,0.0,0,30400000.0,0.065719871,0,0.0,30400000,0.0,0.0,0.0,0,0,0,0.0,0.0,30400000,20,0.0,DDoS attacks-LOIC-HTTP
8192,434,431,80,217.0,72,1560054,1560512,1.922445966,20,20,6.666666667,6.666666667,20,260085.3333,4.485707255,964,123.0,3,241.0,140.5714286,241.0,964,964,964,115523.4286,339.8873763,3,20,11.54700538,DDoS attacks-LOIC-HTTP
2049,33200000,33200000,80,33200000.0,40,33200000,33168477,0.060298216,0,0,0.0,0.0,0,33200000.0,0.060298216,0,0.0,33200000,0.0,0.0,0.0,0,0,0,0.0,0.0,33200000,20,0.0,DDoS attacks-LOIC-HTTP
8192,344,342,80,172.0,72,1419747,1420148,2.112455885,20,20,6.666666667,6.666666667,20,236691.3333,4.929063731,964,123.0,2,241.0,140.5714286,241.0,964,964,964,115523.4286,339.8873763,2,20,11.54700538,DDoS attacks-LOIC-HTTP
8192,344,341,80,172.0,72,1492672,1493039,2.009324606,20,20,6.666666667,6.666666667,20,248839.8333,4.68842408,964,123.0,3,241.0,140.5714286,241.0,964,964,964,115523.4286,339.8873763,3,20,11.54700538,DDoS attacks-LOIC-HTTP
8192,279,277,80,139.5,72,1380817,1381142,2.172115539,20,20,6.666666667,6.666666667,20,230190.3333,5.068269591,964,123.0,2,241.0,140.5714286,241.0,964,964,964,115523.4286,339.8873763,2,20,11.54700538,DDoS attacks-LOIC-HTTP
252,29100000,29100000,80,29100000.0,40,29100000,29084797,0.068764448,0,0,0.0,0.0,0,29100000.0,0.068764448,0,0.0,29100000,0.0,0.0,0.0,0,0,0,0.0,0.0,29100000,20,0.0,DDoS attacks-LOIC-HTTP
8192,314,312,80,157.0,72,1233097,1233439,2.43222405,20,20,6.666666667,6.666666667,20,205573.1667,5.67518945,964,123.0,2,241.0,140.5714286,241.0,964,964,964,115523.4286,339.8873763,2,20,11.54700538,DDoS attacks-LOIC-HTTP
8192,1628,1351,80,814.0,72,1034573,1036256,2.89503752,20,20,6.666666667,6.666666667,20,172709.3333,6.755087546,964,123.0,277,241.0,140.5714286,241.0,964,964,964,115523.4286,339.8873763,6,20,11.54700538,DDoS attacks-LOIC-HTTP
8192,337,335,80,168.5,72,1491128,1491494,2.011406013,20,20,6.666666667,6.666666667,20,248582.3333,4.693280697,964,123.0,2,241.0,140.5714286,241.0,964,964,964,115523.4286,339.8873763,2,20,11.54700538,DDoS attacks-LOIC-HTTP
8192,370,347,80,185.0,72,1245713,1246118,2.40747666,20,20,6.666666667,6.666666667,20,207686.3333,5.617445539,964,123.0,23,241.0,140.5714286,241.0,964,964,964,115523.4286,339.8873763,7,20,11.54700538,DDoS attacks-LOIC-HTTP
2049,93100000,93100000,80,93100000.0,40,93100000,93055759,0.02149249,0,0,0.0,0.0,0,93100000.0,0.02149249,0,0.0,93100000,0.0,0.0,0.0,0,0,0,0.0,0.0,93100000,20,0.0,DDoS attacks-LOIC-HTTP
8192,333,296,80,166.5,72,1325328,1325691,2.262970783,20,20,6.666666667,6.666666667,20,220948.5,5.28026516,964,123.0,37,241.0,140.5714286,241.0,964,964,964,115523.4286,339.8873763,5,20,11.54700538,DDoS attacks-LOIC-HTTP
2049,36700000,36700000,80,36700000.0,40,36700000,36747582,0.05442535,0,0,0.0,0.0,0,36700000.0,0.05442535,0,0.0,36700000,0.0,0.0,0.0,0,0,0,0.0,0.0,36700000,20,0.0,DDoS attacks-LOIC-HTTP
8192,353,351,80,176.5,72,1618039,1618422,1.853657452,20,20,6.666666667,6.666666667,20,269737.0,4.32520072,964,123.0,2,241.0,140.5714286,241.0,964,964,964,115523.4286,339.8873763,2,20,11.54700538,DDoS attacks-LOIC-HTTP
8192,453,451,80,226.5,72,1527170,1527652,1.963798038,20,20,6.666666667,6.666666667,20,254608.6667,4.582195421,964,123.0,2,241.0,140.5714286,241.0,964,964,964,115523.4286,339.8873763,2,20,11.54700538,DDoS attacks-LOIC-HTTP
2049,14200000,14200000,80,14200000.0,40,14200000,14181843,0.141025394,0,0,0.0,0.0,0,14200000.0,0.141025394,0,0.0,14200000,0.0,0.0,0.0,0,0,0,0.0,0.0,14200000,20,0.0,DDoS attacks-LOIC-HTTP
8192,386,381,80,193.0,72,1537791,1538211,1.950317609,20,20,6.666666667,6.666666667,20,256368.5,4.550741088,964,123.0,5,241.0,140.5714286,241.0,964,964,964,115523.4286,339.8873763,5,20,11.54700538,DDoS attacks-LOIC-HTTP
8192,299,297,80,149.5,72,1023122,1023455,2.931247588,20,20,6.666666667,6.666666667,20,170575.8333,6.839577705,964,123.0,2,241.0,140.5714286,241.0,964,964,964,115523.4286,339.8873763,2,20,11.54700538,DDoS attacks-LOIC-HTTP
8192,314,313,80,157.0,72,1528885,1529229,1.961772893,20,20,6.666666667,6.666666667,20,254871.5,4.577470085,964,123.0,1,241.0,140.5714286,241.0,964,964,964,115523.4286,339.8873763,1,20,11.54700538,DDoS attacks-LOIC-HTTP
2049,20800000,20800000,80,20800000.0,40,20800000,20756113,0.096357155,0,0,0.0,0.0,0,20800000.0,0.096357155,0,0.0,20800000,0.0,0.0,0.0,0,0,0,0.0,0.0,20800000,20,0.0,DDoS attacks-LOIC-HTTP
8192,314,305,80,157.0,72,935482,935839,3.205679609,20,20,6.666666667,6.666666667,20,155973.1667,7.479919089,964,123.0,9,241.0,140.5714286,241.0,964,964,964,115523.4286,339.8873763,5,20,11.54700538,DDoS attacks-LOIC-HTTP
252,3834585,3834585,80,3834585.0,40,3834585,3834585,0.521568827,0,0,0.0,0.0,0,3834585.0,0.521568827,0,0.0,3834585,0.0,0.0,0.0,0,0,0,0.0,0.0,3834585,20,0.0,DDoS attacks-LOIC-HTTP
8192,320,269,80,160.0,72,1520025,1520366,1.973209083,20,20,6.666666667,6.666666667,20,253394.3333,4.604154526,964,123.0,51,241.0,140.5714286,241.0,964,964,964,115523.4286,339.8873763,5,20,11.54700538,DDoS attacks-LOIC-HTTP
2049,15200000,15200000,80,15200000.0,40,15200000,15179167,0.131759536,0,0,0.0,0.0,0,15200000.0,0.131759536,0,0.0,15200000,0.0,0.0,0.0,0,0,0,0.0,0.0,15200000,20,0.0,DDoS attacks-LOIC-HTTP
2049,24400000,24400000,80,24400000.0,40,24400000,24425587,0.081881348,0,0,0.0,0.0,0,24400000.0,0.081881348,0,0.0,24400000,0.0,0.0,0.0,0,0,0,0.0,0.0,24400000,20,0.0,DDoS attacks-LOIC-HTTP
2049,10800000,10800000,80,10800000.0,40,10800000,10798734,0.185206896,0,0,0.0,0.0,0,10800000.0,0.185206896,0,0.0,10800000,0.0,0.0,0.0,0,0,0,0.0,0.0,10800000,20,0.0,DDoS attacks-LOIC-HTTP
2049,24500000,24500000,80,24500000.0,40,24500000,24473397,0.081721389,0,0,0.0,0.0,0,24500000.0,0.081721389,0,0.0,24500000,0.0,0.0,0.0,0,0,0,0.0,0.0,24500000,20,0.0,DDoS attacks-LOIC-HTTP
8192,462,459,80,231.0,72,1344252,1344746,2.230904572,20,20,6.666666667,6.666666667,20,224124.3333,5.205444002,964,123.0,3,241.0,140.5714286,241.0,964,964,964,115523.4286,339.8873763,3,20,11.54700538,DDoS attacks-LOIC-HTTP
2049,1807988,1807988,80,1807988.0,40,1807988,1807988,1.106202032,0,0,0.0,0.0,0,1807988.0,1.106202032,0,0.0,1807988,0.0,0.0,0.0,0,0,0,0.0,0.0,1807988,20,0.0,DDoS attacks-LOIC-HTTP
2049,896359,896359,80,896359.0,40,896359,896359,2.231248863,0,0,0.0,0.0,0,896359.0,2.231248863,0,0.0,896359,0.0,0.0,0.0,0,0,0,0.0,0.0,896359,20,0.0,DDoS attacks-LOIC-HTTP
252,8975665,8975665,80,8975665.0,40,8975665,8975665,0.222824715,0,0,0.0,0.0,0,8975665.0,0.222824715,0,0.0,8975665,0.0,0.0,0.0,0,0,0,0.0,0.0,8975665,20,0.0,DDoS attacks-LOIC-HTTP
2049,14600000,14600000,80,14600000.0,40,14600000,14643818,0.136576404,0,0,0.0,0.0,0,14600000.0,0.136576404,0,0.0,14600000,0.0,0.0,0.0,0,0,0,0.0,0.0,14600000,20,0.0,DDoS attacks-LOIC-HTTP
2049,665916,665916,80,665916.0,40,665916,665916,3.003381808,0,0,0.0,0.0,0,665916.0,3.003381808,0,0.0,665916,0.0,0.0,0.0,0,0,0,0.0,0.0,665916,20,0.0,DDoS attacks-LOIC-HTTP
8192,321,319,80,160.5,72,1501969,1502320,1.996911444,20,20,6.666666667,6.666666667,20,250386.6667,4.659460035,964,123.0,2,241.0,140.5714286,241.0,964,964,964,115523.4286,339.8873763,2,20,11.54700538,DDoS attacks-LOIC-HTTP
2049,15700000,15700000,80,15700000.0,40,15700000,15695576,0.127424441,0,0,0.0,0.0,0,15700000.0,0.127424441,0,0.0,15700000,0.0,0.0,0.0,0,0,0,0.0,0.0,15700000,20,0.0,DDoS attacks-LOIC-HTTP
2049,31000000,31000000,80,31000000.0,40,31000000,30995507,0.064525481,0,0,0.0,0.0,0,31000000.0,0.064525481,0,0.0,31000000,0.0,0.0,0.0,0,0,0,0.0,0.0,31000000,20,0.0,DDoS attacks-LOIC-HTTP
8192,392,389,80,196.0,72,1228767,1229200,2.44061178,20,20,6.666666667,6.666666667,20,204866.6667,5.69476082,964,123.0,3,241.0,140.5714286,241.0,964,964,964,115523.4286,339.8873763,3,20,11.54700538,DDoS attacks-LOIC-HTTP
2049,12700000,12700000,80,12700000.0,40,12700000,12696469,0.157524112,0,0,0.0,0.0,0,12700000.0,0.157524112,0,0.0,12700000,0.0,0.0,0.0,0,0,0,0.0,0.0,12700000,20,0.0,DDoS attacks-LOIC-HTTP
2049,21800000,21800000,80,21800000.0,40,21800000,21756149,0.091928034,0,0,0.0,0.0,0,21800000.0,0.091928034,0,0.0,21800000,0.0,0.0,0.0,0,0,0,0.0,0.0,21800000,20,0.0,DDoS attacks-LOIC-HTTP
8192,327,311,80,163.5,72,776572,776927,3.861366641,20,20,6.666666667,6.666666667,20,129487.8333,9.009855495,964,123.0,16,241.0,140.5714286,241.0,964,964,964,115523.4286,339.8873763,4,20,11.54700538,DDoS attacks-LOIC-HTTP
2049,4807810,4807810,80,4807810.0,40,4807810,4807810,0.415989817,0,0,0.0,0.0,0,4807810.0,0.415989817,0,0.0,4807810,0.0,0.0,0.0,0,0,0,0.0,0.0,4807810,20,0.0,DDoS attacks-LOIC-HTTP
2049,37800000,37800000,80,37800000.0,40,37800000,37767094,0.052956153,0,0,0.0,0.0,0,37800000.0,0.052956153,0,0.0,37800000,0.0,0.0,0.0,0,0,0,0.0,0.0,37800000,20,0.0,DDoS attacks-LOIC-HTTP
2049,42200000,42200000,80,42200000.0,40,42200000,42228284,0.047361621,0,0,0.0,0.0,0,42200000.0,0.047361621,0,0.0,42200000,0.0,0.0,0.0,0,0,0,0.0,0.0,42200000,20,0.0,DDoS attacks-LOIC-HTTP
8192,437,415,80,218.5,72,1115872,1116350,2.687329243,20,20,6.666666667,6.666666667,20,186058.3333,6.270434899,964,123.0,22,241.0,140.5714286,241.0,964,964,964,115523.4286,339.8873763,7,20,11.54700538,DDoS attacks-LOIC-HTTP
2049,10700000,10700000,80,10700000.0,40,10700000,10719935,0.186568295,0,0,0.0,0.0,0,10700000.0,0.186568295,0,0.0,10700000,0.0,0.0,0.0,0,0,0,0.0,0.0,10700000,20,0.0,DDoS attacks-LOIC-HTTP
8192,356,266,80,178.0,72,1504860,1505240,1.993037655,20,20,6.666666667,6.666666667,20,250873.3333,4.650421195,964,123.0,90,241.0,140.5714286,241.0,964,964,964,115523.4286,339.8873763,4,20,11.54700538,DDoS attacks-LOIC-HTTP
2049,4795878,4795878,80,4795878.0,40,4795878,4795878,0.417024787,0,0,0.0,0.0,0,4795878.0,0.417024787,0,0.0,4795878,0.0,0.0,0.0,0,0,0,0.0,0.0,4795878,20,0.0,DDoS attacks-LOIC-HTTP
252,2185139,2185139,80,2185139.0,40,2185139,2185139,0.915273582,0,0,0.0,0.0,0,2185139.0,0.915273582,0,0.0,2185139,0.0,0.0,0.0,0,0,0,0.0,0.0,2185139,20,0.0,DDoS attacks-LOIC-HTTP
2049,6710730,6710730,80,6710730.0,40,6710730,6710730,0.29803017,0,0,0.0,0.0,0,6710730.0,0.29803017,0,0.0,6710730,0.0,0.0,0.0,0,0,0,0.0,0.0,6710730,20,0.0,DDoS attacks-LOIC-HTTP
2049,2478689,2478689,80,2478689.0,40,2478689,2478689,0.806878152,0,0,0.0,0.0,0,2478689.0,0.806878152,0,0.0,2478689,0.0,0.0,0.0,0,0,0,0.0,0.0,2478689,20,0.0,DDoS attacks-LOIC-HTTP
2049,37500000,37500000,80,37500000.0,40,37500000,37522547,0.053301286,0,0,0.0,0.0,0,37500000.0,0.053301286,0,0.0,37500000,0.0,0.0,0.0,0,0,0,0.0,0.0,37500000,20,0.0,DDoS attacks-LOIC-HTTP
2049,10800000,10800000,80,10800000.0,40,10800000,10790455,0.185348996,0,0,0.0,0.0,0,10800000.0,0.185348996,0,0.0,10800000,0.0,0.0,0.0,0,0,0,0.0,0.0,10800000,20,0.0,DDoS attacks-LOIC-HTTP
8192,641,631,80,320.5,72,1782090,1782759,1.682784942,20,20,6.666666667,6.666666667,20,297126.5,3.926498197,964,123.0,10,241.0,140.5714286,241.0,964,964,964,115523.4286,339.8873763,6,20,11.54700538,DDoS attacks-LOIC-HTTP
8192,312,310,80,156.0,72,1475753,1476089,2.032397775,20,20,6.666666667,6.666666667,20,246014.8333,4.742261476,964,123.0,2,241.0,140.5714286,241.0,964,964,964,115523.4286,339.8873763,2,20,11.54700538,DDoS attacks-LOIC-HTTP
8192,376,332,80,188.0,72,1237148,1237559,2.42412685,20,20,6.666666667,6.666666667,20,206259.8333,5.656295983,964,123.0,44,241.0,140.5714286,241.0,964,964,964,115523.4286,339.8873763,6,20,11.54700538,DDoS attacks-LOIC-HTTP
2049,41500000,41500000,80,41500000.0,40,41500000,41520787,0.048168644,0,0,0.0,0.0,0,41500000.0,0.048168644,0,0.0,41500000,0.0,0.0,0.0,0,0,0,0.0,0.0,41500000,20,0.0,DDoS attacks-LOIC-HTTP
8192,611,487,80,305.5,72,1227347,1228001,2.442994753,20,20,6.666666667,6.666666667,20,204666.8333,5.700321091,964,123.0,124,241.0,140.5714286,241.0,964,964,964,115523.4286,339.8873763,6,20,11.54700538,DDoS attacks-LOIC-HTTP
2049,36100000,36100000,80,36100000.0,40,36100000,36114265,0.055379779,0,0,0.0,0.0,0,36100000.0,0.055379779,0,0.0,36100000,0.0,0.0,0.0,0,0,0,0.0,0.0,36100000,20,0.0,DDoS attacks-LOIC-HTTP
8192,415,413,80,207.5,72,1246741,1247211,2.405366855,20,20,6.666666667,6.666666667,20,207868.5,5.612522661,964,123.0,2,241.0,140.5714286,241.0,964,964,964,115523.4286,339.8873763,2,20,11.54700538,DDoS attacks-LOIC-HTTP
8192,327,326,80,163.5,72,921421,921778,3.254579736,20,20,6.666666667,6.666666667,20,153629.6667,7.594019384,964,123.0,1,241.0,140.5714286,241.0,964,964,964,115523.4286,339.8873763,1,20,11.54700538,DDoS attacks-LOIC-HTTP
8192,322,319,80,161.0,72,1105975,1106366,2.711580074,20,20,6.666666667,6.666666667,20,184394.3333,6.327020172,964,123.0,3,241.0,140.5714286,241.0,964,964,964,115523.4286,339.8873763,3,20,11.54700538,DDoS attacks-LOIC-HTTP
8192,399,398,80,199.5,72,1650218,1650664,1.817450432,20,20,6.666666667,6.666666667,20,275110.6667,4.240717675,964,123.0,1,241.0,140.5714286,241.0,964,964,964,115523.4286,339.8873763,1,20,11.54700538,DDoS attacks-LOIC-HTTP
2049,2612303,2612303,80,2612303.0,40,2612303,2612303,0.765607971,0,0,0.0,0.0,0,2612303.0,0.765607971,0,0.0,2612303,0.0,0.0,0.0,0,0,0,0.0,0.0,2612303,20,0.0,DDoS attacks-LOIC-HTTP
8192,343,340,80,171.5,72,1189898,1190279,2.520417482,20,20,6.666666667,6.666666667,20,198379.8333,5.880974125,964,123.0,3,241.0,140.5714286,241.0,964,964,964,115523.4286,339.8873763,3,20,11.54700538,DDoS attacks-LOIC-HTTP
2049,19000000,19000000,80,19000000.0,40,19000000,18952552,0.105526686,0,0,0.0,0.0,0,19000000.0,0.105526686,0,0.0,19000000,0.0,0.0,0.0,0,0,0,0.0,0.0,19000000,20,0.0,DDoS attacks-LOIC-HTTP
8192,426,272,80,213.0,72,1451151,1451605,2.066677919,20,20,6.666666667,6.666666667,20,241934.1667,4.822248477,964,123.0,154,241.0,140.5714286,241.0,964,964,964,115523.4286,339.8873763,6,20,11.54700538,DDoS attacks-LOIC-HTTP
8192,358,297,80,179.0,72,1592856,1593259,1.882933032,20,20,6.666666667,6.666666667,20,265543.1667,4.393510409,964,123.0,61,241.0,140.5714286,241.0,964,964,964,115523.4286,339.8873763,6,20,11.54700538,DDoS attacks-LOIC-HTTP
8192,305,303,80,152.5,72,1675878,1676222,1.789739068,20,20,6.666666667,6.666666667,20,279370.3333,4.176057825,964,123.0,2,241.0,140.5714286,241.0,964,964,964,115523.4286,339.8873763,2,20,11.54700538,DDoS attacks-LOIC-HTTP
8192,400,399,80,200.0,72,1379884,1380315,2.173416937,20,20,6.666666667,6.666666667,20,230052.5,5.071306187,964,123.0,1,241.0,140.5714286,241.0,964,964,964,115523.4286,339.8873763,1,20,11.54700538,DDoS attacks-LOIC-HTTP
2049,22400000,22400000,80,22400000.0,40,22400000,22419536,0.089207912,0,0,0.0,0.0,0,22400000.0,0.089207912,0,0.0,22400000,0.0,0.0,0.0,0,0,0,0.0,0.0,22400000,20,0.0,DDoS attacks-LOIC-HTTP
8192,954,578,80,477.0,72,1529213,1530199,1.960529317,20,20,6.666666667,6.666666667,20,255033.1667,4.574568406,964,123.0,376,241.0,140.5714286,241.0,964,964,964,115523.4286,339.8873763,3,20,11.54700538,DDoS attacks-LOIC-HTTP
8192,397,396,80,198.5,72,886165,886595,3.383732144,20,20,6.666666667,6.666666667,20,147765.8333,7.895375002,964,123.0,1,241.0,140.5714286,241.0,964,964,964,115523.4286,339.8873763,1,20,11.54700538,DDoS attacks-LOIC-HTTP
2049,12700000,12700000,80,12700000.0,40,12700000,12672233,0.157825381,0,0,0.0,0.0,0,12700000.0,0.157825381,0,0.0,12700000,0.0,0.0,0.0,0,0,0,0.0,0.0,12700000,20,0.0,DDoS attacks-LOIC-HTTP
8192,375,370,80,187.5,72,1405115,1405529,2.134427678,20,20,6.666666667,6.666666667,20,234254.8333,4.980331249,964,123.0,5,241.0,140.5714286,241.0,964,964,964,115523.4286,339.8873763,5,20,11.54700538,DDoS attacks-LOIC-HTTP
8192,411,302,80,205.5,72,1489270,1489713,2.013810714,20,20,6.666666667,6.666666667,20,248285.5,4.698891666,964,123.0,109,241.0,140.5714286,241.0,964,964,964,115523.4286,339.8873763,7,20,11.54700538,DDoS attacks-LOIC-HTTP
8192,1467,1186,80,733.5,72,1295587,1297082,2.312883842,20,20,6.666666667,6.666666667,20,216180.3333,5.396728965,964,123.0,281,241.0,140.5714286,241.0,964,964,964,115523.4286,339.8873763,3,20,11.54700538,DDoS attacks-LOIC-HTTP
8192,305,302,80,152.5,72,1083991,1084323,2.766703279,20,20,6.666666667,6.666666667,20,180720.5,6.455640985,964,123.0,3,241.0,140.5714286,241.0,964,964,964,115523.4286,339.8873763,3,20,11.54700538,DDoS attacks-LOIC-HTTP
8192,316,270,80,158.0,72,1401186,1401530,2.140517863,20,20,6.666666667,6.666666667,20,233588.3333,4.994541679,964,123.0,46,241.0,140.5714286,241.0,964,964,964,115523.4286,339.8873763,5,20,11.54700538,DDoS attacks-LOIC-HTTP
2049,25500000,25500000,80,25500000.0,40,25500000,25528657,0.07834333,0,0,0.0,0.0,0,25500000.0,0.07834333,0,0.0,25500000,0.0,0.0,0.0,0,0,0,0.0,0.0,25500000,20,0.0,DDoS attacks-LOIC-HTTP
2049,30600000,30600000,80,30600000.0,40,30600000,30555894,0.06545382,0,0,0.0,0.0,0,30600000.0,0.06545382,0,0.0,30600000,0.0,0.0,0.0,0,0,0,0.0,0.0,30600000,20,0.0,DDoS attacks-LOIC-HTTP
8192,312,285,80,156.0,72,1494851,1495190,2.006433965,20,20,6.666666667,6.666666667,20,249198.3333,4.681679251,964,123.0,27,241.0,140.5714286,241.0,964,964,964,115523.4286,339.8873763,5,20,11.54700538,DDoS attacks-LOIC-HTTP
8192,340,339,80,170.0,72,1447230,1447599,2.072397121,20,20,6.666666667,6.666666667,20,241266.5,4.835593282,964,123.0,1,241.0,140.5714286,241.0,964,964,964,115523.4286,339.8873763,1,20,11.54700538,DDoS attacks-LOIC-HTTP
8192,453,452,80,226.5,72,1445706,1446193,2.074411922,20,20,6.666666667,6.666666667,20,241032.1667,4.840294484,964,123.0,1,241.0,140.5714286,241.0,964,964,964,115523.4286,339.8873763,1,20,11.54700538,DDoS attacks-LOIC-HTTP
8192,360,310,80,180.0,72,834460,834881,3.593326474,20,20,6.666666667,6.666666667,20,139146.8333,8.38442844,964,123.0,50,241.0,140.5714286,241.0,964,964,964,115523.4286,339.8873763,5,20,11.54700538,DDoS attacks-LOIC-HTTP
8192,317,281,80,158.5,72,1068419,1068771,2.80696239,20,20,6.666666667,6.666666667,20,178128.5,6.549578909,964,123.0,36,241.0,140.5714286,241.0,964,964,964,115523.4286,339.8873763,4,20,11.54700538,DDoS attacks-LOIC-HTTP
8192,547,546,80,273.5,72,1023283,1023868,2.930065204,20,20,6.666666667,6.666666667,20,170644.6667,6.836818809,964,123.0,1,241.0,140.5714286,241.0,964,964,964,115523.4286,339.8873763,1,20,11.54700538,DDoS attacks-LOIC-HTTP
2049,23800000,23800000,80,23800000.0,40,23800000,23848908,0.083861282,0,0,0.0,0.0,0,23800000.0,0.083861282,0,0.0,23800000,0.0,0.0,0.0,0,0,0,0.0,0.0,23800000,20,0.0,DDoS attacks-LOIC-HTTP
8192,463,460,80,231.5,72,1165266,1165760,2.573428493,20,20,6.666666667,6.666666667,20,194293.3333,6.004666484,964,123.0,3,241.0,140.5714286,241.0,964,964,964,115523.4286,339.8873763,3,20,11.54700538,DDoS attacks-LOIC-HTTP
2049,5156245,5156245,80,5156245.0,40,5156245,5156245,0.387879164,0,0,0.0,0.0,0,5156245.0,0.387879164,0,0.0,5156245,0.0,0.0,0.0,0,0,0,0.0,0.0,5156245,20,0.0,DDoS attacks-LOIC-HTTP
2049,39100000,39100000,80,39100000.0,40,39100000,39072735,0.051186588,0,0,0.0,0.0,0,39100000.0,0.051186588,0,0.0,39100000,0.0,0.0,0.0,0,0,0,0.0,0.0,39100000,20,0.0,DDoS attacks-LOIC-HTTP
2049,19400000,19400000,80,19400000.0,40,19400000,19392375,0.103133319,0,0,0.0,0.0,0,19400000.0,0.103133319,0,0.0,19400000,0.0,0.0,0.0,0,0,0,0.0,0.0,19400000,20,0.0,DDoS attacks-LOIC-HTTP
8192,335,333,80,167.5,72,1110158,1110541,2.701386081,20,20,6.666666667,6.666666667,20,185090.1667,6.303234189,964,123.0,2,241.0,140.5714286,241.0,964,964,964,115523.4286,339.8873763,2,20,11.54700538,DDoS attacks-LOIC-HTTP
2049,3837800,3837800,80,3837800.0,40,3837800,3837800,0.521131898,0,0,0.0,0.0,0,3837800.0,0.521131898,0,0.0,3837800,0.0,0.0,0.0,0,0,0,0.0,0.0,3837800,20,0.0,DDoS attacks-LOIC-HTTP
8192,445,443,80,222.5,72,1766121,1766589,1.698187864,20,20,6.666666667,6.666666667,20,294431.5,3.962438349,964,123.0,2,241.0,140.5714286,241.0,964,964,964,115523.4286,339.8873763,2,20,11.54700538,DDoS attacks-LOIC-HTTP
8192,1570,1258,80,785.0,72,1661812,1663424,1.803508907,20,20,6.666666667,6.666666667,20,277237.3333,4.20818745,964,123.0,312,241.0,140.5714286,241.0,964,964,964,115523.4286,339.8873763,4,20,11.54700538,DDoS attacks-LOIC-HTTP
2049,23300000,23300000,80,23300000.0,40,23300000,23296489,0.085849846,0,0,0.0,0.0,0,23300000.0,0.085849846,0,0.0,23300000,0.0,0.0,0.0,0,0,0,0.0,0.0,23300000,20,0.0,DDoS attacks-LOIC-HTTP
2049,18700000,18700000,80,18700000.0,40,18700000,18663758,0.107159555,0,0,0.0,0.0,0,18700000.0,0.107159555,0,0.0,18700000,0.0,0.0,0.0,0,0,0,0.0,0.0,18700000,20,0.0,DDoS attacks-LOIC-HTTP
2049,15700000,15700000,80,15700000.0,40,15700000,15651043,0.127787011,0,0,0.0,0.0,0,15700000.0,0.127787011,0,0.0,15700000,0.0,0.0,0.0,0,0,0,0.0,0.0,15700000,20,0.0,DDoS attacks-LOIC-HTTP
8192,321,318,80,160.5,72,1274792,1275145,2.352673618,20,20,6.666666667,6.666666667,20,212524.1667,5.489571774,964,123.0,3,241.0,140.5714286,241.0,964,964,964,115523.4286,339.8873763,3,20,11.54700538,DDoS attacks-LOIC-HTTP
2049,15500000,15500000,80,15500000.0,40,15500000,15474603,0.129244026,0,0,0.0,0.0,0,15500000.0,0.129244026,0,0.0,15500000,0.0,0.0,0.0,0,0,0,0.0,0.0,15500000,20,0.0,DDoS attacks-LOIC-HTTP
2049,31200000,31200000,80,31200000.0,40,31200000,31210808,0.064080366,0,0,0.0,0.0,0,31200000.0,0.064080366,0,0.0,31200000,0.0,0.0,0.0,0,0,0,0.0,0.0,31200000,20,0.0,DDoS attacks-LOIC-HTTP
8192,339,338,80,169.5,72,943821,944186,3.177340058,20,20,6.666666667,6.666666667,20,157364.3333,7.413793469,964,123.0,1,241.0,140.5714286,241.0,964,964,964,115523.4286,339.8873763,1,20,11.54700538,DDoS attacks-LOIC-HTTP
2049,29000000,29000000,80,29000000.0,40,29000000,28967311,0.069043343,0,0,0.0,0.0,0,29000000.0,0.069043343,0,0.0,29000000,0.0,0.0,0.0,0,0,0,0.0,0.0,29000000,20,0.0,DDoS attacks-LOIC-HTTP
8192,417,414,80,208.5,72,1602099,1602563,1.872001288,20,20,6.666666667,6.666666667,20,267093.8333,4.368003005,964,123.0,3,241.0,140.5714286,241.0,964,964,964,115523.4286,339.8873763,3,20,11.54700538,DDoS attacks-LOIC-HTTP
2049,30000000,30000000,80,30000000.0,40,30000000,29982208,0.066706228,0,0,0.0,0.0,0,30000000.0,0.066706228,0,0.0,30000000,0.0,0.0,0.0,0,0,0,0.0,0.0,30000000,20,0.0,DDoS attacks-LOIC-HTTP
2049,28100000,28100000,80,28100000.0,40,28100000,28061250,0.071272662,0,0,0.0,0.0,0,28100000.0,0.071272662,0,0.0,28100000,0.0,0.0,0.0,0,0,0,0.0,0.0,28100000,20,0.0,DDoS attacks-LOIC-HTTP
8192,388,385,80,194.0,72,1287570,1287994,2.329203397,20,20,6.666666667,6.666666667,20,214665.6667,5.434807926,964,123.0,3,241.0,140.5714286,241.0,964,964,964,115523.4286,339.8873763,3,20,11.54700538,DDoS attacks-LOIC-HTTP
8192,470,469,80,235.0,72,1370940,1371450,2.187465821,20,20,6.666666667,6.666666667,20,228575.0,5.104086915,964,123.0,1,241.0,140.5714286,241.0,964,964,964,115523.4286,339.8873763,1,20,11.54700538,DDoS attacks-LOIC-HTTP
2049,5949448,5949448,80,5949448.0,40,5949448,5949448,0.336165641,0,0,0.0,0.0,0,5949448.0,0.336165641,0,0.0,5949448,0.0,0.0,0.0,0,0,0,0.0,0.0,5949448,20,0.0,DDoS attacks-LOIC-HTTP
8192,403,401,80,201.5,72,1355012,1355468,2.213257709,20,20,6.666666667,6.666666667,20,225911.3333,5.164267987,964,123.0,2,241.0,140.5714286,241.0,964,964,964,115523.4286,339.8873763,2,20,11.54700538,DDoS attacks-LOIC-HTTP
8192,318,316,80,159.0,72,1407454,1407798,2.130987542,20,20,6.666666667,6.666666667,20,234633.0,4.972304265,964,123.0,2,241.0,140.5714286,241.0,964,964,964,115523.4286,339.8873763,2,20,11.54700538,DDoS attacks-LOIC-HTTP
8192,1642,1401,80,821.0,72,1734196,1735873,1.728237031,20,20,6.666666667,6.666666667,20,289312.1667,4.032553073,964,123.0,241,241.0,140.5714286,241.0,964,964,964,115523.4286,339.8873763,2,20,11.54700538,DDoS attacks-LOIC-HTTP
8192,338,336,80,169.0,72,1378593,1378957,2.175557323,20,20,6.666666667,6.666666667,20,229826.1667,5.076300421,964,123.0,2,241.0,140.5714286,241.0,964,964,964,115523.4286,339.8873763,2,20,11.54700538,DDoS attacks-LOIC-HTTP
8192,1725,1474,80,862.5,72,1474294,1476074,2.032418429,20,20,6.666666667,6.666666667,20,246012.3333,4.742309667,964,123.0,251,241.0,140.5714286,241.0,964,964,964,115523.4286,339.8873763,3,20,11.54700538,DDoS attacks-LOIC-HTTP
2049,4686703,4686703,80,4686703.0,40,4686703,4686703,0.426739224,0,0,0.0,0.0,0,4686703.0,0.426739224,0,0.0,4686703,0.0,0.0,0.0,0,0,0,0.0,0.0,4686703,20,0.0,DDoS attacks-LOIC-HTTP
8192,528,526,80,264.0,72,1601941,1602503,1.872071378,20,20,6.666666667,6.666666667,20,267083.8333,4.368166549,964,123.0,2,241.0,140.5714286,241.0,964,964,964,115523.4286,339.8873763,2,20,11.54700538,DDoS attacks-LOIC-HTTP
8192,320,290,80,160.0,72,1615258,1615609,1.856884927,20,20,6.666666667,6.666666667,20,269268.1667,4.332731496,964,123.0,30,241.0,140.5714286,241.0,964,964,964,115523.4286,339.8873763,5,20,11.54700538,DDoS attacks-LOIC-HTTP
8192,1042,788,80,521.0,72,1435009,1436078,2.08902302,20,20,6.666666667,6.666666667,20,239346.3333,4.874387046,964,123.0,254,241.0,140.5714286,241.0,964,964,964,115523.4286,339.8873763,2,20,11.54700538,DDoS attacks-LOIC-HTTP
2049,36300000,36300000,80,36300000.0,40,36300000,36275942,0.055132958,0,0,0.0,0.0,0,36300000.0,0.055132958,0,0.0,36300000,0.0,0.0,0.0,0,0,0,0.0,0.0,36300000,20,0.0,DDoS attacks-LOIC-HTTP
2049,36900000,36900000,80,36900000.0,40,36900000,36926004,0.054162373,0,0,0.0,0.0,0,36900000.0,0.054162373,0,0.0,36900000,0.0,0.0,0.0,0,0,0,0.0,0.0,36900000,20,0.0,DDoS attacks-LOIC-HTTP
2049,12900000,12900000,80,12900000.0,40,12900000,12859911,0.155522072,0,0,0.0,0.0,0,12900000.0,0.155522072,0,0.0,12900000,0.0,0.0,0.0,0,0,0,0.0,0.0,12900000,20,0.0,DDoS attacks-LOIC-HTTP
2049,60300000,60300000,80,60300000.0,40,60300000,60275386,0.03318104,0,0,0.0,0.0,0,60300000.0,0.03318104,0,0.0,60300000,0.0,0.0,0.0,0,0,0,0.0,0.0,60300000,20,0.0,DDoS attacks-LOIC-HTTP
8192,482,416,80,241.0,72,433224,433753,6.916378676,20,20,6.666666667,6.666666667,20,72292.16667,16.13821691,964,123.0,66,241.0,140.5714286,241.0,964,964,964,115523.4286,339.8873763,4,20,11.54700538,DDoS attacks-LOIC-HTTP
2049,16400000,16400000,80,16400000.0,40,16400000,16435290,0.121689365,0,0,0.0,0.0,0,16400000.0,0.121689365,0,0.0,16400000,0.0,0.0,0.0,0,0,0,0.0,0.0,16400000,20,0.0,DDoS attacks-LOIC-HTTP
8192,338,329,80,169.0,72,1351637,1352001,2.21893327,20,20,6.666666667,6.666666667,20,225333.5,5.177510963,964,123.0,9,241.0,140.5714286,241.0,964,964,964,115523.4286,339.8873763,4,20,11.54700538,DDoS attacks-LOIC-HTTP
2053,31400000,31400000,80,31400000.0,40,31400000,31360940,0.063773599,0,0,0.0,0.0,0,31400000.0,0.063773599,0,0.0,31400000,0.0,0.0,0.0,0,0,0,0.0,0.0,31400000,20,0.0,DDoS attacks-LOIC-HTTP
8192,290,288,80,145.0,72,1238123,1238438,2.422406289,20,20,6.666666667,6.666666667,20,206406.3333,5.652281341,964,123.0,2,241.0,140.5714286,241.0,964,964,964,115523.4286,339.8873763,2,20,11.54700538,DDoS attacks-LOIC-HTTP
8192,1765,1481,80,882.5,72,1599359,1601160,1.87364161,20,20,6.666666667,6.666666667,20,266860.0,4.371830423,964,123.0,284,241.0,140.5714286,241.0,964,964,964,115523.4286,339.8873763,7,20,11.54700538,DDoS attacks-LOIC-HTTP
2049,11500000,11500000,80,11500000.0,40,11500000,11467348,0.174408242,0,0,0.0,0.0,0,11500000.0,0.174408242,0,0.0,11500000,0.0,0.0,0.0,0,0,0,0.0,0.0,11500000,20,0.0,DDoS attacks-LOIC-HTTP
2049,19900000,19900000,80,19900000.0,40,19900000,19920130,0.100400951,0,0,0.0,0.0,0,19900000.0,0.100400951,0,0.0,19900000,0.0,0.0,0.0,0,0,0,0.0,0.0,19900000,20,0.0,DDoS attacks-LOIC-HTTP
2049,18300000,18300000,80,18300000.0,40,18300000,18270256,0.109467541,0,0,0.0,0.0,0,18300000.0,0.109467541,0,0.0,18300000,0.0,0.0,0.0,0,0,0,0.0,0.0,18300000,20,0.0,DDoS attacks-LOIC-HTTP
2049,6390998,6390998,80,6390998.0,40,6390998,6390998,0.31294017,0,0,0.0,0.0,0,6390998.0,0.31294017,0,0.0,6390998,0.0,0.0,0.0,0,0,0,0.0,0.0,6390998,20,0.0,DDoS attacks-LOIC-HTTP
2049,5148244,5148244,80,5148244.0,40,5148244,5148244,0.388481976,0,0,0.0,0.0,0,5148244.0,0.388481976,0,0.0,5148244,0.0,0.0,0.0,0,0,0,0.0,0.0,5148244,20,0.0,DDoS attacks-LOIC-HTTP
252,15200000,15200000,80,15200000.0,40,15200000,15198712,0.131590098,0,0,0.0,0.0,0,15200000.0,0.131590098,0,0.0,15200000,0.0,0.0,0.0,0,0,0,0.0,0.0,15200000,20,0.0,DDoS attacks-LOIC-HTTP
2049,30200000,30200000,80,30200000.0,40,30200000,30159969,0.066313066,0,0,0.0,0.0,0,30200000.0,0.066313066,0,0.0,30200000,0.0,0.0,0.0,0,0,0,0.0,0.0,30200000,20,0.0,DDoS attacks-LOIC-HTTP
2049,14500000,14500000,80,14500000.0,40,14500000,14485192,0.138072039,0,0,0.0,0.0,0,14500000.0,0.138072039,0,0.0,14500000,0.0,0.0,0.0,0,0,0,0.0,0.0,14500000,20,0.0,DDoS attacks-LOIC-HTTP
2049,12100000,12100000,80,12100000.0,40,12100000,12108746,0.16516987,0,0,0.0,0.0,0,12100000.0,0.16516987,0,0.0,12100000,0.0,0.0,0.0,0,0,0,0.0,0.0,12100000,20,0.0,DDoS attacks-LOIC-HTTP
2049,4952589,4952589,80,4952589.0,40,4952589,4952589,0.403829189,0,0,0.0,0.0,0,4952589.0,0.403829189,0,0.0,4952589,0.0,0.0,0.0,0,0,0,0.0,0.0,4952589,20,0.0,DDoS attacks-LOIC-HTTP
8192,1421,1148,80,710.5,72,1529522,1530967,1.95954583,20,20,6.666666667,6.666666667,20,255161.1667,4.572273602,964,123.0,273,241.0,140.5714286,241.0,964,964,964,115523.4286,339.8873763,5,20,11.54700538,DDoS attacks-LOIC-HTTP
2049,26200000,26200000,80,26200000.0,40,26200000,26216629,0.076287459,0,0,0.0,0.0,0,26200000.0,0.076287459,0,0.0,26200000,0.0,0.0,0.0,0,0,0,0.0,0.0,26200000,20,0.0,DDoS attacks-LOIC-HTTP
8192,402,305,80,201.0,72,1504552,1504990,1.993368727,20,20,6.666666667,6.666666667,20,250831.6667,4.651193696,964,123.0,97,241.0,140.5714286,241.0,964,964,964,115523.4286,339.8873763,7,20,11.54700538,DDoS attacks-LOIC-HTTP
2049,22000000,22000000,80,22000000.0,40,22000000,22013148,0.090854793,0,0,0.0,0.0,0,22000000.0,0.090854793,0,0.0,22000000,0.0,0.0,0.0,0,0,0,0.0,0.0,22000000,20,0.0,DDoS attacks-LOIC-HTTP
2049,6853159,6853159,80,6853159.0,40,6853159,6853159,0.291836217,0,0,0.0,0.0,0,6853159.0,0.291836217,0,0.0,6853159,0.0,0.0,0.0,0,0,0,0.0,0.0,6853159,20,0.0,DDoS attacks-LOIC-HTTP
8192,339,333,80,169.5,72,1623254,1623625,1.847717299,20,20,6.666666667,6.666666667,20,270604.1667,4.311340365,964,123.0,6,241.0,140.5714286,241.0,964,964,964,115523.4286,339.8873763,3,20,11.54700538,DDoS attacks-LOIC-HTTP
252,20400000,20400000,80,20400000.0,40,20400000,20374011,0.098164274,0,0,0.0,0.0,0,20400000.0,0.098164274,0,0.0,20400000,0.0,0.0,0.0,0,0,0,0.0,0.0,20400000,20,0.0,DDoS attacks-LOIC-HTTP
8192,290,289,80,145.0,72,1049827,1050157,2.85671571,20,20,6.666666667,6.666666667,20,175026.1667,6.66566999,964,123.0,1,241.0,140.5714286,241.0,964,964,964,115523.4286,339.8873763,1,20,11.54700538,DDoS attacks-LOIC-HTTP
2049,4896581,4896581,80,4896581.0,40,4896581,4896581,0.408448262,0,0,0.0,0.0,0,4896581.0,0.408448262,0,0.0,4896581,0.0,0.0,0.0,0,0,0,0.0,0.0,4896581,20,0.0,DDoS attacks-LOIC-HTTP
2049,38200000,38200000,80,38200000.0,40,38200000,38152611,0.052421052,0,0,0.0,0.0,0,38200000.0,0.052421052,0,0.0,38200000,0.0,0.0,0.0,0,0,0,0.0,0.0,38200000,20,0.0,DDoS attacks-LOIC-HTTP
2049,42700000,42700000,80,42700000.0,40,42700000,42661894,0.046880244,0,0,0.0,0.0,0,42700000.0,0.046880244,0,0.0,42700000,0.0,0.0,0.0,0,0,0,0.0,0.0,42700000,20,0.0,DDoS attacks-LOIC-HTTP
2049,4747130,4747130,80,4747130.0,40,4747130,4747130,0.42130719,0,0,0.0,0.0,0,4747130.0,0.42130719,0,0.0,4747130,0.0,0.0,0.0,0,0,0,0.0,0.0,4747130,20,0.0,DDoS attacks-LOIC-HTTP
2049,17300000,17300000,80,17300000.0,40,17300000,17340425,0.115337427,0,0,0.0,0.0,0,17300000.0,0.115337427,0,0.0,17300000,0.0,0.0,0.0,0,0,0,0.0,0.0,17300000,20,0.0,DDoS attacks-LOIC-HTTP
8192,435,432,80,217.5,72,1539501,1539990,1.948064598,20,20,6.666666667,6.666666667,20,256665.0,4.545484062,964,123.0,3,241.0,140.5714286,241.0,964,964,964,115523.4286,339.8873763,3,20,11.54700538,DDoS attacks-LOIC-HTTP
2049,2039683,2039683,80,2039683.0,40,2039683,2039683,0.980544526,0,0,0.0,0.0,0,2039683.0,0.980544526,0,0.0,2039683,0.0,0.0,0.0,0,0,0,0.0,0.0,2039683,20,0.0,DDoS attacks-LOIC-HTTP
2049,22000000,22000000,80,22000000.0,40,22000000,22043715,0.090728809,0,0,0.0,0.0,0,22000000.0,0.090728809,0,0.0,22000000,0.0,0.0,0.0,0,0,0,0.0,0.0,22000000,20,0.0,DDoS attacks-LOIC-HTTP
2049,21800000,21800000,80,21800000.0,40,21800000,21790351,0.091783744,0,0,0.0,0.0,0,21800000.0,0.091783744,0,0.0,21800000,0.0,0.0,0.0,0,0,0,0.0,0.0,21800000,20,0.0,DDoS attacks-LOIC-HTTP
8192,432,424,80,216.0,72,1475969,1476426,2.031933873,20,20,6.666666667,6.666666667,20,246071.0,4.741179036,964,123.0,8,241.0,140.5714286,241.0,964,964,964,115523.4286,339.8873763,7,20,11.54700538,DDoS attacks-LOIC-HTTP
2049,31100000,31100000,80,31100000.0,40,31100000,31128530,0.064249741,0,0,0.0,0.0,0,31100000.0,0.064249741,0,0.0,31100000,0.0,0.0,0.0,0,0,0,0.0,0.0,31100000,20,0.0,DDoS attacks-LOIC-HTTP
252,21200000,21200000,80,21200000.0,40,21200000,21187947,0.094393289,0,0,0.0,0.0,0,21200000.0,0.094393289,0,0.0,21200000,0.0,0.0,0.0,0,0,0,0.0,0.0,21200000,20,0.0,DDoS attacks-LOIC-HTTP
8192,423,345,80,211.5,72,727755,728206,4.119713378,20,20,6.666666667,6.666666667,20,121367.6667,9.612664548,964,123.0,78,241.0,140.5714286,241.0,964,964,964,115523.4286,339.8873763,5,20,11.54700538,DDoS attacks-LOIC-HTTP
8192,393,391,80,196.5,72,1349926,1350354,2.221639659,20,20,6.666666667,6.666666667,20,225059.0,5.183825871,964,123.0,2,241.0,140.5714286,241.0,964,964,964,115523.4286,339.8873763,2,20,11.54700538,DDoS attacks-LOIC-HTTP
2049,39800000,39800000,80,39800000.0,40,39800000,39801832,0.050248943,0,0,0.0,0.0,0,39800000.0,0.050248943,0,0.0,39800000,0.0,0.0,0.0,0,0,0,0.0,0.0,39800000,20,0.0,DDoS attacks-LOIC-HTTP
2049,5316172,5316172,80,5316172.0,40,5316172,5316172,0.376210552,0,0,0.0,0.0,0,5316172.0,0.376210552,0,0.0,5316172,0.0,0.0,0.0,0,0,0,0.0,0.0,5316172,20,0.0,DDoS attacks-LOIC-HTTP
2049,38200000,38200000,80,38200000.0,40,38200000,38167380,0.052400767,0,0,0.0,0.0,0,38200000.0,0.052400767,0,0.0,38200000,0.0,0.0,0.0,0,0,0,0.0,0.0,38200000,20,0.0,DDoS attacks-LOIC-HTTP
8192,1704,1395,80,852.0,72,924337,926077,3.239471448,20,20,6.666666667,6.666666667,20,154346.1667,7.558766712,964,123.0,309,241.0,140.5714286,241.0,964,964,964,115523.4286,339.8873763,9,20,11.54700538,DDoS attacks-LOIC-HTTP
2049,13700000,13700000,80,13700000.0,40,13700000,13698421,0.146002229,0,0,0.0,0.0,0,13700000.0,0.146002229,0,0.0,13700000,0.0,0.0,0.0,0,0,0,0.0,0.0,13700000,20,0.0,DDoS attacks-LOIC-HTTP
2049,23400000,23400000,80,23400000.0,40,23400000,23358105,0.085623384,0,0,0.0,0.0,0,23400000.0,0.085623384,0,0.0,23400000,0.0,0.0,0.0,0,0,0,0.0,0.0,23400000,20,0.0,DDoS attacks-LOIC-HTTP
8192,410,300,80,205.0,72,1021306,1021743,2.936159093,20,20,6.666666667,6.666666667,20,170290.5,6.851037883,964,123.0,110,241.0,140.5714286,241.0,964,964,964,115523.4286,339.8873763,3,20,11.54700538,DDoS attacks-LOIC-HTTP
2049,36600000,36600000,80,36600000.0,40,36600000,36558235,0.054707236,0,0,0.0,0.0,0,36600000.0,0.054707236,0,0.0,36600000,0.0,0.0,0.0,0,0,0,0.0,0.0,36600000,20,0.0,DDoS attacks-LOIC-HTTP
2049,42300000,42300000,80,42300000.0,40,42300000,42343808,0.047232408,0,0,0.0,0.0,0,42300000.0,0.047232408,0,0.0,42300000,0.0,0.0,0.0,0,0,0,0.0,0.0,42300000,20,0.0,DDoS attacks-LOIC-HTTP
8192,588,587,80,294.0,72,1518627,1519266,1.974637753,20,20,6.666666667,6.666666667,20,253211.0,4.60748809,964,123.0,1,241.0,140.5714286,241.0,964,964,964,115523.4286,339.8873763,1,20,11.54700538,DDoS attacks-LOIC-HTTP
8192,304,269,80,152.0,72,836751,837091,3.58383975,20,20,6.666666667,6.666666667,20,139515.1667,8.36229275,964,123.0,35,241.0,140.5714286,241.0,964,964,964,115523.4286,339.8873763,6,20,11.54700538,DDoS attacks-LOIC-HTTP
2049,14100000,14100000,80,14100000.0,40,14100000,14058156,0.142266169,0,0,0.0,0.0,0,14100000.0,0.142266169,0,0.0,14100000,0.0,0.0,0.0,0,0,0,0.0,0.0,14100000,20,0.0,DDoS attacks-LOIC-HTTP
8192,348,302,80,174.0,72,1745412,1745811,1.718399071,20,20,6.666666667,6.666666667,20,290968.5,4.009597832,964,123.0,46,241.0,140.5714286,241.0,964,964,964,115523.4286,339.8873763,4,20,11.54700538,DDoS attacks-LOIC-HTTP
8192,329,327,80,164.5,72,1213680,1214038,2.471092338,20,20,6.666666667,6.666666667,20,202339.6667,5.765882122,964,123.0,2,241.0,140.5714286,241.0,964,964,964,115523.4286,339.8873763,2,20,11.54700538,DDoS attacks-LOIC-HTTP
2049,10300000,10300000,80,10300000.0,40,10300000,10306578,0.194050829,0,0,0.0,0.0,0,10300000.0,0.194050829,0,0.0,10300000,0.0,0.0,0.0,0,0,0,0.0,0.0,10300000,20,0.0,DDoS attacks-LOIC-HTTP
8192,329,306,80,164.5,72,1616298,1616655,1.855683495,20,20,6.666666667,6.666666667,20,269442.5,4.329928154,964,123.0,23,241.0,140.5714286,241.0,964,964,964,115523.4286,339.8873763,6,20,11.54700538,DDoS attacks-LOIC-HTTP
2049,1910028,1910028,80,1910028.0,40,1910028,1910028,1.047105069,0,0,0.0,0.0,0,1910028.0,1.047105069,0,0.0,1910028,0.0,0.0,0.0,0,0,0,0.0,0.0,1910028,20,0.0,DDoS attacks-LOIC-HTTP
2049,15100000,15100000,80,15100000.0,40,15100000,15054847,0.132847581,0,0,0.0,0.0,0,15100000.0,0.132847581,0,0.0,15100000,0.0,0.0,0.0,0,0,0,0.0,0.0,15100000,20,0.0,DDoS attacks-LOIC-HTTP
8192,389,387,80,194.5,72,782809,783230,3.830292507,20,20,6.666666667,6.666666667,20,130538.3333,8.937349182,964,123.0,2,241.0,140.5714286,241.0,964,964,964,115523.4286,339.8873763,2,20,11.54700538,DDoS attacks-LOIC-HTTP
2049,24100000,24100000,80,24100000.0,40,24100000,24093225,0.083010888,0,0,0.0,0.0,0,24100000.0,0.083010888,0,0.0,24100000,0.0,0.0,0.0,0,0,0,0.0,0.0,24100000,20,0.0,DDoS attacks-LOIC-HTTP
2049,18500000,18500000,80,18500000.0,40,18500000,18518111,0.108002377,0,0,0.0,0.0,0,18500000.0,0.108002377,0,0.0,18500000,0.0,0.0,0.0,0,0,0,0.0,0.0,18500000,20,0.0,DDoS attacks-LOIC-HTTP
2049,15000000,15000000,80,15000000.0,40,15000000,14997890,0.133352092,0,0,0.0,0.0,0,15000000.0,0.133352092,0,0.0,15000000,0.0,0.0,0.0,0,0,0,0.0,0.0,15000000,20,0.0,DDoS attacks-LOIC-HTTP
2049,9363279,9363279,80,9363279.0,40,9363279,9363279,0.213600385,0,0,0.0,0.0,0,9363279.0,0.213600385,0,0.0,9363279,0.0,0.0,0.0,0,0,0,0.0,0.0,9363279,20,0.0,DDoS attacks-LOIC-HTTP
252,25100000,25100000,80,25100000.0,40,25100000,25107477,0.079657546,0,0,0.0,0.0,0,25100000.0,0.079657546,0,0.0,25100000,0.0,0.0,0.0,0,0,0,0.0,0.0,25100000,20,0.0,DDoS attacks-LOIC-HTTP
2049,21100000,21100000,80,21100000.0,40,21100000,21143595,0.094591293,0,0,0.0,0.0,0,21100000.0,0.094591293,0,0.0,21100000,0.0,0.0,0.0,0,0,0,0.0,0.0,21100000,20,0.0,DDoS attacks-LOIC-HTTP
2049,40100000,40100000,80,40100000.0,40,40100000,40057865,0.049927773,0,0,0.0,0.0,0,40100000.0,0.049927773,0,0.0,40100000,0.0,0.0,0.0,0,0,0,0.0,0.0,40100000,20,0.0,DDoS attacks-LOIC-HTTP
8192,466,331,80,233.0,72,1157991,1158488,2.589582283,20,20,6.666666667,6.666666667,20,193081.3333,6.042358661,964,123.0,135,241.0,140.5714286,241.0,964,964,964,115523.4286,339.8873763,6,20,11.54700538,DDoS attacks-LOIC-HTTP
2049,29600000,29600000,80,29600000.0,40,29600000,29560498,0.067657859,0,0,0.0,0.0,0,29600000.0,0.067657859,0,0.0,29600000,0.0,0.0,0.0,0,0,0,0.0,0.0,29600000,20,0.0,DDoS attacks-LOIC-HTTP
8192,1523,1266,80,761.5,72,1165298,1166851,2.57102235,20,20,6.666666667,6.666666667,20,194475.1667,5.99905215,964,123.0,257,241.0,140.5714286,241.0,964,964,964,115523.4286,339.8873763,3,20,11.54700538,DDoS attacks-LOIC-HTTP
2049,8679699,8679699,80,8679699.0,40,8679699,8679699,0.230422737,0,0,0.0,0.0,0,8679699.0,0.230422737,0,0.0,8679699,0.0,0.0,0.0,0,0,0,0.0,0.0,8679699,20,0.0,DDoS attacks-LOIC-HTTP
8192,287,251,80,143.5,72,1699913,1700236,1.764460934,20,20,6.666666667,6.666666667,20,283372.6667,4.117075512,964,123.0,36,241.0,140.5714286,241.0,964,964,964,115523.4286,339.8873763,7,20,11.54700538,DDoS attacks-LOIC-HTTP
2049,11800000,11800000,80,11800000.0,40,11800000,11795703,0.169553269,0,0,0.0,0.0,0,11800000.0,0.169553269,0,0.0,11800000,0.0,0.0,0.0,0,0,0,0.0,0.0,11800000,20,0.0,DDoS attacks-LOIC-HTTP
8192,343,342,80,171.5,72,1442723,1443103,2.078853692,20,20,6.666666667,6.666666667,20,240517.1667,4.850658615,964,123.0,1,241.0,140.5714286,241.0,964,964,964,115523.4286,339.8873763,1,20,11.54700538,DDoS attacks-LOIC-HTTP
8192,403,401,80,201.5,72,1145383,1145816,2.618221425,20,20,6.666666667,6.666666667,20,190969.3333,6.109183324,964,123.0,2,241.0,140.5714286,241.0,964,964,964,115523.4286,339.8873763,2,20,11.54700538,DDoS attacks-LOIC-HTTP
2049,38493,38493,80,38493.0,40,38493,38493,51.95749877,0,0,0.0,0.0,0,38493.0,51.95749877,0,0.0,38493,0.0,0.0,0.0,0,0,0,0.0,0.0,38493,20,0.0,DDoS attacks-LOIC-HTTP
8192,383,315,80,191.5,72,1177853,1178272,2.54610141,20,20,6.666666667,6.666666667,20,196378.6667,5.940903289,964,123.0,68,241.0,140.5714286,241.0,964,964,964,115523.4286,339.8873763,7,20,11.54700538,DDoS attacks-LOIC-HTTP
8192,391,388,80,195.5,72,1603207,1603652,1.870730059,20,20,6.666666667,6.666666667,20,267275.3333,4.365036803,964,123.0,3,241.0,140.5714286,241.0,964,964,964,115523.4286,339.8873763,3,20,11.54700538,DDoS attacks-LOIC-HTTP
8192,286,248,80,143.0,72,1221839,1222157,2.454676445,20,20,6.666666667,6.666666667,20,203692.8333,5.727578372,964,123.0,38,241.0,140.5714286,241.0,964,964,964,115523.4286,339.8873763,3,20,11.54700538,DDoS attacks-LOIC-HTTP
2049,36900000,36900000,80,36900000.0,40,36900000,36907593,0.054189391,0,0,0.0,0.0,0,36900000.0,0.054189391,0,0.0,36900000,0.0,0.0,0.0,0,0,0,0.0,0.0,36900000,20,0.0,DDoS attacks-LOIC-HTTP
8192,304,303,80,152.0,72,1421157,1421488,2.110464527,20,20,6.666666667,6.666666667,20,236914.6667,4.92441723,964,123.0,1,241.0,140.5714286,241.0,964,964,964,115523.4286,339.8873763,1,20,11.54700538,DDoS attacks-LOIC-HTTP
8192,1821,1400,80,910.5,72,888108,889961,3.370934232,20,20,6.666666667,6.666666667,20,148326.8333,7.865513208,964,123.0,421,241.0,140.5714286,241.0,964,964,964,115523.4286,339.8873763,7,20,11.54700538,DDoS attacks-LOIC-HTTP
2049,31300000,31300000,80,31300000.0,40,31300000,31305103,0.063887348,0,0,0.0,0.0,0,31300000.0,0.063887348,0,0.0,31300000,0.0,0.0,0.0,0,0,0,0.0,0.0,31300000,20,0.0,DDoS attacks-LOIC-HTTP
2049,17900000,17900000,80,17900000.0,40,17900000,17912031,0.111656796,0,0,0.0,0.0,0,17900000.0,0.111656796,0,0.0,17900000,0.0,0.0,0.0,0,0,0,0.0,0.0,17900000,20,0.0,DDoS attacks-LOIC-HTTP
2049,12500000,12500000,80,12500000.0,40,12500000,12500074,0.159999053,0,0,0.0,0.0,0,12500000.0,0.159999053,0,0.0,12500000,0.0,0.0,0.0,0,0,0,0.0,0.0,12500000,20,0.0,DDoS attacks-LOIC-HTTP
2049,74300000,74300000,80,74300000.0,40,74300000,74276715,0.026926339,0,0,0.0,0.0,0,74300000.0,0.026926339,0,0.0,74300000,0.0,0.0,0.0,0,0,0,0.0,0.0,74300000,20,0.0,DDoS attacks-LOIC-HTTP
8192,326,325,80,163.0,72,1560866,1561243,1.921545845,20,20,6.666666667,6.666666667,20,260207.1667,4.483606972,964,123.0,1,241.0,140.5714286,241.0,964,964,964,115523.4286,339.8873763,1,20,11.54700538,DDoS attacks-LOIC-HTTP
2049,15700000,15700000,80,15700000.0,40,15700000,15729513,0.127149518,0,0,0.0,0.0,0,15700000.0,0.127149518,0,0.0,15700000,0.0,0.0,0.0,0,0,0,0.0,0.0,15700000,20,0.0,DDoS attacks-LOIC-HTTP
8192,303,264,80,151.5,72,1414880,1415211,2.119825242,20,20,6.666666667,6.666666667,20,235868.5,4.946258897,964,123.0,39,241.0,140.5714286,241.0,964,964,964,115523.4286,339.8873763,4,20,11.54700538,DDoS attacks-LOIC-HTTP
2049,10500000,10500000,80,10500000.0,40,10500000,10471081,0.191002247,0,0,0.0,0.0,0,10500000.0,0.191002247,0,0.0,10500000,0.0,0.0,0.0,0,0,0,0.0,0.0,10500000,20,0.0,DDoS attacks-LOIC-HTTP
8192,1256,765,80,628.0,72,1363011,1364291,2.19894436,20,20,6.666666667,6.666666667,20,227381.8333,5.130870174,964,123.0,491,241.0,140.5714286,241.0,964,964,964,115523.4286,339.8873763,4,20,11.54700538,DDoS attacks-LOIC-HTTP
8192,411,401,80,205.5,72,1570632,1571075,1.909520551,20,20,6.666666667,6.666666667,20,261845.8333,4.455547953,964,123.0,10,241.0,140.5714286,241.0,964,964,964,115523.4286,339.8873763,9,20,11.54700538,DDoS attacks-LOIC-HTTP
8192,399,363,80,199.5,72,1392365,1392796,2.153940706,20,20,6.666666667,6.666666667,20,232132.6667,5.025861648,964,123.0,36,241.0,140.5714286,241.0,964,964,964,115523.4286,339.8873763,3,20,11.54700538,DDoS attacks-LOIC-HTTP
2049,18800000,18800000,80,18800000.0,40,18800000,18802919,0.106366464,0,0,0.0,0.0,0,18800000.0,0.106366464,0,0.0,18800000,0.0,0.0,0.0,0,0,0,0.0,0.0,18800000,20,0.0,DDoS attacks-LOIC-HTTP
2049,8444772,8444772,80,8444772.0,40,8444772,8444772,0.236832919,0,0,0.0,0.0,0,8444772.0,0.236832919,0,0.0,8444772,0.0,0.0,0.0,0,0,0,0.0,0.0,8444772,20,0.0,DDoS attacks-LOIC-HTTP
2049,11200000,11200000,80,11200000.0,40,11200000,11204285,0.178503135,0,0,0.0,0.0,0,11200000.0,0.178503135,0,0.0,11200000,0.0,0.0,0.0,0,0,0,0.0,0.0,11200000,20,0.0,DDoS attacks-LOIC-HTTP
2049,20100000,20100000,80,20100000.0,40,20100000,20122781,0.099389841,0,0,0.0,0.0,0,20100000.0,0.099389841,0,0.0,20100000,0.0,0.0,0.0,0,0,0,0.0,0.0,20100000,20,0.0,DDoS attacks-LOIC-HTTP
2049,37500000,37500000,80,37500000.0,40,37500000,37467043,0.053380247,0,0,0.0,0.0,0,37500000.0,0.053380247,0,0.0,37500000,0.0,0.0,0.0,0,0,0,0.0,0.0,37500000,20,0.0,DDoS attacks-LOIC-HTTP
2049,17100000,17100000,80,17100000.0,40,17100000,17119442,0.116826238,0,0,0.0,0.0,0,17100000.0,0.116826238,0,0.0,17100000,0.0,0.0,0.0,0,0,0,0.0,0.0,17100000,20,0.0,DDoS attacks-LOIC-HTTP
8192,302,301,80,151.0,72,1601306,1601641,1.873078923,20,20,6.666666667,6.666666667,20,266940.1667,4.370517488,964,123.0,1,241.0,140.5714286,241.0,964,964,964,115523.4286,339.8873763,1,20,11.54700538,DDoS attacks-LOIC-HTTP
2049,19200000,19200000,80,19200000.0,40,19200000,19192076,0.104209675,0,0,0.0,0.0,0,19200000.0,0.104209675,0,0.0,19200000,0.0,0.0,0.0,0,0,0,0.0,0.0,19200000,20,0.0,DDoS attacks-LOIC-HTTP
2049,26100000,26100000,80,26100000.0,40,26100000,26098885,0.076631626,0,0,0.0,0.0,0,26100000.0,0.076631626,0,0.0,26100000,0.0,0.0,0.0,0,0,0,0.0,0.0,26100000,20,0.0,DDoS attacks-LOIC-HTTP
8192,311,277,80,155.5,72,1374468,1374812,2.182116537,20,20,6.666666667,6.666666667,20,229135.3333,5.091605252,964,123.0,34,241.0,140.5714286,241.0,964,964,964,115523.4286,339.8873763,6,20,11.54700538,DDoS attacks-LOIC-HTTP
8192,279,277,80,139.5,72,979155,979457,3.062921598,20,20,6.666666667,6.666666667,20,163242.8333,7.146817063,964,123.0,2,241.0,140.5714286,241.0,964,964,964,115523.4286,339.8873763,2,20,11.54700538,DDoS attacks-LOIC-HTTP
2049,24700000,24700000,80,24700000.0,40,24700000,24708110,0.080945082,0,0,0.0,0.0,0,24700000.0,0.080945082,0,0.0,24700000,0.0,0.0,0.0,0,0,0,0.0,0.0,24700000,20,0.0,DDoS attacks-LOIC-HTTP
2049,4216840,4216840,80,4216840.0,40,4216840,4216840,0.474288804,0,0,0.0,0.0,0,4216840.0,0.474288804,0,0.0,4216840,0.0,0.0,0.0,0,0,0,0.0,0.0,4216840,20,0.0,DDoS attacks-LOIC-HTTP
8192,471,351,80,235.5,72,1180455,1180962,2.540301889,20,20,6.666666667,6.666666667,20,196827.0,5.927371075,964,123.0,120,241.0,140.5714286,241.0,964,964,964,115523.4286,339.8873763,6,20,11.54700538,DDoS attacks-LOIC-HTTP
8192,405,400,80,202.5,72,1688687,1689121,1.776071696,20,20,6.666666667,6.666666667,20,281520.1667,4.144167292,964,123.0,5,241.0,140.5714286,241.0,964,964,964,115523.4286,339.8873763,5,20,11.54700538,DDoS attacks-LOIC-HTTP
2049,4986995,4986995,80,4986995.0,40,4986995,4986995,0.401043113,0,0,0.0,0.0,0,4986995.0,0.401043113,0,0.0,4986995,0.0,0.0,0.0,0,0,0,0.0,0.0,4986995,20,0.0,DDoS attacks-LOIC-HTTP
2049,28200000,28200000,80,28200000.0,40,28200000,28203068,0.070914271,0,0,0.0,0.0,0,28200000.0,0.070914271,0,0.0,28200000,0.0,0.0,0.0,0,0,0,0.0,0.0,28200000,20,0.0,DDoS attacks-LOIC-HTTP
8192,404,356,80,202.0,72,1550373,1550807,1.934476695,20,20,6.666666667,6.666666667,20,258467.8333,4.513778955,964,123.0,48,241.0,140.5714286,241.0,964,964,964,115523.4286,339.8873763,3,20,11.54700538,DDoS attacks-LOIC-HTTP
8192,362,336,80,181.0,72,952096,952481,3.149669127,20,20,6.666666667,6.666666667,20,158746.8333,7.349227964,964,123.0,26,241.0,140.5714286,241.0,964,964,964,115523.4286,339.8873763,4,20,11.54700538,DDoS attacks-LOIC-HTTP
8192,326,325,80,163.0,72,1562710,1563066,1.919304751,20,20,6.666666667,6.666666667,20,260511.0,4.478377752,964,123.0,1,241.0,140.5714286,241.0,964,964,964,115523.4286,339.8873763,1,20,11.54700538,DDoS attacks-LOIC-HTTP
2049,13400000,13400000,80,13400000.0,40,13400000,13406896,0.149176961,0,0,0.0,0.0,0,13400000.0,0.149176961,0,0.0,13400000,0.0,0.0,0.0,0,0,0,0.0,0.0,13400000,20,0.0,DDoS attacks-LOIC-HTTP
2049,4018872,4018872,80,4018872.0,40,4018872,4018872,0.497652077,0,0,0.0,0.0,0,4018872.0,0.497652077,0,0.0,4018872,0.0,0.0,0.0,0,0,0,0.0,0.0,4018872,20,0.0,DDoS attacks-LOIC-HTTP
8192,361,305,80,180.5,72,888535,888921,3.374878083,20,20,6.666666667,6.666666667,20,148153.5,7.874715526,964,123.0,56,241.0,140.5714286,241.0,964,964,964,115523.4286,339.8873763,3,20,11.54700538,DDoS attacks-LOIC-HTTP
8192,397,390,80,198.5,72,1436618,1437055,2.087602771,20,20,6.666666667,6.666666667,20,239509.1667,4.871073132,964,123.0,7,241.0,140.5714286,241.0,964,964,964,115523.4286,339.8873763,4,20,11.54700538,DDoS attacks-LOIC-HTTP
8192,397,395,80,198.5,72,1369209,1369633,2.190367785,20,20,6.666666667,6.666666667,20,228272.1667,5.110858164,964,123.0,2,241.0,140.5714286,241.0,964,964,964,115523.4286,339.8873763,2,20,11.54700538,DDoS attacks-LOIC-HTTP
8192,383,367,80,191.5,72,1314081,1314494,2.282247009,20,20,6.666666667,6.666666667,20,219082.3333,5.325243021,964,123.0,16,241.0,140.5714286,241.0,964,964,964,115523.4286,339.8873763,2,20,11.54700538,DDoS attacks-LOIC-HTTP
2049,36000000,36000000,80,36000000.0,40,36000000,35998175,0.055558372,0,0,0.0,0.0,0,36000000.0,0.055558372,0,0.0,36000000,0.0,0.0,0.0,0,0,0,0.0,0.0,36000000,20,0.0,DDoS attacks-LOIC-HTTP
8192,304,302,80,152.0,72,1186025,1186363,2.528736989,20,20,6.666666667,6.666666667,20,197727.1667,5.900386307,964,123.0,2,241.0,140.5714286,241.0,964,964,964,115523.4286,339.8873763,2,20,11.54700538,DDoS attacks-LOIC-HTTP
8192,475,442,80,237.5,72,941494,941998,3.184720137,20,20,6.666666667,6.666666667,20,156999.6667,7.431013654,964,123.0,33,241.0,140.5714286,241.0,964,964,964,115523.4286,339.8873763,4,20,11.54700538,DDoS attacks-LOIC-HTTP
2049,15000000,15000000,80,15000000.0,40,15000000,15023339,0.133126198,0,0,0.0,0.0,0,15000000.0,0.133126198,0,0.0,15000000,0.0,0.0,0.0,0,0,0,0.0,0.0,15000000,20,0.0,DDoS attacks-LOIC-HTTP
8192,381,379,80,190.5,72,1652107,1652536,1.815391616,20,20,6.666666667,6.666666667,20,275422.6667,4.235913771,964,123.0,2,241.0,140.5714286,241.0,964,964,964,115523.4286,339.8873763,2,20,11.54700538,DDoS attacks-LOIC-HTTP
8192,390,387,80,195.0,72,1843588,1844007,1.626891872,20,20,6.666666667,6.666666667,20,307334.5,3.796081034,964,123.0,3,241.0,140.5714286,241.0,964,964,964,115523.4286,339.8873763,3,20,11.54700538,DDoS attacks-LOIC-HTTP
8192,445,361,80,222.5,72,955436,955917,3.138347785,20,20,6.666666667,6.666666667,20,159319.5,7.322811499,964,123.0,84,241.0,140.5714286,241.0,964,964,964,115523.4286,339.8873763,8,20,11.54700538,DDoS attacks-LOIC-HTTP
2049,39600000,39600000,80,39600000.0,40,39600000,39559891,0.050556257,0,0,0.0,0.0,0,39600000.0,0.050556257,0,0.0,39600000,0.0,0.0,0.0,0,0,0,0.0,0.0,39600000,20,0.0,DDoS attacks-LOIC-HTTP
8192,388,387,80,194.0,72,1467114,1467542,2.044234509,20,20,6.666666667,6.666666667,20,244590.3333,4.769880521,964,123.0,1,241.0,140.5714286,241.0,964,964,964,115523.4286,339.8873763,1,20,11.54700538,DDoS attacks-LOIC-HTTP
8192,441,337,80,220.5,72,1466964,1467432,2.044387747,20,20,6.666666667,6.666666667,20,244572.0,4.770238076,964,123.0,104,241.0,140.5714286,241.0,964,964,964,115523.4286,339.8873763,6,20,11.54700538,DDoS attacks-LOIC-HTTP
8192,355,352,80,177.5,72,1255289,1255685,2.389134218,20,20,6.666666667,6.666666667,20,209280.8333,5.574646508,964,123.0,3,241.0,140.5714286,241.0,964,964,964,115523.4286,339.8873763,3,20,11.54700538,DDoS attacks-LOIC-HTTP
2049,28100000,28100000,80,28100000.0,40,28100000,28117831,0.071129242,0,0,0.0,0.0,0,28100000.0,0.071129242,0,0.0,28100000,0.0,0.0,0.0,0,0,0,0.0,0.0,28100000,20,0.0,DDoS attacks-LOIC-HTTP
2049,20300000,20300000,80,20300000.0,40,20300000,20322976,0.098410784,0,0,0.0,0.0,0,20300000.0,0.098410784,0,0.0,20300000,0.0,0.0,0.0,0,0,0,0.0,0.0,20300000,20,0.0,DDoS attacks-LOIC-HTTP
8192,402,401,80,201.0,72,1545952,1546386,1.940007217,20,20,6.666666667,6.666666667,20,257731.0,4.526683506,964,123.0,1,241.0,140.5714286,241.0,964,964,964,115523.4286,339.8873763,1,20,11.54700538,DDoS attacks-LOIC-HTTP
2049,26300000,26300000,80,26300000.0,40,26300000,26299246,0.076047808,0,0,0.0,0.0,0,26300000.0,0.076047808,0,0.0,26300000,0.0,0.0,0.0,0,0,0,0.0,0.0,26300000,20,0.0,DDoS attacks-LOIC-HTTP
2049,3322045,3322045,80,3322045.0,40,3322045,3322045,0.602038804,0,0,0.0,0.0,0,3322045.0,0.602038804,0,0.0,3322045,0.0,0.0,0.0,0,0,0,0.0,0.0,3322045,20,0.0,DDoS attacks-LOIC-HTTP
8192,325,323,80,162.5,72,1324353,1324712,2.264643183,20,20,6.666666667,6.666666667,20,220785.3333,5.284167427,964,123.0,2,241.0,140.5714286,241.0,964,964,964,115523.4286,339.8873763,2,20,11.54700538,DDoS attacks-LOIC-HTTP
8192,1399,1032,80,699.5,72,867257,868686,3.453491826,20,20,6.666666667,6.666666667,20,144781.0,8.058147593,964,123.0,367,241.0,140.5714286,241.0,964,964,964,115523.4286,339.8873763,7,20,11.54700538,DDoS attacks-LOIC-HTTP
2049,30300000,30300000,80,30300000.0,40,30300000,30286413,0.066036212,0,0,0.0,0.0,0,30300000.0,0.066036212,0,0.0,30300000,0.0,0.0,0.0,0,0,0,0.0,0.0,30300000,20,0.0,DDoS attacks-LOIC-HTTP
8192,368,293,80,184.0,72,1209257,1209680,2.479994709,20,20,6.666666667,6.666666667,20,201613.3333,5.786654322,964,123.0,75,241.0,140.5714286,241.0,964,964,964,115523.4286,339.8873763,3,20,11.54700538,DDoS attacks-LOIC-HTTP
8192,1369,1036,80,684.5,72,1393102,1394502,2.151305627,20,20,6.666666667,6.666666667,20,232417.0,5.019713131,964,123.0,333,241.0,140.5714286,241.0,964,964,964,115523.4286,339.8873763,7,20,11.54700538,DDoS attacks-LOIC-HTTP
2049,6942049,6942049,80,6942049.0,40,6942049,6942049,0.288099378,0,0,0.0,0.0,0,6942049.0,0.288099378,0,0.0,6942049,0.0,0.0,0.0,0,0,0,0.0,0.0,6942049,20,0.0,DDoS attacks-LOIC-HTTP
8192,407,347,80,203.5,72,1370842,1371278,2.187740196,20,20,6.666666667,6.666666667,20,228546.3333,5.104727123,964,123.0,60,241.0,140.5714286,241.0,964,964,964,115523.4286,339.8873763,4,20,11.54700538,DDoS attacks-LOIC-HTTP
2049,4531150,4531150,80,4531150.0,40,4531150,4531150,0.441389051,0,0,0.0,0.0,0,4531150.0,0.441389051,0,0.0,4531150,0.0,0.0,0.0,0,0,0,0.0,0.0,4531150,20,0.0,DDoS attacks-LOIC-HTTP
2049,15800000,15800000,80,15800000.0,40,15800000,15833060,0.12631797,0,0,0.0,0.0,0,15800000.0,0.12631797,0,0.0,15800000,0.0,0.0,0.0,0,0,0,0.0,0.0,15800000,20,0.0,DDoS attacks-LOIC-HTTP
2049,19200000,19200000,80,19200000.0,40,19200000,19211004,0.104107,0,0,0.0,0.0,0,19200000.0,0.104107,0,0.0,19200000,0.0,0.0,0.0,0,0,0,0.0,0.0,19200000,20,0.0,DDoS attacks-LOIC-HTTP
8192,414,412,80,207.0,72,1424113,1424557,2.10591784,20,20,6.666666667,6.666666667,20,237426.1667,4.913808293,964,123.0,2,241.0,140.5714286,241.0,964,964,964,115523.4286,339.8873763,2,20,11.54700538,DDoS attacks-LOIC-HTTP
2049,39200000,39200000,80,39200000.0,40,39200000,39196778,0.051024602,0,0,0.0,0.0,0,39200000.0,0.051024602,0,0.0,39200000,0.0,0.0,0.0,0,0,0,0.0,0.0,39200000,20,0.0,DDoS attacks-LOIC-HTTP
2049,15400000,15400000,80,15400000.0,40,15400000,15422889,0.129677391,0,0,0.0,0.0,0,15400000.0,0.129677391,0,0.0,15400000,0.0,0.0,0.0,0,0,0,0.0,0.0,15400000,20,0.0,DDoS attacks-LOIC-HTTP
2049,15000000,15000000,80,15000000.0,40,15000000,15029017,0.133075902,0,0,0.0,0.0,0,15000000.0,0.133075902,0,0.0,15000000,0.0,0.0,0.0,0,0,0,0.0,0.0,15000000,20,0.0,DDoS attacks-LOIC-HTTP
8192,359,357,80,179.5,72,1144713,1145123,2.619805907,20,20,6.666666667,6.666666667,20,190853.8333,6.11288045,964,123.0,2,241.0,140.5714286,241.0,964,964,964,115523.4286,339.8873763,2,20,11.54700538,DDoS attacks-LOIC-HTTP
8192,383,381,80,191.5,72,1277713,1278127,2.347184591,20,20,6.666666667,6.666666667,20,213021.1667,5.476764046,964,123.0,2,241.0,140.5714286,241.0,964,964,964,115523.4286,339.8873763,2,20,11.54700538,DDoS attacks-LOIC-HTTP
2049,12100000,12100000,80,12100000.0,40,12100000,12070563,0.165692354,0,0,0.0,0.0,0,12100000.0,0.165692354,0,0.0,12100000,0.0,0.0,0.0,0,0,0,0.0,0.0,12100000,20,0.0,DDoS attacks-LOIC-HTTP
252,41000000,41000000,80,41000000.0,40,41000000,41022055,0.048754262,0,0,0.0,0.0,0,41000000.0,0.048754262,0,0.0,41000000,0.0,0.0,0.0,0,0,0,0.0,0.0,41000000,20,0.0,DDoS attacks-LOIC-HTTP
2049,13800000,13800000,80,13800000.0,40,13800000,13808917,0.14483395,0,0,0.0,0.0,0,13800000.0,0.14483395,0,0.0,13800000,0.0,0.0,0.0,0,0,0,0.0,0.0,13800000,20,0.0,DDoS attacks-LOIC-HTTP
2049,12900000,12900000,80,12900000.0,40,12900000,12871874,0.155377531,0,0,0.0,0.0,0,12900000.0,0.155377531,0,0.0,12900000,0.0,0.0,0.0,0,0,0,0.0,0.0,12900000,20,0.0,DDoS attacks-LOIC-HTTP
2049,6414585,6414585,80,6414585.0,40,6414585,6414585,0.311789461,0,0,0.0,0.0,0,6414585.0,0.311789461,0,0.0,6414585,0.0,0.0,0.0,0,0,0,0.0,0.0,6414585,20,0.0,DDoS attacks-LOIC-HTTP
2049,40700000,40700000,80,40700000.0,40,40700000,40736852,0.049095595,0,0,0.0,0.0,0,40700000.0,0.049095595,0,0.0,40700000,0.0,0.0,0.0,0,0,0,0.0,0.0,40700000,20,0.0,DDoS attacks-LOIC-HTTP
8192,1151,767,80,575.5,72,1079016,1080204,2.777253186,20,20,6.666666667,6.666666667,20,180034.0,6.480257433,964,123.0,384,241.0,140.5714286,241.0,964,964,964,115523.4286,339.8873763,8,20,11.54700538,DDoS attacks-LOIC-HTTP
2049,21400000,21400000,80,21400000.0,40,21400000,21404648,0.09343765,0,0,0.0,0.0,0,21400000.0,0.09343765,0,0.0,21400000,0.0,0.0,0.0,0,0,0,0.0,0.0,21400000,20,0.0,DDoS attacks-LOIC-HTTP
2049,37900000,37900000,80,37900000.0,40,37900000,37932362,0.052725427,0,0,0.0,0.0,0,37900000.0,0.052725427,0,0.0,37900000,0.0,0.0,0.0,0,0,0,0.0,0.0,37900000,20,0.0,DDoS attacks-LOIC-HTTP
2049,9299701,9299701,80,9299701.0,40,9299701,9299701,0.215060678,0,0,0.0,0.0,0,9299701.0,0.215060678,0,0.0,9299701,0.0,0.0,0.0,0,0,0,0.0,0.0,9299701,20,0.0,DDoS attacks-LOIC-HTTP
2049,28600000,28600000,80,28600000.0,40,28600000,28568820,0.070006392,0,0,0.0,0.0,0,28600000.0,0.070006392,0,0.0,28600000,0.0,0.0,0.0,0,0,0,0.0,0.0,28600000,20,0.0,DDoS attacks-LOIC-HTTP
8192,1448,793,80,724.0,72,1263453,1264926,2.371680241,20,20,6.666666667,6.666666667,20,210821.0,5.533920561,964,123.0,655,241.0,140.5714286,241.0,964,964,964,115523.4286,339.8873763,4,20,11.54700538,DDoS attacks-LOIC-HTTP
8192,364,353,80,182.0,72,1188823,1189221,2.522659792,20,20,6.666666667,6.666666667,20,198203.5,5.88620618,964,123.0,11,241.0,140.5714286,241.0,964,964,964,115523.4286,339.8873763,5,20,11.54700538,DDoS attacks-LOIC-HTTP
2049,34700000,34700000,80,34700000.0,40,34700000,34746444,0.057559847,0,0,0.0,0.0,0,34700000.0,0.057559847,0,0.0,34700000,0.0,0.0,0.0,0,0,0,0.0,0.0,34700000,20,0.0,DDoS attacks-LOIC-HTTP
2049,4901925,4901925,80,4901925.0,40,4901925,4901925,0.408002978,0,0,0.0,0.0,0,4901925.0,0.408002978,0,0.0,4901925,0.0,0.0,0.0,0,0,0,0.0,0.0,4901925,20,0.0,DDoS attacks-LOIC-HTTP
2049,32900000,32900000,80,32900000.0,40,32900000,32872367,0.060841375,0,0,0.0,0.0,0,32900000.0,0.060841375,0,0.0,32900000,0.0,0.0,0.0,0,0,0,0.0,0.0,32900000,20,0.0,DDoS attacks-LOIC-HTTP
8192,699,684,80,349.5,72,1754605,1755335,1.709075476,20,20,6.666666667,6.666666667,20,292555.8333,3.987842776,964,123.0,15,241.0,140.5714286,241.0,964,964,964,115523.4286,339.8873763,2,20,11.54700538,DDoS attacks-LOIC-HTTP
2049,32400000,32400000,80,32400000.0,40,32400000,32399238,0.061729847,0,0,0.0,0.0,0,32400000.0,0.061729847,0,0.0,32400000,0.0,0.0,0.0,0,0,0,0.0,0.0,32400000,20,0.0,DDoS attacks-LOIC-HTTP
2049,2406883,2406883,80,2406883.0,40,2406883,2406883,0.830950237,0,0,0.0,0.0,0,2406883.0,0.830950237,0,0.0,2406883,0.0,0.0,0.0,0,0,0,0.0,0.0,2406883,20,0.0,DDoS attacks-LOIC-HTTP
8192,412,410,80,206.0,72,1487150,1487589,2.01668606,20,20,6.666666667,6.666666667,20,247931.5,4.705600808,964,123.0,2,241.0,140.5714286,241.0,964,964,964,115523.4286,339.8873763,2,20,11.54700538,DDoS attacks-LOIC-HTTP
8192,1619,1325,80,809.5,72,1838004,1839663,1.630733455,20,20,6.666666667,6.666666667,20,306610.5,3.805044728,964,123.0,294,241.0,140.5714286,241.0,964,964,964,115523.4286,339.8873763,3,20,11.54700538,DDoS attacks-LOIC-HTTP
2049,32500000,32500000,80,32500000.0,40,32500000,32502353,0.061534006,0,0,0.0,0.0,0,32500000.0,0.061534006,0,0.0,32500000,0.0,0.0,0.0,0,0,0,0.0,0.0,32500000,20,0.0,DDoS attacks-LOIC-HTTP
8192,401,384,80,200.5,72,1366371,1366845,2.194835552,20,20,6.666666667,6.666666667,20,227807.5,5.121282955,964,123.0,17,241.0,140.5714286,241.0,964,964,964,115523.4286,339.8873763,3,20,11.54700538,DDoS attacks-LOIC-HTTP
2049,42400000,42400000,80,42400000.0,40,42400000,42394336,0.047176113,0,0,0.0,0.0,0,42400000.0,0.047176113,0,0.0,42400000,0.0,0.0,0.0,0,0,0,0.0,0.0,42400000,20,0.0,DDoS attacks-LOIC-HTTP
2049,14200000,14200000,80,14200000.0,40,14200000,14183797,0.141005966,0,0,0.0,0.0,0,14200000.0,0.141005966,0,0.0,14200000,0.0,0.0,0.0,0,0,0,0.0,0.0,14200000,20,0.0,DDoS attacks-LOIC-HTTP
8192,291,290,80,145.5,72,1401290,1401613,2.140391107,20,20,6.666666667,6.666666667,20,233602.1667,4.994245915,964,123.0,1,241.0,140.5714286,241.0,964,964,964,115523.4286,339.8873763,1,20,11.54700538,DDoS attacks-LOIC-HTTP
8192,1786,1501,80,893.0,72,1320744,1322575,2.268302365,20,20,6.666666667,6.666666667,20,220429.1667,5.292705518,964,123.0,285,241.0,140.5714286,241.0,964,964,964,115523.4286,339.8873763,3,20,11.54700538,DDoS attacks-LOIC-HTTP
8192,321,320,80,160.5,72,1301997,1302345,2.303537081,20,20,6.666666667,6.666666667,20,217057.5,5.374919856,964,123.0,1,241.0,140.5714286,241.0,964,964,964,115523.4286,339.8873763,1,20,11.54700538,DDoS attacks-LOIC-HTTP
2049,6441169,6441169,80,6441169.0,40,6441169,6441169,0.310502643,0,0,0.0,0.0,0,6441169.0,0.310502643,0,0.0,6441169,0.0,0.0,0.0,0,0,0,0.0,0.0,6441169,20,0.0,DDoS attacks-LOIC-HTTP
8192,1327,987,80,663.5,72,1094911,1096296,2.736487226,20,20,6.666666667,6.666666667,20,182716.0,6.385136861,964,123.0,340,241.0,140.5714286,241.0,964,964,964,115523.4286,339.8873763,7,20,11.54700538,DDoS attacks-LOIC-HTTP
2049,20300000,20300000,80,20300000.0,40,20300000,20286615,0.098587172,0,0,0.0,0.0,0,20300000.0,0.098587172,0,0.0,20300000,0.0,0.0,0.0,0,0,0,0.0,0.0,20300000,20,0.0,DDoS attacks-LOIC-HTTP
2049,11900000,11900000,80,11900000.0,40,11900000,11893139,0.168164183,0,0,0.0,0.0,0,11900000.0,0.168164183,0,0.0,11900000,0.0,0.0,0.0,0,0,0,0.0,0.0,11900000,20,0.0,DDoS attacks-LOIC-HTTP
2049,62700000,62700000,80,62700000.0,40,62700000,62667016,0.031914716,0,0,0.0,0.0,0,62700000.0,0.031914716,0,0.0,62700000,0.0,0.0,0.0,0,0,0,0.0,0.0,62700000,20,0.0,DDoS attacks-LOIC-HTTP
8192,302,299,80,151.0,72,1547028,1547363,1.938782303,20,20,6.666666667,6.666666667,20,257893.8333,4.523825373,964,123.0,3,241.0,140.5714286,241.0,964,964,964,115523.4286,339.8873763,3,20,11.54700538,DDoS attacks-LOIC-HTTP
2049,15600000,15600000,80,15600000.0,40,15600000,15644689,0.127838911,0,0,0.0,0.0,0,15600000.0,0.127838911,0,0.0,15600000,0.0,0.0,0.0,0,0,0,0.0,0.0,15600000,20,0.0,DDoS attacks-LOIC-HTTP
2049,23500000,23500000,80,23500000.0,40,23500000,23520873,0.085030857,0,0,0.0,0.0,0,23500000.0,0.085030857,0,0.0,23500000,0.0,0.0,0.0,0,0,0,0.0,0.0,23500000,20,0.0,DDoS attacks-LOIC-HTTP
2049,7386123,7386123,80,7386123.0,40,7386123,7386123,0.270778052,0,0,0.0,0.0,0,7386123.0,0.270778052,0,0.0,7386123,0.0,0.0,0.0,0,0,0,0.0,0.0,7386123,20,0.0,DDoS attacks-LOIC-HTTP
8192,342,340,80,171.0,72,1244140,1244512,2.410583425,20,20,6.666666667,6.666666667,20,207418.6667,5.624694659,964,123.0,2,241.0,140.5714286,241.0,964,964,964,115523.4286,339.8873763,2,20,11.54700538,DDoS attacks-LOIC-HTTP
2049,11500000,11500000,80,11500000.0,40,11500000,11466803,0.174416531,0,0,0.0,0.0,0,11500000.0,0.174416531,0,0.0,11500000,0.0,0.0,0.0,0,0,0,0.0,0.0,11500000,20,0.0,DDoS attacks-LOIC-HTTP
8192,368,339,80,184.0,72,1118080,1118473,2.68222836,20,20,6.666666667,6.666666667,20,186412.1667,6.258532839,964,123.0,29,241.0,140.5714286,241.0,964,964,964,115523.4286,339.8873763,4,20,11.54700538,DDoS attacks-LOIC-HTTP
8192,498,495,80,249.0,72,1157518,1158055,2.590550535,20,20,6.666666667,6.666666667,20,193009.1667,6.044617915,964,123.0,3,241.0,140.5714286,241.0,964,964,964,115523.4286,339.8873763,3,20,11.54700538,DDoS attacks-LOIC-HTTP
2049,22000000,22000000,80,22000000.0,40,22000000,21973318,0.091019481,0,0,0.0,0.0,0,22000000.0,0.091019481,0,0.0,22000000,0.0,0.0,0.0,0,0,0,0.0,0.0,22000000,20,0.0,DDoS attacks-LOIC-HTTP
8192,403,333,80,201.5,72,1619354,1619789,1.852093081,20,20,6.666666667,6.666666667,20,269964.8333,4.321550523,964,123.0,70,241.0,140.5714286,241.0,964,964,964,115523.4286,339.8873763,6,20,11.54700538,DDoS attacks-LOIC-HTTP
2049,618461,618461,80,618461.0,40,618461,618461,3.233833661,0,0,0.0,0.0,0,618461.0,3.233833661,0,0.0,618461,0.0,0.0,0.0,0,0,0,0.0,0.0,618461,20,0.0,DDoS attacks-LOIC-HTTP
2049,25900000,25900000,80,25900000.0,40,25900000,25906299,0.077201302,0,0,0.0,0.0,0,25900000.0,0.077201302,0,0.0,25900000,0.0,0.0,0.0,0,0,0,0.0,0.0,25900000,20,0.0,DDoS attacks-LOIC-HTTP
8192,339,331,80,169.5,72,1343827,1344194,2.231820704,20,20,6.666666667,6.666666667,20,224032.3333,5.207581644,964,123.0,8,241.0,140.5714286,241.0,964,964,964,115523.4286,339.8873763,8,20,11.54700538,DDoS attacks-LOIC-HTTP
2049,7190130,7190130,80,7190130.0,40,7190130,7190130,0.278159088,0,0,0.0,0.0,0,7190130.0,0.278159088,0,0.0,7190130,0.0,0.0,0.0,0,0,0,0.0,0.0,7190130,20,0.0,DDoS attacks-LOIC-HTTP
