Init Fwd Win Byts,Fwd IAT Tot,Fwd IAT Max,Dst Port,Fwd IAT Mean,Fwd Header Len,Flow IAT Max,Flow Duration,Fwd Pkts/s,TotLen Fwd Pkts,Subflow Fwd Byts,Fwd Pkt Len Mean,Fwd Seg Size Avg,Fwd Pkt Len Max,Flow IAT Mean,Flow Pkts/s,Pkt Len Max,Pkt Len Mean,Fwd IAT Min,Bwd Pkt Len Mean,Pkt Size Avg,Bwd Seg Size Avg,Bwd Pkt Len Max,TotLen Bwd Pkts,Subflow Bwd Byts,Pkt Len Var,Pkt Len Std,Flow IAT Min,Fwd Seg Size Min,Fwd Pkt Len Std,Label
26883.0,107262545.0,53247769.0,80.0,7661610.35714286,496.0,53247769.0,107262547.0,0.1398437798,2530.0,2530.0,168.6666666667,168.6666666667,230.0,6309561.5882353,0.1678125357,230.0,133.1578947368,262.0,0.0,140.5555555556,0.0,0.0,0.0,0.0,13611.6959064327,116.6691729054,2.0,32.0,105.2796728899,DoS attacks-Slowloris
211.0,116030915.0,116030915.0,80.0,116030915.0,64.0,116030913.0,116030917.0,0.0172367853,16.0,16.0,8.0,8.0,8.0,38676972.3333333,0.0344735705,8.0,4.8,116030915.0,0.0,6.0,0.0,0.0,0.0,0.0,19.2,4.38178046,2.0,32.0,0.0,DoS attacks-Slowloris
427.5333532021206,105516109.97894771,104274668.98511928,80.0,105098133.17293207,61.35716767217845,104830065.12882736,103420556.96640718,0.0,10.830310743141819,6.511385220459633,12.949383417629422,6.372857953841208,7.335349191926846,35077990.91064047,0.0,5.437714666885173,4.988564551270799,106119844.84423609,0.0,4.376291984901172,0.07547182291890162,0.0,0.0,1.6859525726059956,35.50191328068672,3.4594146281812552,0.0,31.8957701033151,0.3555092631693466,DoS attacks-Slowloris
26878.826213342905,106830351.74677603,53427111.647983834,80.0,8195337.657441796,493.5357503518609,52637461.99385558,107154064.47660345,401.06483273982707,2527.210671466417,2541.5110621450003,169.27413370701805,168.44954351348375,232.04927504122918,6181950.539848226,0.0,232.06418941540227,132.33475079406062,192959.06553161624,0.0,139.4927066465594,0.7123084122196286,0.0,0.0,0.0,13383.020252723338,116.96805113755529,0.0,31.97410857902417,106.75113524849567,DoS attacks-Slowloris
26883.0,3039241.0,2016087.0,80.0,1519620.5,120.0,2016087.0,3039241.0,0.9870885527,0.0,0.0,0.0,0.0,0.0,1519620.5,0.9870885527,0.0,0.0,1023154.0,0.0,0.0,0.0,0.0,0.0,0.0,0.0,0.0,1023154.0,40.0,0.0,DoS attacks-Slowloris
26784.900404126012,106035442.08091593,53860048.50622824,80.0,7661687.407845709,495.3838907619257,53491532.123237304,107802761.9266964,4662.475118253318,2509.2700795758246,2491.0888455753175,167.43264501415524,167.9558090808814,229.13225429037777,6990716.907384676,328.1497175868979,228.80977247095092,133.59051714255736,345341.65845336096,0.0,139.44017494959013,0.0,1.0755538126392203,0.0,1.3047051638363352,13602.40851418028,117.47939391065842,3084.5668863912374,31.976319638604487,105.31055205769505,DoS attacks-Slowloris
27002.10701314221,106503066.64216085,53580654.924865894,80.0,5128206.38741618,501.6000111145661,54161200.08480296,109292071.78378043,0.0,2491.6433537233825,2527.0507338607313,167.82147058611588,167.22395169579696,227.92018819043696,6000979.970064646,1102.3742931231666,228.9975094016666,132.80689777013976,0.0,0.0,142.8638417134333,0.3852865798788556,0.6474094757937515,0.6637697714865259,1.5725885302931093,13579.031747208635,117.89911436247388,0.0,31.978555265396285,104.56153886209314,DoS attacks-Slowloris
26883.0,108409406.0,53243819.0,80.0,7743529.0,496.0,53243819.0,108409407.0,0.1383643764,2530.0,2530.0,168.6666666667,168.6666666667,230.0,6377023.94117647,0.1660372517,230.0,133.1578947368,430.0,0.0,140.5555555556,0.0,0.0,0.0,0.0,13611.6959064327,116.6691729054,1.0,32.0,105.2796728899,DoS attacks-Slowloris
26883.0,107894724.0,53247536.0,80.0,7706766.0,496.0,53247536.0,107894737.0,0.13902439,2530.0,2530.0,168.6666666667,168.6666666667,230.0,6346749.23529412,0.166829268,230.0,133.1578947368,171.0,0.0,140.5555555556,0.0,0.0,0.0,0.0,13611.6959064327,116.6691729054,13.0,32.0,105.2796728899,DoS attacks-Slowloris
26682.2238733699,2082499.63084491,1992938.1234082826,80.0,989380.5435197289,119.44306674073746,1858108.272048099,6026056.168301036,0.0,7.533637077534305,1.1952053863044356,0.0,0.0,0.0,1319198.4495985436,0.0,0.0,0.7519773551764134,2577914.1023991844,0.43827474611387573,2.446588474550213,0.19124126559787377,0.0,1.0649523306042166,2.474557118971226,0.0,0.0,1018829.3509426339,40.06427523365511,0.0,DoS attacks-Slowloris
211.0,99999457.0,99999457.0,80.0,99999457.0,64.0,99999454.0,99999459.0,0.0200001082,16.0,16.0,8.0,8.0,8.0,33333153.0,0.0400002164,8.0,4.8,99999457.0,0.0,6.0,0.0,0.0,0.0,0.0,19.2,4.38178046,2.0,32.0,0.0,DoS attacks-Slowloris
26457.200759864718,108379771.08486545,54241225.12845379,80.0,7542615.089357784,497.6779652281136,53229497.68476726,108115352.18022905,724.3096496530588,2535.2128574385893,2518.0688049726095,170.57659295982972,166.5422612276376,226.00368656065598,6020320.00782386,3219.7514923290933,230.12512541352666,134.25492804562145,0.0,0.4692170801185721,141.34022174948177,0.295691212865095,0.0,0.0,1.154364976037153,13576.43528440605,117.98255130552505,0.0,32.02764706687202,104.07563964289218,DoS attacks-Slowloris
200.24308416359082,100390354.05757618,99727283.39875583,80.0,100879068.05628611,67.43983179259726,100020079.28235464,98445588.51700278,0.0,16.357576202339754,49.04292565184529,7.953242656315292,8.604064458785551,5.4626327753999515,33400523.71788242,0.0,6.302985073488731,2.530309455975562,99490259.29209329,0.0,5.0407575818865755,0.22232563922795373,0.0,0.4700191821202789,0.0,402.1928476496313,3.3903161437753018,0.0,31.959400180784566,0.4131837509014311,DoS attacks-Slowloris
26883.0,108062740.0,53247749.0,80.0,7718767.14285714,496.0,53247749.0,108062742.0,0.138808249,2530.0,2530.0,168.6666666667,168.6666666667,230.0,6356631.88235294,0.1665698988,230.0,133.1578947368,445.0,0.0,140.5555555556,0.0,0.0,0.0,0.0,13611.6959064327,116.6691729054,2.0,32.0,105.2796728899,DoS attacks-Slowloris
26803.773950067443,107013454.11549334,53176611.9514404,80.0,6968254.101795185,493.38601405583904,52501769.08852017,107602664.64604712,0.0,2534.5468715884736,2555.294327996586,170.79240888314087,169.2202690944695,236.6854128766491,6061315.554790362,0.0,231.5506322186126,132.2951630589509,415705.77089677984,0.8975793743424901,141.95201687501793,0.7914504107752078,0.5742574154621317,0.0,1.9092714649118427,13329.54643019599,114.26396663336932,8763.901900033916,31.962517231762867,105.22728804430974,DoS attacks-Slowloris
26806.952308374064,3768682.4280637098,1625008.1098830774,80.0,2026788.367718188,117.11199756563755,680863.5265233226,3136527.8031457267,82.17097691960944,0.0,24.528971198388362,0.0,0.0,0.0,1165052.5078606913,0.0,0.0,0.6131511258817072,0.0,0.03272073929058951,0.0,0.0,0.0,0.9203641103367542,0.9285512556384081,0.0,0.0,1014934.4965606059,40.05764026425781,0.28657904832379144,DoS attacks-Slowloris
26883.24956017445,3350954.656649961,2190155.994675515,80.0,1560736.0375367755,115.72284488657934,3815458.8259498314,2116996.6039042436,0.0,26.7790777011403,0.0,0.0,1.5814629680086343,2.372253931698308,1532009.0399749896,4763.729711972586,0.5166342943069001,0.37711646841217655,1517610.075905656,0.7623710381790408,2.4366565143054073,0.0,1.0530529590838098,0.747724541896017,0.17128258998525167,14.116847697600122,0.0,1022952.8195747328,39.880221411428906,0.7595132896856308,DoS attacks-Slowloris
26883.0,107970030.0,53247682.0,80.0,7712145.0,496.0,53247682.0,107970031.0,0.13892744,2530.0,2530.0,168.6666666667,168.6666666667,230.0,6351178.29411765,0.166712928,230.0,133.1578947368,337.0,0.0,140.5555555556,0.0,0.0,0.0,0.0,13611.6959064327,116.6691729054,1.0,32.0,105.2796728899,DoS attacks-Slowloris
26792.878182560336,107994792.20731696,52918985.22351897,80.0,7560523.603475031,502.10331731047404,53856099.28368236,107158225.20304734,1166.8537408091884,2545.9018735109566,2477.791847131887,169.66818522852645,165.64027055706072,233.82526777877632,5982691.1105448725,3072.0585672309153,230.62284062020765,133.0926917072115,381684.11161800986,0.0,140.20159738305634,0.0,0.0,1.639389408938583,0.0,14201.064175731926,118.39402521287292,1777.5802420334483,32.01005114777757,104.63575958143188,DoS attacks-Slowloris
26904.988278541186,108067426.51314248,53852622.40678268,80.0,8099487.998564061,499.2619459508426,53292228.09469188,109626448.2948883,2251.6792836359723,2385.2562548595906,2387.465746429506,159.58012111187833,159.71463050866984,232.98475448235052,6566495.008262762,0.0,234.53099514307564,124.78524314841499,300047.1199657693,0.0,129.59992829017747,0.0,0.0,0.0,0.0,14665.350411101792,120.751907796553,0.0,32.0951551023514,113.08120419549266,DoS attacks-Slowloris
26983.47762415595,105538062.62876892,52713785.354991116,80.0,8592321.934895894,489.2211476400478,54034954.914985634,107130586.62365818,0.0,2551.4776088624035,2489.7110291518907,167.06417141614338,167.35349014106933,228.48753798019737,5842537.49688511,4685.523775818798,233.6569876838319,133.95875606450397,0.0,0.0,138.57416305353067,0.0,1.082525631776315,1.6542668278307373,0.8872744700841046,13556.869458407742,120.00277719787545,0.0,32.05031546066616,103.53433489203121,DoS attacks-Slowloris
27049.74265210879,107652553.04115573,52744416.11243185,80.0,9004164.8047707,460.3934388388013,53216504.55497491,109614825.10886072,0.0,2526.992178864615,2546.053158358535,179.1238777000921,178.81954528286084,226.99580554038934,6328888.032663874,402.6493444857167,227.84659486923692,141.31992051798238,0.0,0.0,146.07521902801318,0.0,0.33894021510010414,0.6724022669773477,0.23588863110915728,13594.117927513009,116.5714805945832,4074.737234199745,32.03317293445324,96.61551689272127,DoS attacks-Slowloris
27075.43633805661,107675290.06664154,52310159.01001683,80.0,7184759.885412245,498.5454515168675,54301015.15241677,108303164.43665798,806.3482224909006,2541.5308275638968,2554.024423788591,170.55566224743367,170.44003784411044,228.21267782661212,6173152.131104471,0.0,228.66656311687217,133.21566044004902,203417.9443997874,0.0,140.54917683825602,0.5264962839960826,0.0,0.0,0.0,13698.618944211103,116.88615254715393,3030.91857576672,31.92346327888902,105.26983107326056,DoS attacks-Slowloris
26746.221437179043,3621990.345173923,3196986.6635251995,80.0,172144.64043929102,128.829532385999,821527.6023634325,2236866.957417545,2052.8187723496308,0.0,31.561722493971214,1.201016427135838,0.0,2.3267687073941214,1172054.7258297084,2628.302237314068,0.26954721915763813,0.0,1596628.2762126676,0.5248878878272447,0.0,0.0,1.6226584271056008,0.0,0.0,0.0,0.19551501749228173,1028324.0146066517,39.957634638381435,0.8764270626208536,DoS attacks-Slowloris
26883.0,108061590.0,53247568.0,80.0,7718685.0,496.0,53247568.0,108061593.0,0.1388097249,2530.0,2530.0,168.6666666667,168.6666666667,230.0,6356564.29411765,0.1665716699,230.0,133.1578947368,287.0,0.0,140.5555555556,0.0,0.0,0.0,0.0,13611.6959064327,116.6691729054,3.0,32.0,105.2796728899,DoS attacks-Slowloris
26819.71771590879,2510469.13529981,2583239.7002814477,80.0,1052737.5012873476,121.63831486911631,1578627.5195906635,2993668.4060707632,1507.5358419306772,0.0,0.0,0.0,0.0,0.09986334275557694,1628130.1541643143,0.0,0.0,0.0,1277941.195052416,0.41410990413561893,0.0,0.0,0.9052809067202959,0.0,0.0,128.7978978026954,0.0,1030904.2338749839,39.95863793227687,0.0,DoS attacks-Slowloris
27281.804456301925,106077477.25851542,53732713.28764316,80.0,7721657.575560252,498.62001057420497,52848095.868236065,107902186.51369397,39.748755334119075,2549.7385638434653,2528.3554690986066,167.00448412326176,167.17746234377444,233.302274615992,6398674.6093265135,2268.022037110442,232.66182468093385,134.27155436744755,0.0,0.0,141.24830043971522,0.40212025998183437,2.2347153763898207,0.3349837576187661,0.6000316375895693,13952.290479761234,116.01215446225491,6679.529300260583,31.893292251923704,104.79882011358795,DoS attacks-Slowloris
26996.12744714847,106965167.85485277,54953863.761011474,80.0,7257775.211295931,493.25183535314795,52984981.17253508,107714490.22924072,0.0,2515.2264560000967,2521.7708119669114,166.78042945665794,168.35522433641947,228.1129224579548,6323985.805874668,0.0,228.24617801417978,133.51357117833373,0.0,0.0,136.6821195552117,0.6040612882217644,0.0,0.0,0.0,13459.799787471675,117.39805654778073,13006.825788790333,31.968721698120213,102.70301774930027,DoS attacks-Slowloris
26883.0,3031951.0,2016057.0,80.0,1515975.5,120.0,2016057.0,3031951.0,0.9894619009,0.0,0.0,0.0,0.0,0.0,1515975.5,0.9894619009,0.0,0.0,1015894.0,0.0,0.0,0.0,0.0,0.0,0.0,0.0,0.0,1015894.0,40.0,0.0,DoS attacks-Slowloris
376.832879906064,0.0,0.0,80.0,0.0,34.46836944402092,48581.710824503214,0.0,166205.9288391573,20.237831315186362,25.249975711837074,10.378210440348324,7.1540615453908,5.183253729854119,0.0,333858.8456386123,8.607759128474187,5.4785024080475,691954.1629381273,0.0,9.21322784722387,0.7614407669634928,0.6563835106208984,0.0,0.07932730519859026,62.15755942129178,6.662086818025011,1104.3976563163728,32.00487326296968,0.41845242137259336,DoS attacks-Slowloris
113.68807325911877,97827571.71341294,100591610.23187749,80.0,100459610.08953309,69.63101961498026,98698838.24729031,98323982.07254678,283.1186903013148,61.6921249797364,58.106726361921595,7.645088431158403,7.345007365460055,7.600801398737464,33365463.76863246,0.0,10.660490885661847,5.175751297454356,99864964.62644541,0.3478916107722993,4.802035825017421,0.4122122109176756,0.0,0.8099963759369394,0.3625425616170679,0.0,4.573873629841274,3870.9435454862505,32.03554980022173,1.6936804747256915,DoS attacks-Slowloris
27048.946109420314,106873940.8611804,53667772.16915134,80.0,8894178.672238864,496.8988560090865,52538055.54711936,105842675.32344276,241.91038741209127,2558.957635993448,2584.417044401543,169.39197514117183,168.97186321539834,226.54293942119696,6171519.172787818,0.0,225.83624840189242,133.0923627381906,0.0,0.301364772612986,140.26402833449492,0.0,0.0,0.0,0.0,13547.845359347952,117.33717525283954,0.0,32.09055241255513,104.90519570372105,DoS attacks-Slowloris
26840.510332831687,4039341.3723797966,2395924.8161840467,80.0,557768.552413673,123.44516079555343,2669823.639342447,3030431.775379077,2700.4950455928965,0.0,0.0,1.0031035368533252,2.8908206810732824,0.0,1603679.5017104605,6359.680460934878,0.0,0.0,1103393.0900774414,1.1260718582471776,1.892370317039129,0.0,0.0,0.0,1.1893870595819143,0.0,0.0,1011458.6612489856,40.00310106544574,0.33851110690684916,DoS attacks-Slowloris
27310.62533929536,107139935.32286736,53191826.04278283,80.0,6595901.246136373,499.38333436271694,51642420.92563811,107082692.81416853,3340.163250750852,2428.8743222067183,2404.435532859613,160.19703539774304,156.9303395131103,236.7951098112721,6237045.400939195,0.0,237.47360853608734,126.31163137113394,0.0,0.0,134.5113455107818,0.8817407537963367,0.0,0.07772298010973602,1.6873805187376303,14857.981524913477,119.70947146020268,13738.599424411274,32.045281771849986,114.87091221816209,DoS attacks-Slowloris
0.0,20.0,20.0,80.0,20.0,40.0,20.0,20.0,100000.0,0.0,0.0,0.0,0.0,0.0,20.0,100000.0,0.0,0.0,20.0,0.0,0.0,0.0,0.0,0.0,0.0,0.0,0.0,20.0,20.0,0.0,DoS attacks-Slowloris
26687.939725757333,2692293.822826937,2244640.1434328263,80.0,863880.4098928467,120.15747833137425,1403122.4378532297,2176507.4098534686,5313.82699859043,12.244272561034109,0.11558699562554035,0.0,2.213270829343339,0.0,1464499.3632048292,0.0,3.015967721159593,0.0,476606.1966044016,0.0,0.8012939175563885,0.49585872578193635,0.0,0.6964861516951208,0.0,204.43830686496287,0.0,1006044.3133846073,39.9818555504994,0.27319215936615376,DoS attacks-Slowloris
26943.162463997145,1128140.6575568432,3647234.9456189135,80.0,1320207.2664302378,120.96240905001837,2127444.377896565,3573983.810081661,1195.501674871321,0.0,26.499807734057008,0.13607829346673989,0.0,1.4565819434265093,1343390.0234793797,2312.4064437381503,0.0,0.4728823535340775,773674.3408226164,0.0,0.0,0.40548356231992705,0.0,0.0,0.0,127.13241427969787,0.0,1015256.947938832,39.978623258234244,0.45252406812667867,DoS attacks-Slowloris
211.0,107135105.0,107135105.0,80.0,107135105.0,64.0,107135104.0,107135107.0,0.018668017,16.0,16.0,8.0,8.0,8.0,35711702.3333333,0.037336034,8.0,4.8,107135105.0,0.0,6.0,0.0,0.0,0.0,0.0,19.2,4.38178046,1.0,32.0,0.0,DoS attacks-Slowloris
26601.4357897647,105683774.57575434,54206329.10263745,80.0,8943302.0363607,456.18601840331155,53484951.20161313,107453269.07825975,44.108161967331554,2529.7138813749393,2501.0448026933914,180.78864413420843,179.92229327643372,227.3288381351496,6731416.24137377,0.0,225.51594321675987,142.60784188817334,0.0,0.3540413492579577,150.2954805736813,0.0,0.0,0.45541578281441325,1.7158818123721933,13172.695901146657,115.39935512331398,1326.0719034073736,31.99570811495233,96.03322386575573,DoS attacks-Slowloris
211.0,81789004.0,81789004.0,80.0,81789004.0,64.0,81789002.0,81789004.0,0.0244531649,8.0,8.0,4.0,4.0,8.0,40894502.0,0.0366797473,8.0,4.0,81789004.0,0.0,5.3333333333,0.0,0.0,0.0,0.0,21.3333333333,4.6188021535,2.0,32.0,5.6568542495,DoS attacks-Slowloris
26807.662694136783,1400735.5764526248,1465614.005336899,80.0,1447051.8433983163,125.94681379045468,1849468.5508189239,3469102.3931354573,1793.626232923643,0.0,9.09108891582234,0.0,0.502226865627924,0.0,1688854.87465639,176.1408127713632,0.0,0.9940952999987962,650796.4481198409,0.03668279862160512,0.3688688162950901,0.13945205769162516,0.5015203804223873,0.0013918038095076515,0.0,0.0,0.0,1019249.3926034211,40.07881407423022,0.0,DoS attacks-Slowloris
26883.0,108125853.0,53247436.0,80.0,7723275.21428571,496.0,53247436.0,108125855.0,0.1387272267,2530.0,2530.0,168.6666666667,168.6666666667,230.0,6360344.41176471,0.1664726721,230.0,133.1578947368,341.0,0.0,140.5555555556,0.0,0.0,0.0,0.0,13611.6959064327,116.6691729054,2.0,32.0,105.2796728899,DoS attacks-Slowloris
26641.332077842708,107004646.19753075,53867323.12618474,80.0,7683413.576587603,503.91735707079533,53008755.69892865,106845626.92276,358.0227420491761,2562.279301907561,2607.5977252304197,169.95810796793404,167.6309053548192,232.9795801488955,6217984.319337952,781.5287325707282,228.82437657309657,132.76600609520702,0.0,0.2316291407766059,142.23549572117957,0.0,1.1744241780392424,1.6529942482424975,0.0752315816342393,13638.528576321476,115.91332707948382,1702.055116405306,32.14917338932296,106.4446656252387,DoS attacks-Slowloris
26703.70730654992,108517626.35513324,53381373.93923185,80.0,7383230.247169733,494.60566401411074,52681406.89081585,106757686.18043712,909.1548873366283,2503.380346834056,2536.0322520738578,168.34570394039028,170.42997069795587,232.16734471956727,6720683.914511149,1473.4861910611507,225.98658054550765,134.65910666559625,0.0,0.5497552966851138,140.42974657990663,0.0196613338107211,0.0,0.0,0.1935721680700332,13407.441770537831,117.17804378568682,8282.006167664611,32.039835797286365,104.35078106075319,DoS attacks-Slowloris
26883.0,107806082.0,53247505.0,80.0,8292775.53846154,456.0,53247505.0,107806093.0,0.1298627899,2380.0,2380.0,170.0,170.0,238.0,6737880.8125,0.1576905305,238.0,132.2222222222,200.0,0.0,140.0,0.0,0.0,0.0,0.0,14592.4183006536,120.7990823668,5.0,32.0,110.3002894201,DoS attacks-Slowloris
211.0,107135228.0,107135228.0,80.0,107135228.0,64.0,107135226.0,107135231.0,0.0186679954,16.0,16.0,8.0,8.0,8.0,35711743.6666667,0.0373359908,8.0,4.8,107135228.0,0.0,6.0,0.0,0.0,0.0,0.0,19.2,4.38178046,2.0,32.0,0.0,DoS attacks-Slowloris
211.0,105011998.0,105011998.0,80.0,105011998.0,64.0,105011984.0,105012001.0,0.0190454422,16.0,16.0,8.0,8.0,8.0,35004000.3333333,0.0380908845,8.0,4.8,105011998.0,0.0,6.0,0.0,0.0,0.0,0.0,19.2,4.38178046,3.0,32.0,0.0,DoS attacks-Slowloris
26883.0,106334175.0,53247426.0,80.0,8179551.92307692,456.0,53247426.0,106334177.0,0.1316603974,2530.0,2530.0,180.7142857143,180.7142857143,230.0,6645886.0625,0.1598733397,230.0,140.5555555556,181.0,0.0,148.8235294118,0.0,0.0,0.0,0.0,13311.4379084967,115.375204912,2.0,32.0,97.9375221341,DoS attacks-Slowloris
26859.205347514922,4167972.5801606113,1784508.9192289547,80.0,945299.2717462796,117.25217406867931,2166519.203031756,3386315.034912892,0.0,0.0,19.227522179962037,0.8938852953859595,0.1399202390725784,0.7542150172962168,1342984.85731958,3235.424802840666,0.0,0.0,1282731.742979726,0.427647628836941,0.0,0.5885195674743977,0.23049448109010257,0.9269138113774993,0.0,0.0,0.9491537468068119,1007838.9348955071,40.035826101519724,0.11472464783144957,DoS attacks-Slowloris
211.0,111160886.0,111160886.0,80.0,111160886.0,64.0,111160884.0,111160888.0,0.0179919398,16.0,16.0,8.0,8.0,8.0,37053629.3333333,0.0359838795,8.0,4.8,111160886.0,0.0,6.0,0.0,0.0,0.0,0.0,19.2,4.38178046,2.0,32.0,0.0,DoS attacks-Slowloris
211.0,101011385.0,101011385.0,80.0,101011385.0,64.0,101011370.0,101011391.0,0.0197997471,16.0,16.0,8.0,8.0,8.0,33670463.6666667,0.0395994943,8.0,4.8,101011385.0,0.0,6.0,0.0,0.0,0.0,0.0,19.2,4.38178046,6.0,32.0,0.0,DoS attacks-Slowloris
636.5402482472217,101882747.06959671,99996652.10732716,80.0,100583621.0334711,58.74861787755678,99598235.46478784,101518229.5696936,0.0,6.451525378616376,23.432980966576196,8.04533174441889,10.951457305139009,11.254459950900003,33426822.00863809,0.0,8.839680267855043,5.791389979718576,100927473.4328838,0.0,3.2621152253846115,0.10970451366690312,0.6604828937917109,0.0,0.19286604749742214,193.69459812818025,1.962110733659113,21465.154961700995,32.078057510005124,1.8593421868700841,DoS attacks-Slowloris
26562.35402550295,106492179.84572634,53581125.4864329,80.0,7836051.640684628,499.5996590902398,52074715.331531286,107058759.2096415,0.0,2426.3127403773974,2310.203748096124,159.69348663840645,160.6213768321025,233.94886682730325,6653463.04041352,1748.4958900978113,237.22942240546078,124.66495063432833,0.0,0.0,129.47124920644083,1.0456074648841445,0.0,0.0,0.0,14703.81849474418,121.1943259667097,0.0,32.018950889111096,116.51486874506506,DoS attacks-Slowloris
183.72365168158086,100051902.8506856,101269613.88937202,80.0,100103762.64509644,70.72444456282936,99925154.13505682,100306747.93788786,0.0,0.0,19.382060063966257,10.22663850971269,6.317056870256328,8.335138199770695,33058853.66820288,0.0,5.39024321699182,5.554826699157189,99258619.26380996,0.31216704964356506,5.6608455100310415,0.0,0.0,0.0,0.0,0.0,4.306927456656249,11103.621935820587,32.01496574620447,0.0,DoS attacks-Slowloris
211.0,99999075.0,99999075.0,80.0,99999075.0,64.0,99999073.0,99999077.0,0.0200001846,16.0,16.0,8.0,8.0,8.0,33333025.6666667,0.0400003692,8.0,4.8,99999075.0,0.0,6.0,0.0,0.0,0.0,0.0,19.2,4.38178046,2.0,32.0,0.0,DoS attacks-Slowloris
211.0,99999884.0,99999884.0,80.0,99999884.0,64.0,99999882.0,99999887.0,0.0200000226,16.0,16.0,8.0,8.0,8.0,33333295.6666667,0.0400000452,8.0,4.8,99999884.0,0.0,6.0,0.0,0.0,0.0,0.0,19.2,4.38178046,2.0,32.0,0.0,DoS attacks-Slowloris
26813.778262222906,2543745.2944275374,2634261.085034757,80.0,1599272.2658826897,113.80793967618007,1761823.5153316325,4177535.5645121154,1565.4566464170105,0.0,0.0,0.2965564122174849,0.0,0.0,1434645.1819948344,0.0,0.0,0.023337141215441202,2166717.0591694117,0.16336250022358248,0.0,0.3043469262535652,1.3779793772018294,0.31033328846408204,0.0,0.0,0.7210074023630695,1017670.1752758961,39.996917573558264,0.17277854661575953,DoS attacks-Slowloris
211.0,102036105.0,102036105.0,80.0,102036105.0,64.0,102036102.0,102036107.0,0.0196009046,16.0,16.0,8.0,8.0,8.0,34012035.6666667,0.0392018092,8.0,4.8,102036105.0,0.0,6.0,0.0,0.0,0.0,0.0,19.2,4.38178046,2.0,32.0,0.0,DoS attacks-Slowloris
280.28608372112365,1011473.4137251469,1466981.6534559198,80.0,1524661.1501615695,34.246436666692546,0.0,1003380.348266302,82500.86885274344,13.30916866319108,0.0,5.227242327261587,8.258479959734675,5.93750379550233,259759.10458118352,168524.85038684803,10.197883382319764,4.27390137650252,216951.41138910348,0.0,6.9153016664782445,0.0,0.0,0.0,0.0,216.25207665485578,7.576537086247816,2167.744425930771,32.03175818990015,0.0,DoS attacks-Slowloris
26883.0,107646056.0,53247816.0,80.0,7689004.0,496.0,53247816.0,107646059.0,0.1393455565,2530.0,2530.0,168.6666666667,168.6666666667,230.0,6332121.11764706,0.1672146678,230.0,133.1578947368,113.0,0.0,140.5555555556,0.0,0.0,0.0,0.0,13611.6959064327,116.6691729054,3.0,32.0,105.2796728899,DoS attacks-Slowloris
26684.341578667634,108212823.64709315,54239809.66309262,80.0,6750930.460521822,495.2615711258241,54036995.234918706,108985961.16041215,0.0,2520.7979051680772,2511.537314505777,170.2965638482978,166.84284705760646,229.00520670057423,6160421.612104153,0.0,225.43108608379384,130.2566483210295,318982.9375510252,0.0,140.47480650972784,0.25703134052110427,0.0,0.0,0.0,13829.79878658988,118.46326652158058,0.0,31.977032988404126,104.9456318963572,DoS attacks-Slowloris
26883.0,108375030.0,53247569.0,80.0,7741073.57142857,496.0,53247569.0,108375048.0,0.1384082432,2530.0,2530.0,168.6666666667,168.6666666667,230.0,6375002.82352941,0.1660898918,230.0,133.1578947368,223.0,0.0,140.5555555556,0.0,0.0,0.0,0.0,13611.6959064327,116.6691729054,18.0,32.0,105.2796728899,DoS attacks-Slowloris
27042.32678143225,109043734.36846486,53567580.763349526,80.0,7434083.011278148,499.232314941111,52377008.54275607,108343824.97980492,0.0,2534.169057306729,2498.2253144226306,169.98312863632054,170.23090949253435,232.0022576111245,6390100.637161407,5125.499083679379,230.90455796369912,132.5134562438519,765340.4451911934,0.0,139.9186412896105,0.0,0.611996179662088,0.7445066078161016,0.5398095744295814,13163.81874608883,118.2777141238886,0.0,31.953119186570344,105.23771380428151,DoS attacks-Slowloris
299.90397152825045,104953080.71167488,105318754.62546021,80.0,106204454.20596614,62.55015685953488,104855463.04801385,105034065.06511767,0.0,0.0,15.228849388622876,10.939163704169964,9.153085382961471,6.262017846947487,34991735.028911375,0.0,6.086283864687315,5.151319804734235,104405169.00661278,0.0,5.167211919466254,0.0,4.170654920774652,0.0,0.017415722464838575,92.03538511599713,4.891256502940517,1996.3100329176766,32.15395686648147,0.27108853334601696,DoS attacks-Slowloris
26883.0,106865991.0,53261104.0,80.0,7633285.07142857,496.0,53261104.0,106865993.0,0.1403627064,2530.0,2530.0,168.6666666667,168.6666666667,230.0,6286234.88235294,0.1684352477,230.0,133.1578947368,318.0,0.0,140.5555555556,0.0,0.0,0.0,0.0,13611.6959064327,116.6691729054,2.0,32.0,105.2796728899,DoS attacks-Slowloris
26883.0,108093825.0,53247400.0,80.0,7720987.5,496.0,53247400.0,108093839.0,0.1387683159,2530.0,2530.0,168.6666666667,168.6666666667,230.0,6358461.11764706,0.1665219791,230.0,133.1578947368,193.0,0.0,140.5555555556,0.0,0.0,0.0,0.0,13611.6959064327,116.6691729054,14.0,32.0,105.2796728899,DoS attacks-Slowloris
26716.357720742286,99066452.72254531,99902889.597702,80.0,25971555.69232699,164.96824175352458,100568039.5571866,101544052.75746822,0.0,273.1523696922651,278.72121969364446,49.35318311968603,46.81426237857565,230.612033161775,12240880.388958069,0.0,230.62114726379195,25.331882436239454,945820.50949922,0.0,26.967041323501658,0.7386134882790026,0.0,2.1154306495370547,0.01217549634430265,5119.135968476546,69.81326176030474,36.87869424117626,31.946286151352513,101.90830804986403,DoS attacks-Slowloris
211.0,81786524.0,81786524.0,80.0,81786524.0,64.0,81786522.0,81786524.0,0.0244539064,8.0,8.0,4.0,4.0,8.0,40893262.0,0.0366808596,8.0,4.0,81786524.0,0.0,5.3333333333,0.0,0.0,0.0,0.0,21.3333333333,4.6188021535,2.0,32.0,5.6568542495,DoS attacks-Slowloris
26750.49067754019,107547662.6212037,52814286.04863516,80.0,6765138.179508448,496.01247207058265,53178715.841485776,107315126.4265943,143.5878957694228,2540.617959219397,2547.5427484079905,168.81993178519977,170.3160762635169,232.6595223564543,6297297.779272901,2633.1364247799847,230.8120831747057,132.08758816070358,0.0,0.16785038462995722,141.5055254771758,0.5198360347760371,0.8660012082070561,0.0,0.28810332404635247,13825.5155610296,116.14430962340182,8210.99378508723,32.06240529667552,103.48135259531371,DoS attacks-Slowloris
129.0842940311692,115863639.54267694,118595477.93254617,80.0,116863898.14544006,70.2233194866783,117832784.47910307,117806939.30168623,0.0,12.151599510309838,0.27854337680064134,5.2723645754013875,8.177628372962383,11.277143579067634,39134312.541178964,0.0,8.34931384105688,3.748273162205626,117229026.65426096,0.0,6.712473466343741,0.0,0.9798470585609821,0.0,0.0,44.791789270650355,4.920105543951221,0.0,31.939293672431635,0.9707201854182798,DoS attacks-Slowloris
26705.188261054645,104560092.01129973,53574394.040150926,80.0,6642176.732697106,452.9052899766439,53903567.52509573,106596822.2790484,331.3067752692531,2511.906488525414,2505.4121515461543,177.62979960085255,181.3996445260388,228.80408295988198,6863193.113412605,268.1768755279487,231.92174281857027,140.29223861179472,853380.0976001803,0.8937031121650504,148.0080349405199,0.0,0.0,0.39861803677126584,0.45425742373468186,13372.211451441135,115.43006460817972,4756.218516312968,32.03521904392186,98.0003315314979,DoS attacks-Slowloris
26665.73716063613,109036906.04981549,52910449.21221165,80.0,7759329.538749994,495.8992674134749,54820034.0287434,106424779.08014448,0.0,2538.6785297282295,2509.9107750092417,170.3959309958096,169.26417497408676,227.24261961915803,6427697.085824322,0.0,231.9569707507323,130.08002397371374,436134.50487876293,0.051089774737165285,140.9521603430896,0.0,0.0,0.24566441276959697,0.0,13367.771006743358,117.46960847002173,14009.070188859978,32.08186547089334,105.4151392306686,DoS attacks-Slowloris
0.0,99742795.22859655,100182546.02600862,80.0,98438320.92204885,65.92778737642136,100044772.29711223,101455735.39981751,2646.1226183095264,50.505511112444545,19.9463259362864,9.801443127083934,7.572326828709711,13.944618386233104,32950879.447857536,1195.3900865688706,9.553269980414157,3.4892649614700364,99599386.14310893,0.4044375358609673,7.539546955250837,0.3057792820738128,0.1070171620667078,0.0,0.23210096645250994,0.0,5.0298352757511084,6369.841155384171,32.03094008925629,0.0,DoS attacks-Slowloris
26883.0,3035707.0,2015921.0,80.0,1517853.5,120.0,2015921.0,3035707.0,0.9882376659,0.0,0.0,0.0,0.0,0.0,1517853.5,0.9882376659,0.0,0.0,1019786.0,0.0,0.0,0.0,0.0,0.0,0.0,0.0,0.0,1019786.0,40.0,0.0,DoS attacks-Slowloris
26646.698665302567,1546708.2669530646,1853672.0113255312,80.0,1044502.735774484,117.75567997501656,1765508.4448795419,2101355.976471884,580.6658279746936,1.5494401686750026,0.0,0.0,0.9222733843267678,1.532818119244332,1238311.1015360595,0.0,0.0,0.8166341177175257,699439.2426485552,0.0,1.3365267812625292,0.0,0.0,0.0,1.5862156746895548,77.54028877045079,0.24703920447872665,1011443.2358467763,40.08150449294583,0.6936162772299287,DoS attacks-Slowloris
26883.0,106491051.0,53238734.0,80.0,7606503.64285714,496.0,53238734.0,106491053.0,0.1408569037,2530.0,2530.0,168.6666666667,168.6666666667,230.0,6264179.58823529,0.1690282845,230.0,133.1578947368,368.0,0.0,140.5555555556,0.0,0.0,0.0,0.0,13611.6959064327,116.6691729054,2.0,32.0,105.2796728899,DoS attacks-Slowloris
27235.53333776735,107056279.76082934,53473098.63175336,80.0,8836664.915788352,495.62296937383957,52944612.068631805,104693129.02778299,0.0,2542.2477725486315,2577.6111979002276,168.78507795295172,170.81992114183674,228.7181057222968,6516994.974536452,2137.495149114493,228.96559713456762,134.37217519709412,1154602.6340843325,0.0,140.11061788380493,0.0,0.0,0.0,0.0,13572.975183510154,116.72393492317224,5535.190874564036,32.01186393607482,104.91069419957365,DoS attacks-Slowloris
26883.0,3038303.0,2011659.0,80.0,1519151.5,120.0,2011659.0,3038303.0,0.9873932916,0.0,0.0,0.0,0.0,0.0,1519151.5,0.9873932916,0.0,0.0,1026644.0,0.0,0.0,0.0,0.0,0.0,0.0,0.0,0.0,1026644.0,40.0,0.0,DoS attacks-Slowloris
27382.868288431837,107267854.65107426,53860867.34812536,80.0,7578094.234096287,494.37765896441124,52776915.763559796,109580296.84045312,0.0,2548.300073182739,2484.910026510573,169.19897055242276,168.96965308450586,230.15829519380029,6271923.41412483,0.0,228.6509508095447,134.27907924043245,555991.1994723262,0.1006457660910243,142.53603028264368,0.0,0.0,0.0,1.5429954152186225,13521.95759203053,118.66029557004669,8309.761806006516,32.03583263561796,104.82142088584536,DoS attacks-Slowloris
27019.33900503746,5470849.743760526,2383319.262226439,80.0,1590448.2583123078,117.42202028589979,1081636.3604354819,2686969.1309508616,505.66274610043564,0.0,0.14360548265820378,2.1827754421959247,2.1351328193908214,4.340456200128776,1336736.5190408272,0.0,1.1751405507003958,0.0,618575.241399371,1.010781233006185,0.43448800891602596,0.0,0.7079821879652681,0.0,0.4132680555089718,0.0,0.0,1001111.3461263546,39.85711438840908,0.853998016284929,DoS attacks-Slowloris
26923.66892127696,107320473.75773787,54064127.632602885,80.0,7266831.082906813,499.1532455243078,53041271.585433476,107713958.62358126,0.0,2577.7473672760634,2538.543013647781,167.66000031268874,167.87658414588782,227.95849582775583,6299349.602733553,4234.969249593737,230.80517703530836,131.59129086115198,1040057.5297844677,0.0,138.4288432794276,0.0,0.8585786958548588,0.4527987203430958,0.0,13656.87781759365,114.95349833388705,0.0,31.969298364810413,106.26624737932453,DoS attacks-Slowloris
211.0,105011959.0,105011959.0,80.0,105011959.0,64.0,105011957.0,105011960.0,0.0190454497,16.0,16.0,8.0,8.0,8.0,35003986.6666667,0.0380908994,8.0,4.8,105011959.0,0.0,6.0,0.0,0.0,0.0,0.0,19.2,4.38178046,1.0,32.0,0.0,DoS attacks-Slowloris
26600.579053128735,106836269.27120632,54791939.8749746,80.0,9108569.298618674,485.0318685363448,53581167.348462224,105712198.21510105,2141.2653474487634,2513.1327308322334,2570.6930958673793,170.23405401126527,168.65260008387992,232.93954999195503,6213470.908392094,0.0,228.4053520741102,133.49187688992865,417694.8661568296,0.005164785467344788,138.20201560262913,0.0,2.1117065810042064,0.9844225926648381,0.0,13584.746700803938,115.98226171633927,0.0,32.047566340475925,106.27231093589927,DoS attacks-Slowloris
26314.370473678726,107379032.20252168,53664544.19505193,80.0,7087296.535442196,493.29108662880316,53287184.31506999,106980063.45886351,2708.2629099125725,2479.167232012813,2525.25616251417,171.55137979174634,168.37827465703407,231.03865694440557,6662303.993279794,0.0,227.59700767276308,131.06415819763205,0.0,0.5810681035180771,140.1565464259619,0.0,1.407215128632387,0.46794013533170714,0.0,13659.148763455289,116.41057300843788,3400.5325029714354,32.11212731674507,103.97297656775481,DoS attacks-Slowloris
26765.85843713002,108970657.66973424,52458490.90741295,80.0,8733254.05015305,454.07645233944015,53045200.77594764,105169079.68270177,2239.5076192892675,2505.4275002354398,2524.0411378412114,180.94266721712458,179.09278509220846,225.44147063752672,6448069.170863937,4199.254389734362,229.20268258242777,141.18995496338633,0.0,0.979596055254734,148.54672129142162,1.0355862732409358,1.8848268517157223,0.7266335560033714,0.0,13176.67998244144,116.13519680275007,0.0,31.960569526767635,97.15391783082771,DoS attacks-Slowloris
26883.0,108989729.0,53244435.0,80.0,7784980.64285714,496.0,53244435.0,108989744.0,0.1376276285,2380.0,2380.0,158.6666666667,158.6666666667,238.0,6411161.41176471,0.1651531542,238.0,125.2631578947,159.0,0.0,132.2222222222,0.0,0.0,0.0,0.0,14701.8713450292,121.2512735811,15.0,32.0,114.9948239001,DoS attacks-Slowloris
26810.02744476957,2698720.007772937,1516227.197870443,80.0,2005474.6274506869,117.78953788557617,2057387.7867029202,2950725.144960899,3514.5392366756837,0.0,0.0,0.0,0.0,4.357503063841282,1659626.1395306676,1426.255410126776,4.935882163646817,1.8056433783879395,945891.110953456,0.32431393890701,1.2872383634814715,0.6361846736498035,1.9495056815978864,0.0,0.0,280.0813120842524,0.0,1028141.4052391265,39.93773995305693,0.0,DoS attacks-Slowloris
26604.52891724473,108963996.89586942,54412966.90248178,80.0,8708753.059306053,456.6069984246038,53410937.93407526,106842901.93269102,0.0,2570.353152195343,2520.543519129339,181.7254325327946,176.67211087209927,231.8814747995751,6563919.653786912,0.0,232.44580622400622,140.14225787194115,377582.8998809474,0.0,149.60703069465782,0.0,0.3388455560512649,0.9208198949898406,0.0,13345.561144270117,117.53639223321207,2880.379489816151,32.0083472997163,97.07772621081654,DoS attacks-Slowloris
26868.62620743364,106564675.54908313,54480122.021198794,80.0,8319987.576554831,498.1448155353571,52228730.198595904,106600622.2687074,0.0,2564.5309545225728,2564.034162329596,168.4297307272128,169.67600100244866,225.76759256680583,6319195.889236642,0.0,229.3283106244673,134.87377727788194,560901.3746775666,0.39914733899186977,141.69363189140856,0.0,0.0,0.0,0.0,13691.099435725973,117.1522506181775,0.0,31.992452445451207,105.15521243268283,DoS attacks-Slowloris
218.3680517989732,3284670.761829143,2307689.5663723,80.0,3552546.403025511,63.939506239969845,2102309.8205042686,3670899.80945538,2706.1072046062654,5.166603164602792,0.0,2.7929894708581124,5.0272465857155275,8.023834706133506,1245735.7589990334,3098.1603670211334,7.441990636493056,0.925588177963871,2072630.8812260083,0.5372702851255895,4.250005649629273,0.0,0.6264103806332025,0.2700595820942441,1.0247931868532882,143.0309551252475,5.329059074271373,5785.458383131017,31.974111319510616,5.639945520078412,DoS attacks-Slowloris
26883.0,107325899.0,53247501.0,80.0,7666135.64285714,496.0,53247501.0,107325901.0,0.1397612306,2530.0,2530.0,168.6666666667,168.6666666667,230.0,6313288.29411765,0.1677134767,230.0,133.1578947368,350.0,0.0,140.5555555556,0.0,0.0,0.0,0.0,13611.6959064327,116.6691729054,2.0,32.0,105.2796728899,DoS attacks-Slowloris
219.14506307970933,104385952.57180934,105424917.5988578,80.0,105292877.30280955,56.53487453180074,105148255.68102768,103518589.72493848,1870.7946250310704,0.0,49.50675471755758,9.472229531674003,8.132370762198907,7.18994055149684,34147036.468166135,720.9975742168604,9.492156159141183,4.5806715758543834,104557319.94699898,0.9373231900788248,7.567255464861135,0.0,0.0,0.046987226167596395,0.0,0.0,5.291715833458795,0.0,31.92303192864971,0.0,DoS attacks-Slowloris
27103.59501844436,107862402.60774106,52824396.56497274,80.0,7659536.365235393,495.0955772949284,53233514.42046402,106778247.50102238,3287.5950364542646,2531.938619916308,2573.1001213618224,170.55336952283022,166.16830587012566,228.76412666295414,6233594.279608602,0.0,230.34105123636098,132.19982777657108,0.0,0.4072952068583624,140.37894340685915,0.0,0.04043635588779422,0.7800581685231143,0.4428709476201825,13345.538793724709,117.57858185558456,0.0,31.88425539884509,106.65041845463028,DoS attacks-Slowloris
26976.255909350817,106374235.8730974,52510177.06676914,80.0,8111522.774996891,493.63338947310143,52533765.24461692,106742131.9400006,0.0,2382.0274526306366,2371.640811870871,156.00464352811434,157.3205635050047,237.2497502644197,6203768.708581516,580.0767236732194,239.30674024863453,127.36135058685858,0.0,0.043247980173512716,133.16619359520647,0.0,0.0,0.0,0.0,14679.890974852931,120.52731560499636,0.0,32.0788400698441,113.42700818166844,DoS attacks-Slowloris
26780.205332224672,3076153.550785645,1817938.522990551,80.0,1080853.9551356414,124.6236385023932,1383747.8831170455,2643769.210225227,0.0,5.190830672059271,21.917632599743527,1.400952050723821,0.0,1.0129245049547482,1259521.242464701,0.0,0.0,0.7153658213249738,2344476.0901800143,0.7460584436979106,0.0,0.16441288132632498,0.0,0.2594657008895736,0.0,1.9333520759655602,0.0,1030998.5200924358,40.0911271097713,0.0,DoS attacks-Slowloris
26834.705700674345,107671696.85670859,53581036.2738359,80.0,7884760.958452485,501.46078988526466,53621321.46347665,107754682.99167475,0.0,2514.3665768394776,2543.723060796146,170.7809254712925,169.14154860765984,227.80573732614434,6073107.743068732,0.0,228.42505344169663,132.6761683180827,0.0,0.0,143.7389850280957,0.0,0.45488294781730454,0.3501865439391148,3.415367467536266,13630.188034272871,115.34370345343568,0.0,32.11891890846221,107.03983597920518,DoS attacks-Slowloris
211.0,107098763.0,107098763.0,80.0,107098763.0,64.0,107098761.0,107098765.0,0.0186743517,16.0,16.0,8.0,8.0,8.0,35699588.3333333,0.0373487033,8.0,4.8,107098763.0,0.0,6.0,0.0,0.0,0.0,0.0,19.2,4.38178046,2.0,32.0,0.0,DoS attacks-Slowloris
211.0,99999509.0,99999509.0,80.0,99999509.0,64.0,99999507.0,99999512.0,0.0200000976,16.0,16.0,8.0,8.0,8.0,33333170.6666667,0.0400001952,8.0,4.8,99999509.0,0.0,6.0,0.0,0.0,0.0,0.0,19.2,4.38178046,2.0,32.0,0.0,DoS attacks-Slowloris
255.79692966410644,102749801.12422425,104927690.2525771,80.0,102714178.00084382,64.07607392104268,102943163.20994303,104333910.85636297,0.0,0.0,2.382864807235925,2.9098516030049826,2.1133444236743424,4.038513265984313,51806370.596131265,0.0,7.810692706514253,4.040576115867767,102852856.09216957,0.6379282981008618,4.66208543565315,0.19502037878740175,0.0,0.5530509392164409,1.2853554137977337,0.0,3.7794785228560213,7825.759735110224,31.85541519380846,5.423376037505305,DoS attacks-Slowloris
26883.0,106334430.0,53257476.0,80.0,8179571.53846154,456.0,53257476.0,106334433.0,0.1316600804,2530.0,2530.0,180.7142857143,180.7142857143,230.0,6645902.0625,0.1598729548,230.0,140.5555555556,137.0,0.0,148.8235294118,0.0,0.0,0.0,0.0,13311.4379084967,115.375204912,3.0,32.0,97.9375221341,DoS attacks-Slowloris
26706.008472296533,1760894.4525168082,1227907.7987610255,80.0,1807769.2268896303,122.83088482146779,2555047.9920495143,2554591.855643339,0.0,7.123426678849941,17.530039529607,0.0,0.0,0.0,1684848.8127511616,0.0,0.47638280385949267,0.0,260580.34658741998,0.29460596460880173,0.23028302218369048,0.04618305969738728,0.0,0.0,1.576649221181194,98.33159979733426,0.0,1020585.8074721546,39.917922601789286,0.0,DoS attacks-Slowloris
26977.47010098127,107823714.91934504,53662728.34618355,80.0,7377532.958074893,460.8574017757914,53974030.651570834,108819640.22820023,2409.6395989145026,2522.7095724783676,2474.417228966323,182.6600603612427,182.11148157483026,229.61015636688495,6535148.891440996,2980.462812927797,227.69110232540723,141.2713424103716,0.0,0.5243978450545959,147.75717972438323,0.0,0.0,0.4797391450134272,1.7956266903555527,13449.011958995541,112.97821363405326,6728.669164637309,32.12059591075358,99.231927826626,DoS attacks-Slowloris
211.0,0.0,0.0,80.0,0.0,32.0,2.0,2.0,500000.0,8.0,8.0,8.0,8.0,8.0,2.0,1000000.0,8.0,5.3333333333,0.0,0.0,8.0,0.0,0.0,0.0,0.0,21.3333333333,4.6188021535,2.0,32.0,0.0,DoS attacks-Slowloris
26709.76286231604,108601122.20365576,52681365.4063774,80.0,7484991.699832361,448.98191649941003,54127540.109630585,108702576.16825186,1026.4941531680258,2508.753240634107,2537.9913131066137,181.31865454791037,182.15742950761188,231.6466891252171,6583081.496722648,0.0,227.27539370958178,141.53408495619112,0.0,0.14597089071743516,145.98872468623824,0.0,1.0776529233163794,0.0,0.20078470608886706,13353.250834571392,114.59087863519228,0.0,32.025197326231265,96.8667658580279,DoS attacks-Slowloris
26883.0,108445735.0,53247435.0,80.0,7746123.92857143,496.0,53247435.0,108445749.0,0.1383180082,2530.0,2530.0,168.6666666667,168.6666666667,230.0,6379161.70588235,0.1659816098,230.0,133.1578947368,524.0,0.0,140.5555555556,0.0,0.0,0.0,0.0,13611.6959064327,116.6691729054,14.0,32.0,105.2796728899,DoS attacks-Slowloris
26883.0,106942716.0,53247680.0,80.0,8226362.76923077,456.0,53247680.0,106942718.0,0.1309112043,2530.0,2530.0,180.7142857143,180.7142857143,230.0,6683919.875,0.1589636052,230.0,140.5555555556,209.0,0.0,148.8235294118,0.0,0.0,0.0,0.0,13311.4379084967,115.375204912,2.0,32.0,97.9375221341,DoS attacks-Slowloris
27054.598114576893,2693252.5395346447,840422.271370549,80.0,2067083.2935028677,118.24990314004275,2723476.500636518,3549062.2857969534,0.0,19.896204806721833,0.0,0.0,0.0,0.0,1209580.8273150194,0.0,1.455821268001357,1.4448280694698918,1317406.2956745205,0.200855539137359,1.040043737485085,0.0,0.0,0.2606299310594027,0.6368241944894351,0.0,0.0,1013590.1998723124,39.94250454807771,0.0,DoS attacks-Slowloris
27166.71992142365,109120243.11315662,52852094.749837525,80.0,8954958.225348406,493.58027847895414,53469796.89673847,105436423.3666546,0.0,2484.2111788601596,2508.480166020064,166.03406938113605,168.40073877467213,231.37711571947423,6366340.805997923,0.0,231.75533164535042,133.41096109754753,0.0,0.12091707311235696,140.3183839846538,0.7708505049836248,0.0,2.202932247724211,0.0,13675.325461370174,116.97637837065668,10689.318244731028,31.875152813139902,104.15646016462487,DoS attacks-Slowloris
27012.627093743744,106306006.01581115,53677094.68406808,80.0,6841664.452328561,496.0419513659277,52400215.89508776,107676071.64272174,940.1978306638229,2528.013709669531,2535.393360257552,171.431902144413,169.8016476439996,228.9988908539974,6515165.254036058,1060.802352391416,233.13532356168392,130.9650823301414,0.0,1.4612187693746153,140.54161979178204,0.4320452139344052,0.0,0.0,0.0,13861.803935403756,116.39978108797247,9274.264186323284,31.94133517856869,105.08306520614555,DoS attacks-Slowloris
27094.328003686238,106226111.42665812,52319744.39331242,80.0,8397474.403108371,493.03784016940034,52298893.19327699,107613980.60847808,0.0,2424.0328694722343,2400.5967200818686,158.5679680906867,158.0179317858086,238.9840498511545,6053833.307619985,4611.852753082674,235.00592774273588,126.72700773105117,0.0,0.1847937382388323,131.74978417261457,0.0,0.0,0.0,0.0,14525.662674040626,120.49912809272772,0.0,32.01699256828284,113.59470888400493,DoS attacks-Slowloris
235.0463515828664,0.0,624055.8065949398,80.0,737725.537145178,37.29505638568017,176075.24242717976,0.0,1688.0291472291015,3.1595582534627344,21.28498170273813,2.685148261379788,1.1222699027511753,0.0,0.0,3645.8411275716785,512.734462504342,129.9954642352197,0.0,258.337829440065,171.68815169741757,258.7571083335378,515.8226035950045,515.9656665809749,516.2623813656018,66544.54869549567,257.91345742644216,0.0,31.959141624265214,0.0,DoS attacks-Slowloris
26324.318595531262,100784722.64102018,99899246.34916054,80.0,26060593.97789706,169.76151599842692,100867219.08573051,99976607.40341184,0.0,260.5694177450668,240.75424949653214,49.858304790404794,47.902659878975676,227.99417904931346,12356370.567779258,1909.3262799995334,229.64977779573454,25.070055982228293,195742.78924055543,0.7772035061617045,27.862744588512573,0.946642706691439,1.5712180613899955,1.839909911755605,0.0,5302.2195243746555,71.98740674231627,0.0,31.890569523690978,100.82630931701891,DoS attacks-Slowloris
26883.0,107678043.0,53247392.0,80.0,8282926.38461538,456.0,53247392.0,107678056.0,0.1300172061,2530.0,2530.0,180.7142857143,180.7142857143,230.0,6729878.5,0.157878036,230.0,140.5555555556,247.0,0.0,148.8235294118,0.0,0.0,0.0,0.0,13311.4379084967,115.375204912,5.0,32.0,97.9375221341,DoS attacks-Slowloris
26883.0,108093617.0,53247396.0,80.0,7720972.64285714,496.0,53247396.0,108093629.0,0.1387685855,2530.0,2530.0,168.6666666667,168.6666666667,230.0,6358448.76470588,0.1665223026,230.0,133.1578947368,369.0,0.0,140.5555555556,0.0,0.0,0.0,0.0,13611.6959064327,116.6691729054,12.0,32.0,105.2796728899,DoS attacks-Slowloris
27369.28023321801,104971822.39770237,53767981.805266336,80.0,8403632.593675006,498.27925588095553,54272152.69658815,105470446.68800533,1107.2822031273558,2388.169763785945,2359.360779654392,159.233028836128,160.65743931372705,239.40051684029046,6219701.535649896,0.0,240.30254638068297,127.65883977142019,458422.70388658036,0.0,131.06332877268602,0.9355553480501821,0.0,0.2061389802868293,0.0,14898.039983934777,122.10364947242041,8957.481744278808,31.873868997491726,113.85001035308179,DoS attacks-Slowloris
27076.53472690842,106223908.09010221,52036714.058551505,80.0,7079387.038487473,499.92272123547593,53622203.04424756,107211831.95108004,1295.0965316649315,2536.4903541743206,2517.5139915089167,170.4152831326788,171.63950910134562,232.65598799450342,6183737.56077346,1053.6164548892675,230.52337416413525,132.57999515507785,1357353.7265713895,0.01075164740965999,136.6575764687224,0.7287464941822277,0.0,0.5544677171461011,1.194163839041042,13729.3506051716,113.68036415395082,8314.364629563144,32.09325824831605,104.78824732335255,DoS attacks-Slowloris
27390.43157265158,108085652.9666863,52153051.67184362,80.0,7665173.347514616,459.8900458915723,53959042.184490606,107908947.36475429,576.5343576746905,2474.0121713041635,2528.48664306377,181.60303089019985,179.94175182435762,229.42687070143748,6612972.789788314,2799.3898316431632,231.04621710008186,141.96312557270136,1636509.6282957636,0.0,148.59425843846753,0.6461744558416092,0.0,0.0,0.0,13286.020116855992,115.51213978777498,11844.329031363617,31.9226331545773,97.15488428001703,DoS attacks-Slowloris
27156.286466040452,107298823.99366508,53392064.29738441,80.0,7344151.131627955,456.2235427208545,53239551.88692584,105521291.38237476,769.8662000344035,2519.350926515797,2538.3467961684155,176.8802989104611,178.46316767542086,231.9488117511997,6984122.246501625,742.4471527976395,230.77425614302115,139.8846485772991,1064305.1629045592,0.0,146.86760545891372,0.0,0.18491806350943837,0.0,0.4061916040034495,13521.6782039283,116.13339279315879,10945.543000651465,31.95478433541937,98.0494986069149,DoS attacks-Slowloris
211.0,0.0,0.0,80.0,0.0,32.0,4617.0,4621.0,216.4033758927,0.0,0.0,0.0,0.0,0.0,2310.5,649.210127678,516.0,129.0,0.0,258.0,172.0,258.0,516.0,516.0,516.0,66564.0,258.0,4.0,32.0,0.0,DoS attacks-Slowloris
211.0,100001170.0,100001170.0,80.0,100001170.0,64.0,100001168.0,100001172.0,0.0199997656,16.0,16.0,8.0,8.0,8.0,33333724.0,0.0399995312,8.0,4.8,100001170.0,0.0,6.0,0.0,0.0,0.0,0.0,19.2,4.38178046,2.0,32.0,0.0,DoS attacks-Slowloris
26783.601609912956,108329659.3414676,52621414.90568396,80.0,6602063.592724205,495.58341308186294,54645470.42865158,108608266.49139027,0.0,2485.3422397909044,2551.4946639035356,169.30468922371935,169.4168936675961,230.4472862807402,6095499.462654794,0.0,227.6414932387415,134.48240618995462,0.0,0.0,141.67890921056377,0.6028160439227794,2.186756409069546,0.0,0.06881955634463514,13707.957783650443,116.92467385344078,0.0,31.90900026739108,105.7178865196365,DoS attacks-Slowloris
27282.79000059398,108052554.0672499,54038734.00687504,80.0,9721940.293825656,456.32000471230316,52999673.3771808,108286455.64347538,430.66932812794624,2516.2664357012673,2580.4401863996904,180.0021295306953,180.14638338429847,233.7037209134286,6732339.847691068,0.0,228.6576030142822,142.65421503395163,1336120.1097374915,0.768445026258896,148.6822870165588,0.0,0.6401668834239129,1.7619502499902777,0.0,13209.790181606746,115.5196813706301,2366.3170967115657,31.94349581456487,98.08850410808586,DoS attacks-Slowloris
26897.5316260603,108625181.55873528,53718490.43703721,80.0,8186929.436615408,495.4685745438899,53793455.06227156,107041194.2780574,0.0,2536.239485179753,2526.156861071776,167.41926566863276,169.83158054972898,235.98293498419764,6442537.2826209115,3975.328585397476,228.01593398554334,134.5776526315512,0.0,0.0,139.6308403093031,0.143903699770144,0.0,0.0,1.117700655277314,13711.231719134723,116.0439771447377,8504.207434078171,32.02082234673795,107.54945349719922,DoS attacks-Slowloris
27332.35653522533,107011385.59639008,52510533.822862156,80.0,8137183.393203312,495.26498683503115,52579536.817796886,107551266.81018198,1433.6838314506526,2527.5044446006673,2519.0931297025986,170.14943432320902,169.5027398833135,226.25260305841937,6413247.164094487,0.0,232.6217648801989,134.0727804967788,400508.9006093818,0.8391169992187365,138.47952995803143,0.08818246964555397,0.13104450607533946,0.5829626513220939,0.0,13460.18656660674,117.68548464957296,0.0,32.01573590255662,105.6380600877643,DoS attacks-Slowloris
57.29602033275797,1190348.086578594,1310667.7165204592,80.0,0.0,44.1264454273013,756282.1932918292,320.2647229278918,1998912.7046924576,52.15988006005169,0.0,0.0,0.0,0.0,165152.67242714614,1998112.802784063,0.0,0.0,0.0,0.0,1.066287163874309,0.0,0.0,0.0,0.1859805305513821,0.0,0.3586742202876226,0.0,20.01114552792444,0.0,DoS attacks-Slowloris
26872.33358173781,107454833.29782091,52112184.16330066,80.0,8441196.722909441,452.8987274409522,52250412.34459924,107823364.39434296,0.0,2382.624085069309,2396.0287199151703,170.5273800831939,168.7040041900516,237.78871306599208,7001933.2205285365,0.0,232.92506349317938,132.3731593377559,0.0,0.3964380884798221,142.54467923804327,0.3604075324660577,0.0,0.0,2.550578898362079,14760.738449359644,120.8954367149224,3892.5728054230794,32.068252137225045,109.5024941120575,DoS attacks-Slowloris
363.7577174862626,116684823.22527468,117054857.40742509,80.0,117564175.78282285,67.81715678639877,117715141.0455082,117324535.18127531,229.88936250666927,0.0,44.59205310274278,9.50572722758297,7.3467313712892794,7.586789087965405,39207819.561240606,0.0,7.64679966028798,5.734540491038745,117975122.11079419,0.19172852009420624,5.99396734769925,0.7068534518854225,0.0,0.0,0.0,0.0,1.863041205950636,2604.5845700755076,31.992381139768927,0.8804083642708014,DoS attacks-Slowloris
27262.614879791632,2204331.0253800154,1809078.4739490747,80.0,1308817.0153180228,117.92943487488617,3074634.0399828125,4008573.804979264,0.0,8.055920341833799,0.0,0.0,0.0,2.4010663993509027,1411023.9400888877,0.0,0.0,0.8307039438884549,1294794.9478244733,0.14217806884027012,0.0,0.0,0.0,0.4421192478828491,2.44231904533886,0.0,0.48522411714792485,1022690.6778205025,39.973157495314275,0.3431433480415807,DoS attacks-Slowloris
26883.0,108313008.0,53279734.0,80.0,7736643.42857143,496.0,53279734.0,108313010.0,0.1384875187,2530.0,2530.0,168.6666666667,168.6666666667,230.0,6371353.52941177,0.1661850225,230.0,133.1578947368,219.0,0.0,140.5555555556,0.0,0.0,0.0,0.0,13611.6959064327,116.6691729054,2.0,32.0,105.2796728899,DoS attacks-Slowloris
0.0,107139482.40305668,106717037.82953073,80.0,106941594.90712066,68.32548469816372,107049424.85252461,106622953.3392874,208.89667490593604,52.08855398604418,2.9338495217947216,6.048660985396404,5.594918399289096,11.184148552010955,36044338.97871091,1894.8399420680298,6.220066290317764,4.5028009004038605,106238185.10388389,0.0,5.616220647785898,1.4905017019116438,0.0,1.5774824616646885,1.051679624075504,44.95728743893065,4.863081055667113,0.0,31.905566142645306,0.45786248278690495,DoS attacks-Slowloris
26883.0,106814427.0,53247614.0,80.0,8216494.38461539,456.0,53247614.0,106814429.0,0.1310684346,2530.0,2530.0,180.7142857143,180.7142857143,230.0,6675901.8125,0.1591545277,230.0,140.5555555556,226.0,0.0,148.8235294118,0.0,0.0,0.0,0.0,13311.4379084967,115.375204912,2.0,32.0,97.9375221341,DoS attacks-Slowloris
26883.0,109214591.0,53252161.0,80.0,7801042.21428571,496.0,53252161.0,109214605.0,0.1373442682,2530.0,2530.0,168.6666666667,168.6666666667,230.0,6424388.52941176,0.1648131218,230.0,133.1578947368,561.0,0.0,140.5555555556,0.0,0.0,0.0,0.0,13611.6959064327,116.6691729054,3.0,32.0,105.2796728899,DoS attacks-Slowloris
27264.678518387223,109188855.42384392,55010946.20514643,80.0,9369202.153827028,452.1412104783283,52962207.26310282,107892841.82588051,0.0,2517.811609802099,2532.361108140891,180.35045482994605,178.2574811028044,230.8837708073821,6724541.354489206,1979.1700945523294,228.454187044793,139.79679968379006,0.0,0.0,150.46500093036687,0.12490457711018398,0.0,0.0,0.0,13209.575077328594,114.85739558561075,7303.936090687075,31.938102818543317,97.09178249017376,DoS attacks-Slowloris
27017.971233019227,107680275.68701594,52339958.99909731,80.0,7161736.069564499,493.19301702749345,53683360.53920238,105669346.58256508,0.0,2557.2838955360276,2521.4368829970135,171.44466064401195,171.8251927816312,230.46796974872203,5919809.492145823,0.0,228.50438724515703,131.30793945943876,743468.8387283763,0.009186406101888606,143.87724488629715,0.0,0.4817573966020116,1.0648902321618743,0.0,13748.184459902033,116.05020452574203,0.0,31.936331670959607,105.485330137627,DoS attacks-Slowloris
277.0822607706181,118031307.5475892,118020848.76973462,80.0,117587176.16442005,67.54152947677893,115753446.10065354,117347686.41685203,0.0,0.0,42.884127865365414,9.795378348699897,8.206406578606485,7.162504517429374,39374131.48835527,0.0,6.136278387570613,5.208648282338884,117781500.30109046,0.21827491940675203,3.9853072608123554,1.106325740224679,0.0,0.0,0.9001644469329506,195.9836180416633,3.2257482788481857,0.0,32.04120765324165,0.5962991365769446,DoS attacks-Slowloris
26883.0,107357902.0,53247775.0,80.0,7668421.57142857,496.0,53247775.0,107357903.0,0.1397195696,2530.0,2530.0,168.6666666667,168.6666666667,230.0,6315170.76470588,0.1676634835,230.0,133.1578947368,331.0,0.0,140.5555555556,0.0,0.0,0.0,0.0,13611.6959064327,116.6691729054,1.0,32.0,105.2796728899,DoS attacks-Slowloris
26941.691768827768,1914535.514568949,2312034.0118140457,80.0,2458943.0170171703,127.03107141025711,1785485.4235933342,3484656.6632026825,0.0,4.31686070443912,0.0,1.1324834868739881,2.0375897644080894,0.0,1459518.8038042549,5163.303168789642,2.930303622646207,2.994532708985418,1315238.0020476573,0.5993229985115569,0.0,0.8896579129426735,0.0,0.0,0.2981630750767252,0.0,0.0,981947.9976423922,39.960696906457045,0.4721080477003387,DoS attacks-Slowloris
26883.0,100012481.0,99999399.0,80.0,25003120.25,168.0,99999397.0,100012482.0,0.0499937598,246.0,246.0,49.2,49.2,230.0,12501560.25,0.0899887676,230.0,24.6,104.0,0.0,27.3333333333,0.0,0.0,0.0,0.0,5219.6,72.2467992371,1.0,32.0,101.1493944619,DoS attacks-Slowloris
211.0,99999855.0,99999855.0,80.0,99999855.0,64.0,99999853.0,99999859.0,0.0200000282,16.0,16.0,8.0,8.0,8.0,33333286.3333333,0.0400000564,8.0,4.8,99999855.0,0.0,6.0,0.0,0.0,0.0,0.0,19.2,4.38178046,2.0,32.0,0.0,DoS attacks-Slowloris
27095.110975443386,107443362.32248004,55267241.084643915,80.0,9051136.722260222,499.0723622900173,53395277.41105154,108609447.89971982,4853.642355908052,2532.500568290746,2545.030522949467,167.44966685550582,168.7849206184232,229.7931758425567,6066694.604394114,0.0,226.02841655069147,133.26157378472783,0.0,0.0,141.85581680172922,0.0,0.0,0.0,1.3353009708665082,13564.875058620642,117.06090366855429,0.0,32.01232539028682,105.99122716548726,DoS attacks-Slowloris
26883.0,108097639.0,53254608.0,80.0,7721259.92857143,496.0,53254608.0,108097642.0,0.1387634339,2530.0,2530.0,168.6666666667,168.6666666667,230.0,6358684.82352941,0.1665161207,230.0,133.1578947368,213.0,0.0,140.5555555556,0.0,0.0,0.0,0.0,13611.6959064327,116.6691729054,3.0,32.0,105.2796728899,DoS attacks-Slowloris
135.77497938803447,101106293.78320189,100128163.36672066,80.0,100036400.97221324,64.10162993040143,99256740.6013837,100175820.23331602,2125.196051611311,0.0,35.04304508916061,8.092584250747311,9.598668084632214,6.652535461016088,32889184.541638725,0.0,9.021587381255483,3.7099643565701608,101389338.52101937,0.1379951562918035,3.4887923510304955,0.7241651804764391,2.5268493519385142,0.0,0.24212342635804235,337.7687808638827,3.3295938533804534,12356.981304034085,32.05351486330756,0.5586516879203414,DoS attacks-Slowloris
27220.679139824973,4699553.677945826,2465548.325850143,80.0,1925543.6466312562,117.41199394177467,1875891.4180132062,3250924.4202977563,0.0,19.994387476110536,0.0,0.0,0.0,0.0,1454013.4238037893,969.7935236194594,0.0,0.0,1527435.0696543357,0.0,0.0,0.4709317702161969,0.22625963225712534,1.0983289478155844,0.0,0.0,0.3212899836003692,1020805.6229324628,39.909077374878734,0.0,DoS attacks-Slowloris
26883.0,3035704.0,2015824.0,80.0,1517852.0,120.0,2015824.0,3035704.0,0.9882386425,0.0,0.0,0.0,0.0,0.0,1517852.0,0.9882386425,0.0,0.0,1019880.0,0.0,0.0,0.0,0.0,0.0,0.0,0.0,0.0,1019880.0,40.0,0.0,DoS attacks-Slowloris
26921.354928851444,107313252.39408003,52665056.33113503,80.0,9485810.255487,499.6541365657454,52724058.9772686,105562252.96560283,3193.3880813391065,2511.335135528753,2553.426519413267,169.14224928397542,170.00034026040487,231.32629483173037,6274863.36725684,1935.3932651552523,227.5867105486996,132.30075621246243,743861.0940986911,0.0,141.55371424236023,0.3882407328997792,0.8751317521429444,0.03440494412591309,0.2170526016860465,13686.791917478864,116.59552288392726,0.0,32.02342259781124,104.5637092559265,DoS attacks-Slowloris
26883.0,3038071.0,2016020.0,80.0,1519035.5,120.0,2016020.0,3038071.0,0.9874686931,0.0,0.0,0.0,0.0,0.0,1519035.5,0.9874686931,0.0,0.0,1022051.0,0.0,0.0,0.0,0.0,0.0,0.0,0.0,0.0,1022051.0,40.0,0.0,DoS attacks-Slowloris
211.0,0.0,0.0,80.0,0.0,32.0,7.0,7.0,142857.142857143,8.0,8.0,8.0,8.0,8.0,7.0,285714.285714286,8.0,5.3333333333,0.0,0.0,8.0,0.0,0.0,0.0,0.0,21.3333333333,4.6188021535,7.0,32.0,0.0,DoS attacks-Slowloris
549.3967453668656,105673681.95587754,105137045.22482511,80.0,104814283.31251296,63.506596263175254,104560220.11831015,104864384.65801688,0.0,24.59025103558414,0.0,6.878536319808897,7.734853876790984,8.67323738004078,34707962.39707176,0.0,7.462379461024273,3.722927897830168,105387343.85130678,0.3352525458242639,4.397921569661058,0.537787578852967,0.0,0.0,0.42669640804535475,0.0,3.427726487411082,0.0,32.1445721686396,0.0,DoS attacks-Slowloris
27219.338038740425,2780307.3128353525,3052388.8807598865,80.0,1731862.9374615685,120.37679656716342,3413714.735807819,1918770.3836448933,522.8095365126622,41.32802508872177,29.279773414280527,1.419861391038603,2.121697826466459,0.0,1749221.102830017,4519.075471037379,3.8473579610393287,0.0,1333237.642251037,0.0,0.3470118336577706,0.0,0.09188362985755488,0.08527927510928834,0.36657057610345567,83.23110847957975,1.9458706665827736,1022430.2290347571,40.13844563262003,0.5427793583715135,DoS attacks-Slowloris
26922.54964454568,3651942.960564928,1056606.225750126,80.0,685599.2057565913,117.04245940205487,1834927.4666919038,4322152.138942221,1911.3378542426822,41.86373448587679,0.0,0.0,0.3667653138207554,0.013044031914502615,1722080.6509234067,0.0,0.18133460321441464,0.6462131130843036,1402334.2986180007,0.2132042836649457,0.0,0.0,0.0,0.24088727572533847,0.0,0.0,0.0,1018889.5157769632,39.8540758242539,0.0,DoS attacks-Slowloris
211.0,116254577.0,116254577.0,80.0,116254577.0,64.0,116254568.0,116254580.0,0.0172036233,16.0,16.0,8.0,8.0,8.0,38751526.6666667,0.0344072466,8.0,4.8,116254577.0,0.0,6.0,0.0,0.0,0.0,0.0,19.2,4.38178046,3.0,32.0,0.0,DoS attacks-Slowloris
26883.0,107812903.0,53251560.0,80.0,7700921.64285714,496.0,53251560.0,107812905.0,0.1391299121,2530.0,2530.0,168.6666666667,168.6666666667,230.0,6341935.58823529,0.1669558946,230.0,133.1578947368,225.0,0.0,140.5555555556,0.0,0.0,0.0,0.0,13611.6959064327,116.6691729054,2.0,32.0,105.2796728899,DoS attacks-Slowloris
26883.0,107049939.0,105003057.0,80.0,26762484.75,168.0,105003055.0,107049941.0,0.0467071719,246.0,246.0,49.2,49.2,230.0,13381242.625,0.0840729095,230.0,24.6,89.0,0.0,27.3333333333,0.0,0.0,0.0,0.0,5219.6,72.2467992371,2.0,32.0,101.1493944619,DoS attacks-Slowloris
26883.0,108263778.0,53264485.0,80.0,8327982.92307692,456.0,53264485.0,108263803.0,0.1293137652,2530.0,2530.0,180.7142857143,180.7142857143,230.0,6766487.6875,0.1570238577,230.0,140.5555555556,144.0,0.0,148.8235294118,0.0,0.0,0.0,0.0,13311.4379084967,115.375204912,5.0,32.0,97.9375221341,DoS attacks-Slowloris
587.3436281114454,99590831.02488787,99694686.12584014,80.0,100357886.1874553,54.751753186514485,99935286.50812675,99558317.08353662,0.0,80.17834420247834,36.72861745577771,5.290633429331388,8.395980478946448,14.290784317162512,33512313.09884314,6247.713014905983,6.87735786841245,5.6005855458950125,99002860.15617841,0.271204239995046,6.819262011109868,0.0895236351537921,0.0,0.0,0.6241685689178378,0.0,3.4139989638543886,0.0,31.990445506912423,0.6235533286754045,DoS attacks-Slowloris
26643.007663280347,2068684.7320288124,1671518.3849131404,80.0,2100850.4885263904,118.26671875344601,3690603.5325827147,3512786.8655587775,3101.761342370068,19.413867943849656,0.0,0.0,1.052506536536552,0.0,1788024.7667221439,341.35042740883256,0.0,0.0,843573.80635598,0.6081530898754441,0.0,0.0,0.0,0.0,0.0,0.0,0.0,1025978.6548974548,40.03721349062601,0.0,DoS attacks-Slowloris
211.0,116030885.0,116030885.0,80.0,116030885.0,64.0,116030883.0,116030886.0,0.0172367899,16.0,16.0,8.0,8.0,8.0,38676962.0,0.0344735797,8.0,4.8,116030885.0,0.0,6.0,0.0,0.0,0.0,0.0,19.2,4.38178046,1.0,32.0,0.0,DoS attacks-Slowloris
157.0608662651336,111413856.65373854,110564035.9201536,80.0,112013492.02271456,63.5553380554214,111846847.27834725,111466864.22581702,1853.9467168301528,42.91260562212612,11.647140555412921,8.624015646149317,9.16879870563342,9.03014316660028,36958453.09474077,562.8103084684712,10.362938533824078,4.302656325438976,110539502.39986603,0.0,4.571951300467242,0.6058214654402353,0.7806309938956313,0.30251803190283305,0.11215574522069294,0.0,2.7271383735326484,8215.702598310136,31.961670687985336,0.0,DoS attacks-Slowloris
26955.38640119755,106248735.47747846,54093198.570418805,80.0,7906051.681031069,494.4887280266305,52992673.31217657,104861668.19266553,2758.6906062224466,2513.4448007312853,2507.5884885400524,167.9002910629333,169.45335362525813,229.23924974036572,6389520.370027723,795.4200180714249,229.04863978526888,135.14837493923554,0.0,0.0,140.13536844652052,0.0,1.422723326839675,0.0,0.1268502163265928,13445.65818600781,117.58879694486292,1166.9638717266703,31.981959249768803,104.55121406369662,DoS attacks-Slowloris
26883.0,108351356.0,53239837.0,80.0,7739382.57142857,496.0,53239837.0,108351359.0,0.1384385036,2530.0,2530.0,168.6666666667,168.6666666667,230.0,6373609.35294118,0.1661262043,230.0,133.1578947368,377.0,0.0,140.5555555556,0.0,0.0,0.0,0.0,13611.6959064327,116.6691729054,3.0,32.0,105.2796728899,DoS attacks-Slowloris
211.0,2544726.0,2544726.0,80.0,2544726.0,64.0,2544724.0,2544726.0,0.7859392328,8.0,8.0,4.0,4.0,8.0,1272363.0,1.1789088491,8.0,4.0,2544726.0,0.0,5.3333333333,0.0,0.0,0.0,0.0,21.3333333333,4.6188021535,2.0,32.0,5.6568542495,DoS attacks-Slowloris
26934.7794575144,2455727.474906392,1789672.3768606633,80.0,0.0,120.40826475872782,2648742.4987965235,2524197.1001069816,0.0,0.0,6.90709117473156,1.650617717551369,0.0,1.9752246644214277,1476172.3752306178,4004.7523825537855,0.0,0.5184063329879358,1278274.897418624,0.0,2.849196836982542,0.0,0.0,0.0,0.0,118.30072227133464,1.8464350397856262,1027808.7158406711,39.941519165900914,0.0,DoS attacks-Slowloris
27029.996089657372,107573980.22613427,54453607.24735404,80.0,7844852.742437889,495.470079433173,52819718.685940534,106010551.77009778,102.15520971296839,2538.250891013973,2517.614069204099,172.16756666098212,170.3982696855698,230.08250441838914,6013552.481214637,0.0,232.461737777316,132.50652428210583,968996.8126296115,0.1094730268140161,138.4672160438326,0.36613363824944395,0.0,0.0,0.0,13532.642302267477,114.93219519881937,0.0,31.920623495663886,104.80585994542584,DoS attacks-Slowloris
211.0,101011209.0,101011209.0,80.0,101011209.0,64.0,101011207.0,101011211.0,0.0197997824,16.0,16.0,8.0,8.0,8.0,33670403.6666667,0.0395995648,8.0,4.8,101011209.0,0.0,6.0,0.0,0.0,0.0,0.0,19.2,4.38178046,2.0,32.0,0.0,DoS attacks-Slowloris
297.2998216604258,0.0,1417613.71329016,80.0,944336.8762790955,27.791157516072417,0.0,0.0,500123.7574677964,0.0,56.87599204819914,6.648776625270793,6.092870215100653,2.9878933298789185,0.0,996767.0938928716,9.420332846015203,2.890019254252878,402556.97141554154,0.0,7.630146722946212,0.5015820910249114,0.0,0.0,0.7021581455317024,0.0,4.498988007031767,0.0,32.08385843903027,0.0,DoS attacks-Slowloris
344.8959649736147,100399116.42342582,99278013.1842075,80.0,101776483.21331523,58.47543995436273,100462123.51326388,100697482.07793471,644.9860484126631,0.0,33.52187104389165,8.37667907110077,8.577710020950331,6.052969215312388,33339578.8691014,0.0,3.8582524889904812,4.5694857459646085,100063099.06513016,0.3689694795823287,3.111811440265715,0.28619369769749436,0.0,0.0,0.0,22.31033727047171,2.822734536670131,0.0,31.895722285399103,0.0,DoS attacks-Slowloris
26883.0,107870477.0,53247498.0,80.0,7705034.07142857,496.0,53247498.0,107870480.0,0.1390556527,2530.0,2530.0,168.6666666667,168.6666666667,230.0,6345322.35294118,0.1668667832,230.0,133.1578947368,187.0,0.0,140.5555555556,0.0,0.0,0.0,0.0,13611.6959064327,116.6691729054,3.0,32.0,105.2796728899,DoS attacks-Slowloris
26883.0,3033163.0,2009685.0,80.0,1516581.5,120.0,2009685.0,3033163.0,0.9890665289,0.0,0.0,0.0,0.0,0.0,1516581.5,0.9890665289,0.0,0.0,1023478.0,0.0,0.0,0.0,0.0,0.0,0.0,0.0,0.0,1023478.0,40.0,0.0,DoS attacks-Slowloris
26999.56329387237,28759079.671249468,27760338.010469627,80.0,9484332.00811385,129.5088760026587,28444153.043789845,29531269.32368269,0.0,229.48433725897277,265.7372241250943,60.53305260669492,58.67497432542283,233.13154097219993,4808064.621605633,2441.6719406493,230.52952774637114,29.80965980360863,577641.0165800182,0.0,34.25409359211153,0.0,0.0,1.031165865902949,0.0,6550.0718844232815,80.32274214062751,0.0,31.95998710321641,114.34460413892715,DoS attacks-Slowloris
211.0,99999213.0,99999213.0,80.0,99999213.0,64.0,99999209.0,99999222.0,0.0200001556,16.0,16.0,8.0,8.0,8.0,33333074.0,0.0400003112,8.0,4.8,99999213.0,0.0,6.0,0.0,0.0,0.0,0.0,19.2,4.38178046,4.0,32.0,0.0,DoS attacks-Slowloris
26883.0,100007904.0,99999186.0,80.0,25001976.0,168.0,99999184.0,100007905.0,0.0499960478,246.0,246.0,49.2,49.2,230.0,12500988.125,0.0899928861,230.0,24.6,54.0,0.0,27.3333333333,0.0,0.0,0.0,0.0,5219.6,72.2467992371,1.0,32.0,101.1493944619,DoS attacks-Slowloris
27013.91547819873,106208162.98731244,53087659.87810177,80.0,7030782.941767734,495.1303181663378,52971323.20191437,105430568.03197168,1971.941588366703,2537.876978635967,2509.0547861644345,170.8191883380454,168.17938980395073,229.68790643142356,6435392.12339258,0.0,228.24917578169007,133.78070997627566,1063115.9871092276,0.1719334274473374,141.58816209936043,0.0,0.0,0.0,0.8300128806091874,13442.51284283167,117.48371643325221,0.0,32.01062998912048,105.81655472640136,DoS attacks-Slowloris
0.0,102050678.5246277,100065125.02463481,80.0,100076114.66898565,62.12540742458209,99123650.56635687,100195691.82458647,0.0,21.734214185288764,45.92861596444044,7.981157449987349,8.246471196450903,6.650531135515605,33194959.329580583,384.5414042232343,8.393987264896532,6.812240632392736,100800510.3082955,0.7393012180382429,5.679926446747591,0.34626728131125645,0.0,1.7345153558874142,0.0,350.3643668065816,4.496712873995306,0.0,32.080989609805755,1.0986619339339252,DoS attacks-Slowloris
26883.0,3035685.0,2016023.0,80.0,1517842.5,120.0,2016023.0,3035685.0,0.9882448278,0.0,0.0,0.0,0.0,0.0,1517842.5,0.9882448278,0.0,0.0,1019662.0,0.0,0.0,0.0,0.0,0.0,0.0,0.0,0.0,1019662.0,40.0,0.0,DoS attacks-Slowloris
26883.0,107557716.0,53246782.0,80.0,7682694.0,496.0,53246782.0,107557718.0,0.139460006,2530.0,2530.0,168.6666666667,168.6666666667,230.0,6326924.58823529,0.1673520072,230.0,133.1578947368,458.0,0.0,140.5555555556,0.0,0.0,0.0,0.0,13611.6959064327,116.6691729054,2.0,32.0,105.2796728899,DoS attacks-Slowloris
211.0,100026171.0,100026171.0,80.0,100026171.0,64.0,100026169.0,100026173.0,0.0199947668,16.0,16.0,8.0,8.0,8.0,33342057.6666667,0.0399895335,8.0,4.8,100026171.0,0.0,6.0,0.0,0.0,0.0,0.0,19.2,4.38178046,2.0,32.0,0.0,DoS attacks-Slowloris
26700.604283466608,2556288.01935074,2577348.5550034116,80.0,2290216.291289349,119.02122161382268,2357013.234469979,3448447.004564183,0.0,0.0,0.0,0.5326591265621127,0.17182248031795117,0.0,1761922.6653528055,912.9117917824226,0.0,2.6534709439450204,0.0,0.0021554860734453126,0.14650959540638328,0.0,1.6042814874437032,0.0,0.0,251.36424010447024,0.0,1014104.2641081859,40.04690285822238,0.0,DoS attacks-Slowloris
325.18249861326393,102475657.12501352,100521259.08815359,80.0,99272793.80107085,62.02475222887889,99341943.79543436,100315824.61635897,0.0,10.503456739179244,22.714383153335465,10.1851517934372,7.291043116512942,7.495134225811965,33384288.997857034,0.0,7.454486954566033,1.8393211932038858,100373783.18544444,0.09119858099872513,7.1762960085814225,0.39183693923743834,0.4967234304970051,1.7987236482262485,1.9003833241617285,71.16958037954562,3.9565827282983124,5410.789584815586,31.95189951279532,1.621356533462699,DoS attacks-Slowloris
27154.19219269769,2853061.1314843707,1938725.5954832248,80.0,1659118.2286987333,115.16449072676414,1875669.7877295862,3036539.6091779233,791.7971910444952,0.0,7.7217760198299565,0.0,0.0,3.507333232862686,2148063.655964105,0.0,1.346132833123966,0.0,2052598.715724315,0.0,0.0,0.9464939713587096,1.1103573263697613,1.532194763663253,1.8660107938400199,144.09265565790602,0.47892168451849554,1007532.329601862,39.99812379778526,0.8242646304033778,DoS attacks-Slowloris
88.55052832457959,231377.70383450598,978658.7424622417,80.0,1422530.7002713636,35.71758289335749,0.0,0.0,335116.6000630342,0.0,4.836980943083403,8.69941821553629,7.219577338508417,7.538177175655106,0.0,665762.1496951443,9.729219069137512,5.013446985758307,109940.59438237798,0.9623275162309299,9.055522320480605,0.0,0.0,0.0,2.007049464098775,0.0,4.705980917673653,0.0,31.935647237183847,0.28211300796269156,DoS attacks-Slowloris
27160.032396701557,3982101.00607018,2166706.6791643333,80.0,2065353.317138239,120.86746145038076,1197503.5096981,1453303.0988088932,2329.989388968444,0.0,8.466817749212932,0.2668552586173759,2.726235663968978,0.068270473706479,1070680.3141174929,3481.2688208856,0.0,0.0,1033825.6656843297,0.0,0.0,0.0,0.5088617555779275,0.0,0.18277339522870115,127.30765549477425,1.3829234120526417,1029483.3101278547,40.026870042746744,0.47316026404844097,DoS attacks-Slowloris
26851.352610376896,109554296.60831656,52561539.33406739,80.0,7890592.996208042,501.1316422140915,54426257.17415965,109843684.11173765,2837.4555129791615,2478.142563950642,2547.9374848235434,165.88755595342658,167.6136168392924,228.74020318512325,5579829.834698766,2682.9501330215917,230.7088600066824,135.5549736178473,0.0,0.0,141.73847476363235,0.0,0.0,0.0,0.0,13703.083489152623,117.79588197013967,11802.513570157937,32.00430052519875,106.54903308277679,DoS attacks-Slowloris
709.8334518924478,673903.2042666156,801049.8028833369,80.0,472155.36203592777,33.05532568431303,578724.867637073,1069329.1580006997,335971.16070734843,23.17383392154761,59.49568909271124,11.040819750280544,8.414550606515009,7.702703658292034,0.0,669028.8487244648,12.431764973337806,7.092514436086081,420496.6721893785,0.1878387072446018,6.7866987462313375,0.0,0.28340162536977964,1.2773885426796836,1.080923075718993,29.453574341289094,4.441283101780304,0.0,32.00847486495163,0.9875636673147775,DoS attacks-Slowloris
0.0,104267711.59168439,105364333.66631606,80.0,105617431.6915611,63.526860682290554,105977865.05306797,104523586.98903315,3834.6210104146508,34.557383132950115,24.419744260409765,9.554715803985458,10.16102873179851,8.013826654544337,35101418.269726716,0.0,6.891824033055374,5.337238291171339,104820942.93677731,0.2072561560395075,6.889511694007908,0.030737737651209143,0.0,0.0,1.4168893562453355,0.0,4.950537633569338,37.792013184354545,31.99533609525903,2.94600746143372,DoS attacks-Slowloris
4.767503697906079,100495070.93737765,98742886.93587218,80.0,99996259.80217466,73.42336541799611,101451291.24882321,99333604.51828086,0.0,35.40462513326018,27.25951948143735,8.093042554519638,7.844010531665516,7.33778850710748,33425200.82673387,4472.009429326609,12.316046532279271,5.138756113338191,100155985.04426764,0.0,3.9936255905628593,0.18679975789951625,0.0,0.0,0.0,155.19596214854096,0.9277221913713332,1380.1009282076086,31.99119163987607,0.0,DoS attacks-Slowloris
27227.208801346933,106417084.63246506,53006416.0611369,80.0,7673745.9909726465,460.9275854527385,52907494.70148706,107266238.87057936,0.0,2359.74038157159,2442.8638905600087,171.06203176039472,168.81460438089212,235.97591222466684,6401632.869342427,1585.0645523520307,237.935312508276,131.27908493782544,963542.9193147242,0.0,141.47820945310434,0.09085145963061408,0.0,0.0,0.0011575887925025232,14606.176246633244,122.03027470134151,0.0,31.981304473747194,108.72081399880064,DoS attacks-Slowloris
314.79269653557657,0.0,156913.00920580662,80.0,0.0,47.35450093134734,0.0,164427.46490539267,198978.1265087134,0.0,3.292956799236746,0.0,1.5884342879137985,0.0,514918.9777109666,202451.46396130574,0.0,0.0,1061381.0002183334,0.8987235705688802,1.9944580656051805,0.8398976322936231,0.6751445136586977,0.0,0.0,0.0,0.0,9434.473760987848,19.871365246893106,0.057913972819697616,DoS attacks-Slowloris
211.0,108158617.0,108158617.0,80.0,108158617.0,64.0,108158615.0,108158619.0,0.0184913604,16.0,16.0,8.0,8.0,8.0,36052873.0,0.0369827207,8.0,4.8,108158617.0,0.0,6.0,0.0,0.0,0.0,0.0,19.2,4.38178046,2.0,32.0,0.0,DoS attacks-Slowloris
26929.195173212214,109366134.08472987,53099211.3101147,80.0,6422529.38772102,493.8782533399302,52775923.503773235,108153499.55063683,0.0,2508.9080562231075,2536.402115745903,166.23273077877153,166.21386677078587,229.48579416934294,5934388.212928194,0.0,231.96347715759,135.83274949420607,0.0,0.16759320642236877,139.96480729643707,1.1302483080463996,0.7322704377673018,0.0,0.0,13371.648143611617,116.16606668811848,3254.545743398804,31.95150647582252,105.53478338107347,DoS attacks-Slowloris
673.5377475883251,102864029.61837113,102434003.96843056,80.0,104165886.47444521,71.89384037866007,103838728.67140266,103942086.20427278,144.7438093925466,0.0,30.53310547805823,2.581558375715843,1.1745276279096233,10.746603918598089,51682575.83277646,0.0,8.850126366867448,5.869383873824852,103432978.97687413,0.09613750441624479,3.9882387868355056,0.0,0.0,1.1324517549663056,0.3910326680761438,113.75134785129815,5.922836744907411,4830.953577021848,32.04845412368292,5.479695637736705,DoS attacks-Slowloris
27064.061499848343,52308289.509046234,21473518.13629052,80.0,3266320.388163356,417.5662376650881,21475429.622781496,52602946.719643645,0.0,2044.2235815766787,2057.9133549359617,157.25675762976806,160.53362676162894,230.35163991320195,3744496.102778163,0.0,230.6279016987237,129.74718748057924,376358.5621796386,0.0,139.48449942765083,0.0640141756095784,0.0,0.45001658268291017,0.9927165556318689,13652.88830135374,116.47173529897486,0.0,31.936006909712287,109.23351228028662,DoS attacks-Slowloris
138.8811653208005,100270078.38870074,98901247.4897834,80.0,100858676.65836689,66.15659461052577,101030328.97377257,99795889.4607629,0.0,0.0,7.962011193695135,7.844070652692147,6.354890365272506,4.563396431463758,33567787.705759235,0.0,11.330327278830643,3.4572942960437736,99134591.52353206,0.6263790117005802,5.780862602027537,0.0,0.24512188771140628,0.6470813497676587,0.7236397664565068,119.56220699338706,3.4625751988322064,5940.723686709372,32.072364175370076,0.0,DoS attacks-Slowloris
27204.08736815932,106015579.54732943,52468212.76574049,80.0,8396304.124127844,493.57632523864646,53058238.71224586,105367154.95663951,0.0,2502.2824845452233,2548.0330955534446,171.0309025650721,168.02266514261223,230.75480458472055,6376938.605619564,0.0,232.50051691399477,133.8181283847893,0.0,0.5333883442816234,140.7898375758884,0.03126399531049762,0.0,0.7346686074880651,0.0,13924.977594051135,116.1445130012083,0.0,32.00035762184084,106.22101039863911,DoS attacks-Slowloris
264.3569954426474,104023466.99526124,105535001.0070353,80.0,105938959.74230981,64.41291858773431,104626311.62139383,104158435.41779532,5455.426834491194,0.0,18.45286880161845,5.492206637478262,6.435460876887421,10.228679247831206,35117875.76729631,0.0,7.38565841408309,5.377941930160506,104110914.01067765,0.0,7.2681868634576015,0.1447239947944471,0.0,0.27719525299792014,0.6990476434026334,107.84037465770619,5.791733717374264,0.0,32.02110124121244,0.7928204566671335,DoS attacks-Slowloris
211.0,105000757.0,105000757.0,80.0,105000757.0,64.0,105000755.0,105000759.0,0.0190474814,16.0,16.0,8.0,8.0,8.0,35000253.0,0.0380949627,8.0,4.8,105000757.0,0.0,6.0,0.0,0.0,0.0,0.0,19.2,4.38178046,2.0,32.0,0.0,DoS attacks-Slowloris
27036.60795222461,3393447.854830461,2049282.364194481,80.0,2540968.9657765944,111.73740420285641,1392968.832812244,2255217.9032893525,0.0,0.0,0.0,2.3559607846233006,0.0,4.6587298576671525,1645230.7831157204,0.0,0.0,0.5162531934525186,799621.9913846081,0.0,0.9938129125292362,0.5156965705685992,0.3928261387604368,0.0,0.4586189355718084,0.0,0.10249413334164528,1011227.6442505065,39.9931098472067,0.0,DoS attacks-Slowloris
0.0,99926891.72321765,100040066.5091774,80.0,98827936.04302274,65.6745134199865,100283012.86123434,100006122.78255445,0.0,0.0,0.4609843123762829,8.044259909859152,3.3356762839928304,12.023484071817819,33005345.13400036,1794.3135161496546,4.031703210462203,8.38559870681678,99343682.66805184,1.2308355278881222,4.422790184422313,0.0,1.3654240437843912,0.3506409489860154,0.0,0.0,4.315413111092752,0.0,31.98144457831632,0.36096126955019114,DoS attacks-Slowloris
211.0,105084559.0,105084559.0,80.0,105084559.0,64.0,105084557.0,105084561.0,0.0190322915,16.0,16.0,8.0,8.0,8.0,35028187.0,0.0380645831,8.0,4.8,105084559.0,0.0,6.0,0.0,0.0,0.0,0.0,19.2,4.38178046,2.0,32.0,0.0,DoS attacks-Slowloris
26708.17773745475,107805507.9226191,53332967.59680374,80.0,7382856.799872456,497.88567910327725,54088373.55336575,107625604.04684512,0.0,2507.4995199657924,2533.819190958794,167.9707908240994,170.4905595642419,231.153493002383,6349450.70290945,3609.534754871431,227.18702386634757,131.9816557958261,0.0,0.0,140.40115946520825,0.0,1.0691006635954838,0.21341756306120813,0.0,13610.88508778464,117.38461500392657,4393.007246147322,32.09511345576131,104.61875849186283,DoS attacks-Slowloris
26475.665743198744,3145165.1294013113,1875599.793546756,80.0,1598280.7449758605,110.49603352830448,2434143.684832705,3483740.3620424867,0.0,0.0,0.0,0.0,0.6658385289438836,0.0,1781074.2721101542,0.0,1.3626219565243725,0.0,1152872.2512401836,0.0,0.0,0.0,0.0,1.8358670801667396,0.0,63.70885459245771,0.0,1073012.2746752806,40.05844886291449,1.4881342098977477,DoS attacks-Slowloris
26885.722633631307,109238051.08139727,53422664.24602439,80.0,7976553.002648221,498.47557944382635,53573022.89081909,108543225.33650413,0.0,2504.458903960529,2516.032933830747,170.36842674677436,171.86930593077716,227.8344981450925,6289823.150121796,2497.2241780133295,225.6936247906874,133.4877878935034,161485.41396675404,0.0,140.21593846495105,0.11020551664638417,0.1142038633519241,0.0,0.08399317343553252,13424.136017595214,117.63975799554993,1177.9481560693716,32.12451187321026,106.03381677556371,DoS attacks-Slowloris
211.0,0.0,0.0,80.0,0.0,32.0,231.0,245.0,4081.6326530612,238.0,238.0,238.0,238.0,238.0,122.5,12244.8979591837,516.0,248.0,0.0,258.0,330.6666666667,258.0,516.0,516.0,516.0,44509.3333333333,210.9723520591,14.0,32.0,0.0,DoS attacks-Slowloris
26515.910412811158,100132465.28228103,99603378.9756957,80.0,23816232.112750825,172.27000534622795,100420123.4940682,100857099.73852026,3861.6242241499444,282.3111858557558,241.06091117555022,48.393840118995854,52.21238360210835,229.61768203843124,11941389.230474457,1322.3459847359563,228.5409021293787,24.3838739491254,0.0,0.23004637645305523,26.01811515961487,0.014688799074297902,0.512882312676,1.5895720902866832,1.101332450123358,5257.991533863127,70.93829247791541,0.0,31.917041330005688,99.25556429332929,DoS attacks-Slowloris
26534.474435944852,105712723.75485276,53269407.64641768,80.0,8105450.018577694,497.44010539557894,53670449.174606025,107706681.66916719,2731.01506038073,2495.079868236208,2499.3985442656194,170.20837436584412,170.2400864856628,228.91526275955476,6367028.546269839,179.30927088763727,226.93078368598535,133.25709901685875,618622.1049083337,0.35891468643949687,140.85676232562176,0.0,1.3894142220108954,1.7306268408147532,0.7678910791991749,13752.82282884902,117.13453816324908,2280.232568209083,31.973392682474405,107.26629837720482,DoS attacks-Slowloris
166.01941869680965,99550603.09413548,100629715.66435641,80.0,100339074.67542884,68.44991998777729,100418227.96731927,100068702.54115804,4241.107308657443,74.10071728161944,41.039868299221524,5.386517836181223,8.438761213073407,9.050606948662583,32758718.886833567,0.0,6.1210175660573,2.595184330373823,99560938.65371922,0.45469310100345145,6.380342632531977,0.0,0.5069113522761765,0.0,0.0,0.6555336692062284,2.578780997601203,0.0,32.08068191378192,0.0,DoS attacks-Slowloris
0.0,99692521.26408318,99698772.34012695,80.0,101136698.04042041,71.30795534048174,100632745.86340852,99464745.14351277,1203.4936386800928,9.045794862716964,3.2545572096520488,8.283814096906765,5.47267273584186,8.909299016903121,33700810.67516182,3273.821095870957,4.444540273367452,5.469983129303884,100614013.84705439,0.8858983264457503,6.987135354011482,0.0,0.0,0.0,0.0,0.0,5.14991257808558,624.491965218638,32.182841446399706,0.0,DoS attacks-Slowloris
18.65272345620687,105268341.05677497,104914138.73046447,80.0,105977678.6376293,59.756470972247755,105308643.36661786,107004453.4222501,2628.9651310257427,37.190607703306995,11.949039168837604,10.977922014783577,8.875848809780699,4.635901032386196,35002254.91096169,3452.192019436603,9.855779778554293,4.505915294841864,105094239.78124344,0.42654524570997604,5.12564571274406,0.7315249060915916,0.7948683446368406,0.0,0.0,120.46961998829445,6.320726972905846,11714.647349277584,31.917014478844326,0.0,DoS attacks-Slowloris
211.0,81786756.0,81786756.0,80.0,81786756.0,64.0,81786754.0,81786756.0,0.024453837,8.0,8.0,4.0,4.0,8.0,40893378.0,0.0366807555,8.0,4.0,81786756.0,0.0,5.3333333333,0.0,0.0,0.0,0.0,21.3333333333,4.6188021535,2.0,32.0,5.6568542495,DoS attacks-Slowloris
0.0,119231704.66191144,118111100.91393493,80.0,119099991.44257008,62.806260505345385,118115507.50078534,119618175.76237336,979.6330508760886,0.0,13.720683062903339,7.18846903106137,6.399330085223154,8.932088152196803,39494480.50924311,0.0,10.47547003341103,4.489211753910649,118410996.97504584,0.26224241179502567,6.388197072972755,0.0,0.0,0.0,0.1871502808446479,0.0,6.108396150647086,0.0,31.90848487528059,0.0,DoS attacks-Slowloris
0.0,104285222.70260352,105168123.00438124,80.0,105510264.67043723,66.83257256446663,105248585.1524368,106333568.7984361,0.0,17.793116363531432,24.107944112093072,4.8205621298335615,8.516854262756599,6.456352334109068,34950571.31798821,0.0,7.35134844278703,2.238333971581913,105462300.4367621,0.0,8.00026851995726,0.0,0.28798070565730877,0.0,0.35734921781839296,100.48139891088297,4.075530607048272,0.0,32.05659700389096,0.08309727471309812,DoS attacks-Slowloris
26623.895490260693,3450432.5110402973,1681260.8508873524,80.0,1285597.7359229163,120.7934816560402,2239053.050707294,2832996.0664967815,41.252978952353324,0.0,51.689154218218164,4.84517328561483,0.0,2.535959847045327,1473718.1875892787,720.5364633124633,1.2542630013168825,0.0,1838581.9519280246,0.08435156055731768,0.0,0.012098122598375019,0.4233327849972036,0.5679722718784816,0.0,0.0,0.7030399254778209,1049733.1140943845,40.04034061581668,0.0,DoS attacks-Slowloris
211.0,103076064.0,103076064.0,80.0,103076064.0,64.0,103076062.0,103076066.0,0.0194031464,16.0,16.0,8.0,8.0,8.0,34358688.6666667,0.0388062928,8.0,4.8,103076064.0,0.0,6.0,0.0,0.0,0.0,0.0,19.2,4.38178046,2.0,32.0,0.0,DoS attacks-Slowloris
172.72156943543683,1606865.0710396105,19060.334190704303,80.0,0.0,32.519762397487995,724660.3261150594,0.0,501819.4191498844,32.50433266358384,48.34643749575165,9.010973259295437,8.036974963223127,7.691586600268703,0.0,998354.1333469655,5.011995863316599,8.237305714899387,350384.3865581819,0.0,8.239416337874513,0.0,0.8699416338726876,0.0,0.0,341.84435457341044,4.4533556865201716,8889.72524014922,31.976638341322086,0.0,DoS attacks-Slowloris
26340.657828554737,105271767.38988066,52615532.51383101,80.0,8455462.74659697,452.53811223316234,54244186.790488094,109199759.70740125,3443.038916179343,2513.2147372487366,2526.2773796627007,178.49484424315762,183.56648895416748,230.89062920119122,6616738.96661975,0.0,228.05615841860228,139.59705137664685,0.0,0.43345222408237416,148.9180682176619,0.3073128002082055,1.3700499380361126,0.2529899162873463,1.196024582291131,13402.205781518634,116.48245586429796,0.0,32.05048798080386,98.82908164749257,DoS attacks-Slowloris
0.0,82474456.28139433,79951453.49556766,80.0,81056235.4729109,57.65796461316487,82214373.91782767,81534514.04006076,0.0,0.0,1.527480247210094,2.507262803527479,4.291519113214371,10.844510819386622,41454083.51493878,1377.5051483915329,6.439062179962404,6.344028004624713,81897738.97926813,0.3857817081568759,6.82283993610924,0.11483323089201122,0.0,0.0,0.0,332.0251532567546,5.061336578686774,10793.771453169247,32.038350707626265,4.645388515825552,DoS attacks-Slowloris
27302.168498832973,105989667.1169031,52925946.07500082,80.0,7910993.685538759,506.22100596175676,52890130.41612079,106822508.05591501,0.0,2510.2561171232473,2509.8373984804307,170.13324649899096,168.14732874980098,232.45909694767687,6135511.405693729,3371.3354825113825,231.8267497746246,135.64161154551482,0.0,0.019589049299219057,139.62844001891247,0.0,1.2865730769190953,1.274419020200537,0.09675193822701504,13792.448876576103,117.49075243182166,4105.292121295444,32.01775045133633,106.40743284321294,DoS attacks-Slowloris
443.0936007313594,100140939.46410309,100847670.41345303,80.0,101033917.70405652,67.6369137967716,100414658.2847175,99931658.04972959,3680.5646130069194,41.4422128874535,24.98350145998404,6.412308346647663,6.979310731449809,4.177473408906735,33259433.86606746,0.0,12.894888352718834,8.24040079358415,101031439.34816238,0.3844963727107637,8.985163701569064,0.2848712397921123,0.41861615096722876,0.0,1.0810689054353553,0.0,3.3576252364972876,10849.219083133445,31.9874457496113,0.6217086618470157,DoS attacks-Slowloris
0.0,104159338.67195885,105655375.9267534,80.0,104958080.71804929,60.84022020523161,105113641.6420761,103012414.95909867,1615.9755736196357,8.249033143714255,38.05862828999502,7.9822986145338755,5.969040384592895,8.075112339450945,34731961.62661333,2426.9803664117844,10.035609337834899,4.964976122583706,104507648.20415574,0.21036318015567382,6.571852730471302,0.0,0.0,0.0,0.0,322.55334940558856,4.309857294268595,9734.85151729836,31.949720120039057,0.0,DoS attacks-Slowloris
26950.34472309182,107078983.26353607,53414919.91286026,80.0,7702080.107492095,490.489774096318,53785667.665996574,107582135.73226471,0.0,2520.033178044561,2522.273991997297,173.5234241814152,173.40627736510638,231.449448053941,6218346.459905386,832.7083929677859,229.45824193901979,132.1133225078846,1030119.7643290618,0.0,139.130133060454,0.06545703367393572,0.0,2.111229781986649,0.7265936092743354,13342.957074917962,117.44615258007693,7368.8323364573225,32.09098741006379,106.11205626837369,DoS attacks-Slowloris
26907.472515038902,106556215.88851254,51877504.36440673,80.0,8105268.129928281,491.7428713954847,53353067.698148325,106049725.89573035,2841.004007617128,2545.3830065778006,2526.4343775818,164.99883024342878,167.59104665542847,233.2146085796621,6159994.047231218,399.4330690749315,231.41024645715592,132.0422977761313,741584.8154109148,0.0,140.68355659048308,0.0,2.891229448934618,0.0,0.0,13654.821167750719,116.87039798870394,19796.612480408832,31.827159338357568,105.93980903843307,DoS attacks-Slowloris
26677.41270389496,105257865.45573708,53687208.426812634,80.0,7276683.304550828,494.9482971966042,52949475.53481931,106342524.7605621,2746.757419207269,2525.1110754761316,2541.8579075952966,171.46289390013493,166.8259223252286,226.87585036423476,6033732.1660115225,0.0,234.36226442394994,134.2866395520782,895954.856596305,0.4146523461017765,142.0512454591929,0.0,0.0,1.3000553337168432,0.0,13447.703583965149,117.64706796634583,0.0,31.989231766248007,104.65071579877218,DoS attacks-Slowloris
26777.98978511027,109733348.02170612,54208125.813050516,80.0,6110825.257313975,492.31589046939183,53429396.15487841,107877190.14546382,1625.114647664595,2561.501673324579,2505.402470998812,168.66626537933118,167.06700250589634,230.2296849738596,7118743.920088787,792.5510519831018,226.52615990156983,133.13501620291413,0.0,0.0,140.55153988240707,0.22881411071753816,0.0,1.4900910326665042,0.0,13355.459328986144,118.11693778884151,6735.703117255796,31.942654277330412,105.28559887771215,DoS attacks-Slowloris
26883.0,107646693.0,53247743.0,80.0,7689049.5,496.0,53247743.0,107646694.0,0.1393447345,2530.0,2530.0,168.6666666667,168.6666666667,230.0,6332158.47058824,0.1672136815,230.0,133.1578947368,446.0,0.0,140.5555555556,0.0,0.0,0.0,0.0,13611.6959064327,116.6691729054,1.0,32.0,105.2796728899,DoS attacks-Slowloris
26576.3106248122,1665408.2462328603,0.0,80.0,1746374.7181795053,124.67866756184179,1607417.6323889382,3557494.765232076,0.0,0.0,0.0,0.0,0.0,1.2690126000007869,1417642.0548793194,461.9454147198109,0.0,0.0,754565.3971814462,0.469226683898117,1.7563298185822018,0.0,1.6321692728199646,0.0,0.7697898989496557,0.22805709592154913,0.0,1017481.5246626952,39.90679000985207,0.0,DoS attacks-Slowloris
211.0,112287141.0,112287141.0,80.0,112287141.0,64.0,112287136.0,112287144.0,0.017811478,16.0,16.0,8.0,8.0,8.0,37429048.0,0.0356229561,8.0,4.8,112287141.0,0.0,6.0,0.0,0.0,0.0,0.0,19.2,4.38178046,3.0,32.0,0.0,DoS attacks-Slowloris
26593.526290680697,2438269.3553144163,3389830.0248372266,80.0,1675623.970188303,121.034149713446,1845347.1872463601,2611571.6946824286,797.1557913951926,0.0,17.832920135334962,0.5525027965039596,0.0,0.7081206615829857,1675614.6176117514,0.0,2.5934825434845754,0.0548765781627074,2960316.4026692957,0.0,0.0,0.5916456268808588,1.0673966569914513,0.5887626430193169,2.1873224560681788,0.0,0.0,1021566.3113595931,39.98447544637318,0.0,DoS attacks-Slowloris
368.47194300369017,1303591.532141922,859355.1301683979,80.0,856445.81681627,29.754392285907077,0.0,0.0,81775.33938139438,21.779859894641096,18.955134989120353,7.824972982115071,8.75658561557426,8.019752794283328,0.0,171064.69955855104,11.111028520151352,4.166284284491775,127776.62906043211,0.10628641993326786,8.605754856546856,1.1766094029480088,0.0,0.48027257465953255,1.5830314254965532,0.0,4.806923582170581,0.0,31.961516793359866,0.0,DoS attacks-Slowloris
26489.446135738643,2178954.652336218,1302016.3187065744,80.0,2018820.152848614,118.93931857322063,2604040.1028270293,2273848.4789154357,0.0,2.5246441710782195,0.0,0.0,0.0,1.6709317332996618,1500495.504830627,0.0,2.96494701540602,0.0,1065763.3352768833,0.0,3.845663141573921,0.11445836045493182,0.0,1.6249191601244564,2.441051947187245,42.91637812802049,0.0,1031951.833574674,39.927399375947736,0.0,DoS attacks-Slowloris
683.1497215573891,98638904.53664753,99835110.16818264,80.0,99816894.58473967,65.95362252443796,99855280.75139375,99458546.76633684,1151.271387934244,54.065614808048224,9.917410943052381,8.748636731504789,6.951465498092878,9.733284109259833,33092820.287285443,0.0,10.23090171850232,5.026633748215319,100047237.70241633,0.5315963709588223,4.57736251505914,0.0,0.29888758804250704,0.8333806651038287,0.0,0.0,7.625166338056665,6739.866225653128,31.944698734811453,1.1384801634549726,DoS attacks-Slowloris
211.0,99999771.0,99999771.0,80.0,99999771.0,64.0,99999768.0,99999774.0,0.0200000452,16.0,16.0,8.0,8.0,8.0,33333258.0,0.0400000904,8.0,4.8,99999771.0,0.0,6.0,0.0,0.0,0.0,0.0,19.2,4.38178046,3.0,32.0,0.0,DoS attacks-Slowloris
211.0,117505247.0,117505247.0,80.0,117505247.0,64.0,117505244.0,117505248.0,0.0170205164,16.0,16.0,8.0,8.0,8.0,39168416.0,0.0340410328,8.0,4.8,117505247.0,0.0,6.0,0.0,0.0,0.0,0.0,19.2,4.38178046,1.0,32.0,0.0,DoS attacks-Slowloris
26883.0,106674522.0,53247479.0,80.0,8205732.46153846,456.0,53247479.0,106674524.0,0.1312403325,2530.0,2530.0,180.7142857143,180.7142857143,230.0,6667157.75,0.1593632609,230.0,140.5555555556,147.0,0.0,148.8235294118,0.0,0.0,0.0,0.0,13311.4379084967,115.375204912,2.0,32.0,97.9375221341,DoS attacks-Slowloris
26360.4848191933,2659415.1085507,1876049.846685675,80.0,1415748.237672515,121.34022164958226,1170447.9140011761,4185426.387324878,0.0,0.0,20.078736711324183,0.0,0.0,0.0,1670144.4210127925,3480.2523257723465,5.781095819296532,0.9753058863957886,1014016.5469564721,0.5281422595198987,1.17367364628425,0.196557608942857,0.0,0.0,0.0,90.22193389736114,0.0,1033174.7364725814,39.986216185687674,0.0,DoS attacks-Slowloris
211.0,99999716.0,99999716.0,80.0,99999716.0,64.0,99999715.0,99999719.0,0.0200000562,16.0,16.0,8.0,8.0,8.0,33333239.6666667,0.0400001124,8.0,4.8,99999716.0,0.0,6.0,0.0,0.0,0.0,0.0,19.2,4.38178046,1.0,32.0,0.0,DoS attacks-Slowloris
0.0,103634273.42573084,104107917.69040912,80.0,103853169.70657547,74.85425842436426,105455783.29098074,104445544.53865999,0.0,22.34434679510181,0.0,8.600540395818337,7.298039436634046,7.630844583259595,34979785.749534406,0.0,8.531580199562072,4.229381838676362,105746757.18927248,0.32048524115768945,7.520142949618103,0.3721992902187209,0.21924796949354916,0.0,0.02514634443182942,205.49575115807446,5.221445841714836,7827.055238473775,32.05470384247199,0.3261133445741695,DoS attacks-Slowloris
26704.17429178039,105738108.9014774,54029599.17637211,80.0,7279306.0979681425,496.59680388418775,52685663.63056228,106028176.15126047,1525.1230283661039,2550.3205904350675,2512.905868926397,166.06493150084916,169.3642677420341,230.7762703011571,6067661.1765014175,0.0,229.7766043705255,132.5352564518514,0.0,0.3822762207655074,141.03280980586175,0.7868031726230502,0.7785420417811816,0.0,1.469183645777061,13625.294930224734,116.71125155780739,0.0,32.11821510258227,103.74743117975807,DoS attacks-Slowloris
27120.305956222437,112144833.27048822,53186359.11077365,80.0,7913865.456471802,496.04324220225334,52534115.97632891,110034843.16540487,1050.0251312163234,2512.53083260236,2538.626148064601,168.99436932412198,169.0037366574145,227.50985043467347,6708223.337751206,4215.385285177908,230.82822971573333,135.8672152508608,0.0,0.0,141.18961896321792,0.0,0.0,1.4318772500064745,1.0269992338858993,13530.017084768966,118.0742378672503,5435.330597322816,31.914832572958897,106.21209006814652,DoS attacks-Slowloris
26653.4234962947,106064301.74260971,53089653.358557925,80.0,7077191.703498286,494.83515419610296,55301174.96968662,108497497.58532333,0.0,2530.3508303263407,2530.2962648163375,169.38626024251585,165.11916999700472,229.5679365352281,6081369.471360444,1592.5996537159115,228.6440922846195,133.51647228968173,414051.7752852568,0.0,137.87018369918866,0.24722510298122446,0.0,0.0,0.0,13825.990149632455,116.26511830566098,0.0,31.938853817829166,107.33329340848148,DoS attacks-Slowloris
26977.68126319719,105751614.44932006,53023743.05608212,80.0,7087201.700829528,492.8732012429705,54070436.064421,105146655.88655101,640.7227569741668,2523.101675857933,2545.718471304816,166.61215919085242,168.14963050224358,231.96398919044168,6359855.520564173,4147.404714090608,230.22731545988918,134.86912723472415,552579.2374951631,0.0,141.3319462612895,0.0,0.35433688597559265,0.0,0.7853013308539317,13770.372556521916,117.17979869483673,0.0,32.11059818220677,105.69205436887941,DoS attacks-Slowloris
179.51829654328333,99387481.87921596,100218850.77075845,80.0,99631320.91693492,66.13159971837787,100391629.72082743,99981454.2673332,2644.062411069534,7.426871301160594,5.585790206597588,5.312843293716144,6.65461587630384,9.719435715370222,33701733.35032111,0.0,6.76471232378259,5.589142908197147,99231391.29847145,0.6576576118767006,5.788767552534009,0.783644322139688,1.6947706965999694,0.0,0.61255936858607,0.0,5.27437095017722,0.0,31.959495139082076,0.07628621480452039,DoS attacks-Slowloris
26668.351522294215,107890024.92105988,53795935.81176829,80.0,9153109.63921013,461.71690026594956,52220851.45135958,108133017.28132695,1235.678009798145,2526.8110509852063,2545.8635558853302,179.48372145338465,180.4733662949755,231.58173908973302,6766191.137874686,0.0,232.1059689346655,140.10071681231975,599945.9982720107,0.0,148.1287732222848,0.755229739459163,0.0,0.48597807769178897,0.8101760243698228,13432.032288075894,116.10720334717006,0.0,31.961401057986887,97.13388441854885,DoS attacks-Slowloris
27289.748368019915,108246368.31707492,53194904.456778824,80.0,6614324.852565937,499.17327093063886,52632115.67376507,107852849.76187016,0.0,2540.72961082069,2470.323141334846,165.06578036410528,166.5878671093399,227.5628622358738,6891217.679336904,0.0,230.03585488901803,132.47097810956285,631889.3498832549,0.2746563323017735,141.21754947532068,0.5724168293558298,0.0,0.0,0.0,13696.916206924832,118.49560228646844,0.0,32.04586031589807,104.36350278899762,DoS attacks-Slowloris
26725.43641958025,106571269.80645917,53051660.02878782,80.0,7704240.377092693,454.94056187569373,52927429.887208976,106787736.15145439,0.0,2496.8668695046126,2478.740542928232,176.23348503950535,178.36418613969977,229.43993167122449,7217777.868825462,0.0,232.50752571759193,142.42289958844256,0.0,0.8903361863809235,145.03108320672982,0.0,0.0,0.0,0.6516021445314133,13040.462483751095,114.27791718356697,5957.624973734027,32.12746171355783,97.4562577779867,DoS attacks-Slowloris
26883.0,108671795.0,53229557.0,80.0,7244786.33333333,536.0,53229557.0,108671798.0,0.1472323114,2530.0,2530.0,158.125,158.125,230.0,6037322.11111111,0.1748383697,230.0,126.5,311.0,0.0,133.1578947368,0.0,0.0,0.0,0.0,13781.8421052632,117.3960906728,3.0,32.0,110.104117392,DoS attacks-Slowloris
26922.055249111218,108385005.69011444,52710443.36869378,80.0,8368287.273851801,493.9689008679989,52997676.13819672,108138013.46652839,0.0,2546.186755829036,2486.799993770494,166.34130650502848,169.13502760438175,225.72460291567774,6172932.335493604,287.11318012986845,225.84631386403947,133.09573942359393,656321.0359289718,0.6268972731625271,141.34223698642876,0.0,0.0,0.0,0.6766798795774959,13857.575165415876,117.05002274018862,1616.4799364266705,32.072514215796964,105.12318798898366,DoS attacks-Slowloris
26883.0,3033163.0,2007821.0,80.0,1516581.5,120.0,2007821.0,3033163.0,0.9890665289,0.0,0.0,0.0,0.0,0.0,1516581.5,0.9890665289,0.0,0.0,1025342.0,0.0,0.0,0.0,0.0,0.0,0.0,0.0,0.0,1025342.0,40.0,0.0,DoS attacks-Slowloris
26883.0,107101783.0,53246907.0,80.0,7650127.35714286,496.0,53246907.0,107101785.0,0.1400536882,2530.0,2530.0,168.6666666667,168.6666666667,230.0,6300105.0,0.1680644258,230.0,133.1578947368,195.0,0.0,140.5555555556,0.0,0.0,0.0,0.0,13611.6959064327,116.6691729054,2.0,32.0,105.2796728899,DoS attacks-Slowloris
26883.0,108070063.0,53253527.0,80.0,7719290.21428571,496.0,53253527.0,108070067.0,0.1387988406,2530.0,2530.0,168.6666666667,168.6666666667,230.0,6357062.76470588,0.1665586087,230.0,133.1578947368,396.0,0.0,140.5555555556,0.0,0.0,0.0,0.0,13611.6959064327,116.6691729054,3.0,32.0,105.2796728899,DoS attacks-Slowloris
442.83103315639124,0.0,391507.2147582984,80.0,0.0,43.19471283700098,685809.2927380536,740034.3030776242,498227.7182063224,0.0,0.0,10.3982982586254,10.446461426495661,5.883341207660983,42309.03588200967,1002190.8958720036,9.316571944456868,6.98507948294384,439855.9755200328,0.0,8.027154006390173,0.4612648717542902,0.0,0.9304616474082994,0.0,108.7433131250544,3.240346588241496,14974.793293359187,31.950340793890888,0.0,DoS attacks-Slowloris
26883.0,108470017.0,53272747.0,80.0,7747858.35714286,496.0,53272747.0,108470035.0,0.1382870394,2530.0,2530.0,168.6666666667,168.6666666667,230.0,6380590.29411765,0.1659444472,230.0,133.1578947368,428.0,0.0,140.5555555556,0.0,0.0,0.0,0.0,13611.6959064327,116.6691729054,18.0,32.0,105.2796728899,DoS attacks-Slowloris
27028.610945585355,107351572.44096379,52874505.12542586,80.0,8146069.618551552,450.0308346026207,53679547.615647465,106189621.26698865,0.0,2508.612375777896,2531.664261424095,178.4421616411084,182.10488697142435,227.62449370127882,6619020.044888291,1277.0261772697163,229.0491051902436,139.59342105104244,411184.96935268113,0.0,152.48120183699265,0.014304428634632235,0.0,0.0,0.0,13151.806499884566,114.01467102630646,727.9306660315708,31.9234950877033,98.625429139552,DoS attacks-Slowloris
26995.072383029423,107650902.09160231,53211107.07019513,80.0,7720945.113522867,502.5695779030521,55962629.850789405,105616947.27676192,2037.4341894612226,2485.3916377445476,2541.0759779594814,167.01032081502157,166.44833930439404,229.57758964830273,5981243.986944288,3744.1616029675174,229.82272881023965,132.34874921522925,0.0,0.0,140.49001957278864,0.36098578211441085,0.0,0.11939625846563856,0.5389328217440051,13496.593060897803,116.46581574358974,0.0,32.093607084905784,105.32387508435704,DoS attacks-Slowloris
85.91356670958763,101657270.1648935,101832094.60361783,80.0,99638506.68354054,62.252217096389046,99644491.72754224,99368124.49501112,0.0,0.0,0.0,7.139491064433807,10.264220577924979,8.471365594679108,33321471.715506297,0.0,8.828185814970457,4.401421117126,99698852.83734256,0.0,5.410675664103256,0.0,0.808640416555829,0.0,1.299031669345815,0.0,6.1975541245732835,1716.9012953259319,31.9380603994018,0.0,DoS attacks-Slowloris
27089.66245323237,108154893.68978637,53664291.388653636,80.0,8521208.498965437,493.0551119887609,53124213.78461814,108994350.59039445,0.0,2518.969099205629,2491.032965998538,169.50595870379362,167.45753587923812,232.42512288675323,6180700.447897068,3540.045411488585,224.60758273488688,133.4207537808608,1085541.627376649,0.7085055960691397,139.89443692460677,0.09800507816806522,0.0,0.0,0.0,13471.39074959551,115.32792988630634,3835.051831439519,31.997314697896563,102.27109191215118,DoS attacks-Slowloris
27212.81906960196,108366915.68778786,53296296.795378745,80.0,6939193.503933603,489.4097200127068,54874246.81861136,108994731.30404699,0.0,2389.854066988754,2315.5788167944543,157.8751457772711,158.05988856659047,237.30809190014958,6033669.628166178,0.0,238.74647175330534,125.04979212102405,1028206.7296984053,0.0,132.681688566862,0.0,0.0,0.0,1.3059554968993923,14726.979035168735,123.04561972767875,0.0,32.013944953157235,114.92631874074166,DoS attacks-Slowloris
26861.615809581577,2201021.2767166123,1948854.787915725,80.0,2202088.7184515297,121.5962816225346,2645087.922409354,2848014.7250574306,0.0,11.485368142027399,0.0,0.0,0.0,0.7299553382365522,1476409.2005662725,0.0,0.32402781547402126,0.0,228606.61965990148,0.17997367942628673,2.0333648541317513,0.6850893337536356,1.1760290654172623,0.0,0.41979958795136346,0.0,0.0,1021348.1306915041,40.02026555674289,0.0,DoS attacks-Slowloris
131.1918666634805,117375543.51908994,118440329.21361278,80.0,117035171.85241559,56.537801276526075,118623910.48671511,118914243.14788893,871.6393347117819,21.381043263977382,4.782293460981421,8.558156250920105,9.511860093855189,9.600963458948232,39309121.14014653,0.0,9.383498145148776,5.317411639844186,117434961.42626284,0.39623204953283697,3.3531621455978904,1.559325195345428,0.0,2.3327822784683656,0.4942990487897568,0.0,4.8117653872083705,0.0,31.9969263670819,0.0,DoS attacks-Slowloris
219.62763277685147,99938792.35563059,100061379.29409167,80.0,101185650.305203,61.896892599463854,99549554.98228833,98952879.64540836,801.9538439158171,48.576978710005186,0.0,8.956930161480402,9.428551030879747,8.417507328997367,32963139.06400185,0.0,7.062551724469866,4.968822580728333,99274670.07628134,0.0,4.767209351067894,0.030569260756752873,0.0,1.1082078991268114,0.0,184.19388320124287,2.329599136301218,5906.148134409741,32.08393362006704,2.9556546785621096,DoS attacks-Slowloris
0.0,107595400.47203147,107241667.82673204,80.0,107500870.05339532,61.34232886208495,107709887.11550783,106250599.55310695,3969.582430174345,10.302788325044256,19.76198298790257,6.822661542254494,8.933724774395083,8.949641399459745,36138658.50059804,1117.7796896665834,6.830955595671266,4.690213057748576,107473084.06531495,0.25490995888296175,5.781870310594778,0.5602279737811207,2.2900722226592274,1.2431242157968763,0.0,0.0,3.7375276913343285,0.0,32.004947737725665,1.3836207368550915,DoS attacks-Slowloris
27268.935725555875,97792683.11890657,42222556.66754898,80.0,5892226.249738131,504.12301437931023,42414730.0317049,98056457.66249211,1811.3842835005312,2299.9967775657587,2298.8030018820077,150.53507486806285,154.84377102014008,233.4271464547393,5783266.174278182,0.0,231.5120696762181,128.46068970376987,0.0,0.6731043688229509,135.0452846084629,0.04572756576429811,0.21118304627347248,0.0,2.8758935002498722,13626.300719836563,116.82125264590044,0.0,32.07216414839362,110.95709422127901,DoS attacks-Slowloris
26883.0,107645786.0,53245663.0,80.0,7688984.71428571,496.0,53245663.0,107645799.0,0.1393458931,2530.0,2530.0,168.6666666667,168.6666666667,230.0,6332105.82352941,0.1672150717,230.0,133.1578947368,263.0,0.0,140.5555555556,0.0,0.0,0.0,0.0,13611.6959064327,116.6691729054,13.0,32.0,105.2796728899,DoS attacks-Slowloris
26883.0,3047892.0,2016053.0,80.0,1523946.0,120.0,2016053.0,3047892.0,0.9842868448,0.0,0.0,0.0,0.0,0.0,1523946.0,0.9842868448,0.0,0.0,1031839.0,0.0,0.0,0.0,0.0,0.0,0.0,0.0,0.0,1031839.0,40.0,0.0,DoS attacks-Slowloris
376.71882039035495,0.0,0.0,80.0,1057982.8535438844,35.654901038872474,0.0,812370.5642681356,332256.9748726297,21.941256835462795,6.557468307792875,8.320623904807427,8.501929564304223,13.983146107871473,0.0,665784.4680083756,6.911662626376912,4.549759307918786,1132258.3727773912,0.5970203590670119,9.74252179735322,0.05028728770914601,0.0,1.5290258375733088,0.2389469042657323,55.733899767945616,5.494983280047538,23797.67976039739,31.85357860720286,0.5580630842980705,DoS attacks-Slowloris
211.0,81788845.0,81788845.0,80.0,81788845.0,64.0,81788844.0,81788845.0,0.0244532124,8.0,8.0,4.0,4.0,8.0,40894422.5,0.0366798186,8.0,4.0,81788845.0,0.0,5.3333333333,0.0,0.0,0.0,0.0,21.3333333333,4.6188021535,1.0,32.0,5.6568542495,DoS attacks-Slowloris
26886.1109465864,3970071.255939253,2585831.8890169663,80.0,679873.5729741179,113.11813044072423,2577032.4495437494,3063264.0936939097,3439.5573601014803,30.25597251874417,32.46284073104705,0.0,0.0,3.966964049615094,1682970.6593707218,1593.953631660749,1.3468267641428662,0.0,1843051.1268847906,0.11635758326830259,2.283550725133604,0.12286675334603611,0.0,0.0,1.0120685602598938,0.0,2.1005631861342406,1002719.4946817632,39.93955478787092,0.0,DoS attacks-Slowloris
148.84066015970907,98725010.38776341,99664974.71080716,80.0,100186469.22108287,56.69123704934228,100105843.31281686,101250605.91292654,0.0,16.163088831820264,14.210079365004777,8.786902799569813,9.803372425710478,9.033441526356706,33103258.923476193,0.0,8.191914303094899,6.868920898339265,100286415.19366851,0.0,6.090746589030885,0.0,0.0,1.3859519379370933,1.4219424516846983,202.89411695906495,5.073461691078636,0.0,31.922505842225803,1.3984415509260655,DoS attacks-Slowloris
26996.694756646604,107200622.09408563,53912123.12232265,80.0,7505835.984128035,456.24302366637306,54027587.1956177,108711078.37253916,0.0,2515.806997971204,2502.4143547656777,182.08726034699293,181.52735757556601,232.5489428271068,6513804.601962932,904.2066896484104,232.88668778713904,140.0321087732404,442942.1060079899,0.7830916110878337,149.0996194915335,0.24584876724578827,0.0,0.5391502188693303,0.0,13291.283676021976,116.44267621751221,18018.12844584102,31.94212449301769,98.08278787914386,DoS attacks-Slowloris
211.0,101011002.0,101011002.0,80.0,101011002.0,64.0,101010999.0,101011004.0,0.019799823,16.0,16.0,8.0,8.0,8.0,33670334.6666667,0.039599646,8.0,4.8,101011002.0,0.0,6.0,0.0,0.0,0.0,0.0,19.2,4.38178046,2.0,32.0,0.0,DoS attacks-Slowloris
26828.356116191386,3559544.9118147385,3091790.8225608794,80.0,625905.8762825503,118.62476346818684,1871011.0432555354,5428354.211501226,1107.1486282881322,0.0,18.15597599272759,0.2717592315390593,1.1535485888037431,2.1971678218830837,1125241.5403792213,439.0143767253291,0.0,0.0,925085.659657661,0.4358511394421719,0.20340205822586552,0.3772490557087093,0.0,0.0,0.0,0.0,1.1796383986449162,1018278.9568770403,39.969541547346694,0.0,DoS attacks-Slowloris
26883.0,106942120.0,53247426.0,80.0,8226316.92307692,456.0,53247426.0,106942122.0,0.1309119338,2530.0,2530.0,180.7142857143,180.7142857143,230.0,6683882.625,0.1589644911,230.0,140.5555555556,166.0,0.0,148.8235294118,0.0,0.0,0.0,0.0,13311.4379084967,115.375204912,2.0,32.0,97.9375221341,DoS attacks-Slowloris
171.1520989433146,109796522.52425015,111125308.94411457,80.0,111268963.0022948,67.87418787154476,111676852.74258432,111166175.50259355,2041.886338804242,26.64671370573847,4.892793411610874,8.429437102855887,5.098982344048647,5.311414437569175,37445185.49384259,4416.235539948249,9.800731690123056,7.119838897589559,111344525.43623868,0.0,5.757782061072112,0.0,2.423656088323232,0.0,0.0,178.16730150464016,3.7882956043923857,244.8008482007596,32.03159281034392,0.291637902770424,DoS attacks-Slowloris
27222.255607155144,108552752.1334342,53022968.381207824,80.0,8928281.243821535,459.0600530393868,52971337.159997,108702585.94229482,0.0,2523.274342221372,2555.5891907736295,181.63957663149662,182.70263478577223,233.72620894194588,6856365.131333076,722.3861740181461,230.50656238451745,142.0474229932206,0.0,0.0,149.33504852562254,0.01878612730777377,0.0,0.9001300628963462,1.2512428441947583,13616.823766773874,115.57714912598911,1378.5739279847373,32.045933360203854,96.44702942911051,DoS attacks-Slowloris
26547.126103195897,99974741.0242645,46013785.86462545,80.0,7728518.635117786,463.30086820841854,45481425.83803495,101587368.84363489,1737.303002561521,2320.2671784775685,2291.39844809248,161.66842807400747,166.2589836440293,231.03273995269132,6807375.880353087,4156.852200574151,230.75909981991313,136.26032709218543,73411.24386428659,0.42524876719969357,142.95840406422084,0.0,0.0,0.6953241113450115,1.0599893745489444,13161.016806947388,116.36135447345278,0.0,32.03830330735248,106.31716201110297,DoS attacks-Slowloris
211.0,105003345.0,105003345.0,80.0,105003345.0,64.0,105003343.0,105003347.0,0.0190470119,16.0,16.0,8.0,8.0,8.0,35001115.6666667,0.0380940238,8.0,4.8,105003345.0,0.0,6.0,0.0,0.0,0.0,0.0,19.2,4.38178046,2.0,32.0,0.0,DoS attacks-Slowloris
26456.28479415061,4189297.593276497,1912447.391394185,80.0,2190411.0652414467,114.51984530091946,2929755.5198044837,2490875.4989574165,3253.9405197999095,12.719610936900134,0.0,2.048797035167153,0.0,0.0,1972812.249340533,0.0,0.0,3.518919625694059,261967.4003827473,0.10123980531402646,0.0,0.0,1.3232896107133798,0.8238610620638616,0.0,0.0,0.0,1002796.854886477,39.9969941886683,0.0,DoS attacks-Slowloris
27065.476746208,4683459.691930285,2226350.070075697,80.0,1661058.8815711045,119.27425121697691,2139807.5717683923,2298900.4406849705,0.0,0.0,20.426615550846815,0.046938793877700696,0.0,1.8985266722391547,1379423.6943450724,0.0,0.0,0.0,1224368.1265488614,0.4801164477386683,0.0,0.0,1.8552650774109087,0.6889692156820157,0.5730691830982929,324.981269397534,0.16943015713513024,1001739.8504427661,40.019546174206056,1.1053051203930202,DoS attacks-Slowloris
26915.94071870263,3523082.8763593035,1573837.555160456,80.0,813921.4148200178,119.04824830605288,4160773.1299378593,3397926.7107045576,3577.463999355591,3.4121164563365753,1.4455378762593472,2.846478179763074,1.0745085617414492,0.039333692592721195,1467137.5967557891,2249.04775475454,0.5092881214130559,0.0,105720.77936081949,0.0,0.3591720545569622,0.09723566194105221,2.3710820619286492,0.5939509525449999,0.5554245927703992,231.9667704296548,0.3500348016023849,1028208.0975689087,40.046106621039314,0.0,DoS attacks-Slowloris
26482.200423868544,3709240.09697525,1815776.4840334123,80.0,1976328.8154587382,121.69020708417922,1383790.6291821012,2539753.0999278217,0.0,48.32407967009477,0.0,1.267642900535552,0.0,0.30832090886644553,1507565.7173957299,0.0,0.0,0.5707898041361934,152422.9896901783,0.0,0.0,0.6901175533943528,0.0,0.6574959322825036,0.984618584709918,113.95463337847164,2.196467981138971,1021702.3142423098,39.91046745007045,0.0,DoS attacks-Slowloris
26632.611009589087,4246051.527931236,2644509.4267385746,80.0,1737186.9989882451,116.24444287580994,801074.867565071,2619988.596732245,441.4019242245747,0.0,0.0,0.7328286626577815,2.512844437333949,0.9456771573315544,1644016.2545131198,0.0,3.9464007391648708,0.9754715365343938,1816391.1267247258,0.5921011819910391,1.0517209753021735,0.0,0.6263479626814131,0.0,1.452769155482799,0.0,0.0,1035165.2639547999,40.01716297625793,0.0,DoS attacks-Slowloris
26883.0,3024043.0,2016264.0,80.0,1512021.5,120.0,2016264.0,3024043.0,0.9920493855,0.0,0.0,0.0,0.0,0.0,1512021.5,0.9920493855,0.0,0.0,1007779.0,0.0,0.0,0.0,0.0,0.0,0.0,0.0,0.0,1007779.0,40.0,0.0,DoS attacks-Slowloris
0.0,104814699.3190593,104746720.13521144,80.0,106331990.85216202,62.50914649240781,104454214.52194211,103182289.48136482,2346.045628680392,3.532713835903335,19.205967145399768,6.465538781059607,8.968410926057578,6.24409852550376,35191016.17196983,0.0,10.400625462514842,5.577745779296796,104620652.71356465,1.4095801024781653,5.316170950256613,0.0,0.0,0.0,0.35210712300372426,386.4786645688252,5.926614752420154,0.0,32.008546147062795,0.0,DoS attacks-Slowloris
27034.91889228101,106503844.13646848,52339642.05847862,80.0,7693372.309564372,496.038888616762,54000068.710340865,107602928.09269194,0.0,2474.7918253461744,2501.994921062284,169.6267547035869,168.66693444477056,230.45114886706673,6112588.63470889,0.0,232.1760017774362,133.65073400519154,0.0,0.0,141.7476228996638,0.26121228288616677,0.5449800825419853,0.0,0.0,13597.96885271846,115.72759605065815,0.0,31.979596945282545,105.01142499308845,DoS attacks-Slowloris
214.18283809446726,903996.1734420959,0.0,80.0,790922.0715133657,22.19201468180004,0.0,777233.7778270064,57897.56220271461,20.266465640450193,1.4372094433156617,7.301330913681167,9.869108564015258,8.29642069476112,211226.69315440272,121895.85997954241,5.811865854349727,7.695040560625458,0.0,0.9238456596222246,8.749334478732893,0.12781836737109098,0.0,1.6205047337471052,0.0,0.0,4.776021788331325,18574.705236460453,31.98374985013369,0.0,DoS attacks-Slowloris
91.52786717146033,100259865.12615375,98416370.475331,80.0,99171657.23831083,63.91676736088905,100960049.8205623,102157297.22442493,0.0,33.38155327227349,15.504590665830024,7.366784490523428,8.706267944297712,9.198512911222718,33461289.590117887,0.0,9.28571985987838,5.2198904821309515,100688282.62176837,0.033194944033687473,4.3398191204149175,0.4922395349486071,0.0,0.0,0.0,432.75177197479,4.754710707664736,0.0,31.927833534028785,1.5159404455926822,DoS attacks-Slowloris
26883.0,106557771.0,53247596.0,80.0,7611269.35714286,496.0,53247596.0,106557773.0,0.1407687077,2530.0,2530.0,168.6666666667,168.6666666667,230.0,6268104.29411765,0.1689224492,230.0,133.1578947368,204.0,0.0,140.5555555556,0.0,0.0,0.0,0.0,13611.6959064327,116.6691729054,2.0,32.0,105.2796728899,DoS attacks-Slowloris
26199.126440233835,106077406.46226212,52830831.064444505,80.0,6747230.523399755,488.1729465724264,51226223.64333773,106355800.56407286,0.0,2526.7577593377664,2565.719226087675,169.51049101351452,170.78601703951452,228.64696560304134,6683533.239890865,583.6614445316372,226.45791563988422,133.29619993830718,0.0,0.0,139.46867230001507,0.0,1.3062168939408136,0.4421168017661779,0.3979406928103894,13406.359639125507,115.77430477224524,25.683443560850147,32.064074563301936,105.3696871078278,DoS attacks-Slowloris
26622.62790486082,107112282.93511537,54141315.00497257,80.0,7669047.237294205,501.9713691557739,53562061.086538605,109236767.0401056,5960.2080458454875,2569.75301701187,2485.0827253039233,166.3516585044867,168.27116757685658,232.22945148323873,6301569.589312171,0.0,231.48207885370945,133.3577815054683,479559.8927914991,0.4187208979766975,140.95427326109154,0.2194766930626062,0.21847062990826063,1.5860405899130943,0.05678813779610391,13600.985673298439,116.21375868862289,0.0,32.017041972430825,105.16236248380257,DoS attacks-Slowloris
26798.096943847635,2020552.20742705,796642.3470268145,80.0,0.0,120.83511701735866,2127277.1959096175,3228041.810152197,1768.8434618390368,17.814308617788207,11.186886365247771,1.3383704600346586,0.0,2.269760662494325,759583.7814311497,1537.4597349800683,0.0,0.2574958446634848,759017.7835228755,0.716601794907561,0.0,0.2692311373627625,2.28934097466883,0.0,2.042635681814283,0.0,0.0,1020042.2039507217,40.01621978451811,0.21877015345271827,DoS attacks-Slowloris
617.8900160947649,106285681.28173797,104627810.40046605,80.0,104474233.77099265,60.474399106577955,106392007.23107742,104099287.31037578,2123.001311724638,54.236632645545335,19.977052786573267,7.5202478665899655,6.519240915350608,8.125368738758272,35116006.85813259,3549.001370111895,10.846482597509956,3.1437850633431705,104623151.01835822,0.8804565927234365,5.496955635673588,0.0,0.8263312139232579,0.0,1.037614848074437,49.92156367165527,5.686485458467695,0.0,32.03853152581346,0.0,DoS attacks-Slowloris
27016.823692697555,107353483.0774906,53562111.61794392,80.0,7159679.477329056,490.2627913849484,53234461.72760422,109740599.69959316,3571.2298611181495,2552.326027735245,2539.571267539858,166.92481302076092,167.97521264467434,231.02273072327014,6271266.427095976,0.0,229.03544362032258,132.4501094220391,0.0,0.0,139.23082901299037,0.0,0.0,0.832629082114161,0.032029279469340394,13454.572577590354,114.70686125142454,7235.789009876137,31.934630886784305,107.63872493304306,DoS attacks-Slowloris
26422.43500468064,106737131.14767686,54600069.843497746,80.0,6900757.404994704,492.16703756156096,52400326.100808784,106115602.29019958,2460.444385491417,2541.081488906467,2558.8063068076895,167.2668607293637,169.49405190464506,227.58360841906187,6146826.208701982,1960.7708134380769,234.6831721793315,132.25579378224066,0.0,0.41783928940409504,138.5638388260549,0.3007300905158031,1.1882982203190935,0.0,1.692777222510892,13692.75901020138,118.19889302794607,4217.219642299102,31.85596420310273,103.64773412214893,DoS attacks-Slowloris
26458.623358464592,107764054.38344419,53954234.65684314,80.0,8266380.1884803,496.56612409747765,53248010.1331379,107590992.9766701,2696.7789645174003,2410.907982200279,2332.777778952159,157.98948854459056,157.63681302725539,238.20796745074756,6095779.138302136,0.0,237.2823002715628,126.53730376490498,157050.84016443163,0.0,132.12231221052346,0.41275344831961036,0.0,0.0,0.0,14779.909046947314,119.10247054530585,0.0,31.9311263138298,114.32086969237922,DoS attacks-Slowloris
27042.723841363866,2501912.185341472,1492271.635633103,80.0,1020516.3783606486,120.47787168310009,1693704.3643732439,2752406.0846383353,0.0,23.55355883446176,0.0,0.0,0.0,4.808346433096143,1235663.5177140494,0.0,0.0,0.0,1066408.924114658,0.0,1.1810234745063442,0.4584355972598909,1.0656633708902605,0.5901002760266456,0.0,0.0,0.0,1017902.5295056907,40.03431855264295,0.0,DoS attacks-Slowloris
198.93456011574972,1354411.3238516257,1111381.599046166,80.0,2136437.717885376,68.4346451142502,2621989.3005836993,2139972.297872535,0.0,87.12890160269573,11.529396186971201,4.941793442164974,0.8503142909342247,7.816087488763051,709044.351457772,5279.511432451807,8.659095211388077,3.7924656542203845,1921566.2558890018,1.2906360351932946,4.315849868132323,1.0934915067142572,0.0,2.583461761797989,0.0,0.0,4.317290609243028,3851.2696124908457,32.031438090913525,5.471954772769769,DoS attacks-Slowloris
26883.0,3047604.0,2015829.0,80.0,1523802.0,120.0,2015829.0,3047604.0,0.9843798604,0.0,0.0,0.0,0.0,0.0,1523802.0,0.9843798604,0.0,0.0,1031775.0,0.0,0.0,0.0,0.0,0.0,0.0,0.0,0.0,1031775.0,40.0,0.0,DoS attacks-Slowloris
26648.637199269797,3242078.1218134533,2221125.093368498,80.0,1249297.6617833888,119.85558607882187,2276015.591209191,4195308.1446408965,0.0,16.60499494853038,0.0,0.0,0.0,0.22500699208882213,1209645.9265669154,0.0,0.0,0.0,1587420.4821180317,0.0,0.8051695009092162,0.20456416097758665,0.5734923679693987,0.0,0.37761164474863507,44.59515324649539,0.0,1014189.7489653901,40.01074314827847,1.0296679205353536,DoS attacks-Slowloris
27051.916162933074,107117604.88789898,53114891.05953127,80.0,7846355.518001146,495.1398958212065,54762335.71913018,106023500.53947751,0.0,2541.860656966526,2564.255021999626,168.478260003121,167.84831734959735,229.2628234756967,6225700.773513916,858.7282913267765,230.7797123678805,133.93317140895817,0.0,0.0,142.21709241358258,0.5076636464271275,1.0492954140830182,0.0,0.0,13330.552049177706,117.24370287510311,0.0,31.916206423523057,104.8231503266217,DoS attacks-Slowloris
27379.460465837317,106973068.54773113,53912018.46536569,80.0,8664618.463874225,456.27546047542575,52164699.92258942,106734015.67879999,0.0,2497.4705097424494,2567.9527782770983,182.482488749099,178.07471945702451,232.63314198459724,6515839.919253692,0.0,232.77267029144505,140.89087028233777,46794.48711011076,0.5734156960973819,148.37091449440726,0.0,0.996325721076361,0.0,0.0,13141.87269901572,114.72110175590015,0.0,31.94195800101792,97.7552850635111,DoS attacks-Slowloris
26983.169244485434,105519509.61078227,52851101.5948685,80.0,9343655.071051337,460.3499508871355,52084926.20838146,105545466.84316146,1836.6008174045025,2494.548937230521,2513.9089020814304,183.0766312383173,182.82609106823725,231.64698370454192,6793433.691095567,744.0225117769506,232.50635694836075,141.88712310432973,0.0,0.4168016082720008,148.02770908796023,0.0,0.0,0.0,0.12481605268678903,12908.199501658675,117.73539093299678,0.0,32.065437939633874,97.90577078655177,DoS attacks-Slowloris
26590.970726175303,3003936.702823663,2124169.3446284863,80.0,1517820.3795201464,122.97056197580173,1568892.0739920796,4256367.534622352,0.0,0.0,0.0,0.0,0.3226316971493287,0.0,1530237.165129595,1709.0781481036463,0.9728768432002421,1.1281695634871212,1885483.7969832155,0.0,0.0,0.02082262918283831,0.4243925709296257,0.0,0.82188332479276,195.39599663515335,0.0,1024645.037695976,40.0084690551121,0.0,DoS attacks-Slowloris
26227.59830123043,107067967.45757747,52827513.29581119,80.0,6928576.119811944,499.06673687351895,52285410.051313676,106974846.65937692,1980.3585017667601,2584.708094240429,2510.116026680534,167.21618552473277,169.2765073701744,226.3960148375979,6196716.591028711,245.5641766122151,229.1229514215961,134.45082292888213,507319.94252703595,0.0,140.36161276037527,1.0256013038249097,0.3733223605528226,0.0,0.0,13220.811155082345,116.16133602969634,0.0,31.93709740690971,104.94922797898225,DoS attacks-Slowloris
77.98404478493978,99268478.39835148,99961089.0609819,80.0,98571422.80099107,66.96121207342212,99831267.50150053,101503217.84949332,1223.0452033917209,24.95153812914772,18.839190373861967,9.373029955864356,9.407955573536777,10.455043984028169,33097472.331233695,1093.0848715022237,7.256371572733053,3.892789681377759,98664330.11643215,0.0,5.56566284142689,0.0,0.6505222031280665,0.0,0.0,113.20032051245798,4.112740555143127,452.48726567703153,31.92490884757677,0.012806016481635008,DoS attacks-Slowloris
27210.04979582842,106883237.55719349,53864868.086881764,80.0,7980065.884457319,494.21842007150127,51406777.72538505,106957793.2707786,0.0,2519.035466607076,2531.377252928715,171.03195590243564,168.1155899362108,230.66854708850553,6134331.964336672,0.0,231.15978613474158,133.45546798565172,1104129.1182042165,0.8147157378610337,139.22660991589711,0.0,0.0,0.9739194548946151,0.2865898901919008,13333.676526662108,115.06373323416373,7872.602911622487,31.980147492749143,104.35101855820399,DoS attacks-Slowloris
26976.425830495507,107202052.42025886,54115727.62972088,80.0,7658667.475297992,487.9670454608279,53230102.113589115,107001631.35107322,0.0,2545.404790487136,2560.7520485898776,168.4371976884996,169.0497389197437,228.7131974934331,6113858.868840595,0.0,230.3658346605316,135.6181205038596,0.0,0.39617095981475553,139.79764759078685,0.0,0.5593261723795946,0.0,0.2973424038518372,13504.678055298344,115.51817716534096,0.0,31.995080953777748,105.6286962958235,DoS attacks-Slowloris
26730.745811449025,28938258.793068804,29491403.0177065,80.0,8978712.556936065,135.01175510053025,28817627.04288752,28834365.883076787,0.0,239.73525003943462,235.06471974617963,62.213155343269115,59.52311132702394,229.0191837569717,4912255.883890962,0.0,225.4212088234657,27.885945355630646,0.0,0.7073962135103523,34.633199371931504,0.0,0.16161050334689386,1.1934476988847647,0.0,6516.310589765821,79.18462028525292,3375.0402199182204,31.96280040363313,114.05522700501461,DoS attacks-Slowloris
27353.51601916839,108515797.50057918,52544977.61313569,80.0,8309634.572819685,452.1804853464566,53235826.472829044,108672360.50722633,2211.6007405669393,2488.198134808117,2502.837519538185,182.7161691686202,184.29492731032803,233.50098358741505,6610007.831484273,624.0253817581897,226.3903023455504,140.8765473482891,0.0,0.0,150.1788505274155,0.0,0.6131253868743654,0.262418630430323,0.9872051793005205,13266.780002458976,116.9260554138319,4613.333315149158,31.929894946991737,97.13258756202927,DoS attacks-Slowloris
26838.771430044257,4564278.108385563,3650213.681966385,80.0,2678306.410969182,119.40842844882478,2571820.47868826,4438493.383692547,0.0,0.0,4.506939450402499,0.0,0.0,0.0,1714222.4917748284,0.0,2.5829691498198257,0.0,1566531.13090372,0.19071934731839363,1.6302543436168304,0.0,2.225846841890718,0.0,0.0,0.0,0.6440820380124059,1029179.8692854189,40.04486353959977,0.0,DoS attacks-Slowloris
324.15586249711777,3104657.4214041904,1960176.5070368047,80.0,1964237.0450047362,60.678989140954705,0.0,3613758.2365925536,1352.4418173919642,1.268286424455865,0.0,5.179577520973379,6.334687418268759,7.7226499733011655,1091438.0063204202,0.0,1.8324583851508143,5.043890043200242,2771329.786379432,0.0,9.420058178937985,0.0,0.0,0.41140260745021107,1.1242219267800815,0.0,2.868814880481368,0.0,31.953727689407938,6.398841098798745,DoS attacks-Slowloris
26883.0,106926676.0,53247432.0,80.0,7637619.71428572,496.0,53247432.0,106926678.0,0.1402830452,2380.0,2380.0,158.6666666667,158.6666666667,238.0,6289804.58823529,0.1683396542,238.0,125.2631578947,356.0,0.0,132.2222222222,0.0,0.0,0.0,0.0,14701.8713450292,121.2512735811,2.0,32.0,114.9948239001,DoS attacks-Slowloris
211.0,100026365.0,100026365.0,80.0,100026365.0,64.0,100026361.0,100026368.0,0.0199947278,16.0,16.0,8.0,8.0,8.0,33342122.6666667,0.0399894556,8.0,4.8,100026365.0,0.0,6.0,0.0,0.0,0.0,0.0,19.2,4.38178046,3.0,32.0,0.0,DoS attacks-Slowloris
26885.687644519403,105913829.69490848,52488514.07306602,80.0,8250101.711000762,497.17660468084534,52686918.30449228,107817327.57299556,5945.182918431392,2482.5894071908515,2519.123056028745,169.59182201984123,172.90743576646472,229.01057959719142,6725905.091311658,0.0,229.9040015304365,132.8934397645246,359296.4741855053,0.5980824035821349,139.98140299483885,0.15405374198118932,0.0,0.0,0.0,13478.448202209058,117.52448298539818,8502.728553626159,31.943361515758692,105.7136259941036,DoS attacks-Slowloris
26884.26851760641,3455835.755489255,3119500.687877992,80.0,1124878.3288093973,120.22126933898768,2736837.7847409137,3447674.6831312384,0.0,0.0,34.893185752898084,0.5053474431870673,1.7909701713121382,0.0,1468828.8638933438,1863.0624163099649,3.338055977856837,0.0,526633.8669974683,0.5713429316847497,1.8204149587779548,0.0,1.0924942027290643,0.4836319141986267,0.6560332520563501,115.30649369248174,2.5066939589294863,1015730.371350003,40.01018690074645,0.0,DoS attacks-Slowloris
27088.85604293204,106972922.18866932,53025706.90748524,80.0,6804937.999308161,494.6391190890889,53728956.341714494,107115071.77368724,0.0,2556.7839773262804,2516.729999410071,168.8933599630114,168.8587046195685,226.99850328101132,6589706.700946711,0.0,229.87561682573823,134.11641786748598,262838.18021478964,0.935975402988826,136.77295264753687,0.0,0.2223120512735626,2.606378635641794,0.0,13621.12129558178,116.82057917529197,7085.5940762028795,32.05815700960493,105.91474921744314,DoS attacks-Slowloris
27065.39262344653,4247687.0164383855,1378791.9447090058,80.0,519240.3875197432,109.44063374833658,1911822.6741067346,793478.6451089554,0.0,1.8804459316361066,0.0,0.0,0.7354911104913195,0.7498217608525364,1615158.5425224244,668.0622227968383,1.2094611003889328,1.8089080172744594,640971.1882053532,0.34200217939449645,4.610090229112891,0.10122214675943961,3.061826300289008,0.0,0.0,137.26856821574543,0.0,1027083.3275644742,40.04083716898421,0.0,DoS attacks-Slowloris
211.0,99999433.0,99999433.0,80.0,99999433.0,64.0,99999431.0,99999435.0,0.020000113,16.0,16.0,8.0,8.0,8.0,33333145.0,0.040000226,8.0,4.8,99999433.0,0.0,6.0,0.0,0.0,0.0,0.0,19.2,4.38178046,2.0,32.0,0.0,DoS attacks-Slowloris
26460.206106302336,109061258.88946494,53849076.658275455,80.0,7640845.805770449,538.2607688486224,52288110.30185948,108543641.11054014,0.0,2536.374067385781,2546.6309912175016,158.07819147739843,156.84596110698013,231.69248024431542,5902755.2838941775,0.0,232.83089480229992,126.00845009031951,0.0,0.21816500145261833,131.818470007786,0.0,0.0,0.0,1.4290235874614858,13625.900937627774,115.64800398339455,1257.0043628026779,31.936397643522124,111.04300019702497,DoS attacks-Slowloris
211.0,100007019.0,100007019.0,80.0,100007019.0,64.0,100007014.0,100007021.0,0.0199985959,16.0,16.0,8.0,8.0,8.0,33335673.6666667,0.0399971918,8.0,4.8,100007019.0,0.0,6.0,0.0,0.0,0.0,0.0,19.2,4.38178046,2.0,32.0,0.0,DoS attacks-Slowloris
26883.0,107464031.0,53245382.0,80.0,7676002.21428572,496.0,53245382.0,107464037.0,0.1395815793,2530.0,2530.0,168.6666666667,168.6666666667,230.0,6321413.94117647,0.1674978951,230.0,133.1578947368,278.0,0.0,140.5555555556,0.0,0.0,0.0,0.0,13611.6959064327,116.6691729054,6.0,32.0,105.2796728899,DoS attacks-Slowloris
26788.516224541025,106168948.9317353,54105980.799377695,80.0,8192769.106822108,454.983222223374,52829353.321298875,108532379.2275415,0.0,2519.5525474568794,2525.3809134891035,181.59064277797162,179.7636481289083,228.43289029256698,7165248.81695535,0.0,230.71371423254075,141.52936368216422,506816.73706920317,0.36864843358104743,150.3419406770761,0.32552251338393223,0.0,0.0,0.0,13369.862936942958,116.40376898363334,0.0,32.026229501427046,99.00689672768995,DoS attacks-Slowloris
26721.23458132019,107839950.24845779,54085698.00434393,80.0,6874688.1474369895,459.04460135349296,52375773.52573593,107993301.48334518,0.0,2551.087303939403,2502.2279414900754,175.93686703869557,181.00653154646034,230.7540190115775,6225207.368884169,3791.3818595314915,227.4389841408604,138.629385698337,0.0,0.45905346023525834,150.0214815777821,0.0,0.6800415055224085,0.2494407658467682,0.0,13193.12933191583,115.29164133587423,0.0,32.119656417424544,98.4688329527487,DoS attacks-Slowloris
27012.289579939257,1707799.4903775032,1659704.0157281181,80.0,1003771.0011554353,123.74970349062711,2189596.752039963,3109709.818158035,780.4687405840986,0.0,15.173801154885693,2.0719204804337528,0.3404408479097525,0.0,1500363.1080424269,0.0,1.89914932874633,0.0,785344.7633170679,0.0,0.0,0.0,0.3608604364685683,0.0,0.0,93.03620371496406,0.0855394465527873,1012683.4453635417,39.896053269071096,0.03144746482125836,DoS attacks-Slowloris
0.0,99052271.69087443,98599146.27565594,80.0,99807939.82382794,64.60498917657048,101573911.96713857,100370154.7351738,0.0,10.016842982561606,33.70578026757468,7.022709890830774,6.954218064719118,8.75065583515637,32944711.45947891,988.0335305842717,6.733811277886147,3.256485950818597,102890601.96185598,0.0,7.809953502242105,0.0,0.0,0.4174340744343107,0.0,117.18081236008668,2.8321331418330655,0.0,31.889834038559115,0.10659303131899188,DoS attacks-Slowloris
26883.0,108062063.0,53247479.0,80.0,8312466.38461538,456.0,53247479.0,108062076.0,0.1295551642,2380.0,2380.0,170.0,170.0,238.0,6753879.75,0.1573169851,238.0,132.2222222222,264.0,0.0,140.0,0.0,0.0,0.0,0.0,14592.4183006536,120.7990823668,4.0,32.0,110.3002894201,DoS attacks-Slowloris
26383.145928592654,3416068.2643561075,2021264.9845437815,80.0,121166.44950734614,119.52201978015239,1379545.7431081305,2954322.5246658693,0.0,0.0,44.570412288375145,2.851982991679479,3.0526506420215527,0.4096576440668065,1931372.1320245136,0.0,0.7696146337826952,0.39706437846680076,0.0,0.0,0.0,0.0,0.0,0.23433174991059352,0.0,139.83363899431032,0.45027032255085886,1015948.90440144,39.939805302801716,0.7666515981223141,DoS attacks-Slowloris
211.0,99999269.0,99999269.0,80.0,99999269.0,64.0,99999267.0,99999271.0,0.0200001458,16.0,16.0,8.0,8.0,8.0,33333090.3333333,0.0400002916,8.0,4.8,99999269.0,0.0,6.0,0.0,0.0,0.0,0.0,19.2,4.38178046,2.0,32.0,0.0,DoS attacks-Slowloris
26502.23891342597,3240241.954630052,1431877.314816903,80.0,929550.6675678124,121.82107118571311,1794634.3793420794,1819829.761694925,1713.7959447660369,0.0,0.0,0.0,1.758873564380242,0.0,1176237.9532129217,0.0,3.739798363545025,0.5954056764903586,1690050.625171769,0.0,0.0,0.0,0.06915809110518534,0.33179030478344274,0.9273454847033288,0.0,0.16758692167011946,1039422.0985513983,39.96913438147778,0.0,DoS attacks-Slowloris
26883.0,106949209.0,53234973.0,80.0,8226862.23076923,456.0,53234973.0,106949215.0,0.1309032516,2530.0,2530.0,180.7142857143,180.7142857143,230.0,6684325.9375,0.1589539484,230.0,140.5555555556,161.0,0.0,148.8235294118,0.0,0.0,0.0,0.0,13311.4379084967,115.375204912,6.0,32.0,97.9375221341,DoS attacks-Slowloris
27115.29800039658,106825829.27782002,53658753.970651224,80.0,7798058.982621974,492.22693016918197,52995293.45342295,105178185.35272275,2008.641243944393,2477.9927872189764,2568.6288942706415,169.0150880947061,171.58579154735565,229.99329488378703,5957770.300437948,8.899083366938454,231.92675132824186,132.3788854454242,0.0,0.0,143.08578514048,0.0,1.3269237093929427,0.0,0.0,13444.016215692664,119.01489731175167,0.0,31.93538187296753,105.22241921341418,DoS attacks-Slowloris
27015.322050596747,108458390.64912269,53950895.159198776,80.0,8271316.974104919,455.3829018673703,53486394.803552896,108367180.77871877,0.0,2500.5768249208777,2569.4654720590065,179.28028563357768,178.97876346190725,230.27339605353436,6996574.863077384,1105.9495569721971,227.77462640049393,140.50411098212368,456150.38748927205,0.11111207093472551,148.57533118899195,0.19460226703092062,0.0,0.0,0.0,13336.495249595804,116.34756408769448,0.0,32.10793321953044,97.43368608407268,DoS attacks-Slowloris
27371.977802365498,106492081.05917597,53478028.2464469,80.0,8135146.519205107,456.4678876799282,53100215.25760009,106450907.0096897,465.59519485561634,2530.654926895691,2533.201628059187,183.30465675196524,180.11790728141554,229.36108492829834,6588875.684018209,0.0,235.5531502618275,142.16370405472475,1846391.4841874004,0.0,148.51923858998748,0.12380831678683625,0.0,0.4823048136359648,0.0,13201.552976156825,115.69655031006542,0.0,32.00002527195515,97.9236302795862,DoS attacks-Slowloris
26830.85641809536,2549235.7433408815,2662897.106018698,80.0,1345448.2625904302,125.44042153971824,3078837.0952571947,3333855.2904064893,1968.6044339742045,27.871361747521995,12.36881434873451,0.8478219720160058,0.0,0.10149248390292412,1153870.5018216416,0.0,2.3144074616207035,0.17130455501479794,1234630.4173420765,0.0,0.0,0.3050175042779871,0.653455492524021,0.2413820013089185,0.7353501836194751,0.0,0.0,1036452.6700178075,39.93688811591739,0.0,DoS attacks-Slowloris
211.0,107098696.0,107098696.0,80.0,107098696.0,64.0,107098693.0,107098698.0,0.0186743633,16.0,16.0,8.0,8.0,8.0,35699566.0,0.0373487267,8.0,4.8,107098696.0,0.0,6.0,0.0,0.0,0.0,0.0,19.2,4.38178046,2.0,32.0,0.0,DoS attacks-Slowloris
211.0,99999210.0,99999210.0,80.0,99999210.0,64.0,99999209.0,99999211.0,0.0200001578,16.0,16.0,8.0,8.0,8.0,33333070.3333333,0.0400003156,8.0,4.8,99999210.0,0.0,6.0,0.0,0.0,0.0,0.0,19.2,4.38178046,1.0,32.0,0.0,DoS attacks-Slowloris
26883.0,106909957.0,53247621.0,80.0,7636425.5,496.0,53247621.0,106909958.0,0.1403049845,2530.0,2530.0,168.6666666667,168.6666666667,230.0,6288821.05882353,0.1683659814,230.0,133.1578947368,357.0,0.0,140.5555555556,0.0,0.0,0.0,0.0,13611.6959064327,116.6691729054,1.0,32.0,105.2796728899,DoS attacks-Slowloris
26854.219033975718,100934544.55914968,99709970.93493032,80.0,27939250.20731138,168.77069392753904,99336482.24128233,100591063.03165242,0.0,248.5113342925074,222.0664107489772,49.417384529564025,48.29063173252681,230.525317080066,12725255.27714564,0.0,227.93027585857868,23.353860494404458,1237246.0274649851,0.0,27.26350900761061,0.0,0.35175286812043355,0.43044862203681894,0.778710996099325,5343.744511367068,72.72729662431956,1145.102064060584,31.974088144256964,103.5282841837788,DoS attacks-Slowloris
270.6558011596689,0.0,0.0,80.0,1322209.0157341731,37.31961054488687,223272.71287907218,0.0,199067.93752888433,12.149767164044595,7.742638920567396,9.147404757911302,6.3298802458727526,10.11210320968534,0.0,397963.5795750005,6.269382355218792,4.5243246051972426,0.0,0.0,8.51081843086153,0.7248684365408241,0.9067634266816366,0.4391444009461959,0.03813889945325315,0.0,5.1991788162164685,2924.850879827267,32.04452764129535,0.0,DoS attacks-Slowloris
933.5145270903143,100562546.71095143,100931638.47079591,80.0,101727531.95182234,67.60418222755246,100587520.36850047,99350498.53375107,3884.8381266322385,44.192665839541526,5.13703632510517,9.508239118013407,5.75547899431301,3.329602489531437,33360696.045864213,0.0,7.579395679562289,5.428805332748942,98431320.69073844,0.0,6.480616505352793,0.0,1.6969435479846162,0.0,0.0,23.220811146452974,5.726893121599226,5690.479456320444,31.951202984022,0.5933976936491332,DoS attacks-Slowloris
26710.026978322676,108169404.60741064,52861879.51020692,80.0,5991990.9429615885,497.9500663291484,54227376.00197553,106348870.2929844,0.0,2515.045497572311,2549.59797900945,169.5547619945599,167.83829347411844,233.76053071559272,6248427.133531586,0.0,227.95430300983335,135.0671835005607,168243.25017607436,0.5285034271906562,140.93874155434804,1.0030123711729115,2.3826635022878335,0.0,0.23371049465840363,14038.64529755573,117.84204823651275,0.0,31.92998401499616,105.30793663458971,DoS attacks-Slowloris
26847.43551400082,4123782.3321643043,2644788.878301845,80.0,1385670.202217916,115.28309851955194,3412560.171049812,3016941.7414788506,3156.7780441352434,21.025364260153694,0.0,0.0,0.0,1.3105102016351948,1571337.4297615679,1451.4630223858214,0.0,0.36555271105510573,119575.27411024692,0.387692063654366,5.6143219641673126,0.230349467403314,0.0,0.7946255942967634,0.0,0.0,0.0,1030462.0463002812,40.03468901463995,0.0,DoS attacks-Slowloris
211.0,100006619.0,100006619.0,80.0,100006619.0,64.0,100006617.0,100006622.0,0.0199986757,16.0,16.0,8.0,8.0,8.0,33335540.6666667,0.0399973514,8.0,4.8,100006619.0,0.0,6.0,0.0,0.0,0.0,0.0,19.2,4.38178046,2.0,32.0,0.0,DoS attacks-Slowloris
26883.0,106762645.0,53247348.0,80.0,8212511.15384615,456.0,53247348.0,106762647.0,0.1311320054,2530.0,2530.0,180.7142857143,180.7142857143,230.0,6672665.4375,0.1592317208,230.0,140.5555555556,41.0,0.0,148.8235294118,0.0,0.0,0.0,0.0,13311.4379084967,115.375204912,2.0,32.0,97.9375221341,DoS attacks-Slowloris
0.0,99160052.8745859,100135233.5731085,80.0,99089640.39999807,64.4253256957396,99949214.53711589,100566517.56993224,8280.093776554653,41.85947493971116,0.0,11.938800641262915,8.383749197887676,8.786286077408912,33236821.272606764,0.0,10.001683270342605,5.880283081252863,101356762.55335756,0.0,7.938844715158886,0.8498537749397904,0.0,0.0,0.0,159.3009613524657,5.028940008124991,2659.6052067850883,32.016113609218706,1.3995741513136652,DoS attacks-Slowloris
26883.12635641999,3491545.4987965827,1086898.0531554327,80.0,1659121.833836542,121.3872298456658,1550254.9835687778,3695674.6047273525,1748.6241556663094,5.189368256815037,0.0,0.2828051367126021,0.039951969289345524,0.0,1545270.328584042,0.0,0.0,0.07752456409318616,1392348.1549421786,0.0,1.5925527394542167,0.044022212978563666,0.0,0.0,0.0,144.6371216242338,0.37075472540153737,1076285.467123133,40.072380674291225,0.0,DoS attacks-Slowloris
470.920646819653,102031067.76431188,101296957.95289217,80.0,101875150.9681058,71.36016146779633,102126015.54943445,102213722.04136714,0.0,20.44704351425228,65.64740445059252,10.34816470078077,9.553236186260472,7.132017328506338,33575213.593465686,272.71033930255686,9.020131613151113,4.532161601301655,101574389.98243049,0.504410291831921,2.772087277575075,0.032277946676770676,0.0,0.0,0.0,210.2315939972141,4.800780395926488,4181.109730935028,32.022976679337454,0.0,DoS attacks-Slowloris
27252.83634519074,107389308.73949885,53715000.37751102,80.0,8383177.452540028,499.1902620641563,52575084.21028223,108718480.40236099,224.1160800663588,2533.078328178651,2546.702284295773,169.2243321548026,167.52061038559611,232.19755704368694,6418597.806583072,0.0,227.92393794885976,132.1941265794435,145366.61693154322,0.31442664241473794,139.56713730559864,0.0,0.36571950293767175,0.611869578313863,0.3719610206815719,13654.971371635083,117.00729878761294,3642.87165786538,31.925147723978714,106.9144329461413,DoS attacks-Slowloris
211.0,99999387.0,99999387.0,80.0,99999387.0,64.0,99999385.0,99999388.0,0.0200001224,16.0,16.0,8.0,8.0,8.0,33333129.3333333,0.0400002448,8.0,4.8,99999387.0,0.0,6.0,0.0,0.0,0.0,0.0,19.2,4.38178046,1.0,32.0,0.0,DoS attacks-Slowloris
27320.759713072723,108048160.46159714,53412164.4289137,80.0,8969619.510516645,497.2134744059327,54516815.83411113,107439431.1234255,0.0,2524.0136505852015,2553.998049619197,169.32045025124543,165.8957789520583,224.31907121202755,6441525.843410475,1286.3063803508264,226.9317427619148,132.89824190234955,0.0,0.0,140.00866434235138,0.0,0.0,0.0,0.0,13717.392881997592,116.95942830195578,0.0,31.9902583535928,104.38022806634403,DoS attacks-Slowloris
26652.917170425037,4183765.9255312257,2158671.5121763367,80.0,1637922.0742900663,116.38779580778906,1046980.9134471745,2733498.000347591,0.0,0.0,62.78966652135956,2.5722863107328773,1.4908156597048423,0.863009516260499,1424705.1670946537,0.0,0.0,2.714453902424857,292347.5465014394,0.0,1.0751877316117113,0.0,0.5322604901617025,0.6404036050573646,0.9642245805836019,0.0,0.0,1001299.8964724496,39.90783868312258,0.0,DoS attacks-Slowloris
26851.747956585772,100130610.26114808,100683710.34926318,80.0,24384428.793083612,169.614388929909,99762647.22431694,99738771.14658977,1744.9931101335833,230.14341120262122,240.17194832262123,47.938960983794246,52.94572142053367,231.96215844051966,12199781.061404234,0.0,230.50011638155246,23.254669147040882,0.0,0.03926902764593106,27.400721355967743,0.0,0.5142729722598834,0.21226319059539214,0.0,5286.876198348429,72.51168985568029,0.0,31.89327984369315,99.5295332279391,DoS attacks-Slowloris
316.3881605065078,100679702.59673318,101180218.7754806,80.0,99952705.31812961,68.96692122309722,101652566.0873881,99147824.7068979,1862.1635692001128,0.0,47.96616986152354,10.77609534443194,10.221028024485554,9.334442768234982,33096498.039924484,0.0,9.467304429933707,4.130447779985637,100521432.93647431,0.0,8.019267536355162,0.0,0.0,0.6567730380507818,0.0,141.80201007985198,5.817320828736257,0.0,32.06667093141519,1.4424210248464189,DoS attacks-Slowloris
27477.34026959384,108027106.8811068,53193573.77670685,80.0,7459946.315856232,496.9418059908095,52992228.10437718,109783337.26016518,0.0,2343.5899363002723,2396.077494080711,158.74930882549452,158.06082657276346,237.8921274913493,5973956.74483964,211.54804877647592,237.95255033224615,126.61610192438674,438820.13974313147,0.13111955592510047,133.39814305002633,0.09066611259975936,2.2758568919314084,0.0,1.438824958446119,14868.57741128744,120.85196871758662,11218.329914790525,31.975751334959295,114.33003299425393,DoS attacks-Slowloris
26858.63298179486,3208074.840240767,784524.6995482929,80.0,927648.4465991815,123.57944845751504,2642771.5841477616,4462670.112952502,0.0,0.0,0.0,0.7583589043350417,2.6663770481405775,0.0757369677758693,1978426.8910336161,0.0,0.6504692712427654,0.02712906015308641,1985349.61541163,0.0,0.9167864558349395,0.19248743294940454,0.06086379345068782,0.0,0.0,187.29289126416919,0.0,1014810.1797845539,39.93681425662064,0.38987925058258255,DoS attacks-Slowloris
26883.0,107710474.0,53247513.0,80.0,7693605.28571429,496.0,53247513.0,107710487.0,0.1392622057,2530.0,2530.0,168.6666666667,168.6666666667,230.0,6335911.0,0.1671146469,230.0,133.1578947368,185.0,0.0,140.5555555556,0.0,0.0,0.0,0.0,13611.6959064327,116.6691729054,13.0,32.0,105.2796728899,DoS attacks-Slowloris
26684.89209759791,107206933.7073713,52668015.179204434,80.0,8044159.855798372,457.0565387044231,53355716.919447,107744724.32637595,1154.704493955124,2362.2808813880883,2342.287538578937,171.5586572571784,169.64830742660192,235.55181167979816,7408191.766983241,0.0,237.56540104258818,132.8253997949822,20332.834700824005,0.12142164284709517,138.67985389713505,0.0,0.0,0.0,0.0,14631.888580383855,122.13984484942864,19560.289384928707,31.933236504476287,110.05897077768375,DoS attacks-Slowloris
26803.429280491247,3920563.145027704,1623486.4317335521,80.0,1988179.1322462372,109.11259423636957,3221535.4496455104,1803577.0335276271,4175.000657415212,0.0,24.420017316209513,2.5862957523767642,1.7812507596405611,0.0,1364145.9174366926,0.0,0.3922065894136975,2.557783658405802,0.0,0.0,1.7268069743914998,0.2537598141154883,2.1146216002195755,0.0,0.0,0.0,0.1653341817405658,1020402.0964274047,40.047749771041694,0.0,DoS attacks-Slowloris
26883.0,108183510.0,53236094.0,80.0,7727393.57142857,496.0,53236094.0,108183512.0,0.1386532913,2530.0,2530.0,168.6666666667,168.6666666667,230.0,6363736.0,0.1663839495,230.0,133.1578947368,171.0,0.0,140.5555555556,0.0,0.0,0.0,0.0,13611.6959064327,116.6691729054,2.0,32.0,105.2796728899,DoS attacks-Slowloris
26785.182028417676,106478954.39046064,53076969.97638361,80.0,7131166.753939306,497.38523158886653,53873248.62359224,106954553.1067054,1305.625021891498,2533.6536219899494,2503.826008433678,167.96220256971333,166.92293251541125,228.55107886140732,6034769.908106191,2082.261281711903,227.07712857888,133.02458702020058,0.0,0.0,139.31729444540252,0.6445309326874957,0.0,0.0,2.2301121329365734,13953.06043402788,119.13576121026179,5065.809482438345,31.971743912255256,105.82825875132494,DoS attacks-Slowloris
27250.972227899783,3281236.6917884485,1708967.3801892838,80.0,493060.9968998097,113.62748791000013,985313.418841593,1977248.013324336,0.0,0.0,0.0,0.0,0.0,0.0,1316201.4374302193,0.0,0.0,0.0,1053164.0826250564,0.0,0.0,0.7240685922366834,1.9997129945168415,1.061358873047636,0.31889964287871897,101.13840319486596,1.0434538908575852,1034272.7906290379,39.899334260425974,0.0,DoS attacks-Slowloris
26824.178181707164,107822939.90543295,53310295.16265541,80.0,7892481.011739967,456.2499225148467,53584291.120361246,106425931.49678913,1602.8781044650843,2513.964221894792,2519.007084862655,183.03852138938544,178.10073285766748,233.9358330950698,6624104.850211416,0.0,233.89956540759368,141.69808687418026,0.0,0.0039358713559799665,148.52750350925814,0.0,1.5155156252175486,0.0,1.2353413494133572,13473.764706708065,113.7876255158527,0.0,32.000867477948916,97.02484600068287,DoS attacks-Slowloris
26883.0,3027597.0,2015975.0,80.0,1513798.5,120.0,2015975.0,3027597.0,0.9908848503,0.0,0.0,0.0,0.0,0.0,1513798.5,0.9908848503,0.0,0.0,1011622.0,0.0,0.0,0.0,0.0,0.0,0.0,0.0,0.0,1011622.0,40.0,0.0,DoS attacks-Slowloris
26883.0,110094747.0,53247571.0,80.0,7339649.8,536.0,53247571.0,110094749.0,0.1453293653,2530.0,2530.0,158.125,158.125,230.0,6116374.94444444,0.1725786213,230.0,126.5,119.0,0.0,133.1578947368,0.0,0.0,0.0,0.0,13781.8421052632,117.3960906728,2.0,32.0,110.104117392,DoS attacks-Slowloris
26617.914595098184,107981262.57676171,53069254.02875883,80.0,6149112.195033988,487.1489650785147,53065014.046215795,107446110.5570752,589.9667155087765,2533.6272920857546,2555.3484270847657,168.7084779978691,169.936987616356,229.49371265764262,5983809.4242838,0.0,227.43590652254196,133.61385918533531,0.0,0.0,143.38769632126227,0.8128859497114014,0.0,0.0,0.31820662505936775,13455.121398730782,116.86440101804229,0.0,32.05239404551684,104.34722104428813,DoS attacks-Slowloris
26751.44421448196,3200875.5120642018,1500877.4526160536,80.0,863759.34629606,116.6966526973393,2322183.6881302544,3343829.8855529157,4909.01359088905,0.0,0.7053085511085591,1.1562888523927966,0.9920461675462895,0.0,1376308.5335758145,0.0,0.0,0.0,0.0,0.0,0.0,0.43821022387902586,0.49069041218066733,1.1720525242008772,0.30613430804388514,0.0,0.6310885986099264,1039270.8535113807,40.052677117246944,0.3294485193466188,DoS attacks-Slowloris
26883.0,3031667.0,2015896.0,80.0,1515833.5,120.0,2015896.0,3031667.0,0.9895545916,0.0,0.0,0.0,0.0,0.0,1515833.5,0.9895545916,0.0,0.0,1015771.0,0.0,0.0,0.0,0.0,0.0,0.0,0.0,0.0,1015771.0,40.0,0.0,DoS attacks-Slowloris
26883.0,107070223.0,53247547.0,80.0,7647873.07142857,496.0,53247547.0,107070225.0,0.1400949704,2530.0,2530.0,168.6666666667,168.6666666667,230.0,6298248.52941177,0.1681139645,230.0,133.1578947368,392.0,0.0,140.5555555556,0.0,0.0,0.0,0.0,13611.6959064327,116.6691729054,2.0,32.0,105.2796728899,DoS attacks-Slowloris
26883.0,107422344.0,53247564.0,80.0,8263257.23076923,456.0,53247564.0,107422359.0,0.1303266855,2530.0,2530.0,180.7142857143,180.7142857143,230.0,6713897.4375,0.1582538324,230.0,140.5555555556,147.0,0.0,148.8235294118,0.0,0.0,0.0,0.0,13311.4379084967,115.375204912,4.0,32.0,97.9375221341,DoS attacks-Slowloris
26951.29954756948,107684577.87406,51983879.9207199,80.0,8411014.204166887,492.88930209277225,53418924.36690831,108135073.75774913,0.0,2525.565588285343,2496.0044997131763,169.60518025338695,167.86039353737522,231.716012748317,6132574.195465847,513.167554809407,226.34661711298287,131.781778989702,0.0,0.1219332578158334,138.08043892681724,0.0,0.0,0.0,2.5214761927452676,13622.058487513132,117.94222561155289,10480.638892908368,32.00928792988755,105.30588612514097,DoS attacks-Slowloris
26743.540801835956,3717017.7643537475,2867210.3929454107,80.0,2686035.44540904,115.52225763279279,783029.1432634811,3426806.352479999,0.0,0.0,40.62782425547774,0.0,0.0,0.0,1425689.8929883083,473.04150116777885,0.0,0.03162019028850687,880103.6419102026,0.0,3.2402233430640384,0.0,0.0,0.6317251585008061,0.0,287.7487519959887,0.0,1026569.2995385873,40.12277979363381,0.0,DoS attacks-Slowloris
207.58399139734178,116644490.58884326,115748695.23598602,80.0,116357956.38930821,62.86437629459134,115825983.29785998,115329280.37805432,0.0,32.73698479601505,0.0,7.266701592552113,9.13392242987024,7.126351365483472,39027276.687312156,4423.663847232471,8.82162462327967,4.569316246506001,117227745.4800547,0.0,6.884555501695195,1.1977834841196466,0.0,1.0999539399039477,0.0,0.0,4.059466972002093,0.0,31.972873221595048,0.0,DoS attacks-Slowloris
26676.69111885375,106816488.12454207,53284634.07965752,80.0,7024504.440918319,494.7229582101994,52743120.867431626,106254001.53038101,0.0,2557.1351613672073,2518.18569679476,168.5023415616364,167.61124258048036,229.0865563991106,6148514.549536987,3036.555988988943,227.02650526390372,133.735858159303,0.0,0.0,141.26648137331645,0.0,0.0,0.0,0.8693055467733537,13618.041549331796,116.37385203282037,12974.266085438685,31.908829318157963,104.49440534244732,DoS attacks-Slowloris
26883.0,108349706.0,53247461.0,80.0,7739264.71428571,496.0,53247461.0,108349720.0,0.1384405977,2530.0,2530.0,168.6666666667,168.6666666667,230.0,6373512.94117647,0.1661287173,230.0,133.1578947368,458.0,0.0,140.5555555556,0.0,0.0,0.0,0.0,13611.6959064327,116.6691729054,14.0,32.0,105.2796728899,DoS attacks-Slowloris
297.28043508227057,253685.52492758154,714780.1590082436,80.0,0.0,40.58739129820425,1004835.4329920158,0.0,198587.9612786257,0.0,0.0,0.0,0.4250763920185435,0.7961582908087365,470748.33242596337,198229.67353396738,2.2218080803946365,1.1859701273150332,618009.1297102136,0.0,0.0,0.27928402744849856,0.0,0.0,0.9682711058672848,140.78727452760455,2.4480166463823627,8080.0134690630275,20.056736046377548,0.0,DoS attacks-Slowloris
26533.381079859424,105705887.88156828,52777206.86713712,80.0,8053308.665053587,461.13405165261923,52570006.27791162,107936848.45229666,1594.9148481797222,2470.370762396224,2471.752093475742,181.10102920390105,180.53703752612452,230.0367256492044,6516532.099003499,0.0,232.26244154779354,141.58385571161165,0.0,0.0,149.5437433936099,0.46154223383629456,0.0005134652757598261,0.364651956036817,1.183106745309571,13417.73486644613,114.67695822463813,0.0,31.942173610308497,99.36493887397548,DoS attacks-Slowloris
27022.447522761755,107045112.26439431,53463616.87487175,80.0,7102817.8066605665,496.91997011179546,53125459.53312508,105717616.47309044,0.0,2505.4254387774845,2514.2381065882673,170.47501767440224,168.0228590212144,230.30189039381384,6699746.3884691,0.0,226.01557568669799,134.1887137127301,478977.40924734995,0.08350415186444911,142.98825385834908,0.0,0.0,0.3285574196683201,0.0,13704.370509319624,119.777570499125,8113.520782188347,31.97202450782187,107.08015326124371,DoS attacks-Slowloris
533.7501454256534,100332792.15298848,99747610.23702502,80.0,98816805.53754944,61.86607953334091,100693757.93995914,100737667.4798456,0.0,14.744553236522702,24.391809127380597,9.203037467223053,9.10071145603018,9.330306810729027,32759048.630597,1811.4280690932903,4.270048471797518,2.5043642904306327,100222750.29712051,0.9309258589545768,6.441429408840366,0.5623367757862642,0.0,0.0,0.561840394576255,249.91355080142085,3.061497573255547,7162.494837369477,31.982402954507066,0.0,DoS attacks-Slowloris
26799.18952086078,108001724.58730642,52042289.95455886,80.0,7816263.474280209,497.6236397031549,51685411.82939108,109235143.8963825,0.0,2535.8995753619415,2545.090718669341,171.50625469559662,169.50005559234074,230.03808236446605,6221132.57487027,1116.7456107415371,230.89341791680718,132.95871348378773,0.0,0.0,142.02552372502208,1.0014848086914878,0.0,0.0,2.574318957793312,13783.582825794949,116.23770225166353,6428.655866206812,32.1960698558541,106.95663249570407,DoS attacks-Slowloris
0.0,99149835.65874489,98944699.85866308,80.0,99884339.12782006,68.51576133685707,98247842.26374961,100519223.03846571,0.0,4.931349636460233,33.82645054837684,8.527325866443304,6.722903807962984,11.374061603630977,33508624.214576986,865.228858933864,6.325236339199583,0.9887259869317,100782829.74804594,0.6622955356375034,7.286939682307205,0.0,0.2974358899329003,0.0,0.0,0.0,2.6186526681858666,3725.394738561836,31.92052756357122,1.3055286054531003,DoS attacks-Slowloris
26880.309221556512,3561795.2381192553,1547657.0304837918,80.0,1449908.9309572922,116.1040342995254,1344154.5506495342,4776150.121427432,0.0,4.020911418646823,0.0,0.0,0.0,0.0,1414781.8511258,2436.000412058935,0.0,2.337667932311889,1358567.664444393,0.0,0.0,0.0,0.0,0.0,0.0,0.0,0.0,1029581.390309532,40.045685923451714,0.0,DoS attacks-Slowloris
211.0,0.0,0.0,80.0,0.0,32.0,227.0,237.0,4219.4092827004,238.0,238.0,238.0,238.0,238.0,118.5,12658.2278481013,516.0,248.0,0.0,258.0,330.6666666667,258.0,516.0,516.0,516.0,44509.3333333333,210.9723520591,10.0,32.0,0.0,DoS attacks-Slowloris
26964.430071053284,971981.0559294336,2968210.251148012,80.0,377102.3294348144,120.3983169413118,2381262.045395309,3997707.5385776907,1513.195445117909,0.0,5.496279303747631,0.8314830997890805,0.0,0.0,1321260.6060614788,2371.2402738521914,0.0,0.0,1376921.755528655,0.0,0.0,0.33421016015225646,0.9238959184303869,0.0,0.0,0.0,0.9589243216926521,1027757.4704715054,40.033514479465595,0.13669111868418854,DoS attacks-Slowloris
26883.0,3278327.0,2211526.0,80.0,1639163.5,120.0,2211526.0,3278327.0,0.9151009036,0.0,0.0,0.0,0.0,0.0,1639163.5,0.9151009036,0.0,0.0,1066801.0,0.0,0.0,0.0,0.0,0.0,0.0,0.0,0.0,1066801.0,40.0,0.0,DoS attacks-Slowloris
26997.959886831508,1722111.9036902157,1957076.493830957,80.0,1495954.6904744687,125.51448434835405,945885.2424576047,3280121.041378436,0.0,0.0,0.0,0.7787144338475699,0.0,0.8338727478718553,2276355.9933817047,0.0,0.0,0.4855938004677315,2579073.473715449,0.0,0.0,0.48354729046656186,0.0,0.6232058784782217,0.0,0.0,0.8177440578701176,1059295.1825909824,39.94628799057497,2.116303989448997,DoS attacks-Slowloris
0.0,35.0,35.0,80.0,35.0,40.0,35.0,35.0,57142.8571428571,0.0,0.0,0.0,0.0,0.0,35.0,57142.8571428571,0.0,0.0,35.0,0.0,0.0,0.0,0.0,0.0,0.0,0.0,0.0,35.0,20.0,0.0,DoS attacks-Slowloris
27121.73097662327,107694084.41343711,54069967.932127096,80.0,6936884.279997214,501.1933094852015,54295585.20967275,107567560.71294855,1727.2298076947977,2527.776297384478,2482.9573197725645,167.75727000644616,166.3326418439448,230.4248990003636,6235618.661521761,0.0,233.43991418148397,131.8184239235054,98390.2081211438,0.47950224693772037,141.70542357526148,0.0,0.3932681412492603,0.0,0.004333501780190404,13684.0027212438,116.57653811124409,877.9765612810966,31.93938516413881,104.92236593506946,DoS attacks-Slowloris
27359.0376355151,106854189.44497067,52687993.74402173,80.0,9721668.173406394,455.9344858027457,53099948.70401092,107219761.6545092,3021.463578706445,2489.920983477999,2555.566612498808,181.51386496765042,180.79394187810567,229.18612078495087,6662596.651457482,0.0,233.04309381856586,140.15593345626067,758684.0359414772,0.0,149.00585864754962,0.0,0.22428423505768005,0.4279519001555357,0.9423180005757024,13550.858765877829,114.22910504232706,0.0,31.944951083566597,99.02626091089334,DoS attacks-Slowloris
26883.0,3019769.0,2015986.0,80.0,1509884.5,120.0,2015986.0,3019769.0,0.9934534728,0.0,0.0,0.0,0.0,0.0,1509884.5,0.9934534728,0.0,0.0,1003783.0,0.0,0.0,0.0,0.0,0.0,0.0,0.0,0.0,1003783.0,40.0,0.0,DoS attacks-Slowloris
26815.23182564072,108540695.92583498,54521768.55121186,80.0,8601994.702788383,486.31725304216275,52807605.78045698,106414291.45520157,88.23494339976953,2574.7174046624555,2548.36504193193,169.13771767284285,167.28912863774246,235.53405562183724,6372282.662042855,3532.9290207428944,229.32812677822326,131.37699682600214,0.0,0.0,141.23948319421126,0.0,0.0,0.0,0.0,13536.06535350194,116.65581934881459,2419.8715138938546,32.013592687806835,105.07332869499751,DoS attacks-Slowloris
26883.0,3120986.0,2093099.0,80.0,1560493.0,120.0,2093099.0,3120986.0,0.9612346867,0.0,0.0,0.0,0.0,0.0,1560493.0,0.9612346867,0.0,0.0,1027887.0,0.0,0.0,0.0,0.0,0.0,0.0,0.0,0.0,1027887.0,40.0,0.0,DoS attacks-Slowloris
26551.57877096108,107582016.15072437,53219907.06496715,80.0,7366232.269743906,458.11099186126563,52323717.63996262,106233783.07902646,0.0,2545.3461254023573,2554.493755712135,182.7289885692624,181.68830661493607,232.0800494390181,6643142.932933468,0.0,228.06629229965594,139.05768763630354,1512193.522850745,0.4442562926663594,151.03571708766046,0.0,0.0,2.3416115463620715,0.0,13477.766897020632,115.19458827244627,0.0,32.01702344181634,97.50900679811144,DoS attacks-Slowloris
26883.0,108381933.0,53247407.0,80.0,7741566.64285714,496.0,53247407.0,108381945.0,0.1383994354,2530.0,2530.0,168.6666666667,168.6666666667,230.0,6375408.52941176,0.1660793225,230.0,133.1578947368,391.0,0.0,140.5555555556,0.0,0.0,0.0,0.0,13611.6959064327,116.6691729054,12.0,32.0,105.2796728899,DoS attacks-Slowloris
27144.22719231018,108681295.69337924,52063703.11036003,80.0,8662102.807326995,492.5483103503715,52686140.13221484,110788410.04151352,0.0,2569.1953881011978,2536.9321175584523,170.51139028668655,169.19430965671054,229.33065237313784,6585698.189015592,579.8778759793485,229.44157746960278,133.0271913957075,662342.2727203532,0.5739349731473529,142.02717752264803,0.8321050171598039,0.0,0.04594198259712972,0.0,13538.404513900574,116.34427810402407,1732.5369417159545,31.977674232553873,105.12641592703903,DoS attacks-Slowloris
27043.629854385083,107400245.21593913,54231659.42375471,80.0,9290034.634416912,451.6178140804449,54590347.29579072,106855723.1371252,0.0,2526.718981305554,2534.7789137404516,179.92221294697836,180.68085401319993,230.73307726198158,6764974.797725326,0.0,229.02111496021794,140.11567154276727,330278.52798923216,0.3397964617584452,148.81006541327383,0.0,0.0,1.0209774095511694,1.2585794873334506,13201.47306659218,115.06480313514304,0.0,32.05219651277676,97.88574467678177,DoS attacks-Slowloris
27023.10967829885,106716369.66937801,52249437.43726425,80.0,7166746.73980785,491.6941359557946,52894278.31000393,106474682.36066577,0.0,2487.9757403399276,2501.065188369337,168.98545594243282,166.5381407657559,227.68559491860702,6328066.784232988,5441.642042464679,227.5290186129975,133.4283702400337,827791.6655897659,0.0,141.19490482961652,0.0,0.14580996835960544,0.0,0.04867956728102176,13720.674758829444,116.90689289102666,0.0,31.97130474542116,104.63295032151343,DoS attacks-Slowloris
26974.696124132257,2881800.4813095583,1035393.3888868663,80.0,1170108.9908136125,118.36340769715073,2090187.1883035004,4334711.452136679,1948.7372596406021,31.78839083603572,0.0,1.4662998398184803,0.0,3.0944503372656995,1480195.7486207867,0.0,0.45820782371690705,0.0,0.0,0.0,0.4180558764415616,0.07366509889899663,0.0,0.0,0.0,138.08499431145415,0.0,1018412.2194653103,40.05848202507385,0.6426986507511204,DoS attacks-Slowloris
26977.666842131763,108807796.3694993,54574640.752860755,80.0,8163534.405176304,496.3251205513364,53190190.35198551,105044533.75506443,945.1149977351712,2546.1700956736777,2563.9054752120724,166.283989850613,169.23697100409566,228.01556521003994,6422739.217009544,0.0,228.4096924475266,133.56525041125326,248359.58066419096,0.40824929161446466,138.53399889458623,0.04287887378028565,1.0033152243797159,1.6462128245844068,0.0,13599.501813730809,116.66604431607095,7849.994019733667,32.00976946732474,105.59709656078134,DoS attacks-Slowloris
26883.0,106982736.0,53236030.0,80.0,8229441.23076923,456.0,53236030.0,106982738.0,0.1308622331,2530.0,2530.0,180.7142857143,180.7142857143,230.0,6686421.125,0.1589041402,230.0,140.5555555556,209.0,0.0,148.8235294118,0.0,0.0,0.0,0.0,13311.4379084967,115.375204912,2.0,32.0,97.9375221341,DoS attacks-Slowloris
27237.49135001555,3349500.7802184788,789673.5322968143,80.0,995635.7739941417,129.82074051403396,2426692.7911132607,1136118.6499361985,0.0,0.0,0.0,2.088113231762823,0.0,0.0,1472780.5849468326,0.0,0.0,1.9102335740667442,2233065.053130538,1.332103841669156,0.03343782492344043,0.5263871238675489,0.0,1.4050918730488153,0.12680109067698464,0.0,0.0,996859.5954974218,40.01389588161524,0.0,DoS attacks-Slowloris
26883.0,108125255.0,53247417.0,80.0,7723232.5,496.0,53247417.0,108125267.0,0.1387279811,2530.0,2530.0,168.6666666667,168.6666666667,230.0,6360309.82352941,0.1664735774,230.0,133.1578947368,182.0,0.0,140.5555555556,0.0,0.0,0.0,0.0,13611.6959064327,116.6691729054,12.0,32.0,105.2796728899,DoS attacks-Slowloris
26984.95030812109,3267046.669606901,3261399.079544941,80.0,0.0,118.6916824490801,2080573.829405015,5349992.585998512,0.0,16.40077076629411,0.0,0.0,1.276647890282584,0.0,1480637.3500472347,1915.474218852838,3.6004913329227493,0.0,553762.7547356226,0.0,0.0,0.0,0.0,0.0,0.0,0.0,0.7517826731231557,1019937.9753027875,40.09451818551742,1.0942775729172642,DoS attacks-Slowloris
27042.6289833878,5000295.92727178,2605276.9588312414,80.0,582439.2037032407,121.10190140590275,2022042.6868566615,877234.9635113874,851.5148003455363,11.169589059714374,15.617131079900794,2.435100071073542,1.7839650439430252,0.0,1321896.732550677,0.0,1.3092382403680136,0.0,0.0,0.0,0.0,0.2541828078642985,0.0,0.0,0.7501756194327,0.0,0.6478528980977684,1036249.3956813782,40.09856929612538,2.559225498032771,DoS attacks-Slowloris
27169.07821418587,108909359.45938145,53463161.379924156,80.0,8390552.89504975,456.3347507594366,53347430.21419241,107758103.35949297,0.0,2544.9316270349195,2554.2216596380417,181.3231484944649,180.0146754210213,225.72238433238587,6871420.871167511,490.28125702535357,229.29222141103457,142.24752110420795,198541.14859539835,0.0,147.51386242494723,0.0,1.3398818410817366,0.0,0.0,13382.257940244474,116.8354688478516,0.0,32.070933671259716,96.34348661528824,DoS attacks-Slowloris
211.0,100015177.0,100015177.0,80.0,100015177.0,64.0,100015175.0,100015179.0,0.0199969647,16.0,16.0,8.0,8.0,8.0,33338393.0,0.0399939293,8.0,4.8,100015177.0,0.0,6.0,0.0,0.0,0.0,0.0,19.2,4.38178046,2.0,32.0,0.0,DoS attacks-Slowloris
26657.154334082923,3686264.779640961,2038111.847027914,80.0,1059186.6217774106,125.09510562974623,1398705.8375807442,2169069.617592861,0.0,50.297300915922904,0.0,0.0,0.0,4.330731405538568,1241292.0666968883,1203.952005042065,1.484982460930143,0.0,2688845.5093162693,0.4110278608069166,1.171377775306503,0.3707423929123544,0.5233473172401808,0.0,0.0,170.67851987490363,0.0,1007636.0008789278,39.98682038814785,0.7868497283052058,DoS attacks-Slowloris
22.789262277257592,101838674.9057989,100257786.12663557,80.0,100135147.4805145,59.34780080962604,99903726.50642511,100011549.74059416,0.0,23.54384094148235,45.300543239726004,5.786561159318712,8.252696184289807,11.467705471928076,32768887.24814989,3112.218526011259,8.395609860802558,3.1312023947177083,100549148.48023656,0.0,5.360271032804384,0.7468395130593253,0.0,0.0,0.02776646703471751,0.0,5.279362585090899,7323.78392089883,31.985491597369695,0.0,DoS attacks-Slowloris
279.3561051703871,116976986.42793304,117295044.65925024,80.0,118179625.75359692,64.37123888891387,118191457.48355648,117745119.71017905,0.0,0.0,63.34231534990816,6.8867213806606244,7.726099305194619,10.456132277619174,39561584.04680367,1424.788636793044,9.003906954529297,8.299015667390226,117217959.00189751,0.0,3.6740993654386616,0.4777534379572302,0.10584286663771526,0.0,0.2557480565586934,132.01888904865277,5.977571661833688,0.0,31.94496237358071,2.314761449802757,DoS attacks-Slowloris
26660.427960347082,107740267.23537233,52858446.88330981,80.0,7926109.46169435,498.65365292639336,51598029.5347547,104880059.8262872,0.0,2506.930033176428,2525.6523386692916,167.13322640835364,166.87639351828858,232.54786770835375,5851180.939408082,2147.8818034395304,229.76433393196643,132.6634428957494,546290.3347583965,0.06281718445136857,142.71010461527825,0.1316318767645506,0.0,0.0,0.6571823007659108,13622.065060935704,114.04373676863788,0.0,31.942438985538534,105.49091057819005,DoS attacks-Slowloris
26864.1244872181,108199003.02796738,53649400.70339477,80.0,7557598.476915479,493.6646438020782,53921560.59127704,108233789.91733545,1462.3006227171538,2534.714969166715,2563.1612279970827,167.59015220104624,168.25737176962957,235.0299313852432,6224341.738989789,0.0,228.23370354180238,132.9393093738435,0.0,0.0,142.27038084573903,0.0,0.0,0.0,2.1977740964208365,13500.172255913363,116.22030399496818,1405.321412914366,31.91227197248883,106.31059266320878,DoS attacks-Slowloris
0.0,2670732.628680179,2361214.2621845743,80.0,2822792.828114404,65.87766702569147,2778791.6070200745,2203795.6981954454,0.0,0.0,0.0,3.06989082569267,4.959489611866458,8.352340375389272,1159488.4063997227,2140.3230537290156,8.159474422183306,3.7748683533950804,4473453.91000621,0.7182372856759365,4.517084278827672,0.0,0.0,0.0,0.3462687851173138,0.0,4.830097201575623,21.015518099743016,32.000283840489026,5.442415242536973,DoS attacks-Slowloris
325.6118588168627,103030051.73877905,103918011.97156687,80.0,103894616.72635555,66.00143896592927,103754928.45886342,102112770.7926788,1606.0285963683955,8.116852289727726,6.441519151727905,2.9331480543942248,0.3355290580408412,4.880078243600126,51558892.138613984,0.0,7.561614927503955,5.119353779608531,102796130.49433687,0.004309302980956809,6.812215376395882,0.5256796141358624,0.07398801528442929,0.4098118742921353,0.0,0.0,5.783159059089522,5241.976653592619,31.955555555371575,4.996639784829534,DoS attacks-Slowloris
494.86725924120816,1619014.5588960738,0.0,80.0,0.0,38.102375551882005,0.0,472536.506669291,168738.5439100837,0.0,0.0,9.989136908146886,8.625404888007926,4.1072188049114065,0.0,331109.0388031732,4.386976509526769,4.7654984494529025,0.0,0.0,7.428972112241852,0.5204289329737382,0.034102507258386726,0.0,0.0,80.0112922247914,4.707103645439212,44.288623850737416,32.0232666682357,0.0,DoS attacks-Slowloris
18.09501662619394,107017185.31198795,106422723.75359178,80.0,108036140.23660293,66.53611649311219,107626127.56687757,107432012.96015733,962.198164563256,73.41376112481743,30.099261205374102,7.307151691341875,10.383460643193084,8.874059624499145,35954672.753774196,1365.2843155520152,11.14012601180302,5.12163014931997,106157709.79310603,0.0,4.644625937039505,0.0,0.0,0.0,0.0,182.40471440927638,4.125978935105267,0.0,32.00541578083668,0.0,DoS attacks-Slowloris
211.0,103450947.0,103450947.0,80.0,103450947.0,64.0,103450945.0,103450947.0,0.0193328341,8.0,8.0,4.0,4.0,8.0,51725473.5,0.0289992512,8.0,4.0,103450947.0,0.0,5.3333333333,0.0,0.0,0.0,0.0,21.3333333333,4.6188021535,2.0,32.0,5.6568542495,DoS attacks-Slowloris
26855.755310000477,107101199.65955459,54068830.55886108,80.0,8865619.010890877,455.53345104511766,54091948.2803766,109853835.09630685,2449.8268097680984,2529.8253728441864,2537.7969015267427,181.09162357691537,179.12953403187126,231.42019240127314,6632906.713347155,0.0,233.3494777310651,139.00193594408725,0.0,0.4481346897696164,148.57228314016484,0.5499392181917393,0.33912421819281857,0.0,1.6289221897121846,13085.867325186198,115.8189431597402,0.0,32.10953999076504,100.04093330301511,DoS attacks-Slowloris
26836.585712254044,108270275.62573425,52371671.66858107,80.0,8137424.985211404,490.4254529516422,52829446.51655773,107701327.23924105,2257.332123939878,2545.3442319070823,2515.280714023577,167.62728775865273,168.26676582889246,226.78701337454928,6620271.980970841,0.0,227.92029774424745,135.52884332029325,940116.8163463412,0.6950718279455019,140.18723776826468,0.0,0.0,0.0,1.0161230485852895,13419.583680632526,119.46079243753034,0.0,31.93698537591662,102.42380429907901,DoS attacks-Slowloris
26997.883768582815,106983474.63710293,53691414.49180929,80.0,9832464.87515892,454.34979173693546,52525888.93087519,108456510.56385477,0.0,2492.50175869675,2565.023666534666,181.93187049595284,181.84193996958632,230.24039491899165,6955077.564112397,1373.8489498927152,232.88588956416655,139.05470082950387,0.0,0.7422653491927729,147.0101881165558,0.15117997149235207,0.0,0.6568039559738402,0.0,13305.58359958485,115.77952086956435,6912.311468410952,31.914398992022434,98.17467739578528,DoS attacks-Slowloris
26819.247747416157,2508794.3823473803,1513053.2199285524,80.0,1819517.4095818445,125.93963443855914,2731613.132589332,2809594.868076523,0.0,0.0,0.0,0.0,1.7472552151815441,0.2877876844270366,1413193.367401158,0.0,0.0,0.9429218740003287,686791.3264219151,0.8088982757332354,0.0,0.026039859845105373,0.0,0.4026978062704476,0.0,172.80707168856677,0.5487160272274163,1013376.5095898069,40.007701924777315,0.0,DoS attacks-Slowloris
26869.426877249538,4035945.6663577035,2187926.817995407,80.0,2304036.5704223476,122.10907867394722,3521044.434626001,2682801.8382213973,1412.892365985437,0.0,21.784897172772645,1.4568395596066024,2.010449359983311,0.0,1566398.1782265936,687.6539914990952,1.882941781937282,0.0,941252.0319621481,0.0,1.7375021943839413,0.36674997519112024,0.8248148520491486,0.816726863497269,2.187942132340339,158.37737933750333,1.93580421779356,1029048.6302257226,39.98480704976738,0.0,DoS attacks-Slowloris
26883.0,107154166.0,53247662.0,80.0,8242628.15384615,456.0,53247662.0,107154167.0,0.1306528751,2530.0,2530.0,180.7142857143,180.7142857143,230.0,6697135.4375,0.1586499198,230.0,140.5555555556,195.0,0.0,148.8235294118,0.0,0.0,0.0,0.0,13311.4379084967,115.375204912,1.0,32.0,97.9375221341,DoS attacks-Slowloris
0.0,8.0,8.0,80.0,8.0,40.0,8.0,8.0,250000.0,0.0,0.0,0.0,0.0,0.0,8.0,250000.0,0.0,0.0,8.0,0.0,0.0,0.0,0.0,0.0,0.0,0.0,0.0,8.0,20.0,0.0,DoS attacks-Slowloris
26627.141243737187,106593184.68832271,54079505.01627768,80.0,9019164.261353333,459.87258306962235,52892373.58016624,106153063.72505139,0.0,2511.5109469721892,2539.750812058477,179.6657831583012,176.77227941942198,230.29837983491322,7211086.799766177,0.0,231.69189208962547,142.4335147029766,672004.0785373902,0.0,147.24491713987715,0.0,1.8125625785145791,0.0,1.2254174116567398,13655.47158098577,117.58299114253452,0.0,31.968875902995386,98.58579194480991,DoS attacks-Slowloris
26883.0,106654083.0,53247986.0,80.0,7618148.78571429,496.0,53247986.0,106654085.0,0.1406415891,2530.0,2530.0,168.6666666667,168.6666666667,230.0,6273769.70588235,0.1687699069,230.0,133.1578947368,321.0,0.0,140.5555555556,0.0,0.0,0.0,0.0,13611.6959064327,116.6691729054,2.0,32.0,105.2796728899,DoS attacks-Slowloris
26819.46774990225,107406176.57610051,53401266.532632686,80.0,8865483.599935692,455.3159996367704,53504580.96538293,106790567.51161328,0.0,2540.051529159194,2557.6010979857374,181.575031433427,182.0293524936396,227.8542105380611,6659017.081100997,0.0,230.5022399887186,140.2474682478092,0.0,0.0,150.17095594048715,0.9979034249751894,0.4777422867483074,0.9109554627446649,0.0,13161.617064815153,116.12288756933401,0.0,31.917739982686804,99.12802280179014,DoS attacks-Slowloris
211.0,99999579.0,99999579.0,80.0,99999579.0,64.0,99999577.0,99999580.0,0.020000084,16.0,16.0,8.0,8.0,8.0,33333193.3333333,0.040000168,8.0,4.8,99999579.0,0.0,6.0,0.0,0.0,0.0,0.0,19.2,4.38178046,1.0,32.0,0.0,DoS attacks-Slowloris
26883.0,109291914.0,53259410.0,80.0,7806565.28571429,496.0,53259410.0,109291917.0,0.1372471122,2530.0,2530.0,168.6666666667,168.6666666667,230.0,6428936.29411765,0.1646965347,230.0,133.1578947368,389.0,0.0,140.5555555556,0.0,0.0,0.0,0.0,13611.6959064327,116.6691729054,2.0,32.0,105.2796728899,DoS attacks-Slowloris
26520.20965042358,995749.48600373,3822394.202199066,80.0,374596.45099820197,120.73818320767202,2502776.4414316677,1776986.522153483,3713.837025840571,3.5129266106552373,0.0,0.16695656162343236,0.0,0.0,1673634.212595577,0.0,4.463823966165464,0.0,1552511.0235515672,0.0,0.0,0.0,0.0,0.7487176525901831,0.0,0.0,0.6245738286801159,1028420.2915138568,39.98225235117942,1.108723796913353,DoS attacks-Slowloris
211.0,99999535.0,99999535.0,80.0,99999535.0,64.0,99999533.0,99999537.0,0.0200000926,16.0,16.0,8.0,8.0,8.0,33333179.0,0.0400001852,8.0,4.8,99999535.0,0.0,6.0,0.0,0.0,0.0,0.0,19.2,4.38178046,2.0,32.0,0.0,DoS attacks-Slowloris
112.55530837749863,79775883.37136863,82213777.72296749,80.0,82539914.84196426,59.85156983415381,82067938.6060625,83814978.93933678,1345.9575530410027,17.010525819071432,0.0,4.133335236656355,3.2277094627205787,7.24120583413708,41037109.400928065,0.0,7.969425350807407,3.617915398698017,81742200.98525947,0.0,4.493048537222345,0.005898722831198603,0.0,0.0,0.0,58.526411677850206,2.3039437916055108,0.0,31.90120502274333,4.80054578188176,DoS attacks-Slowloris
211.0,99999815.0,99999815.0,80.0,99999815.0,64.0,99999814.0,99999817.0,0.0200000366,16.0,16.0,8.0,8.0,8.0,33333272.3333333,0.0400000732,8.0,4.8,99999815.0,0.0,6.0,0.0,0.0,0.0,0.0,19.2,4.38178046,1.0,32.0,0.0,DoS attacks-Slowloris
27023.68000157038,2651157.1851254986,1178509.45800683,80.0,337248.4740974228,122.50094327938473,2070607.3599482302,2982473.6684010923,0.0,4.779896701416036,11.983651571307666,1.0498532113671106,0.0,1.541058431246298,1903264.4724776768,0.0,2.4532319183106406,0.40871566414830385,62754.61713551858,0.0,0.0,0.5703240329022143,0.03784919022212929,0.0,0.10737804492065155,0.0,0.0,1019817.6852181202,40.03472928847279,0.0,DoS attacks-Slowloris
375.88158980340984,98518822.81372322,99273946.41587724,80.0,100284640.81903999,67.2238414034638,100365214.38977177,100043990.6826181,0.0,0.0,25.450272906305088,7.50676022617546,12.07340532120443,7.95007199070084,33232253.91654856,0.0,9.51601271957184,4.753365524563448,99614166.73363131,0.0,7.859151004666989,0.33600894355505756,0.0,0.0,0.0164132534571923,0.0,3.8058190542195707,4770.331298822669,31.98967520679616,0.0,DoS attacks-Slowloris
26942.34904900206,63490835.29941318,29702113.243615884,80.0,3568831.4001966855,458.88693064054627,30441353.638428222,63533808.904184476,0.0,2281.751165798706,2283.750384859943,164.73920623406002,161.89933497981414,229.51426127497808,4501782.501505443,0.0,227.13619949079958,135.99171397938636,0.0,0.015895623503754744,143.46937004920701,0.0549099723907694,0.0,1.148553794636477,0.0,13487.337727823551,115.39942210013817,0.0,31.89946535624184,107.72715325372043,DoS attacks-Slowloris
211.0,103076002.0,103076002.0,80.0,103076002.0,64.0,103075999.0,103076004.0,0.0194031581,16.0,16.0,8.0,8.0,8.0,34358668.0,0.0388063162,8.0,4.8,103076002.0,0.0,6.0,0.0,0.0,0.0,0.0,19.2,4.38178046,2.0,32.0,0.0,DoS attacks-Slowloris
26883.0,106397920.0,53247793.0,80.0,7599851.42857143,496.0,53247793.0,106397922.0,0.140980197,2530.0,2530.0,168.6666666667,168.6666666667,230.0,6258701.29411765,0.1691762364,230.0,133.1578947368,256.0,0.0,140.5555555556,0.0,0.0,0.0,0.0,13611.6959064327,116.6691729054,2.0,32.0,105.2796728899,DoS attacks-Slowloris
26929.94312733576,106514423.48380433,54325790.25154568,80.0,9363013.302587755,493.946120879914,52564827.54989347,108846792.14992703,0.0,2525.413143179519,2527.8855228931884,170.32004329432465,168.09320357515614,227.16725934904727,6482985.532257045,1577.8973418909698,231.05059082940326,132.43995281342436,293254.3359698648,0.0,139.26225896385338,0.0,0.0,0.0,0.0,13747.258817833557,119.61567385148034,7523.372568112982,31.932874685982544,105.38248349192585,DoS attacks-Slowloris
211.0,116030875.0,116030875.0,80.0,116030875.0,64.0,116030872.0,116030878.0,0.0172367911,16.0,16.0,8.0,8.0,8.0,38676959.3333333,0.0344735821,8.0,4.8,116030875.0,0.0,6.0,0.0,0.0,0.0,0.0,19.2,4.38178046,3.0,32.0,0.0,DoS attacks-Slowloris
26921.778318942474,2883456.310199114,2792554.128113415,80.0,1998340.2273498331,121.22854464829952,1682961.40942658,2658752.183734745,0.0,0.0,0.0,0.0,0.5899921743749645,0.9345366841201057,1289312.81756034,2859.559710796024,0.0,2.4501967316245588,1111860.9795099157,1.255007148771331,0.0,0.3191692708411563,0.7377336860328655,0.0,1.045040393208627,0.0,1.596945131681947,1018397.863984567,39.96831740615924,0.0,DoS attacks-Slowloris
26694.930197218186,107488387.67801753,52135180.92870174,80.0,8140172.876273405,460.3801013090819,51687396.62067903,104949001.28898552,0.0,2537.26309099234,2550.390160710597,177.0703656124688,185.69178040450933,225.42530532960896,6799639.743866273,1682.0751375241393,228.21905680474924,140.51599587239025,980681.1869807036,0.0,148.40708258982474,0.3197040957932511,0.0,0.9053628619368675,0.0,13414.720638663166,113.66761372290343,19462.797253150446,32.01658309366329,97.95084986944781,DoS attacks-Slowloris
26887.88749888768,105210847.84076293,53597205.06199543,80.0,6967270.208627504,491.90585810357965,53086250.511090875,105682166.33412817,0.0,2520.7576488374375,2573.819584913042,167.64547685263386,169.29240331858563,227.35391914330805,6384629.331688426,0.0,232.7570109018269,133.6525014872857,0.0,0.2599744075078464,140.9370869940507,1.0407494098471939,0.0,0.0,1.2536511372597678,13987.811763688078,116.52243448301019,0.0,32.047696333679056,105.25205423171045,DoS attacks-Slowloris
26883.0,855.0,552.0,80.0,427.5,104.0,552.0,859.0,3492.4330616997,230.0,230.0,76.6666666667,76.6666666667,230.0,214.75,5820.7217694994,230.0,38.3333333333,303.0,0.0,46.0,0.0,0.0,0.0,0.0,8816.6666666667,93.8971068067,4.0,32.0,132.7905619136,DoS attacks-Slowloris
26940.41502492377,3378139.7390588154,2693762.376805077,80.0,646579.0586613874,113.96046289091991,3714738.93055676,1859456.132230432,0.0,0.10396131854606688,0.0,0.0,1.0085274141383531,0.0,1318806.766796204,0.0,2.488792808195559,0.0,1071980.2461140475,0.0,0.0,0.06899783752136401,0.0,0.3567124013412158,0.0,0.0,0.0,1011021.5383296745,39.97941898880992,0.010659962896423602,DoS attacks-Slowloris
26883.0,106944294.0,53230750.0,80.0,7638878.14285714,496.0,53230750.0,106944296.0,0.1402599349,2530.0,2530.0,168.6666666667,168.6666666667,230.0,6290840.94117647,0.1683119219,230.0,133.1578947368,118.0,0.0,140.5555555556,0.0,0.0,0.0,0.0,13611.6959064327,116.6691729054,2.0,32.0,105.2796728899,DoS attacks-Slowloris
26485.554317217542,108572400.38818234,53108185.25398727,80.0,8520345.713375453,493.9383867223148,53203108.52207026,108744834.98064774,272.7506319375159,2393.119041377414,2389.078138470703,155.479947684142,161.90190813010187,233.36267505870092,5967205.344745578,4579.019371439608,237.38260518157085,123.78409173387217,0.0,0.634439086520535,133.1605487117656,0.0,0.1747249121283666,0.0,0.0,14695.867472496026,121.4704329957261,9105.186624681686,32.1316404952527,115.82030339807692,DoS attacks-Slowloris
26883.0,3160030.0,2091464.0,80.0,1580015.0,120.0,2091464.0,3160030.0,0.9493580757,0.0,0.0,0.0,0.0,0.0,1580015.0,0.9493580757,0.0,0.0,1068566.0,0.0,0.0,0.0,0.0,0.0,0.0,0.0,0.0,1068566.0,40.0,0.0,DoS attacks-Slowloris
26721.663030318006,3211661.9973091544,1765447.7690712006,80.0,2673672.999746588,124.96979034017572,1662138.404541098,3565406.738900626,3897.337139989374,0.0,0.0,0.2462113191389627,2.7072192875473946,0.0,1246538.1818404521,4014.2262977783685,0.0,2.3639208186600933,1275980.9068127042,0.0,0.0,0.9144376671080201,0.0,0.0,0.12466695222722911,0.0,0.0,996496.2857319703,40.09416257827654,0.06541480813175451,DoS attacks-Slowloris
26974.364525217316,106782165.58478417,54276142.433593735,80.0,9217162.145041138,459.04714075205754,54567073.28663167,108860674.23009345,2405.04613846719,2520.635156615198,2541.2468402727013,180.49478111583272,181.69403303060088,228.20303027671517,6458293.406221697,885.6534522294742,229.29413457349787,141.63815858518768,1067509.5239563773,0.07216101632412376,149.61412562450212,0.0,0.015454050425170392,0.9020182777695986,0.19804637382211937,13419.984617471626,116.45275479356847,6259.355697400459,31.992748927403134,98.69790866499706,DoS attacks-Slowloris
27337.69278744024,31513943.74902912,30894497.255794574,80.0,10461891.39998888,135.1734121256061,28371654.73727197,28973933.88682501,0.0,235.2413526207405,220.52074834105602,60.863219317117526,58.73238044917834,232.03841781801927,4546142.907887538,0.0,229.35689374595188,29.0093621058846,0.0,0.0,33.04565422759453,0.5150201882984623,0.20019732045624233,0.0,2.3519056291798703,6757.739213712189,79.89316439742134,15302.582193745042,32.09795660873299,112.51023370622674,DoS attacks-Slowloris
271.3424384778196,0.0,534513.1276045654,80.0,890002.3228142635,28.566161271859443,0.0,501194.85699964425,334489.2088303557,7.630141653209401,22.11255250526224,7.168781408475373,10.013569239003823,8.470107858108628,0.0,667824.018490659,7.2455914312858045,6.081162863449506,1080318.5815320627,0.0,7.529750762385181,0.6498619599047801,0.7564823475403369,0.0,2.617469573966359,425.15848648148216,4.089331957821286,6717.726591245665,31.975365685192973,0.0,DoS attacks-Slowloris
27216.851191560632,107196273.10480009,53261973.20360304,80.0,8163447.761246042,460.63780098261066,52888038.78236847,107742660.44948712,1961.653654183031,2532.279478370472,2519.481172735412,178.59626621631705,181.05117108511973,228.60951459111394,6603694.392989614,656.3536472406533,229.0198998541121,142.23138084004194,0.0,0.0,152.7967429974009,0.4852487464413598,0.0,0.0,0.0,13434.42153688055,116.05264532749239,7217.994127923777,31.926793087152852,98.35408526484497,DoS attacks-Slowloris
27065.26434695181,770621.4251885908,2528804.5494897915,80.0,1515994.226182768,114.32834633932407,1064926.9366712905,4552928.521550244,1325.9965762226648,0.0,23.963139487677342,0.0,1.7175643463172312,0.17591164894899305,1481251.9629621918,2436.8009557741207,5.92668157961412,0.0,0.0,0.1312709026675761,0.4547855554458039,0.0,0.0818426317205172,2.907384542474759,2.020037333766373,0.0,0.0,1012545.1689007371,40.039493056106465,1.0810974852041597,DoS attacks-Slowloris
26791.680705078445,1444158.6318333773,2750262.50783831,80.0,1087365.8475085099,119.8614724937894,2998708.646333092,3238708.2837988758,0.0,0.0,0.0,0.0,0.0,2.5482612721925353,1606964.1000364532,1811.2487455434998,0.15749760305136135,0.0017769268946098498,388652.5538536948,0.0,0.8596064401630161,0.7201042289867119,0.24448340414091366,0.0,0.719213734604449,0.0,0.0,1005828.4574274106,39.94447311874799,0.0,DoS attacks-Slowloris
27186.71991672582,106673686.76538436,52638694.97227934,80.0,7771774.684023138,497.07773178118407,54287743.439877026,107838233.6310276,2803.1976890768055,2542.764312840055,2452.0176944347704,169.38505486937152,167.62276436680736,232.2533022880191,5886672.785273638,0.0,229.44911232869325,131.18422458240576,599787.3668660294,0.6209182585480946,139.97568642206753,0.0,0.32705711456738373,0.5154065457042417,1.2432473947106666,13745.216776330053,117.99451759929241,0.0,32.00815199935604,105.14821695975715,DoS attacks-Slowloris
211.0,100026168.0,100026168.0,80.0,100026168.0,64.0,100026166.0,100026170.0,0.0199947674,16.0,16.0,8.0,8.0,8.0,33342056.6666667,0.0399895347,8.0,4.8,100026168.0,0.0,6.0,0.0,0.0,0.0,0.0,19.2,4.38178046,2.0,32.0,0.0,DoS attacks-Slowloris
27219.205980864357,107519883.75380424,54115403.417427525,80.0,7984058.146253769,493.8471191451073,53950662.07196309,109096534.36161204,3640.59538205393,2494.8978125157205,2562.9355119489824,167.71708167294423,165.2157869921871,228.4636813722933,6279069.624220531,0.0,227.38740321147074,132.91016109209568,412755.72460417263,0.0,142.50958603386454,0.49487923877070106,1.2430303184543994,0.0,0.5388297626346468,13439.867603696672,117.03716512347842,2439.2114023211525,32.057609647139515,105.07095367772709,DoS attacks-Slowloris
26883.0,107422111.0,53247375.0,80.0,7673007.92857143,496.0,53247375.0,107422124.0,0.13963604,2530.0,2530.0,168.6666666667,168.6666666667,230.0,6318948.47058824,0.167563248,230.0,133.1578947368,334.0,0.0,140.5555555556,0.0,0.0,0.0,0.0,13611.6959064327,116.6691729054,13.0,32.0,105.2796728899,DoS attacks-Slowloris
201.72715419832602,115778822.1280273,116972944.10538927,80.0,115761372.61770764,60.868036558231935,116937746.33983865,115866922.98511396,1543.9146932537772,0.0,0.0,8.967103219558075,6.156758130326203,3.1627836082160767,39162191.742811754,402.6775857972569,10.580434367263807,7.799010705353812,117358731.3924545,0.23904037805395742,7.3380195787252624,0.34177845585879135,1.9029701583603589,1.0065821666338528,0.0,102.95482965257892,4.60386100454705,0.0,31.874805809245792,1.6028191546457269,DoS attacks-Slowloris
27171.676990612,107196713.17386673,51865305.49739718,80.0,8152400.849298108,494.0889358799164,52938471.297369204,106999093.51949133,0.0,2530.213367729225,2550.7288906587087,170.88586160928136,169.9641831401787,228.18098604024888,6245847.196498063,0.0,232.13727336562002,131.89193810285684,0.0,0.34020631052488487,139.49904555863176,0.0,0.0,2.8743694693268327,0.0,14050.78724522466,116.31623867305001,0.0,32.003373130626315,104.08059277024678,DoS attacks-Slowloris
213.1285995381573,100531867.37612393,100402678.4704292,80.0,100651407.78597446,61.204824911887165,100123743.73545593,100498788.29663566,1913.540613001453,54.796508337833906,45.87021310910879,8.917897267718164,6.841861724669334,9.303926452100137,33872793.48296325,0.0,8.216628423495315,5.995996743343507,101931521.2893087,0.7586641126039182,5.3111030002815145,0.0,0.3974870101632719,0.0,0.0,97.41643853860984,4.323359947963274,0.0,31.965537630415927,0.813071252199544,DoS attacks-Slowloris
0.0,104812417.10950713,103270905.23181401,80.0,103783146.71465883,63.41857770892075,103503117.69131339,103784738.34909692,4921.433611161263,11.820359996892414,30.844523577019125,2.440276510160028,1.8610884502225349,8.135230161098388,51853481.42093833,2078.4691666318017,4.699621337512253,6.449462683774779,103696270.62549128,0.0,4.548530967280852,0.2018153066911486,0.0,0.7583114777629044,0.8091857861008577,0.0,6.26596023133251,6613.358351631824,32.00927323487653,5.492408880689428,DoS attacks-Slowloris
435.34546037640916,107288546.2746719,107828424.89581399,80.0,107451826.45147374,62.92258324524485,108388337.67270999,106942149.417281,576.21670019897,62.0539685963973,44.23341559731508,6.819026169295564,8.742005862579415,3.7894910160818602,35571155.54387008,0.0,12.130226528730159,5.445981162723311,107104621.0904674,0.0,4.503649810008392,0.11172858713037023,1.4360800336643424,1.6073556794937167,0.030697162962496027,290.0725600869889,6.044620373883276,12962.681866500681,32.101036585322646,0.0,DoS attacks-Slowloris
26639.61992963842,107378573.37287952,52624466.50654241,80.0,7039409.941672087,501.4567264425419,53485939.88622862,108200327.97562018,0.0,2490.5864125504854,2513.7442113004986,169.6637205630279,168.14024101964498,229.33939688406446,6081345.586361061,1464.6503356604737,232.98549630754937,134.44823443154448,0.0,0.6806022528527798,138.96588307744597,0.570351245325512,0.3145112924584226,0.271857107662165,0.37353475670124187,13328.785197867206,113.76602101312665,0.0,31.963375069670686,105.09605425306607,DoS attacks-Slowloris
26711.160066145032,106609917.05752568,53200030.98249557,80.0,9299051.903552055,454.70298518445077,52662462.97356347,108677438.1844744,0.0,2504.2613743850907,2510.0510551132866,178.02509404522058,181.04596432084378,233.68932050568958,6880082.873625223,0.0,226.53508218181176,142.82170305559947,0.0,0.19559691394718728,148.19084509328428,0.07790335720013401,0.3011847258099337,0.0,0.0,13387.293097506521,114.38874542243299,0.0,32.046764288091694,95.59669842276094,DoS attacks-Slowloris
26883.0,108126038.0,53247463.0,80.0,7723288.42857143,496.0,53247463.0,108126040.0,0.1387269894,2530.0,2530.0,168.6666666667,168.6666666667,230.0,6360355.29411765,0.1664723872,230.0,133.1578947368,242.0,0.0,140.5555555556,0.0,0.0,0.0,0.0,13611.6959064327,116.6691729054,2.0,32.0,105.2796728899,DoS attacks-Slowloris
211.0,99999783.0,99999783.0,80.0,99999783.0,64.0,99999782.0,99999784.0,0.0200000432,16.0,16.0,8.0,8.0,8.0,33333261.3333333,0.0400000864,8.0,4.8,99999783.0,0.0,6.0,0.0,0.0,0.0,0.0,19.2,4.38178046,1.0,32.0,0.0,DoS attacks-Slowloris
27018.117625293296,3380695.185704615,1635963.7131012266,80.0,1049579.226859075,123.21408696188624,1668760.5024750368,2518136.087691022,2780.1858555167537,0.0,11.76436820719004,0.0,1.2779755432463393,0.0,1291340.0436601408,6669.861718825507,1.1726684887194856,1.1750464311093085,0.0,0.09436612859573938,0.0,0.0,0.7637237400417795,0.0,0.0,0.0,1.853322967234187,1005128.8877469007,40.02759002474571,0.0,DoS attacks-Slowloris
26527.408764779106,106628335.43213643,53959017.12006379,80.0,7794449.597072027,494.6434456007174,52729332.65452481,109223225.92881045,1248.4062659947074,2541.964749890668,2515.485203742105,166.6811980848099,169.6056352284995,230.69541550061754,6476912.307295708,0.0,226.97405400408877,131.91586083223163,0.0,0.0,140.4624630751111,0.0,0.369759970425551,1.0227929230555692,0.0,13678.270337379705,119.74406648809148,104.81607746784387,32.080919372757414,104.38394754066357,DoS attacks-Slowloris
27205.007523156386,108188378.4852019,53654827.15083039,80.0,8211158.359543295,500.80486579002667,52869627.61658339,107349220.64605865,0.0,2527.1541084811965,2539.7730703885472,168.40859154423404,169.5798559676257,226.32375360974737,6210854.499214305,0.0,226.90061027028517,131.70811812322015,0.0,0.0,142.4054706171597,0.0,0.0,0.0,0.0,13457.574293262263,118.58723433256054,10926.211817048788,31.98083326998012,106.04155748979763,DoS attacks-Slowloris
211.0,99999512.0,99999512.0,80.0,99999512.0,64.0,99999510.0,99999514.0,0.0200000972,16.0,16.0,8.0,8.0,8.0,33333171.3333333,0.0400001944,8.0,4.8,99999512.0,0.0,6.0,0.0,0.0,0.0,0.0,19.2,4.38178046,2.0,32.0,0.0,DoS attacks-Slowloris
144.45746045519513,104125521.64016068,102358192.12476286,80.0,102796270.44830106,64.88574771650481,102874010.83964123,103564732.66096191,0.0,2.589797047592386,35.6216762472402,2.8023880283310447,5.438273684002769,6.114193999416573,51431635.80361563,2092.4805931889064,13.870593309627527,5.155535187295611,102639782.84883259,0.5386893737739964,5.088744368215427,0.0,0.0,0.0,0.7844352983057367,47.38314638155906,6.554721973010619,6075.61225978442,32.07513682300294,6.866454220074058,DoS attacks-Slowloris
26690.17949022232,2865570.9250339023,2523283.6015844136,80.0,1345262.2781100671,117.47101004820237,2350522.2490030397,1215242.3863737315,0.0,12.9664257095854,37.70673576376287,0.0,0.0,0.0,1577599.189081517,0.0,5.947727392417764,1.819079926421488,2177066.3770781467,0.0,0.0,0.35790340967846157,0.0,1.1885043136411089,0.1341289749916078,331.60212643232506,0.0,1009206.9126738417,39.98686336699905,0.9178897579274987,DoS attacks-Slowloris
211.0,105004592.0,105004592.0,80.0,105004592.0,64.0,105004590.0,105004600.0,0.0190467846,16.0,16.0,8.0,8.0,8.0,35001533.3333333,0.0380935692,8.0,4.8,105004592.0,0.0,6.0,0.0,0.0,0.0,0.0,19.2,4.38178046,2.0,32.0,0.0,DoS attacks-Slowloris
0.0,0.0,998335.9019445094,80.0,0.0,37.42949954407354,1482382.1778964738,609038.3127891205,498931.5571331866,0.0,0.0,8.39520495292595,6.925128018679155,8.189589981128375,0.0,997927.4689619154,9.2697386505988,4.20871953511893,0.0,0.0,5.816161481304915,0.0,0.3789213440840033,0.0,1.1591114400064124,164.53164214246502,3.3328044184219623,0.0,32.03631154874512,0.0,DoS attacks-Slowloris
26901.945106035942,3642528.3182532745,1548514.6069199238,80.0,1471310.2624600772,121.36200279711451,2156211.7095403583,2981849.417099862,0.0,44.91192529513785,0.0,0.0,0.008696160897979354,0.0,1576569.3687810837,0.0,0.3233000296629188,0.0,2254670.7232079664,0.0,0.0,0.5585892435422743,0.28184177672184485,0.4796573347071149,0.0,170.42469895895135,0.7560585368950449,1036080.3825977421,39.92933601208292,0.0,DoS attacks-Slowloris
27142.557752101402,107679657.76564883,52845792.79988922,80.0,9037051.248285647,500.6427768280661,53521323.68320921,104639111.71990998,353.7372764057398,2539.41106405452,2509.681804872444,169.1466453872846,171.7798316154221,228.7228086508626,6312203.113998785,7403.163504116579,228.8610825059089,133.82083214216036,208173.83239988473,0.0,139.3897876839238,1.4433246706708094,0.9399811917975556,1.2010953282421781,0.0,13400.549134649702,114.88260933898133,3379.0170197126754,32.12233596131695,106.30029069282327,DoS attacks-Slowloris
27175.520082978775,108183335.19353397,53390058.76695719,80.0,7531672.576530717,492.9465377633639,52516170.84520158,108156952.1776147,483.7189547099352,2562.8277421598987,2480.879946213789,166.5927332694868,170.13674558541982,231.469633309332,6410271.364490345,755.3314001403812,229.17341411557592,132.8671296879124,0.0,0.0,140.01486288431386,1.2231724881741022,0.5412079354749212,0.0,2.5037134620794403,13565.337720487743,118.47393345624597,6421.654292666878,31.905379631180455,105.68679462945559,DoS attacks-Slowloris
132.9105792613658,103305612.5559215,100326465.68515538,80.0,100746168.77420966,68.07166346659073,100355262.8612569,102260957.60060039,1879.6332802529248,55.24567362388198,38.804632661242564,9.381280723574799,9.959567180106273,9.829376598640687,33680528.63426162,1276.9017397180394,6.530587289849861,5.945012413500911,101621341.98349987,0.0,4.988073821016124,1.1688941879204702,0.0,1.4359934465221058,0.6770932330073808,42.885778116226035,3.8310743050246576,0.0,32.054051892868515,0.0,DoS attacks-Slowloris
26872.06465446004,108236653.28198224,53430442.73092035,80.0,8719014.11244317,491.0221873307108,52766056.48839227,107298807.47988643,1161.1707329466408,2540.7573528277635,2553.682862169484,167.92190740377424,169.91184967413457,232.81304523265942,6341826.505273961,0.0,228.79552436013785,134.00263356807983,212491.75663287815,0.1582298980323549,139.61506484121205,0.0,1.4806673160334372,0.0,0.21640602197525816,13427.079342718062,117.24440241684047,15615.970591412208,32.034668601684885,103.64173295431492,DoS attacks-Slowloris
27220.519279254022,105669389.64547665,53324968.336220175,80.0,9679639.124878095,458.35566779385226,54359319.5183681,106313623.43666163,5332.513518853526,2395.151698021755,2399.7317848321986,167.54327470124022,169.975798281397,239.6434989230362,7170797.282561025,0.0,242.62261122150903,132.57115115647144,0.0,0.0,139.7636524520346,0.0,0.5175671091180044,0.37397630189872233,0.0,14741.621418833198,120.25912171017706,9650.184178081146,31.980913290574552,109.97257276638743,DoS attacks-Slowloris
382.0447943420846,102106711.73229039,100868293.62898448,80.0,100813664.92251965,66.50915552651297,99471101.2797512,99874879.15397468,1290.6689896879836,0.0,11.126081786582692,6.147541260847757,6.822405765964905,7.771156310644139,33812542.68810674,325.7719301433447,10.872769831509459,5.368573075018782,100015760.96495858,0.2096687607668458,3.7682819014067217,0.0,0.0003934345697236739,0.4085362562167177,0.0,0.0,3.1482443439534733,0.0,32.05721810534769,1.2647585322123784,DoS attacks-Slowloris
26810.33246608065,108859851.02440043,52609152.790486835,80.0,8975374.68267348,499.7501482024683,52287731.837596156,109624200.08857107,136.9689018295153,2527.767769588673,2491.139989341796,167.20723795852226,167.86259609751454,230.14553548309073,6763847.033118589,0.0,233.84689829169557,133.18485242530582,0.0,0.0,140.38940596207055,0.0,0.0,0.0,0.0,13701.00766935705,116.51637231923596,0.0,32.04917688165596,106.00078370019273,DoS attacks-Slowloris
27040.81539677261,3339430.219980514,1209179.846450926,80.0,1745960.4327091437,119.8021614839274,2666550.850291687,2491483.733235034,0.0,62.815002437274,13.834390632331267,0.5642999483765196,2.1567079428289584,1.9137428304297666,1254474.0009419492,357.75764686625325,0.0,0.8503187873117685,1378625.2621915431,0.2097079638375758,1.0546891210052909,0.0,0.0,0.0,0.0,148.5299824505882,0.0,1028689.8686569987,39.97865916500679,0.0,DoS attacks-Slowloris
26890.70126223164,107972277.58598025,53931583.56672248,80.0,7835016.141570766,496.6468111353477,53243160.36174619,108126992.0437656,0.0,2529.950494599793,2528.980908696028,167.50549650273447,170.20415007982544,229.15521197027277,6802643.686941394,1764.0827415042793,235.00779767097126,133.06462849435616,897632.3893228738,0.0,141.58938681155132,0.7089563215217208,0.18102277656859622,0.0,2.2036065834825935,13546.501107993903,114.59304140215694,0.0,31.934699487145437,106.72364129995741,DoS attacks-Slowloris
26900.462608218048,107394850.39197263,51926740.07229936,80.0,7222177.465994897,496.9090178547769,53881214.02641771,107683695.27802917,856.0494397045779,2465.094249588615,2503.1566442293083,167.41202339219276,168.69115891214986,225.39061682001253,5699536.112766594,462.1724623734274,228.96797834799005,132.5395328005436,0.0,0.4024858166941538,139.75996303245242,0.0,1.325261701267248,0.8312608536656544,0.0,13483.305902198932,116.7525511324564,0.0,31.90382069052368,104.95001689588176,DoS attacks-Slowloris
26502.659434168687,109482021.0373508,52425066.19680492,80.0,8259921.030184832,498.63764708108346,53140147.78217202,108706754.01952393,4644.6293135245305,2495.4338857580237,2555.087078438971,172.73116619099193,169.58322762494976,232.38460531112867,6742542.29484604,341.716139164204,234.4909140593873,134.54926454390414,1884543.4243856613,0.11248806185391715,141.4636729504866,0.17945736347929336,0.0,0.6885054911993808,0.0,13397.047881593599,116.40936327336114,0.0,31.931586339081925,106.0172015928173,DoS attacks-Slowloris
211.0,103453083.0,103453083.0,80.0,103453083.0,64.0,103453080.0,103453083.0,0.019332435,8.0,8.0,4.0,4.0,8.0,51726541.5,0.0289986525,8.0,4.0,103453083.0,0.0,5.3333333333,0.0,0.0,0.0,0.0,21.3333333333,4.6188021535,3.0,32.0,5.6568542495,DoS attacks-Slowloris
26883.0,107675532.0,53247434.0,80.0,7691109.42857143,496.0,53247434.0,107675534.0,0.1393074122,2530.0,2530.0,168.6666666667,168.6666666667,230.0,6333854.94117647,0.1671688947,230.0,133.1578947368,305.0,0.0,140.5555555556,0.0,0.0,0.0,0.0,13611.6959064327,116.6691729054,2.0,32.0,105.2796728899,DoS attacks-Slowloris
211.0,105084561.0,105084561.0,80.0,105084561.0,64.0,105084559.0,105084563.0,0.0190322912,16.0,16.0,8.0,8.0,8.0,35028187.6666667,0.0380645823,8.0,4.8,105084561.0,0.0,6.0,0.0,0.0,0.0,0.0,19.2,4.38178046,2.0,32.0,0.0,DoS attacks-Slowloris
26615.462029952992,3700274.6963910237,2420697.581750688,80.0,1030137.5075132577,122.44476575819672,1940320.4191387785,1693863.0084460077,1201.5305031883956,0.0,42.36394880605786,0.0,0.0,0.32495404859138466,988349.8723210506,0.0,0.0,0.5977587092962693,954588.4171919067,0.8664497356082909,0.0,0.0,0.9408761255089051,0.0,0.47917312102685256,0.0,0.8905062119054208,1027151.6583909072,40.107384173439634,0.0,DoS attacks-Slowloris
27073.392952029422,106587454.84292631,53353417.034522176,80.0,7181269.61746305,493.7400303436368,54289115.05026828,106743979.5335275,1665.7479000845274,2409.882668631703,2375.1908272507985,157.0604987683449,158.62688339119518,237.83518942025154,6103528.509555198,0.0,235.646954451346,122.14202480793719,0.0,0.0,135.06667621906465,0.0,0.0,0.0,0.0,14806.806232268933,121.56410264752563,3769.868348498867,32.00778299215466,113.46225919785458,DoS attacks-Slowloris
26927.820867648556,107748507.0050121,54509432.438280545,80.0,8089937.989970113,494.0085131603071,54313801.68010143,108857639.30884816,650.0948070606137,2549.422512142256,2507.1470697176483,166.90994957767856,167.0291755962468,233.18754030712506,6176374.727901552,995.89653420494,231.77270527581715,130.78886323446307,0.0,0.06715585593216797,140.6785613316925,0.22006281081221502,1.3349863171474623,0.0,1.2332144177068245,13607.706307872138,116.22697617911562,2088.115217724412,31.94504367719896,106.85034648122738,DoS attacks-Slowloris
138.74249999975353,115708124.45520039,116242624.7518968,80.0,114469342.3210109,63.5653893285249,116020631.23052084,115132792.70492905,0.0,15.460338419052622,8.342107888652887,8.230497987775388,8.11789039862923,8.985763282330126,38969472.64891369,1274.607465729327,6.491321061483288,1.5668221296746014,116548590.27223267,0.0,7.826524453683776,0.0,0.0,0.959042940891903,1.6640695862691852,44.56308806101687,4.745863024829771,0.0,32.18772281202824,0.4451705917387929,DoS attacks-Slowloris
26883.0,108157970.0,53247419.0,80.0,8319843.84615385,456.0,53247419.0,108157983.0,0.1294402837,2530.0,2530.0,180.7142857143,180.7142857143,230.0,6759873.9375,0.1571774873,230.0,140.5555555556,260.0,0.0,148.8235294118,0.0,0.0,0.0,0.0,13311.4379084967,115.375204912,5.0,32.0,97.9375221341,DoS attacks-Slowloris
26832.540654158147,106154692.05928428,104140641.40375741,80.0,28592530.756080035,157.99841435408823,105037672.11323941,107126216.15870094,0.0,240.9707854323094,254.00985538572496,48.78966924469046,53.76630188957279,231.89233845345535,13141208.952190818,2727.5659724963293,232.51869395011522,24.409230930036834,658544.3667709257,0.0,26.932419193564144,0.011273903486777632,0.7790205164012383,0.1198592357156183,0.0,5453.427111788357,73.04877379627608,2596.069802484297,31.962205659572145,100.61954619043182,DoS attacks-Slowloris
26883.0,3083182.0,2055416.0,80.0,1541591.0,120.0,2055416.0,3083182.0,0.9730207299,0.0,0.0,0.0,0.0,0.0,1541591.0,0.9730207299,0.0,0.0,1027766.0,0.0,0.0,0.0,0.0,0.0,0.0,0.0,0.0,1027766.0,40.0,0.0,DoS attacks-Slowloris
26565.21303820334,105925556.86138819,54242205.28474304,80.0,6646122.543508206,490.67130915524734,53014378.14974347,107693760.52683198,0.0,2557.7377684942585,2538.589302426092,166.81929456278942,166.55221886330094,231.39988579988298,6119186.072816372,0.0,231.61403239446355,133.73248292391014,649541.5212421796,0.05271322503743266,143.86881643605335,0.0,0.0,0.0,0.24714080149310297,14052.969074132883,117.74938070979407,2887.473964346049,31.980400295175752,105.24532093866836,DoS attacks-Slowloris
26883.0,107356976.0,53240450.0,80.0,8258228.92307692,456.0,53240450.0,107356978.0,0.1304060552,2530.0,2530.0,180.7142857143,180.7142857143,230.0,6709811.125,0.1583502099,230.0,140.5555555556,204.0,0.0,148.8235294118,0.0,0.0,0.0,0.0,13311.4379084967,115.375204912,2.0,32.0,97.9375221341,DoS attacks-Slowloris
211.0,99999617.0,99999617.0,80.0,99999617.0,64.0,99999615.0,99999618.0,0.0200000764,16.0,16.0,8.0,8.0,8.0,33333206.0,0.0400001528,8.0,4.8,99999617.0,0.0,6.0,0.0,0.0,0.0,0.0,19.2,4.38178046,1.0,32.0,0.0,DoS attacks-Slowloris
26883.0,106656559.0,53249931.0,80.0,7618325.64285714,496.0,53249931.0,106656568.0,0.1406383149,2530.0,2530.0,168.6666666667,168.6666666667,230.0,6273915.76470588,0.1687659779,230.0,133.1578947368,253.0,0.0,140.5555555556,0.0,0.0,0.0,0.0,13611.6959064327,116.6691729054,9.0,32.0,105.2796728899,DoS attacks-Slowloris
97.9942061425216,82709402.18731768,82097563.2809901,80.0,82311109.54390152,63.294312208474246,83125653.04692364,81914141.70677449,0.0,41.88945616415891,0.0,3.484800134426041,3.9798118168505017,6.4178152499851455,40849287.88090753,1458.5130909955067,9.996748690331238,2.7726592917679733,81730782.03864373,0.1291622478408831,5.846072665601312,0.017055114290996598,1.354953090259563,0.8947404645079461,0.0,68.72853420160381,4.76627693197979,4573.684638383437,31.845253629570124,4.006803291055813,DoS attacks-Slowloris
27275.38403374272,98742476.99712268,99470320.37614396,80.0,24111108.82148191,171.27198108988412,100132218.14240043,99520135.414389,0.0,269.838280248686,226.747557583912,49.246617899312874,48.04125270781834,226.54516068312677,12993216.250485428,0.0,227.0907835968997,24.580920301301827,514600.1010781856,0.2097828685658658,25.962882385646946,0.0,2.06114348852451,0.0,0.0,5110.898924009059,71.6375576856072,0.0,32.106831744359674,100.25712013768563,DoS attacks-Slowloris
26883.0,107486641.0,53247716.0,80.0,8268203.15384615,456.0,53247716.0,107486649.0,0.1302487344,2530.0,2530.0,180.7142857143,180.7142857143,230.0,6717915.5625,0.1581591775,230.0,140.5555555556,238.0,0.0,148.8235294118,0.0,0.0,0.0,0.0,13311.4379084967,115.375204912,5.0,32.0,97.9375221341,DoS attacks-Slowloris
